snapshot_id,race_key,cycle,state,race_id,election_date,snapshot_date,days_before_election,source_candidate_rows,source_questions,candidate_questions,eligible_questions,excluded_questions,has_eligible_polling,earliest_eligible_end_date,latest_eligible_end_date,mean_dem_margin_unweighted,median_dem_margin_unweighted,mean_poll_age_days,median_poll_age_days,internal_questions,partisan_questions,tracking_questions,baseline_poll_margin_dem,baseline_poll_margin_dem_unweighted,baseline_poll_margin_median,baseline_poll_margin_weighted_sd,baseline_poll_question_count,baseline_poll_count,baseline_pollster_count,baseline_effective_question_count,baseline_total_raw_weight,baseline_mean_poll_age_days,baseline_oldest_poll_age_days,baseline_newest_poll_age_days,baseline_mean_sample_size,baseline_imputed_sample_count,baseline_has_polling
2018_AZ_96_20181106_D120,2018_AZ_96_20181106,2018,AZ,96,2018-11-06,2018-07-09,120,217,102,102,16,86,True,2017-10-31,2018-07-02,5.450625,5.5,55.75,17.0,0,0,0,4.998097551512396,5.450625,5.5,2.569367902419587,16.0,10.0,8.0,10.235311223539753,8.992776474708764,9.724754807171015,251.0,7.0,1112.4825248655466,0.0,True
2018_AZ_96_20181106_D090,2018_AZ_96_20181106,2018,AZ,96,2018-11-06,2018-08-08,90,217,102,102,17,85,True,2017-10-31,2018-07-25,5.36529411764706,5.0,81.52941176470588,47.0,0,0,0,4.801330581043487,5.36529411764706,5.0,2.3362071596919196,17.0,11.0,8.0,9.819211634445871,2.5362426151448694,34.65332460298655,281.0,14.0,1011.4506831550337,0.0,True
2018_AZ_96_20181106_D060,2018_AZ_96_20181106,2018,AZ,96,2018-11-06,2018-09-07,60,217,102,102,19,83,True,2017-10-31,2018-09-07,4.584736842105262,5.0,99.84210526315788,67.0,0,0,0,-0.510951429380362,4.584736842105262,5.0,3.0823210410283424,19.0,13.0,8.0,3.1129104466335793,2.736032237633341,13.917477061519193,311.0,0.0,810.285653552504,0.0,True
2018_AZ_96_20181106_D030,2018_AZ_96_20181106,2018,AZ,96,2018-11-06,2018-10-07,30,217,102,102,39,63,True,2017-10-31,2018-10-05,3.80025641025641,4.0,71.05128205128206,26.0,0,0,0,2.2976253871849495,3.80025641025641,4.0,3.348893384766928,39.0,25.0,15.0,19.047198053181244,11.764354503157444,14.14561526602948,341.0,2.0,782.1312263353335,0.0,True
2018_AZ_96_20181106_D014,2018_AZ_96_20181106,2018,AZ,96,2018-11-06,2018-10-23,14,217,102,102,46,56,True,2017-10-31,2018-10-23,3.298043478260869,4.0,74.80434782608695,39.0,2,0,0,1.2038023974037892,3.298043478260869,4.0,4.318183488440537,46.0,29.0,18.0,20.055327913703216,10.588027712919907,18.015457421060514,357.0,0.0,702.9514007576613,1.0,True
2018_AZ_96_20181106_D007,2018_AZ_96_20181106,2018,AZ,96,2018-11-06,2018-10-30,7,217,102,102,60,42,True,2017-10-31,2018-10-30,2.9951666666666665,3.0,63.21666666666667,39.5,2,0,1,1.620814765609746,2.9951666666666665,3.0,3.5999134884746145,60.0,37.0,20.0,26.195708690932822,22.001464848782714,9.879384829285845,364.0,0.0,841.580785849268,1.0,True
2018_AZ_96_20181106_D000,2018_AZ_96_20181106,2018,AZ,96,2018-11-06,2018-11-06,0,217,102,102,74,28,True,2017-10-31,2018-11-05,2.0555405405405405,3.0,57.62162162162162,35.0,2,0,9,-0.0071271218186920995,2.0555405405405405,3.0,3.9988552813156004,74.0,51.0,22.0,36.74821697188627,29.412336480012332,10.639082963921991,371.0,1.0,916.5518679545465,1.0,True
2018_CA_97_20181106_D120,2018_CA_97_20181106,2018,CA,97,2018-11-06,2018-07-09,120,44,22,22,0,22,False,,,,,,,0,0,0,,,,,0.0,0.0,,0.0,0.0,,,,,0.0,False
2018_CA_97_20181106_D090,2018_CA_97_20181106,2018,CA,97,2018-11-06,2018-08-08,90,44,22,22,0,22,False,,,,,,,0,0,0,,,,,0.0,0.0,,0.0,0.0,,,,,0.0,False
2018_CA_97_20181106_D060,2018_CA_97_20181106,2018,CA,97,2018-11-06,2018-09-07,60,44,22,22,0,22,False,,,,,,,0,0,0,,,,,0.0,0.0,,0.0,0.0,,,,,0.0,False
2018_CA_97_20181106_D030,2018_CA_97_20181106,2018,CA,97,2018-11-06,2018-10-07,30,44,22,22,0,22,False,,,,,,,0,0,0,,,,,0.0,0.0,,0.0,0.0,,,,,0.0,False
2018_CA_97_20181106_D014,2018_CA_97_20181106,2018,CA,97,2018-11-06,2018-10-23,14,44,22,22,0,22,False,,,,,,,0,0,0,,,,,0.0,0.0,,0.0,0.0,,,,,0.0,False
2018_CA_97_20181106_D007,2018_CA_97_20181106,2018,CA,97,2018-11-06,2018-10-30,7,44,22,22,0,22,False,,,,,,,0,0,0,,,,,0.0,0.0,,0.0,0.0,,,,,0.0,False
2018_CA_97_20181106_D000,2018_CA_97_20181106,2018,CA,97,2018-11-06,2018-11-06,0,44,22,22,0,22,False,,,,,,,0,0,0,,,,,0.0,0.0,,0.0,0.0,,,,,0.0,False
2018_CT_98_20181106_D120,2018_CT_98_20181106,2018,CT,98,2018-11-06,2018-07-09,120,12,6,6,0,6,False,,,,,,,0,0,0,,,,,0.0,0.0,,0.0,0.0,,,,,0.0,False
2018_CT_98_20181106_D090,2018_CT_98_20181106,2018,CT,98,2018-11-06,2018-08-08,90,12,6,6,0,6,False,,,,,,,0,0,0,,,,,0.0,0.0,,0.0,0.0,,,,,0.0,False
2018_CT_98_20181106_D060,2018_CT_98_20181106,2018,CT,98,2018-11-06,2018-09-07,60,12,6,6,2,4,True,2018-08-21,2018-08-27,22.5,22.5,14.0,14.0,0,0,0,22.411095562595,22.5,22.5,5.499281407694072,2.0,2.0,2.0,1.9994775580628081,1.1473690221838455,13.951506670506367,17.0,11.0,814.0812202706987,0.0,True
2018_CT_98_20181106_D030,2018_CT_98_20181106,2018,CT,98,2018-11-06,2018-10-07,30,12,6,6,2,4,True,2018-08-21,2018-08-27,22.5,22.5,44.0,44.0,0,0,0,22.411095562595,22.5,22.5,5.499281407694073,2.0,2.0,2.0,1.9994775580628081,0.25979981875881203,43.95150667050637,47.0,41.0,814.0812202706986,0.0,True
2018_CT_98_20181106_D014,2018_CT_98_20181106,2018,CT,98,2018-11-06,2018-10-23,14,12,6,6,3,3,True,2018-08-21,2018-10-08,20.0,17.0,45.0,57.0,0,0,0,16.3298613760302,20.0,17.0,3.676125526049491,3.0,3.0,2.0,1.4504957983312297,0.6556628899540631,23.066185628098754,63.0,15.0,775.4483455712518,0.0,True
2018_CT_98_20181106_D007,2018_CT_98_20181106,2018,CT,98,2018-11-06,2018-10-30,7,12,6,6,5,1,True,2018-08-21,2018-10-29,19.0,17.0,31.8,22.0,0,0,0,17.13489266459489,19.0,17.0,2.7442563883251108,5.0,5.0,3.0,2.6989924435419637,2.8301433827174574,6.214291328774639,70.0,1.0,969.8729537868892,0.0,True
2018_CT_98_20181106_D000,2018_CT_98_20181106,2018,CT,98,2018-11-06,2018-11-06,0,12,6,6,6,0,True,2018-08-21,2018-11-01,19.666666666666668,18.5,33.166666666666664,19.0,0,0,0,18.856855734361087,19.666666666666668,18.5,3.5290567153744865,6.0,6.0,3.0,3.688882989971012,2.832952868991116,10.802620833493984,77.0,5.0,885.0614525083805,0.0,True
2018_DE_99_20181106_D120,2018_DE_99_20181106,2018,DE,99,2018-11-06,2018-07-09,120,10,3,3,0,3,False,,,,,,,0,0,0,,,,,0.0,0.0,,0.0,0.0,,,,,0.0,False
2018_DE_99_20181106_D090,2018_DE_99_20181106,2018,DE,99,2018-11-06,2018-08-08,90,10,3,3,1,2,True,2018-07-29,2018-07-29,8.0,8.0,10.0,10.0,0,0,0,8.0,8.0,8.0,,1.0,1.0,1.0,1.0,0.7398251346312243,10.0,10.0,10.0,884.0,0.0,True
2018_DE_99_20181106_D060,2018_DE_99_20181106,2018,DE,99,2018-11-06,2018-09-07,60,10,3,3,1,2,True,2018-07-29,2018-07-29,8.0,8.0,40.0,40.0,0,0,0,8.0,8.0,8.0,,1.0,1.0,1.0,1.0,0.16751928296318264,40.0,40.0,40.0,884.0000000000001,0.0,True
2018_DE_99_20181106_D030,2018_DE_99_20181106,2018,DE,99,2018-11-06,2018-10-07,30,10,3,3,3,0,True,2018-07-29,2018-09-17,27.666666666666668,37.0,36.666666666666664,20.0,0,0,0,36.288828950910975,27.666666666666668,37.0,5.9398550593602915,3.0,2.0,2.0,2.1641053073970724,0.9041511430666286,22.097632956112612,70.0,20.0,825.5267066052025,0.0,True
2018_DE_99_20181106_D014,2018_DE_99_20181106,2018,DE,99,2018-11-06,2018-10-23,14,10,3,3,3,0,True,2018-07-29,2018-09-17,27.666666666666668,37.0,52.666666666666664,36.0,0,0,0,36.28882895091097,27.666666666666668,37.0,5.93985505936029,3.0,2.0,2.0,2.1641053073970724,0.4094555431733533,38.09763295611261,86.0,36.0,825.5267066052023,0.0,True
2018_DE_99_20181106_D007,2018_DE_99_20181106,2018,DE,99,2018-11-06,2018-10-30,7,10,3,3,3,0,True,2018-07-29,2018-09-17,27.666666666666668,37.0,59.666666666666664,43.0,0,0,0,36.28882895091097,27.666666666666668,37.0,5.93985505936029,3.0,2.0,2.0,2.1641053073970733,0.28952879117229935,45.09763295611261,93.0,43.0,825.5267066052023,0.0,True
2018_DE_99_20181106_D000,2018_DE_99_20181106,2018,DE,99,2018-11-06,2018-11-06,0,10,3,3,3,0,True,2018-07-29,2018-09-17,27.666666666666668,37.0,66.66666666666667,50.0,0,0,0,36.28882895091097,27.666666666666668,37.0,5.939855059360291,3.0,2.0,2.0,2.1641053073970724,0.20472777158667663,52.097632956112605,100.0,50.0,825.5267066052024,0.0,True
2018_FL_100_20181106_D120,2018_FL_100_20181106,2018,FL,100,2018-11-06,2018-07-09,120,208,104,104,31,73,True,2017-11-24,2018-07-02,-0.7396774193548387,-1.0,82.64516129032258,63.0,0,0,0,-3.3070434573501513,-0.7396774193548387,-1.0,4.556084510901704,31.0,24.0,15.0,11.751624133553646,8.706090536132551,13.478889578154853,227.0,7.0,1013.0420081153849,0.0,True
2018_FL_100_20181106_D090,2018_FL_100_20181106,2018,FL,100,2018-11-06,2018-08-08,90,208,104,104,34,70,True,2017-11-24,2018-07-25,-0.7626470588235295,-1.5,104.38235294117646,81.5,0,0,0,-2.2855548425794354,-0.7626470588235295,-1.5,4.321951482763465,34.0,27.0,15.0,11.174920020506926,3.462815863591501,32.94128093379453,257.0,14.0,1047.9283561617672,0.0,True
2018_FL_100_20181106_D060,2018_FL_100_20181106,2018,FL,100,2018-11-06,2018-09-07,60,208,104,104,40,64,True,2017-11-24,2018-09-03,-0.88575,-1.0,115.925,89.5,0,0,0,-0.9661197950439797,-0.88575,-1.0,2.663076163909711,40.0,33.0,16.0,7.081015129127189,5.364527984647784,17.01514128059179,287.0,4.0,1089.5469311605452,0.0,True
2018_FL_100_20181106_D030,2018_FL_100_20181106,2018,FL,100,2018-11-06,2018-10-07,30,208,104,104,57,47,True,2017-11-24,2018-10-05,-0.252982456140351,0.0,106.75438596491227,97.0,0,0,0,1.180622677394405,-0.25298245614035103,0.0,2.4988714846686544,57.0,48.0,23.0,17.734111455790206,11.650587137353202,15.53264160451111,317.0,2.0,1010.5177415134623,0.0,True
2018_FL_100_20181106_D014,2018_FL_100_20181106,2018,FL,100,2018-11-06,2018-10-23,14,208,104,104,69,35,True,2017-11-24,2018-10-23,0.164927536231884,0.0,101.84057971014492,68.0,1,0,0,1.7159374323126018,0.164927536231884,0.0,3.7525791760507623,69.0,59.0,26.0,20.610969189384743,18.728556355734884,10.722929927337034,333.0,0.0,1097.5515442189076,0.0,True
2018_FL_100_20181106_D007,2018_FL_100_20181106,2018,FL,100,2018-11-06,2018-10-30,7,208,104,104,83,21,True,2017-11-24,2018-10-30,0.505421686746988,0.6999999999999957,90.8313253012048,49.0,1,0,1,1.8569467313844603,0.505421686746988,0.6999999999999957,3.2992620725683097,83.0,70.0,32.0,30.794735433683766,29.400855980729578,9.04058203085471,340.0,0.0,1146.6255416407805,0.0,True
2018_FL_100_20181106_D000,2018_FL_100_20181106,2018,FL,100,2018-11-06,2018-11-06,0,208,104,104,104,0,True,2017-11-24,2018-11-05,0.4322115384615382,0.25,78.85576923076923,37.0,1,0,9,1.112794159504174,0.43221153846153826,0.25,3.3900115442872965,104.0,90.0,37.0,47.71427805554208,42.584972156797846,9.743446529541908,347.0,1.0,1217.5663665071907,0.0,True
2018_IN_102_20181106_D120,2018_IN_102_20181106,2018,IN,102,2018-11-06,2018-07-09,120,101,42,42,7,35,True,2018-05-15,2018-07-02,-3.857142857142857,-5.0,13.857142857142858,7.0,0,0,0,-4.312313328288844,-3.857142857142857,-5.0,2.2542745369763275,7.0,2.0,2.0,6.105581952104115,5.146876792648813,7.500073678122339,55.0,7.0,867.1079055643262,0.0,True
2018_IN_102_20181106_D090,2018_IN_102_20181106,2018,IN,102,2018-11-06,2018-08-08,90,101,42,42,8,34,True,2018-05-15,2018-08-07,-1.8625,-3.5,38.5,37.0,0,0,0,4.8259455440188965,-1.8625,-3.5,8.290021844954701,8.0,3.0,3.0,2.922345317389722,2.6294974089147285,17.17709327571471,85.0,1.0,1174.9542759292513,0.0,True
2018_IN_102_20181106_D060,2018_IN_102_20181106,2018,IN,102,2018-11-06,2018-09-07,60,101,42,42,12,30,True,2018-05-15,2018-08-29,0.2583333333333334,-1.0,48.666666666666664,67.0,0,0,0,4.558031774721685,0.25833333333333347,-1.0,3.755096332803716,12.0,4.0,4.0,5.524090585627479,3.3441647645443293,15.797100059071699,115.0,9.0,789.8408204160345,0.0,True
2018_IN_102_20181106_D030,2018_IN_102_20181106,2018,IN,102,2018-11-06,2018-10-07,30,101,42,42,19,23,True,2018-05-15,2018-10-03,0.173684210526316,0.0,55.05263157894737,39.0,1,0,0,0.6062786040976565,0.17368421052631602,0.0,2.9981335725060534,19.0,8.0,7.0,8.056038036472206,5.3555347643701845,16.133255427536685,145.0,4.0,978.3809494397935,0.0,True
2018_IN_102_20181106_D014,2018_IN_102_20181106,2018,IN,102,2018-11-06,2018-10-23,14,101,42,42,25,17,True,2018-05-15,2018-10-20,0.2520000000000001,0.0,55.76,42.0,3,0,0,0.42259587524391873,0.2520000000000001,0.0,4.587804387339548,25.0,14.0,10.0,11.457254094120636,6.905766073629914,15.841737577663382,161.0,3.0,803.3692152956738,0.0,True
2018_IN_102_20181106_D007,2018_IN_102_20181106,2018,IN,102,2018-11-06,2018-10-30,7,101,42,42,34,8,True,2018-05-15,2018-10-30,0.6147058823529413,1.0,46.588235294117645,28.0,3,0,1,1.237269449885166,0.6147058823529413,1.0,3.6994856158475167,34.0,19.0,13.0,16.564981897761935,14.27443234064087,8.796947829057615,168.0,0.0,825.1079749177198,0.0,True
2018_IN_102_20181106_D000,2018_IN_102_20181106,2018,IN,102,2018-11-06,2018-11-06,0,101,42,42,42,0,True,2018-05-15,2018-11-05,0.4571428571428572,0.1000000000000014,44.142857142857146,21.5,3,0,9,0.6146376366403732,0.4571428571428572,0.1000000000000014,3.159383737258106,42.0,27.0,13.0,23.22269619276388,17.484481086607943,10.821689592608461,175.0,1.0,836.446137352213,0.0,True
2018_MA_105_20181106_D120,2018_MA_105_20181106,2018,MA,105,2018-11-06,2018-07-09,120,36,13,13,5,8,True,2017-06-22,2018-06-12,29.880000000000003,31.0,161.0,113.0,0,0,0,26.28404499320074,29.880000000000003,31.0,5.818293522550977,5.0,5.0,2.0,1.7616738569410757,0.34666955007584255,32.92251415428753,382.0,27.0,500.3377947777309,0.0,True
2018_MA_105_20181106_D090,2018_MA_105_20181106,2018,MA,105,2018-11-06,2018-08-08,90,36,13,13,5,8,True,2017-06-22,2018-06-12,29.880000000000003,31.0,191.0,143.0,0,0,0,26.284044993200744,29.880000000000003,31.0,5.818293522550977,5.0,5.0,2.0,1.7616738569410755,0.078496703795853,62.92251415428752,412.0,57.0,500.33779477773095,0.0,True
2018_MA_105_20181106_D060,2018_MA_105_20181106,2018,MA,105,2018-11-06,2018-09-07,60,36,13,13,5,8,True,2017-06-22,2018-06-12,29.880000000000003,31.0,221.0,173.0,0,0,0,26.284044993200744,29.880000000000003,31.0,5.818293522550977,5.0,5.0,2.0,1.7616738569410753,0.017774080548654626,92.92251415428754,442.0,87.0,500.33779477773095,0.0,True
2018_MA_105_20181106_D030,2018_MA_105_20181106,2018,MA,105,2018-11-06,2018-10-07,30,36,13,13,9,4,True,2017-06-22,2018-10-07,28.64444444444445,28.0,143.44444444444446,117.0,0,0,0,26.90920174650552,28.644444444444446,28.0,1.6049820651559288,9.0,8.0,3.0,3.261472563891929,2.8062928530682743,4.964327914789569,472.0,0.0,615.1458337520091,0.0,True
2018_MA_105_20181106_D014,2018_MA_105_20181106,2018,MA,105,2018-11-06,2018-10-23,14,36,13,13,9,4,True,2017-06-22,2018-10-07,28.64444444444445,28.0,159.44444444444446,133.0,0,0,0,26.90920174650552,28.644444444444446,28.0,1.6049820651559288,9.0,8.0,3.0,3.261472563891931,1.2708629229393056,20.964327914789568,488.0,16.0,615.1458337520089,0.0,True
2018_MA_105_20181106_D007,2018_MA_105_20181106,2018,MA,105,2018-11-06,2018-10-30,7,36,13,13,13,0,True,2017-06-22,2018-10-28,27.53846153846154,27.0,116.0,39.0,0,0,0,25.289049234554426,27.53846153846154,27.0,3.354101445658761,13.0,11.0,4.0,5.992978837818404,4.034437531328421,8.150301330021508,495.0,2.0,506.03851906220905,0.0,True
2018_MA_105_20181106_D000,2018_MA_105_20181106,2018,MA,105,2018-11-06,2018-11-06,0,36,13,13,13,0,True,2017-06-22,2018-10-28,27.53846153846154,27.0,123.0,46.0,0,0,0,25.289049234554444,27.53846153846154,27.0,3.3541014456587614,13.0,11.0,4.0,5.992978837818396,2.852778136675839,15.150301330021515,502.0,9.0,506.03851906220933,0.0,True
2018_MD_104_20181106_D120,2018_MD_104_20181106,2018,MD,104,2018-11-06,2018-07-09,120,7,2,2,0,2,False,,,,,,,0,0,0,,,,,0.0,0.0,,0.0,0.0,,,,,0.0,False
2018_MD_104_20181106_D090,2018_MD_104_20181106,2018,MD,104,2018-11-06,2018-08-08,90,7,2,2,0,2,False,,,,,,,0,0,0,,,,,0.0,0.0,,0.0,0.0,,,,,0.0,False
2018_MD_104_20181106_D060,2018_MD_104_20181106,2018,MD,104,2018-11-06,2018-09-07,60,7,2,2,0,2,False,,,,,,,0,0,0,,,,,0.0,0.0,,0.0,0.0,,,,,0.0,False
2018_MD_104_20181106_D030,2018_MD_104_20181106,2018,MD,104,2018-11-06,2018-10-07,30,7,2,2,2,0,True,2018-09-16,2018-10-06,33.45,33.45,11.0,11.0,1,0,0,30.357088033924633,33.45,33.45,4.608296384794255,2.0,2.0,2.0,1.5260621681135613,1.4166176305259413,5.427185646711047,21.0,1.0,732.0659996999256,0.0,True
2018_MD_104_20181106_D014,2018_MD_104_20181106,2018,MD,104,2018-11-06,2018-10-23,14,7,2,2,2,0,True,2018-09-16,2018-10-06,33.45,33.45,27.0,27.0,1,0,0,30.357088033924626,33.45,33.45,4.608296384794255,2.0,2.0,2.0,1.5260621681135613,0.6415320555904043,21.427185646711045,37.0,17.0,732.0659996999256,0.0,True
2018_MD_104_20181106_D007,2018_MD_104_20181106,2018,MD,104,2018-11-06,2018-10-30,7,7,2,2,2,0,True,2018-09-16,2018-10-06,33.45,33.45,34.0,34.0,1,0,0,30.357088033924633,33.45,33.45,4.608296384794255,2.0,2.0,2.0,1.5260621681135607,0.45363166685652,28.427185646711045,44.0,24.0,732.0659996999256,0.0,True
2018_MD_104_20181106_D000,2018_MD_104_20181106,2018,MD,104,2018-11-06,2018-11-06,0,7,2,2,2,0,True,2018-09-16,2018-10-06,33.45,33.45,41.0,41.0,1,0,0,30.357088033924626,33.45,33.45,4.608296384794255,2.0,2.0,2.0,1.5260621681135615,0.32076602779520214,35.427185646711045,51.0,31.0,732.0659996999254,0.0,True
2018_ME_103_20181106_D120,2018_ME_103_20181106,2018,ME,103,2018-11-06,2018-07-09,120,17,6,6,0,6,False,,,,,,,0,0,0,,,,,0.0,0.0,,0.0,0.0,,,,,0.0,False
2018_ME_103_20181106_D090,2018_ME_103_20181106,2018,ME,103,2018-11-06,2018-08-08,90,17,6,6,0,6,False,,,,,,,0,0,0,,,,,0.0,0.0,,0.0,0.0,,,,,0.0,False
2018_ME_103_20181106_D060,2018_ME_103_20181106,2018,ME,103,2018-11-06,2018-09-07,60,17,6,6,0,6,False,,,,,,,0,0,0,,,,,0.0,0.0,,0.0,0.0,,,,,0.0,False
2018_ME_103_20181106_D030,2018_ME_103_20181106,2018,ME,103,2018-11-06,2018-10-07,30,17,6,6,0,6,False,,,,,,,0,0,0,,,,,0.0,0.0,,0.0,0.0,,,,,0.0,False
2018_ME_103_20181106_D014,2018_ME_103_20181106,2018,ME,103,2018-11-06,2018-10-23,14,17,6,6,0,6,False,,,,,,,0,0,0,,,,,0.0,0.0,,0.0,0.0,,,,,0.0,False
2018_ME_103_20181106_D007,2018_ME_103_20181106,2018,ME,103,2018-11-06,2018-10-30,7,17,6,6,0,6,False,,,,,,,0,0,0,,,,,0.0,0.0,,0.0,0.0,,,,,0.0,False
2018_ME_103_20181106_D000,2018_ME_103_20181106,2018,ME,103,2018-11-06,2018-11-06,0,17,6,6,0,6,False,,,,,,,0,0,0,,,,,0.0,0.0,,0.0,0.0,,,,,0.0,False
2018_MI_106_20181106_D120,2018_MI_106_20181106,2018,MI,106,2018-11-06,2018-07-09,120,79,35,35,7,28,True,2018-01-19,2018-07-02,12.328571428571427,11.0,30.428571428571427,7.0,0,0,0,10.830277652916521,12.328571428571427,11.0,1.0684225982586475,7.0,2.0,2.0,5.991688390995901,5.231351354212617,7.006597259737758,171.0,7.0,916.1454318868613,0.0,True
2018_MI_106_20181106_D090,2018_MI_106_20181106,2018,MI,106,2018-11-06,2018-08-08,90,79,35,35,9,26,True,2018-01-19,2018-07-21,13.666666666666664,12.0,51.22222222222222,37.0,0,0,0,13.989677823251156,13.666666666666664,12.0,3.7993874401883554,9.0,4.0,4.0,6.90632497678646,2.046145639708165,29.444417608728084,201.0,18.0,846.1203872769423,0.0,True
2018_MI_106_20181106_D060,2018_MI_106_20181106,2018,MI,106,2018-11-06,2018-09-07,60,79,35,35,13,22,True,2018-01-19,2018-09-07,14.453846153846152,12.0,61.61538461538461,67.0,1,0,0,17.680781210430762,14.453846153846152,12.0,4.835438526917481,13.0,8.0,7.0,4.420550444974222,2.4471480654133435,20.617681197115694,231.0,0.0,667.0085688844463,0.0,True
2018_MI_106_20181106_D030,2018_MI_106_20181106,2018,MI,106,2018-11-06,2018-10-07,30,79,35,35,21,14,True,2018-01-19,2018-10-07,15.238095238095235,15.0,62.61904761904762,54.0,1,0,0,16.14557616441354,15.238095238095237,15.0,4.528886402845365,21.0,15.0,11.0,8.468830665426024,5.438071797733766,16.239873274943275,261.0,0.0,951.6936791477613,0.0,True
2018_MI_106_20181106_D014,2018_MI_106_20181106,2018,MI,106,2018-11-06,2018-10-23,14,79,35,35,25,10,True,2018-01-19,2018-10-23,14.28,15.0,66.32,46.0,2,0,0,12.180295969830865,14.28,15.0,5.405302984968986,25.0,19.0,13.0,9.312239628401679,5.704142957262111,14.859596780582363,277.0,0.0,714.5133272318997,0.0,True
2018_MI_106_20181106_D007,2018_MI_106_20181106,2018,MI,106,2018-11-06,2018-10-30,7,79,35,35,30,5,True,2018-01-19,2018-10-30,13.736666666666668,13.0,61.7,46.5,2,0,0,11.748789439203556,13.736666666666668,13.0,4.483912147875507,30.0,24.0,13.0,12.33768566879687,8.479395210103979,12.138935222869945,284.0,0.0,706.635138902245,0.0,True
2018_MI_106_20181106_D000,2018_MI_106_20181106,2018,MI,106,2018-11-06,2018-11-06,0,79,35,35,35,0,True,2018-01-19,2018-11-05,12.831428571428573,12.0,59.142857142857146,46.0,2,0,0,9.462975902831133,12.831428571428573,12.0,5.068894563100614,35.0,29.0,16.0,13.961788093475455,11.591669394183333,10.690318888588406,291.0,1.0,876.2815569182652,0.0,True
2018_MN_107_20181106_D120,2018_MN_107_20181106,2018,MN,107,2018-11-06,2018-07-09,120,42,15,15,1,14,True,2018-06-25,2018-06-25,20.0,20.0,14.0,14.0,0,0,0,20.0,20.0,20.0,,1.0,1.0,1.0,1.0,0.8098353742170895,14.0,14.0,14.0,1574.0000000000002,0.0,True
2018_MN_107_20181106_D090,2018_MN_107_20181106,2018,MN,107,2018-11-06,2018-08-08,90,42,15,15,1,14,True,2018-06-25,2018-06-25,20.0,20.0,44.0,44.0,0,0,0,20.0,20.0,20.0,,1.0,1.0,1.0,1.0,0.18337176564660856,43.99999999999999,44.0,44.0,1574.0,0.0,True
2018_MN_107_20181106_D060,2018_MN_107_20181106,2018,MN,107,2018-11-06,2018-09-07,60,42,15,15,3,12,True,2018-06-25,2018-08-20,21.433333333333337,20.0,39.666666666666664,27.0,0,0,0,21.572461567775548,21.433333333333337,20.0,2.0709778751362187,3.0,3.0,3.0,2.156238583489552,0.655752483479123,24.837015266284695,74.0,18.0,568.0036976272324,0.0,True
2018_MN_107_20181106_D030,2018_MN_107_20181106,2018,MN,107,2018-11-06,2018-10-07,30,42,15,15,9,6,True,2018-06-25,2018-10-04,24.811111111111114,27.0,30.555555555555557,25.0,0,0,0,27.663430966362196,24.811111111111114,27.0,3.3957410364871983,9.0,6.0,6.0,5.344938480216742,4.556340796787966,7.634247632884422,104.0,3.0,744.5296915048606,0.0,True
2018_MN_107_20181106_D014,2018_MN_107_20181106,2018,MN,107,2018-11-06,2018-10-23,14,42,15,15,11,4,True,2018-06-25,2018-10-17,23.20909090909091,24.300000000000004,39.54545454545455,19.0,0,0,0,22.09963888774714,23.20909090909091,24.300000000000004,8.033014307177167,11.0,8.0,7.0,6.178181463447407,3.8566817847597674,16.404742088141585,120.0,6.0,918.9915008082083,0.0,True
2018_MN_107_20181106_D007,2018_MN_107_20181106,2018,MN,107,2018-11-06,2018-10-30,7,42,15,15,12,3,True,2018-06-25,2018-10-30,23.441666666666663,25.15,42.666666666666664,26.0,0,0,0,23.015326018997154,23.441666666666666,25.150000000000002,7.218920205374764,12.0,9.0,8.0,6.671187112597628,3.5637458694163446,17.91001467097736,127.0,0.0,801.8433489466253,0.0,True
2018_MN_107_20181106_D000,2018_MN_107_20181106,2018,MN,107,2018-11-06,2018-11-06,0,42,15,15,15,0,True,2018-06-25,2018-11-04,22.62,23.0,40.46666666666667,33.0,0,0,0,20.799874325012233,22.62,23.0,6.011781788952349,15.0,12.0,9.0,7.886691672393609,5.15091173275133,13.930032531083441,134.0,2.0,755.235074415594,0.0,True
2018_MN_129_20181106_D120,2018_MN_129_20181106,2018,MN,129,2018-11-06,2018-07-09,120,38,14,14,1,13,True,2018-06-25,2018-06-25,9.0,9.0,14.0,14.0,0,0,0,9.0,9.0,9.0,,1.0,1.0,1.0,1.0,0.8098353742170895,14.0,14.0,14.0,1574.0000000000002,0.0,True
2018_MN_129_20181106_D090,2018_MN_129_20181106,2018,MN,129,2018-11-06,2018-08-08,90,38,14,14,2,12,True,2018-06-25,2018-07-19,11.5,11.5,32.0,32.0,0,0,0,12.549859565440384,11.5,11.5,2.268875248411275,2.0,2.0,2.0,1.700170196265259,0.6322551984501269,26.960674085886158,44.0,20.0,1078.4396046645222,0.0,True
2018_MN_129_20181106_D060,2018_MN_129_20181106,2018,MN,129,2018-11-06,2018-09-07,60,38,14,14,4,10,True,2018-06-25,2018-08-20,8.549999999999999,8.099999999999998,42.25,38.5,0,0,0,7.1980632341814506,8.549999999999999,8.099999999999998,3.1024314651222418,4.0,4.0,4.0,2.7348009209175506,0.7573935703756639,28.213850267177737,74.0,18.0,609.3363417870668,0.0,True
2018_MN_129_20181106_D030,2018_MN_129_20181106,2018,MN,129,2018-11-06,2018-10-07,30,38,14,14,8,6,True,2018-06-25,2018-10-04,9.9,9.0,43.625,38.5,0,0,0,12.522114692948959,9.899999999999999,9.0,3.391630959640518,8.0,7.0,6.0,3.4820559906813924,2.6592324954545115,11.606747357095506,104.0,3.0,736.7705417010256,0.0,True
2018_MN_129_20181106_D014,2018_MN_129_20181106,2018,MN,129,2018-11-06,2018-10-23,14,38,14,14,10,4,True,2018-06-25,2018-10-17,8.819999999999999,8.099999999999998,49.3,43.0,0,0,0,7.68414141627274,8.819999999999999,8.099999999999998,4.656500032540774,10.0,9.0,7.0,4.431876049163124,2.997553843665161,15.928644474799551,120.0,6.0,965.8767114145741,0.0,True
2018_MN_129_20181106_D007,2018_MN_129_20181106,2018,MN,129,2018-11-06,2018-10-30,7,38,14,14,11,3,True,2018-06-25,2018-10-30,9.38181818181818,9.0,51.18181818181818,48.0,0,0,0,9.75463106917127,9.381818181818181,9.0,5.1387631209703555,11.0,10.0,8.0,5.0996880870860615,2.956250676361512,16.439519432708465,127.0,0.0,811.3860156463231,0.0,True
2018_MN_129_20181106_D000,2018_MN_129_20181106,2018,MN,129,2018-11-06,2018-11-06,0,38,14,14,14,0,True,2018-06-25,2018-11-04,9.3,9.0,46.5,33.0,0,0,0,9.334854089934517,9.299999999999999,9.0,3.485280434954489,14.0,13.0,9.0,6.818699580706511,4.721347762204026,12.27997281111836,134.0,2.0,755.2195303177086,0.0,True
2018_MO_109_20181106_D120,2018_MO_109_20181106,2018,MO,109,2018-11-06,2018-07-09,120,192,72,72,22,50,True,2017-07-08,2018-07-08,-0.4954545454545453,0.5500000000000007,113.0,81.5,1,0,0,0.14451560510498335,-0.49545454545454537,0.5500000000000007,3.3262189650494727,22.0,17.0,10.0,7.789569810572329,7.119294429936341,8.391305767832957,366.0,1.0,973.0239124866503,1.0,True
2018_MO_109_20181106_D090,2018_MO_109_20181106,2018,MO,109,2018-11-06,2018-08-08,90,192,72,72,23,49,True,2017-07-08,2018-07-12,-0.517391304347826,0.1000000000000014,137.95652173913044,111.0,1,0,0,-0.016085794159904535,-0.517391304347826,0.1000000000000014,3.1095432038849435,23.0,18.0,11.0,8.728540604204976,1.8751549702040582,36.792848186644854,396.0,27.0,920.9608744290576,1.0,True
2018_MO_109_20181106_D060,2018_MO_109_20181106,2018,MO,109,2018-11-06,2018-09-07,60,192,72,72,29,43,True,2017-07-08,2018-08-28,-0.4103448275862068,0.0,136.41379310344828,86.0,1,0,0,0.6766325316823352,-0.41034482758620683,0.0,3.1828544363702838,29.0,21.0,12.0,7.037863715918194,3.684041682316027,19.72021644617717,426.0,10.0,816.5985560449461,1.0,True
2018_MO_109_20181106_D030,2018_MO_109_20181106,2018,MO,109,2018-11-06,2018-10-07,30,192,72,72,47,25,True,2017-07-08,2018-10-07,-0.4702127659574468,0.0,107.12765957446808,59.0,1,0,0,-0.7201687018277994,-0.4702127659574468,0.0,2.333712645221273,47.0,31.0,20.0,16.13465698558593,15.056673192650916,9.645628544231425,456.0,0.0,1053.8150405427145,1.0,True
2018_MO_109_20181106_D014,2018_MO_109_20181106,2018,MO,109,2018-11-06,2018-10-23,14,192,72,72,50,22,True,2017-07-08,2018-10-18,-0.662,0.0,116.14,63.0,2,0,0,-1.4999569109484663,-0.662,0.0,2.7269275750317807,50.0,34.0,21.0,16.815859804711106,9.440553390509718,20.234452723493305,472.0,5.0,1019.2468910296262,1.0,True
2018_MO_109_20181106_D007,2018_MO_109_20181106,2018,MO,109,2018-11-06,2018-10-30,7,192,72,72,57,15,True,2017-07-08,2018-10-30,-0.7052631578947369,0.0,108.15789473684212,63.0,2,0,1,-1.122293977518117,-0.7052631578947369,0.0,2.325965621900795,57.0,38.0,23.0,17.74203382180583,14.77743495184461,12.862680859307792,479.0,0.0,990.555590287757,1.0,True
2018_MO_109_20181106_D000,2018_MO_109_20181106,2018,MO,109,2018-11-06,2018-11-06,0,192,72,72,72,0,True,2017-07-08,2018-11-05,-0.4208333333333334,0.0,92.01388888888889,39.0,2,0,9,-0.21263445325572367,-0.4208333333333334,0.0,2.5573328500604093,72.0,50.0,23.0,29.742933710908247,25.115737317926424,10.58417863967473,486.0,1.0,981.930128744991,1.0,True
2018_MS_108_20181106_D120,2018_MS_108_20181106,2018,MS,108,2018-11-06,2018-07-09,120,24,8,8,1,7,True,2018-04-11,2018-04-11,-16.8,-16.8,89.0,89.0,0,0,0,-16.8,-16.8,-16.8,,1.0,1.0,1.0,1.0,0.01574830031625146,89.0,89.0,89.0,1000.0,0.0,True
2018_MS_108_20181106_D090,2018_MS_108_20181106,2018,MS,108,2018-11-06,2018-08-08,90,24,8,8,2,6,True,2018-04-11,2018-07-31,-18.799999999999997,-18.799999999999997,63.5,63.5,0,0,0,-20.78792476864924,-18.799999999999997,-18.799999999999997,0.2194427355618044,2.0,2.0,1.0,1.006055841742686,1.1812285706204024,8.33508766998347,119.0,8.0,2096.6793113785425,0.0,True
2018_MS_108_20181106_D060,2018_MS_108_20181106,2018,MS,108,2018-11-06,2018-09-07,60,24,8,8,2,6,True,2018-04-11,2018-07-31,-18.799999999999997,-18.799999999999997,93.5,93.5,0,0,0,-20.78792476864924,-18.799999999999997,-18.799999999999997,0.21944273556180446,2.0,2.0,1.0,1.0060558417426861,0.26746666732888197,38.335087669983466,149.0,38.0,2096.6793113785425,0.0,True
2018_MS_108_20181106_D030,2018_MS_108_20181106,2018,MS,108,2018-11-06,2018-10-07,30,24,8,8,3,5,True,2018-04-11,2018-09-24,-17.2,-16.8,86.66666666666667,68.0,0,0,0,-14.5602912029669,-17.2,-16.8,1.8690273240442623,3.0,3.0,2.0,1.1785492967306344,0.7337170420316775,17.567487692274995,179.0,13.0,1076.7606131350285,0.0,True
2018_MS_108_20181106_D014,2018_MS_108_20181106,2018,MS,108,2018-11-06,2018-10-23,14,24,8,8,7,1,True,2018-04-11,2018-10-18,-22.08571428571429,-24.0,46.857142857142854,5.0,0,0,0,-24.582382193845298,-22.08571428571429,-24.0,3.5120944978032393,7.0,4.0,3.0,4.610536320014458,3.638247002625062,7.609000693285458,195.0,5.0,739.5205444945971,0.0,True
2018_MS_108_20181106_D007,2018_MS_108_20181106,2018,MS,108,2018-11-06,2018-10-30,7,24,8,8,7,1,True,2018-04-11,2018-10-18,-22.08571428571429,-24.0,53.857142857142854,12.0,0,0,0,-24.582382193845287,-22.08571428571429,-24.0,3.512094497803239,7.0,4.0,3.0,4.610536320014462,2.5726291271878132,14.609000693285454,202.0,12.0,739.520544494597,0.0,True
2018_MS_108_20181106_D000,2018_MS_108_20181106,2018,MS,108,2018-11-06,2018-11-06,0,24,8,8,8,0,True,2018-04-11,2018-11-04,-20.325,-22.4,53.5,19.0,0,0,0,-18.088221954212877,-20.325,-22.4,8.545095405400591,8.0,5.0,4.0,4.279909099412883,2.990160336824592,13.929525503736167,209.0,2.0,842.707033860297,0.0,True
2018_MS_130_20181106_D120,2018_MS_130_20181106,2018,MS,130,2018-11-06,2018-07-09,120,41,12,12,0,12,False,,,,,,,0,0,0,,,,,0.0,0.0,,0.0,0.0,,,,,0.0,False
2018_MS_130_20181106_D090,2018_MS_130_20181106,2018,MS,130,2018-11-06,2018-08-08,90,41,12,12,0,12,False,,,,,,,0,0,0,,,,,0.0,0.0,,0.0,0.0,,,,,0.0,False
2018_MS_130_20181106_D060,2018_MS_130_20181106,2018,MS,130,2018-11-06,2018-09-07,60,41,12,12,0,12,False,,,,,,,0,0,0,,,,,0.0,0.0,,0.0,0.0,,,,,0.0,False
2018_MS_130_20181106_D030,2018_MS_130_20181106,2018,MS,130,2018-11-06,2018-10-07,30,41,12,12,0,12,False,,,,,,,0,0,0,,,,,0.0,0.0,,0.0,0.0,,,,,0.0,False
2018_MS_130_20181106_D014,2018_MS_130_20181106,2018,MS,130,2018-11-06,2018-10-23,14,41,12,12,0,12,False,,,,,,,0,0,0,,,,,0.0,0.0,,0.0,0.0,,,,,0.0,False
2018_MS_130_20181106_D007,2018_MS_130_20181106,2018,MS,130,2018-11-06,2018-10-30,7,41,12,12,0,12,False,,,,,,,0,0,0,,,,,0.0,0.0,,0.0,0.0,,,,,0.0,False
2018_MS_130_20181106_D000,2018_MS_130_20181106,2018,MS,130,2018-11-06,2018-11-06,0,41,12,12,0,12,False,,,,,,,0,0,0,,,,,0.0,0.0,,0.0,0.0,,,,,0.0,False
2018_MS_6209_20181127_D120,2018_MS_6209_20181127,2018,MS,6209,2018-11-27,2018-07-30,120,24,12,12,0,12,False,,,,,,,0,0,0,,,,,0.0,0.0,,0.0,0.0,,,,,0.0,False
2018_MS_6209_20181127_D090,2018_MS_6209_20181127,2018,MS,6209,2018-11-27,2018-08-29,90,24,12,12,0,12,False,,,,,,,0,0,0,,,,,0.0,0.0,,0.0,0.0,,,,,0.0,False
2018_MS_6209_20181127_D060,2018_MS_6209_20181127,2018,MS,6209,2018-11-27,2018-09-28,60,24,12,12,0,12,False,,,,,,,0,0,0,,,,,0.0,0.0,,0.0,0.0,,,,,0.0,False
2018_MS_6209_20181127_D030,2018_MS_6209_20181127,2018,MS,6209,2018-11-27,2018-10-28,30,24,12,12,0,12,False,,,,,,,0,0,0,,,,,0.0,0.0,,0.0,0.0,,,,,0.0,False
2018_MS_6209_20181127_D014,2018_MS_6209_20181127,2018,MS,6209,2018-11-27,2018-11-13,14,24,12,12,0,12,False,,,,,,,0,0,0,,,,,0.0,0.0,,0.0,0.0,,,,,0.0,False
2018_MS_6209_20181127_D007,2018_MS_6209_20181127,2018,MS,6209,2018-11-27,2018-11-20,7,24,12,12,0,12,False,,,,,,,0,0,0,,,,,0.0,0.0,,0.0,0.0,,,,,0.0,False
2018_MS_6209_20181127_D000,2018_MS_6209_20181127,2018,MS,6209,2018-11-27,2018-11-27,0,24,12,12,0,12,False,,,,,,,0,0,0,,,,,0.0,0.0,,0.0,0.0,,,,,0.0,False
2018_MT_110_20181106_D120,2018_MT_110_20181106,2018,MT,110,2018-11-06,2018-07-09,120,66,30,30,7,23,True,2018-06-13,2018-07-02,10.285714285714286,10.0,9.714285714285714,7.0,0,0,0,10.655290461729804,10.285714285714286,10.0,1.4155500558731569,7.0,2.0,2.0,6.479330616441717,5.544017846204131,7.836342316308284,26.0,7.0,917.2027572320698,0.0,True
2018_MT_110_20181106_D090,2018_MT_110_20181106,2018,MT,110,2018-11-06,2018-08-08,90,66,30,30,8,22,True,2018-06-13,2018-07-10,9.375,10.0,38.375,37.0,0,0,0,8.748608346966414,9.375,10.0,3.5306478478508208,8.0,3.0,3.0,6.70847889575174,1.6717036690442701,35.63549886841318,56.0,29.0,1331.6001548536658,0.0,True
2018_MT_110_20181106_D060,2018_MT_110_20181106,2018,MT,110,2018-11-06,2018-09-07,60,66,30,30,10,20,True,2018-06-13,2018-08-31,9.7,10.0,57.0,67.0,1,0,0,11.93617803509262,9.7,10.0,11.344904181731918,10.0,5.0,5.0,3.441450404800472,1.4545511951658325,25.06109117336849,86.0,7.0,732.9793443795636,0.0,True
2018_MT_110_20181106_D030,2018_MT_110_20181106,2018,MT,110,2018-11-06,2018-10-07,30,66,30,30,16,14,True,2018-06-13,2018-10-06,7.31875,7.0,59.8125,67.5,2,0,0,4.100383021803088,7.31875,7.0,4.2179111499084705,16.0,11.0,10.0,4.621689789659506,4.239673663116075,13.124906158664443,116.0,1.0,1220.5478696513019,0.0,True
2018_MT_110_20181106_D014,2018_MT_110_20181106,2018,MT,110,2018-11-06,2018-10-23,14,66,30,30,18,12,True,2018-06-13,2018-10-18,7.566666666666666,8.0,68.22222222222223,57.5,2,0,0,6.3096950590815615,7.566666666666666,8.0,4.260461511708997,18.0,13.0,11.0,6.263233389309559,3.1958404285752873,20.33856728080083,132.0,5.0,935.586130823414,0.0,True
2018_MT_110_20181106_D007,2018_MT_110_20181106,2018,MT,110,2018-11-06,2018-10-30,7,66,30,30,20,10,True,2018-06-13,2018-10-30,7.345000000000001,7.349999999999998,67.9,53.0,2,0,1,5.936041588664079,7.345000000000001,7.349999999999998,3.512733453633549,20.0,15.0,12.0,6.396444233489797,4.276448470107933,15.322481988920599,139.0,0.0,842.4482632567175,0.0,True
2018_MT_110_20181106_D000,2018_MT_110_20181106,2018,MT,110,2018-11-06,2018-11-06,0,66,30,30,30,0,True,2018-06-13,2018-11-05,6.646666666666666,7.0,51.1,35.0,2,0,9,5.060829530868821,6.646666666666666,7.0,3.620660830655748,30.0,25.0,14.0,14.900425671150748,11.587632957935451,8.236016975020787,146.0,1.0,700.5160946173502,0.0,True
2018_ND_116_20181106_D120,2018_ND_116_20181106,2018,ND,116,2018-11-06,2018-07-09,120,36,18,18,9,9,True,2018-02-20,2018-07-02,-5.444444444444445,-6.0,37.77777777777778,7.0,1,0,0,-6.920257204037384,-5.444444444444445,-6.0,1.7595360310494892,9.0,4.0,4.0,6.77777239647932,3.914582162274861,8.41510452737291,139.0,7.0,448.92269118829176,0.0,True
2018_ND_116_20181106_D090,2018_ND_116_20181106,2018,ND,116,2018-11-06,2018-08-08,90,36,18,18,9,9,True,2018-02-20,2018-07-02,-5.444444444444445,-6.0,67.77777777777777,37.0,1,0,0,-6.920257204037385,-5.444444444444445,-6.0,1.7595360310494892,9.0,4.0,4.0,6.777772396479322,0.8863824250194284,38.41510452737291,169.0,37.0,448.92269118829176,0.0,True
2018_ND_116_20181106_D060,2018_ND_116_20181106,2018,ND,116,2018-11-06,2018-09-07,60,36,18,18,9,9,True,2018-02-20,2018-07-02,-5.444444444444445,-6.0,97.77777777777776,67.0,1,0,0,-6.920257204037385,-5.444444444444445,-6.0,1.7595360310494892,9.0,4.0,4.0,6.77777239647932,0.2007043844819311,68.4151045273729,199.0,67.0,448.9226911882917,0.0,True
2018_ND_116_20181106_D030,2018_ND_116_20181106,2018,ND,116,2018-11-06,2018-10-07,30,36,18,18,14,4,True,2018-02-20,2018-10-02,-6.357142857142857,-6.5,87.28571428571429,97.0,1,0,0,-9.10082408195659,-6.357142857142857,-6.5,2.6336108433614607,14.0,7.0,6.0,4.369231892689103,3.045427372861392,11.696124054361539,229.0,5.0,727.8738500440436,0.0,True
2018_ND_116_20181106_D014,2018_ND_116_20181106,2018,ND,116,2018-11-06,2018-10-23,14,36,18,18,15,3,True,2018-02-20,2018-10-19,-7.0,-7.0,96.66666666666669,113.0,1,0,0,-11.738873564570726,-7.0,-7.0,3.940161723644253,15.0,8.0,6.0,4.282377394082489,2.232989929079334,18.635397303202417,245.0,4.0,698.0970952173425,0.0,True
2018_ND_116_20181106_D007,2018_ND_116_20181106,2018,ND,116,2018-11-06,2018-10-30,7,36,18,18,18,0,True,2018-02-20,2018-10-30,-7.222222222222222,-7.0,86.72222222222223,84.5,1,0,0,-9.381622903591966,-7.222222222222222,-7.0,2.8164202697855263,18.0,10.0,7.0,5.521031380558075,5.090633007879398,9.33505037154668,252.0,0.0,938.818423006204,0.0,True
2018_ND_116_20181106_D000,2018_ND_116_20181106,2018,ND,116,2018-11-06,2018-11-06,0,36,18,18,18,0,True,2018-02-20,2018-10-30,-7.222222222222222,-7.0,93.72222222222224,91.5,1,0,0,-9.381622903591968,-7.222222222222222,-7.0,2.8164202697855267,18.0,10.0,7.0,5.5210313805580755,3.599621120403594,16.33505037154668,259.0,7.0,938.8184230062037,0.0,True
2018_NE_111_20181106_D120,2018_NE_111_20181106,2018,NE,111,2018-11-06,2018-07-09,120,6,3,3,2,1,True,2017-11-12,2018-01-28,-14.0,-14.0,200.5,200.5,2,0,0,-16.802204444030654,-14.0,-14.0,1.0712843944792847,2.0,2.0,2.0,1.0681003107069604,0.000310184796483477,164.53837630160658,239.0,162.0,522.7464889364747,0.0,True
2018_NE_111_20181106_D090,2018_NE_111_20181106,2018,NE,111,2018-11-06,2018-08-08,90,6,3,3,2,1,True,2017-11-12,2018-01-28,-14.0,-14.0,230.5,230.5,2,0,0,-16.802204444030657,-14.0,-14.0,1.0712843944792838,2.0,2.0,2.0,1.06810031070696,7.023542761749225e-05,194.5383763016066,269.0,192.0,522.7464889364746,0.0,True
2018_NE_111_20181106_D060,2018_NE_111_20181106,2018,NE,111,2018-11-06,2018-09-07,60,6,3,3,2,1,True,2017-11-12,2018-01-28,-14.0,-14.0,260.5,260.5,2,0,0,-16.802204444030654,-14.0,-14.0,1.0712843944792838,2.0,2.0,2.0,1.0681003107069602,1.5903472215714373e-05,224.5383763016066,299.0,222.0,522.7464889364747,0.0,True
2018_NE_111_20181106_D030,2018_NE_111_20181106,2018,NE,111,2018-11-06,2018-10-07,30,6,3,3,2,1,True,2017-11-12,2018-01-28,-14.0,-14.0,290.5,290.5,2,0,0,-16.802204444030654,-14.0,-14.0,1.0712843944792858,2.0,2.0,2.0,1.0681003107069604,3.601037782434008e-06,254.53837630160658,329.0,252.0,522.7464889364747,0.0,True
2018_NE_111_20181106_D014,2018_NE_111_20181106,2018,NE,111,2018-11-06,2018-10-23,14,6,3,3,2,1,True,2017-11-12,2018-01-28,-14.0,-14.0,306.5,306.5,2,0,0,-16.802204444030657,-14.0,-14.0,1.0712843944792838,2.0,2.0,2.0,1.0681003107069602,1.6307725677294519e-06,270.53837630160655,345.0,268.0,522.7464889364746,0.0,True
2018_NE_111_20181106_D007,2018_NE_111_20181106,2018,NE,111,2018-11-06,2018-10-30,7,6,3,3,3,0,True,2017-11-12,2018-10-27,-14.333333333333334,-15.0,210.0,275.0,2,0,0,-15.000002259714707,-14.333333333333334,-15.0,0.0023476492948286964,3.0,3.0,3.0,1.0000025077261778,0.9196632738212936,3.000344233091124,352.0,3.0,682.9997990642976,0.0,True
2018_NE_111_20181106_D000,2018_NE_111_20181106,2018,NE,111,2018-11-06,2018-11-06,0,6,3,3,3,0,True,2017-11-12,2018-10-27,-14.333333333333334,-15.0,217.0,282.0,2,0,0,-15.000002259714707,-14.333333333333334,-15.0,0.002347649294828698,3.0,3.0,3.0,1.0000025077261778,0.6503001373272574,10.000344233091123,359.0,10.0,682.9997990642976,0.0,True
2018_NJ_113_20181106_D120,2018_NJ_113_20181106,2018,NJ,113,2018-11-06,2018-07-09,120,59,25,25,3,22,True,2018-03-12,2018-05-21,14.0,17.0,86.0,90.0,0,0,0,6.0644474280313645,14.0,17.0,5.409599502659185,3.0,3.0,3.0,1.2986607558587817,0.12114616072976456,55.145728274920785,119.0,49.0,839.8865938286356,0.0,True
2018_NJ_113_20181106_D090,2018_NJ_113_20181106,2018,NJ,113,2018-11-06,2018-08-08,90,59,25,25,4,21,True,2018-03-12,2018-07-10,11.0,10.5,94.25,99.5,0,0,0,2.432306380827426,11.0,10.5,2.1639724124438473,4.0,4.0,4.0,1.2386990183773319,0.2579023168984541,34.971822005139686,149.0,29.0,592.4504587393983,0.0,True
2018_NJ_113_20181106_D060,2018_NJ_113_20181106,2018,NJ,113,2018-11-06,2018-09-07,60,59,25,25,6,19,True,2018-03-12,2018-08-20,10.0,8.0,89.66666666666667,84.0,1,0,0,7.3307807095210835,10.0,8.0,2.3578447249827317,6.0,6.0,4.0,2.2006599890906866,0.9217095849435758,22.922034515808175,179.0,18.0,827.6808390674868,0.0,True
2018_NJ_113_20181106_D030,2018_NJ_113_20181106,2018,NJ,113,2018-11-06,2018-10-07,30,59,25,25,12,13,True,2018-03-12,2018-10-05,8.158333333333333,6.0,62.916666666666664,29.0,1,0,0,6.946877183206522,8.158333333333333,6.0,3.221631297351349,12.0,11.0,7.0,6.180231768926698,5.187468222408182,7.578677759894526,209.0,2.0,786.4446429319833,0.0,True
2018_NJ_113_20181106_D014,2018_NJ_113_20181106,2018,NJ,113,2018-11-06,2018-10-23,14,59,25,25,20,5,True,2018-03-12,2018-10-19,7.445,6.0,50.3,21.5,3,0,0,6.393504723712596,7.445,6.0,3.514910484203493,20.0,16.0,9.0,12.6279669693073,8.085519994051063,11.743147964295524,225.0,4.0,692.9920642397976,0.0,True
2018_NJ_113_20181106_D007,2018_NJ_113_20181106,2018,NJ,113,2018-11-06,2018-10-30,7,59,25,25,22,3,True,2018-03-12,2018-10-29,7.372727272727272,6.0,52.31818181818182,26.5,3,0,0,6.502889766340936,7.372727272727272,6.0,3.1120238719080224,22.0,18.0,10.0,12.963617694161728,7.685545727706802,14.534826799499388,232.0,1.0,706.6427734161874,0.0,True
2018_NJ_113_20181106_D000,2018_NJ_113_20181106,2018,NJ,113,2018-11-06,2018-11-06,0,59,25,25,25,0,True,2018-03-12,2018-11-04,7.968,7.0,52.6,28.0,3,0,0,8.677954165677003,7.968,7.0,4.008524940707175,25.0,21.0,11.0,12.862549310410836,8.583734954788437,14.713472313777487,239.0,2.0,796.8936613112068,0.0,True
2018_NM_114_20181106_D120,2018_NM_114_20181106,2018,NM,114,2018-11-06,2018-07-09,120,49,17,17,0,17,False,,,,,,,0,0,0,,,,,0.0,0.0,,0.0,0.0,,,,,0.0,False
2018_NM_114_20181106_D090,2018_NM_114_20181106,2018,NM,114,2018-11-06,2018-08-08,90,49,17,17,5,12,True,2018-07-17,2018-08-05,13.4,14.0,8.8,6.0,2,0,0,13.913709684859844,13.4,14.0,3.887288923915679,5.0,5.0,4.0,4.466438816288712,3.3240102582063966,6.539578857978167,22.0,3.0,589.8300910749205,0.0,True
2018_NM_114_20181106_D060,2018_NM_114_20181106,2018,NM,114,2018-11-06,2018-09-07,60,49,17,17,6,11,True,2018-07-17,2018-08-18,15.9,14.5,35.666666666666664,34.5,2,0,0,18.413424835728446,15.9,14.5,7.440026361992922,6.0,6.0,5.0,4.928829050329134,1.0917889346467784,31.402073536933507,52.0,20.0,561.9271695525433,0.0,True
2018_NM_114_20181106_D030,2018_NM_114_20181106,2018,NM,114,2018-11-06,2018-10-07,30,49,17,17,9,8,True,2018-07-17,2018-09-24,18.89,18.0,50.111111111111114,63.0,2,0,0,24.1909926522251,18.89,18.0,4.402331753852485,9.0,9.0,8.0,3.8115221744272287,1.7436881499144767,24.12826296353729,82.0,13.0,878.7222603133514,0.0,True
2018_NM_114_20181106_D014,2018_NM_114_20181106,2018,NM,114,2018-11-06,2018-10-23,14,49,17,17,9,8,True,2018-07-17,2018-09-24,18.89,18.0,66.11111111111111,79.0,2,0,0,24.190992652225095,18.89,18.0,4.402331753852484,9.0,9.0,8.0,3.811522174427229,0.7896498102370461,40.12826296353729,98.0,29.0,878.7222603133513,0.0,True
2018_NM_114_20181106_D007,2018_NM_114_20181106,2018,NM,114,2018-11-06,2018-10-30,7,49,17,17,12,5,True,2018-07-17,2018-10-29,17.6925,15.75,55.75,60.0,2,0,0,15.704647737893785,17.6925,15.75,4.368243827814319,12.0,12.0,10.0,3.774130556062499,3.53664120420593,10.009552992188715,105.0,1.0,936.3276563674226,0.0,True
2018_NM_114_20181106_D000,2018_NM_114_20181106,2018,NM,114,2018-11-06,2018-11-06,0,49,17,17,14,3,True,2018-07-17,2018-11-03,17.59357142857143,15.75,54.357142857142854,52.0,2,0,0,16.42003576985768,17.59357142857143,15.75,3.947214451530187,14.0,14.0,11.0,5.608500662417405,4.251630744623261,11.712790148255124,112.0,3.0,864.3271375298469,0.0,True
2018_NV_112_20181106_D120,2018_NV_112_20181106,2018,NV,112,2018-11-06,2018-07-09,120,104,46,46,12,34,True,2017-06-25,2018-07-02,2.4166666666666665,2.0,64.58333333333333,10.0,0,0,0,2.149319352658955,2.4166666666666665,2.0,1.6640244315117274,12.0,7.0,4.0,7.0230509766755835,6.124394901625895,8.532977912439401,379.0,7.0,978.705385829429,0.0,True
2018_NV_112_20181106_D090,2018_NV_112_20181106,2018,NV,112,2018-11-06,2018-08-08,90,104,46,46,13,33,True,2017-06-25,2018-07-29,2.1538461538461537,2.0,88.07692307692308,37.0,0,0,0,1.247545654796252,2.1538461538461537,2.0,2.0007218740749115,13.0,8.0,5.0,6.472066206776778,1.943153411520443,30.362866811635556,409.0,10.0,841.6332513055905,0.0,True
2018_NV_112_20181106_D060,2018_NV_112_20181106,2018,NV,112,2018-11-06,2018-09-07,60,104,46,46,14,32,True,2017-06-25,2018-08-21,2.357142857142857,2.0,110.85714285714286,67.0,0,0,0,3.0444630785644593,2.357142857142857,2.0,2.3664287753236106,14.0,9.0,5.0,3.6863169348607525,0.8442910975589304,39.597926388586345,439.0,17.0,691.4454003422801,0.0,True
2018_NV_112_20181106_D030,2018_NV_112_20181106,2018,NV,112,2018-11-06,2018-10-07,30,104,46,46,25,21,True,2017-06-25,2018-10-03,1.296,1.0,84.04,70.0,0,0,0,-0.12518995856103776,1.296,1.0,2.2838021623042923,25.0,15.0,9.0,10.419606620694587,7.60517487485181,10.532272708437844,469.0,4.0,809.6353528579403,0.0,True
2018_NV_112_20181106_D014,2018_NV_112_20181106,2018,NV,112,2018-11-06,2018-10-23,14,104,46,46,32,14,True,2017-06-25,2018-10-19,0.8003125,1.0,80.03125,38.5,0,0,0,-0.6850401254353561,0.8003125,1.0,3.148415050389378,32.0,20.0,12.0,12.910304598538227,9.103485738957541,14.595633575857384,485.0,4.0,978.4188543788314,0.0,True
2018_NV_112_20181106_D007,2018_NV_112_20181106,2018,NV,112,2018-11-06,2018-10-30,7,104,46,46,36,10,True,2017-06-25,2018-10-30,1.0141666666666669,1.5,77.52777777777777,37.0,0,0,1,0.7385233412506693,1.0141666666666667,1.5,2.959545190834642,36.0,23.0,13.0,14.043099293735786,10.968487556471194,13.202478966474098,492.0,0.0,970.9559298222013,0.0,True
2018_NV_112_20181106_D000,2018_NV_112_20181106,2018,NV,112,2018-11-06,2018-11-06,0,104,46,46,46,0,True,2017-06-25,2018-11-05,0.8719565217391304,1.0,67.0,34.0,0,0,9,0.6344819981414445,0.8719565217391304,1.0,2.8226497648303153,46.0,33.0,14.0,21.38892356191822,17.79235075972227,11.007111880375362,499.0,1.0,1061.8584693509174,0.0,True
2018_NY_115_20181106_D120,2018_NY_115_20181106,2018,NY,115,2018-11-06,2018-07-09,120,20,10,10,4,6,True,2018-03-16,2018-06-07,33.75,34.0,76.0,78.5,0,0,0,33.24776565095408,33.75,34.0,0.9237259962062626,4.0,4.0,2.0,1.5479339989444645,0.2900825021917752,41.35890522415636,115.0,32.0,793.0156636399082,0.0,True
2018_NY_115_20181106_D090,2018_NY_115_20181106,2018,NY,115,2018-11-06,2018-08-08,90,20,10,10,5,5,True,2018-03-16,2018-07-16,32.4,33.0,89.4,99.0,0,0,0,27.882125305851023,32.4,33.0,2.2030979843854386,5.0,5.0,2.0,1.3325657403320774,0.46521285467851897,29.827819166835287,145.0,23.0,914.0943476788607,0.0,True
2018_NY_115_20181106_D060,2018_NY_115_20181106,2018,NY,115,2018-11-06,2018-09-07,60,20,10,10,6,4,True,2018-03-16,2018-08-30,29.5,32.0,100.83333333333331,110.5,1,0,0,16.057664366337782,29.5,32.0,3.592326637361474,6.0,6.0,3.0,1.1798114505265438,1.283001241403837,12.255232441564802,175.0,8.0,2629.556770286224,0.0,True
2018_NY_115_20181106_D030,2018_NY_115_20181106,2018,NY,115,2018-11-06,2018-10-07,30,20,10,10,7,3,True,2018-03-16,2018-09-27,29.857142857142858,32.0,113.57142857142856,122.0,1,0,0,27.121342153225847,29.857142857142858,32.0,7.610848566257664,7.0,7.0,3.0,1.7825798246161497,0.9493238400328833,19.87071445907175,205.0,10.0,1291.1750431373246,0.0,True
2018_NY_115_20181106_D014,2018_NY_115_20181106,2018,NY,115,2018-11-06,2018-10-23,14,20,10,10,8,2,True,2018-03-16,2018-10-16,29.25,31.5,114.25,118.5,1,0,0,25.71667729910607,29.25,31.5,4.536095513355332,8.0,8.0,3.0,1.9901171848770787,1.2725275108014686,16.753723900845614,221.0,7.0,1000.371531330685,0.0,True
2018_NY_115_20181106_D007,2018_NY_115_20181106,2018,NY,115,2018-11-06,2018-10-30,7,20,10,10,8,2,True,2018-03-16,2018-10-16,29.25,31.5,121.25,125.5,1,0,0,25.716677299106074,29.25,31.5,4.536095513355331,8.0,8.0,3.0,1.9901171848770791,0.8998128321341562,23.753723900845614,228.0,14.0,1000.3715313306851,0.0,True
2018_NY_115_20181106_D000,2018_NY_115_20181106,2018,NY,115,2018-11-06,2018-11-06,0,20,10,10,10,0,True,2018-03-16,2018-11-03,28.5,29.5,103.4,90.5,1,0,0,25.49394124223635,28.5,29.5,3.2289908177755327,10.0,10.0,4.0,3.396151083408421,2.1896967783019443,11.801480694104013,235.0,3.0,680.3092879764581,0.0,True
2018_OH_117_20181106_D120,2018_OH_117_20181106,2018,OH,117,2018-11-06,2018-07-09,120,74,34,34,14,20,True,2018-03-05,2018-07-02,8.65,7.5,39.785714285714285,22.0,0,0,0,6.173015879982322,8.65,7.5,5.167782084971688,14.0,9.0,8.0,8.614919647481006,6.439628670425517,11.144383454871548,126.0,7.0,858.7109073774892,0.0,True
2018_OH_117_20181106_D090,2018_OH_117_20181106,2018,OH,117,2018-11-06,2018-08-08,90,74,34,34,15,19,True,2018-03-05,2018-07-10,8.345999999999998,7.0,67.06666666666666,47.0,0,0,0,5.747525974054314,8.345999999999998,7.0,4.685733960441678,15.0,10.0,9.0,8.67873258839806,1.832435880433496,38.66369541815295,156.0,29.0,986.6406508156203,0.0,True
2018_OH_117_20181106_D060,2018_OH_117_20181106,2018,OH,117,2018-11-06,2018-09-07,60,74,34,34,16,18,True,2018-03-05,2018-09-04,8.099374999999998,6.5,91.1875,72.0,0,0,0,4.792683327527768,8.099374999999998,6.5,2.60253558177637,16.0,11.0,10.0,1.9535683009871458,1.4238334554279453,22.13509565755547,186.0,3.0,869.9780277734436,0.0,True
2018_OH_117_20181106_D030,2018_OH_117_20181106,2018,OH,117,2018-11-06,2018-10-07,30,74,34,34,24,10,True,2018-03-05,2018-10-04,9.557916666666667,10.200000000000005,86.45833333333333,97.0,0,0,0,11.558166952371865,9.557916666666667,10.200000000000005,3.2661592735441305,24.0,17.0,14.0,7.9221979918017595,5.131860093830701,17.39328900697133,216.0,3.0,1148.2330923040702,0.0,True
2018_OH_117_20181106_D014,2018_OH_117_20181106,2018,OH,117,2018-11-06,2018-10-23,14,74,34,34,26,8,True,2018-03-05,2018-10-08,10.13423076923077,11.1,95.73076923076924,113.0,0,0,0,13.241460226378114,10.13423076923077,11.100000000000001,3.6985405890007064,26.0,19.0,14.0,9.097318563638067,3.377927248753997,27.654635203771875,232.0,15.0,1040.804687676965,0.0,True
2018_OH_117_20181106_D007,2018_OH_117_20181106,2018,OH,117,2018-11-06,2018-10-30,7,74,34,34,29,5,True,2018-03-05,2018-10-30,10.268620689655172,10.200000000000005,92.27586206896552,112.0,0,0,0,12.472879415230546,10.268620689655172,10.200000000000005,5.080787155410587,29.0,22.0,16.0,7.683194189660617,5.555802747568023,15.831440933944661,239.0,0.0,915.7459489667527,0.0,True
2018_OH_117_20181106_D000,2018_OH_117_20181106,2018,OH,117,2018-11-06,2018-11-06,0,74,34,34,32,2,True,2018-03-05,2018-11-04,10.3809375,10.3,90.3125,59.5,0,0,0,12.00239420534538,10.3809375,10.300000000000002,4.1487568242276565,32.0,25.0,18.0,9.782370501887328,6.478693523755144,15.166995586128857,246.0,2.0,819.9992102084401,0.0,True
2018_PA_118_20181106_D120,2018_PA_118_20181106,2018,PA,118,2018-11-06,2018-07-09,120,72,29,29,13,16,True,2018-03-05,2018-07-02,13.953846153846154,15.0,41.46153846153846,14.0,0,0,0,12.710314382345295,13.953846153846154,15.0,2.265192816278663,13.0,8.0,6.0,8.088610401604802,6.363298682118284,9.515631933087372,126.0,7.0,868.5622319832355,0.0,True
2018_PA_118_20181106_D090,2018_PA_118_20181106,2018,PA,118,2018-11-06,2018-08-08,90,72,29,29,13,16,True,2018-03-05,2018-07-02,13.953846153846154,15.0,71.46153846153847,44.0,0,0,0,12.71031438234529,13.953846153846154,15.0,2.265192816278663,13.0,8.0,6.0,8.088610401604798,1.440847549793465,39.51563193308737,156.0,37.0,868.5622319832355,0.0,True
2018_PA_118_20181106_D060,2018_PA_118_20181106,2018,PA,118,2018-11-06,2018-09-07,60,72,29,29,17,12,True,2018-03-05,2018-08-26,13.54529411764706,15.0,81.6470588235294,67.0,0,0,0,11.789106999522458,13.54529411764706,15.0,6.469926282492819,17.0,11.0,8.0,5.280923071648535,2.098688742405892,25.626041576201278,186.0,12.0,956.4425256584834,0.0,True
2018_PA_118_20181106_D030,2018_PA_118_20181106,2018,PA,118,2018-11-06,2018-10-07,30,72,29,29,24,5,True,2018-03-05,2018-10-02,14.244583333333331,15.0,83.70833333333333,97.0,0,0,0,15.176123432678043,14.244583333333333,15.0,2.829366694906016,24.0,16.0,11.0,7.0605401545472475,4.2984043170490285,18.61372814607313,216.0,5.0,1052.9909510847792,0.0,True
2018_PA_118_20181106_D014,2018_PA_118_20181106,2018,PA,118,2018-11-06,2018-10-23,14,72,29,29,24,5,True,2018-03-05,2018-10-02,14.244583333333331,15.0,99.70833333333331,113.0,0,0,0,15.176123432678043,14.244583333333333,15.0,2.8293666949060157,24.0,16.0,11.0,7.060540154547246,1.9465832542627206,34.61372814607313,232.0,21.0,1052.9909510847792,0.0,True
2018_PA_118_20181106_D007,2018_PA_118_20181106,2018,PA,118,2018-11-06,2018-10-30,7,72,29,29,26,3,True,2018-03-05,2018-10-28,14.45653846153846,15.0,98.65384615384616,98.0,0,0,0,16.322842764363262,14.456538461538461,15.0,2.6794028035006336,26.0,17.0,11.0,5.942481832452284,2.7742094650475515,21.65461100485172,239.0,2.0,730.0340933829563,0.0,True
2018_PA_118_20181106_D000,2018_PA_118_20181106,2018,PA,118,2018-11-06,2018-11-06,0,72,29,29,29,0,True,2018-03-05,2018-11-04,14.271379310344829,15.0,95.06896551724138,82.0,0,0,0,13.133417639749428,14.271379310344829,15.0,4.613226794637306,29.0,20.0,13.0,5.908979960811959,4.9451923797589235,13.121050155499033,246.0,2.0,999.9804667322102,0.0,True
2018_RI_119_20181106_D120,2018_RI_119_20181106,2018,RI,119,2018-11-06,2018-07-09,120,10,5,5,1,4,True,2018-06-04,2018-06-04,22.0,22.0,35.0,35.0,0,0,0,22.0,22.0,22.0,,1.0,1.0,1.0,1.0,0.16153559979150112,35.0,35.0,35.0,501.0,0.0,True
2018_RI_119_20181106_D090,2018_RI_119_20181106,2018,RI,119,2018-11-06,2018-08-08,90,10,5,5,1,4,True,2018-06-04,2018-06-04,22.0,22.0,65.0,65.0,0,0,0,22.0,22.0,22.0,,1.0,1.0,1.0,1.0,0.03657665383805658,65.0,65.0,65.0,501.0,0.0,True
2018_RI_119_20181106_D060,2018_RI_119_20181106,2018,RI,119,2018-11-06,2018-09-07,60,10,5,5,1,4,True,2018-06-04,2018-06-04,22.0,22.0,95.0,95.0,0,0,0,22.0,22.0,22.0,,1.0,1.0,1.0,1.0,0.008282085235179277,95.0,95.0,95.0,501.0,0.0,True
2018_RI_119_20181106_D030,2018_RI_119_20181106,2018,RI,119,2018-11-06,2018-10-07,30,10,5,5,3,2,True,2018-06-04,2018-10-06,21.666666666666668,22.0,48.666666666666664,20.0,0,0,0,22.68433463419544,21.666666666666668,22.0,2.1995110204885013,3.0,3.0,3.0,1.6380503504288224,1.1840705908256006,6.18388164295596,125.0,1.0,481.2093692016172,0.0,True
2018_RI_119_20181106_D014,2018_RI_119_20181106,2018,RI,119,2018-11-06,2018-10-23,14,10,5,5,4,1,True,2018-06-04,2018-10-09,22.25,23.0,52.0,26.5,0,0,0,23.289946214543665,22.25,23.0,1.743836000219939,4.0,4.0,3.0,2.5660961893373653,0.9935678016019207,18.416773665508753,141.0,14.0,490.7794674207379,0.0,True
2018_RI_119_20181106_D007,2018_RI_119_20181106,2018,RI,119,2018-11-06,2018-10-30,7,10,5,5,5,0,True,2018-06-04,2018-10-24,21.6,22.0,48.4,24.0,0,0,0,21.28116565191361,21.6,22.0,2.4898563082387595,5.0,5.0,3.0,3.0353652394108237,1.3212272875007747,16.32480943620662,148.0,6.0,455.7637508764725,0.0,True
2018_RI_119_20181106_D000,2018_RI_119_20181106,2018,RI,119,2018-11-06,2018-11-06,0,10,5,5,5,0,True,2018-06-04,2018-10-24,21.6,22.0,55.4,31.0,0,0,0,21.281165651913607,21.6,22.0,2.4898563082387595,5.0,5.0,3.0,3.0353652394108246,0.934248774480506,23.324809436206618,155.0,13.0,455.7637508764724,0.0,True
2018_TN_120_20181106_D120,2018_TN_120_20181106,2018,TN,120,2018-11-06,2018-07-09,120,106,53,53,18,35,True,2017-10-22,2018-07-02,-4.833333333333333,-2.0,88.11111111111111,79.0,2,0,0,-16.0247185753393,-4.833333333333333,-2.0,5.311894187810483,18.0,13.0,8.0,6.741375463302683,5.648609799996725,9.386153750799249,260.0,7.0,922.9413126654268,1.0,True
2018_TN_120_20181106_D090,2018_TN_120_20181106,2018,TN,120,2018-11-06,2018-08-08,90,106,53,53,21,32,True,2017-10-22,2018-07-14,-3.857142857142857,1.0,105.0952380952381,99.0,2,0,0,-9.018210587205992,-3.857142857142857,1.0,10.114144074117814,21.0,16.0,9.0,9.447547598914888,2.068523417839113,34.60018055298537,290.0,25.0,800.3454026568194,1.0,True
2018_TN_120_20181106_D060,2018_TN_120_20181106,2018,TN,120,2018-11-06,2018-09-07,60,106,53,53,24,29,True,2017-10-22,2018-08-28,-3.2916666666666665,1.5,120.16666666666669,77.5,2,0,0,-0.7297874124461569,-3.2916666666666665,1.5,7.178649703641167,24.0,18.0,10.0,4.478833832026006,1.9848681981960312,25.171303874859465,320.0,10.0,675.9715175563671,1.0,True
2018_TN_120_20181106_D030,2018_TN_120_20181106,2018,TN,120,2018-11-06,2018-10-07,30,106,53,53,35,18,True,2017-10-22,2018-10-05,-2.551428571428571,0.0,108.02857142857142,97.0,3,0,0,-2.1190748148207,-2.551428571428571,0.0,4.8776641459595735,35.0,26.0,14.0,10.238424852879172,6.8273912844601785,15.104625274404613,350.0,2.0,868.3399806678407,1.0,True
2018_TN_120_20181106_D014,2018_TN_120_20181106,2018,TN,120,2018-11-06,2018-10-23,14,106,53,53,42,11,True,2017-10-22,2018-10-13,-2.778095238095238,-1.0,105.26190476190476,87.0,3,0,0,-2.746620528032836,-2.778095238095238,-1.0,5.108621479641213,42.0,30.0,18.0,14.325849113126974,7.839170138755231,19.19868435611609,366.0,10.0,958.1463899702047,1.0,True
2018_TN_120_20181106_D007,2018_TN_120_20181106,2018,TN,120,2018-11-06,2018-10-30,7,106,53,53,52,1,True,2017-10-22,2018-10-30,-3.209230769230769,-3.0,90.92307692307692,48.5,3,0,0,-4.274979880593458,-3.209230769230769,-3.0,4.020170672222731,52.0,37.0,20.0,19.56704123686428,15.544578116627639,10.097119112664476,373.0,0.0,794.0451219253157,1.0,True
2018_TN_120_20181106_D000,2018_TN_120_20181106,2018,TN,120,2018-11-06,2018-11-06,0,106,53,53,53,0,True,2017-10-22,2018-10-31,-3.148679245283019,-3.0,96.188679245283,55.0,3,0,0,-4.031250448448315,-3.148679245283019,-3.0,4.027763086397007,53.0,38.0,20.0,20.535779654030254,11.656233445888752,16.464439049758244,380.0,6.0,776.1404670795057,1.0,True
2018_TX_121_20181106_D120,2018_TX_121_20181106,2018,TX,121,2018-11-06,2018-07-09,120,109,49,49,12,37,True,2017-04-09,2018-07-07,-8.0,-8.0,95.08333333333331,41.5,1,0,0,-8.217619698596366,-8.0,-8.0,2.0034625461308284,12.0,11.0,9.0,5.592762867751206,3.1146905873550788,18.564836516544453,456.0,2.0,867.2812004248133,0.0,True
2018_TX_121_20181106_D090,2018_TX_121_20181106,2018,TX,121,2018-11-06,2018-08-08,90,109,49,49,16,33,True,2017-04-09,2018-08-02,-6.875,-6.0,96.4375,58.0,1,0,0,-4.801346650401264,-6.875,-6.0,2.4443980792858104,16.0,14.0,9.0,5.567542455193969,3.488366877664938,17.444310931289586,486.0,6.0,853.4879857852648,0.0,True
2018_TX_121_20181106_D060,2018_TX_121_20181106,2018,TX,121,2018-11-06,2018-09-07,60,109,49,49,20,29,True,2017-04-09,2018-09-07,-5.8865,-5.5,104.25,77.0,1,0,0,-3.2074861279108897,-5.8865,-5.5,2.350658204366802,20.0,18.0,13.0,5.687353879638297,2.864069426329783,20.751064642293723,516.0,0.0,655.8334164608943,1.0,True
2018_TX_121_20181106_D030,2018_TX_121_20181106,2018,TX,121,2018-11-06,2018-10-07,30,109,49,49,30,19,True,2017-04-09,2018-10-05,-4.844333333333333,-4.064999999999998,95.36666666666666,67.0,1,0,0,-3.2103318982810167,-4.844333333333333,-4.064999999999998,3.3195889056298307,30.0,26.0,17.0,10.272035998922368,5.894807465740207,18.23328513632914,546.0,2.0,863.7989287782366,1.0,True
2018_TX_121_20181106_D014,2018_TX_121_20181106,2018,TX,121,2018-11-06,2018-10-23,14,109,49,49,41,8,True,2017-04-09,2018-10-21,-4.977560975609756,-4.5,83.70731707317073,44.0,1,0,0,-4.351648930883953,-4.977560975609756,-4.5,3.312889868461363,41.0,34.0,21.0,15.25406074757739,12.046615700449577,13.14392543247131,562.0,2.0,1014.4357274725523,1.0,True
2018_TX_121_20181106_D007,2018_TX_121_20181106,2018,TX,121,2018-11-06,2018-10-30,7,109,49,49,46,3,True,2017-04-09,2018-10-30,-5.001739130434783,-4.399999999999999,81.06521739130434,46.0,1,0,0,-4.5696228275488995,-5.001739130434783,-4.399999999999999,2.9493917953774345,46.0,38.0,22.0,18.04265321786559,13.986048734999246,13.003590045424247,569.0,0.0,969.0238156915956,1.0,True
2018_TX_121_20181106_D000,2018_TX_121_20181106,2018,TX,121,2018-11-06,2018-11-06,0,109,49,49,48,1,True,2017-04-09,2018-11-05,-4.97875,-4.399999999999999,84.5,51.5,1,0,0,-4.717926544680436,-4.97875,-4.399999999999999,3.333063087974786,48.0,40.0,24.0,16.938741993109527,12.720530936283792,16.04927560613495,576.0,1.0,1143.8515570698105,1.0,True
2018_UT_122_20181106_D120,2018_UT_122_20181106,2018,UT,122,2018-11-06,2018-07-09,120,20,7,7,4,3,True,2017-09-05,2018-06-18,-43.2,-41.9,182.5,201.0,0,0,0,-38.804263036217584,-43.2,-41.9,0.16930230891682205,4.0,4.0,2.0,1.0013182141831447,0.3693638593092278,21.101329101389464,307.0,21.0,654.0917753641065,0.0,True
2018_UT_122_20181106_D090,2018_UT_122_20181106,2018,UT,122,2018-11-06,2018-08-08,90,20,7,7,4,3,True,2017-09-05,2018-06-18,-43.2,-41.9,212.5,231.0,0,0,0,-38.80426303621759,-43.2,-41.9,0.16930230891682208,4.0,4.0,2.0,1.0013182141831445,0.08363539702505297,51.10132910138948,337.0,51.0,654.0917753641066,0.0,True
2018_UT_122_20181106_D060,2018_UT_122_20181106,2018,UT,122,2018-11-06,2018-09-07,60,20,7,7,6,1,True,2017-09-05,2018-08-31,-39.8,-39.4,164.66666666666666,156.5,0,0,0,-31.889382939629154,-39.800000000000004,-39.4,6.896574257478098,6.0,6.0,3.0,1.994682709396745,1.4200788617609124,9.622081867645665,367.0,7.0,721.5632242540316,0.0,True
2018_UT_122_20181106_D030,2018_UT_122_20181106,2018,UT,122,2018-11-06,2018-10-07,30,20,7,7,6,1,True,2017-09-05,2018-08-31,-39.8,-39.4,194.66666666666663,186.5,0,0,0,-31.889382939629154,-39.800000000000004,-39.4,6.896574257478098,6.0,6.0,3.0,1.9946827093967459,0.32154975755445286,39.62208186764566,397.0,37.0,721.5632242540316,0.0,True
2018_UT_122_20181106_D014,2018_UT_122_20181106,2018,UT,122,2018-11-06,2018-10-23,14,20,7,7,7,0,True,2017-09-05,2018-10-09,-39.25714285714286,-38.8,182.57142857142856,127.0,0,0,0,-35.07701710270979,-39.25714285714286,-38.8,3.690757976527981,7.0,7.0,3.0,1.5958651145772678,0.6485258213148487,23.345669798291556,413.0,14.0,632.7236067217982,0.0,True
2018_UT_122_20181106_D007,2018_UT_122_20181106,2018,UT,122,2018-11-06,2018-10-30,7,20,7,7,7,0,True,2017-09-05,2018-10-09,-39.25714285714286,-38.8,189.57142857142856,134.0,0,0,0,-35.07701710270979,-39.25714285714286,-38.8,3.690757976527981,7.0,7.0,3.0,1.5958651145772678,0.4585770060263048,30.345669798291556,420.0,21.0,632.7236067217981,0.0,True
2018_UT_122_20181106_D000,2018_UT_122_20181106,2018,UT,122,2018-11-06,2018-11-06,0,20,7,7,7,0,True,2017-09-05,2018-10-09,-39.25714285714286,-38.8,196.57142857142856,141.0,0,0,0,-35.07701710270978,-39.25714285714286,-38.8,3.6907579765279808,7.0,7.0,3.0,1.5958651145772678,0.32426291065742435,37.34566979829156,427.0,28.0,632.7236067217982,0.0,True
2018_VA_124_20181106_D120,2018_VA_124_20181106,2018,VA,124,2018-11-06,2018-07-09,120,26,11,11,5,6,True,2017-09-12,2018-06-25,17.0,17.0,157.0,131.0,0,0,0,16.896093820903737,17.0,17.0,2.596228612892443,5.0,4.0,4.0,1.3776145706619722,0.8283169194819048,18.51419019211867,300.0,14.0,1058.387001180541,0.0,True
2018_VA_124_20181106_D090,2018_VA_124_20181106,2018,VA,124,2018-11-06,2018-08-08,90,26,11,11,6,5,True,2017-09-12,2018-07-30,18.0,17.5,157.33333333333334,115.5,0,0,0,21.73101552503833,18.0,17.5,2.745314355236211,6.0,5.0,5.0,1.5179092058264096,0.902160476517056,17.21488607839405,330.0,9.0,811.7364586887347,0.0,True
2018_VA_124_20181106_D060,2018_VA_124_20181106,2018,VA,124,2018-11-06,2018-09-07,60,26,11,11,8,3,True,2017-09-12,2018-08-24,16.1875,17.0,144.625,87.0,0,0,0,10.933719492828114,16.1875,17.0,7.321847566340304,8.0,7.0,6.0,2.4957075116733054,1.2476961625047878,20.883092964371873,360.0,14.0,893.2659439162617,0.0,True
2018_VA_124_20181106_D030,2018_VA_124_20181106,2018,VA,124,2018-11-06,2018-10-07,30,26,11,11,11,0,True,2017-09-12,2018-09-09,16.59090909090909,17.0,134.63636363636363,69.0,0,0,0,15.97843543547153,16.59090909090909,17.0,4.929761862384163,11.0,8.0,7.0,4.756888699004342,1.0731138730856284,34.02439554180541,390.0,28.0,738.6182521962962,0.0,True
2018_VA_124_20181106_D014,2018_VA_124_20181106,2018,VA,124,2018-11-06,2018-10-23,14,26,11,11,11,0,True,2017-09-12,2018-09-09,16.59090909090909,17.0,150.63636363636363,85.0,0,0,0,15.97843543547153,16.59090909090909,17.0,4.929761862384164,11.0,8.0,7.0,4.756888699004345,0.4859723146517742,50.024395541805404,406.0,44.0,738.618252196296,0.0,True
2018_VA_124_20181106_D007,2018_VA_124_20181106,2018,VA,124,2018-11-06,2018-10-30,7,26,11,11,11,0,True,2017-09-12,2018-09-09,16.59090909090909,17.0,157.63636363636363,92.0,0,0,0,15.97843543547153,16.59090909090909,17.0,4.929761862384164,11.0,8.0,7.0,4.756888699004345,0.3436343191591922,57.02439554180541,413.0,51.0,738.6182521962961,0.0,True
2018_VA_124_20181106_D000,2018_VA_124_20181106,2018,VA,124,2018-11-06,2018-11-06,0,26,11,11,11,0,True,2017-09-12,2018-09-09,16.59090909090909,17.0,164.63636363636363,99.0,0,0,0,15.97843543547153,16.59090909090909,17.0,4.929761862384164,11.0,8.0,7.0,4.756888699004345,0.24298615732588708,64.02439554180539,420.0,58.0,738.6182521962961,0.0,True
2018_VT_123_20181106_D120,2018_VT_123_20181106,2018,VT,123,2018-11-06,2018-07-09,120,11,3,3,0,3,False,,,,,,,0,0,0,,,,,0.0,0.0,,0.0,0.0,,,,,0.0,False
2018_VT_123_20181106_D090,2018_VT_123_20181106,2018,VT,123,2018-11-06,2018-08-08,90,11,3,3,0,3,False,,,,,,,0,0,0,,,,,0.0,0.0,,0.0,0.0,,,,,0.0,False
2018_VT_123_20181106_D060,2018_VT_123_20181106,2018,VT,123,2018-11-06,2018-09-07,60,11,3,3,0,3,False,,,,,,,0,0,0,,,,,0.0,0.0,,0.0,0.0,,,,,0.0,False
2018_VT_123_20181106_D030,2018_VT_123_20181106,2018,VT,123,2018-11-06,2018-10-07,30,11,3,3,0,3,False,,,,,,,0,0,0,,,,,0.0,0.0,,0.0,0.0,,,,,0.0,False
2018_VT_123_20181106_D014,2018_VT_123_20181106,2018,VT,123,2018-11-06,2018-10-23,14,11,3,3,0,3,False,,,,,,,0,0,0,,,,,0.0,0.0,,0.0,0.0,,,,,0.0,False
2018_VT_123_20181106_D007,2018_VT_123_20181106,2018,VT,123,2018-11-06,2018-10-30,7,11,3,3,0,3,False,,,,,,,0,0,0,,,,,0.0,0.0,,0.0,0.0,,,,,0.0,False
2018_VT_123_20181106_D000,2018_VT_123_20181106,2018,VT,123,2018-11-06,2018-11-06,0,11,3,3,0,3,False,,,,,,,0,0,0,,,,,0.0,0.0,,0.0,0.0,,,,,0.0,False
2018_WA_125_20181106_D120,2018_WA_125_20181106,2018,WA,125,2018-11-06,2018-07-09,120,4,2,2,1,1,True,2018-05-23,2018-05-23,16.0,16.0,47.0,47.0,0,0,0,16.0,16.0,16.0,,1.0,1.0,1.0,1.0,0.10350839190691986,47.0,47.0,47.0,675.0,0.0,True
2018_WA_125_20181106_D090,2018_WA_125_20181106,2018,WA,125,2018-11-06,2018-08-08,90,4,2,2,1,1,True,2018-05-23,2018-05-23,16.0,16.0,77.0,77.0,0,0,0,16.0,16.0,16.0,,1.0,1.0,1.0,0.9999999999999998,0.023437499999999997,77.0,77.0,77.0,675.0,0.0,True
2018_WA_125_20181106_D060,2018_WA_125_20181106,2018,WA,125,2018-11-06,2018-09-07,60,4,2,2,1,1,True,2018-05-23,2018-05-23,16.0,16.0,107.0,107.0,0,0,0,16.0,16.0,16.0,,1.0,1.0,1.0,1.0,0.005306974595296327,106.99999999999999,107.0,107.0,675.0,0.0,True
2018_WA_125_20181106_D030,2018_WA_125_20181106,2018,WA,125,2018-11-06,2018-10-07,30,4,2,2,1,1,True,2018-05-23,2018-05-23,16.0,16.0,137.0,137.0,0,0,0,16.0,16.0,16.0,,1.0,1.0,1.0,1.0,0.0012016631191518134,137.0,137.0,137.0,675.0,0.0,True
2018_WA_125_20181106_D014,2018_WA_125_20181106,2018,WA,125,2018-11-06,2018-10-23,14,4,2,2,2,0,True,2018-05-23,2018-10-09,15.0,15.0,83.5,83.5,0,0,0,14.002645949891003,15.0,15.0,0.07269730896795695,2.0,2.0,2.0,1.002649450404131,0.4113361054906191,14.183893517424787,153.0,14.0,405.35720323528557,0.0,True
2018_WA_125_20181106_D007,2018_WA_125_20181106,2018,WA,125,2018-11-06,2018-10-30,7,4,2,2,2,0,True,2018-05-23,2018-10-09,15.0,15.0,90.5,90.5,0,0,0,14.002645949891004,15.0,15.0,0.07269730896795697,2.0,2.0,2.0,1.002649450404131,0.29085854953928186,21.18389351742479,160.0,21.0,405.35720323528557,0.0,True
2018_WA_125_20181106_D000,2018_WA_125_20181106,2018,WA,125,2018-11-06,2018-11-06,0,4,2,2,2,0,True,2018-05-23,2018-10-09,15.0,15.0,97.5,97.5,0,0,0,14.002645949891003,15.0,15.0,0.07269730896795695,2.0,2.0,2.0,1.002649450404131,0.20566805274530955,28.183893517424785,167.0,28.0,405.35720323528557,0.0,True
2018_WI_127_20181106_D120,2018_WI_127_20181106,2018,WI,127,2018-11-06,2018-07-09,120,56,28,28,8,20,True,2018-03-16,2018-07-02,14.375,15.0,22.375,7.0,0,0,0,15.152789528005918,14.375,15.0,2.345094389861168,8.0,3.0,3.0,6.7048429036253205,5.6112163356947615,8.11843100530385,115.0,7.0,903.7132575812733,0.0,True
2018_WI_127_20181106_D090,2018_WI_127_20181106,2018,WI,127,2018-11-06,2018-08-08,90,56,28,28,10,18,True,2018-03-16,2018-07-28,14.669999999999998,15.349999999999998,45.0,37.0,0,0,0,15.399819865069617,14.669999999999998,15.349999999999998,1.9159722765775207,10.0,5.0,5.0,6.711798993210303,2.3223901063002117,27.605283337750222,145.0,11.0,834.5105291893506,0.0,True
2018_WI_127_20181106_D060,2018_WI_127_20181106,2018,WI,127,2018-11-06,2018-09-07,60,56,28,28,13,15,True,2018-03-16,2018-08-24,12.638461538461538,14.0,61.69230769230769,67.0,0,0,0,8.748264145825098,12.638461538461538,14.0,4.903024104144372,13.0,7.0,6.0,5.4944098582896395,1.8237187914396318,28.88026912090079,175.0,14.0,692.2376782135343,0.0,True
2018_WI_127_20181106_D030,2018_WI_127_20181106,2018,WI,127,2018-11-06,2018-10-07,30,56,28,28,21,7,True,2018-03-16,2018-10-07,12.395238095238094,13.0,60.57142857142857,49.0,0,0,0,11.705597459621476,12.395238095238094,13.0,1.9067090801187985,21.0,11.0,7.0,7.827944276116054,6.85632530295794,9.976527532066285,205.0,0.0,956.939592522293,0.0,True
2018_WI_127_20181106_D014,2018_WI_127_20181106,2018,WI,127,2018-11-06,2018-10-23,14,56,28,28,24,4,True,2018-03-16,2018-10-18,12.479166666666666,13.0,67.91666666666667,62.5,0,0,0,12.652131436995292,12.479166666666666,13.0,2.1309862891668603,24.0,13.0,7.0,8.177871489576964,6.215862933976963,16.203267072076116,221.0,5.0,1213.6333705304667,0.0,True
2018_WI_127_20181106_D007,2018_WI_127_20181106,2018,WI,127,2018-11-06,2018-10-30,7,56,28,28,26,2,True,2018-03-16,2018-10-28,12.326923076923077,12.5,69.3076923076923,55.5,0,0,0,11.835558438810619,12.326923076923077,12.5,2.0102433157084505,26.0,14.0,7.0,8.453734909772471,7.034891048732579,15.24743628235738,228.0,2.0,1239.6374550066596,0.0,True
2018_WI_127_20181106_D000,2018_WI_127_20181106,2018,WI,127,2018-11-06,2018-11-06,0,56,28,28,28,0,True,2018-03-16,2018-11-03,12.15,12.0,71.17857142857143,51.0,0,0,0,11.377620543055045,12.15,12.0,2.0280599541393127,28.0,16.0,8.0,10.349852765496447,6.466379213696239,18.15240937068939,235.0,3.0,1075.2015058585332,0.0,True
2018_WV_126_20181106_D120,2018_WV_126_20181106,2018,WV,126,2018-11-06,2018-07-09,120,93,39,39,18,21,True,2016-11-17,2018-07-02,10.583333333333334,11.5,89.0,23.0,3,0,0,11.832782017689265,10.583333333333334,11.5,2.9269798588272264,18.0,10.0,10.0,9.65001573935682,6.643402879934913,12.2764970016424,599.0,7.0,758.3304666178782,0.0,True
2018_WV_126_20181106_D090,2018_WV_126_20181106,2018,WV,126,2018-11-06,2018-08-08,90,93,39,39,19,20,True,2016-11-17,2018-07-16,10.573684210526316,11.0,113.94736842105264,50.0,3,0,0,11.505767587303314,10.573684210526316,11.0,2.640730038962817,19.0,11.0,11.0,8.786247598811075,1.949137964758558,37.87687960764768,629.0,23.0,849.5499984014755,0.0,True
2018_WV_126_20181106_D060,2018_WV_126_20181106,2018,WV,126,2018-11-06,2018-09-07,60,93,39,39,21,18,True,2016-11-17,2018-08-26,10.233333333333334,10.4,131.38095238095238,80.0,3,0,0,8.306395018143593,10.233333333333334,10.4,2.7038756025716095,21.0,13.0,11.0,3.931450599689619,1.446380615208316,29.050136370611984,659.0,12.0,614.7620051468887,0.0,True
2018_WV_126_20181106_D030,2018_WV_126_20181106,2018,WV,126,2018-11-06,2018-10-07,30,93,39,39,26,13,True,2016-11-17,2018-09-26,9.638461538461538,9.7,133.07692307692307,97.0,5,0,0,7.065050062642082,9.638461538461538,9.7,4.343604293529079,26.0,18.0,15.0,6.119386710514112,2.8877077074937336,18.839948025139723,689.0,11.0,627.9088707113107,0.0,True
2018_WV_126_20181106_D014,2018_WV_126_20181106,2018,WV,126,2018-11-06,2018-10-23,14,93,39,39,32,7,True,2016-11-17,2018-10-19,8.55,8.0,122.5625,113.0,8,0,0,4.879544698671766,8.55,8.0,6.256551544059174,32.0,23.0,19.0,9.11792530118897,5.604184992137128,13.57064145186524,705.0,4.0,640.1555833027,0.0,True
2018_WV_126_20181106_D007,2018_WV_126_20181106,2018,WV,126,2018-11-06,2018-10-30,7,93,39,39,33,6,True,2016-11-17,2018-10-30,8.442424242424243,8.0,125.63636363636364,120.0,8,0,0,4.900123505734907,8.442424242424243,8.0,5.697278676175258,33.0,24.0,19.0,9.561306388004,4.779253791891768,17.056314917996485,712.0,0.0,599.1269580829999,0.0,True
2018_WV_126_20181106_D000,2018_WV_126_20181106,2018,WV,126,2018-11-06,2018-11-06,0,93,39,39,34,5,True,2016-11-17,2018-10-31,8.36470588235294,8.0,128.91176470588235,127.0,8,0,0,5.1000742832858315,8.36470588235294,8.0,5.038512962892801,34.0,25.0,19.0,8.87742206728763,4.344862655492301,20.044237448958615,719.0,6.0,691.0887295772693,0.0,True
2018_WY_128_20181106_D120,2018_WY_128_20181106,2018,WY,128,2018-11-06,2018-07-09,120,3,1,1,0,1,False,,,,,,,0,0,0,,,,,0.0,0.0,,0.0,0.0,,,,,0.0,False
2018_WY_128_20181106_D090,2018_WY_128_20181106,2018,WY,128,2018-11-06,2018-08-08,90,3,1,1,0,1,False,,,,,,,0,0,0,,,,,0.0,0.0,,0.0,0.0,,,,,0.0,False
2018_WY_128_20181106_D060,2018_WY_128_20181106,2018,WY,128,2018-11-06,2018-09-07,60,3,1,1,0,1,False,,,,,,,0,0,0,,,,,0.0,0.0,,0.0,0.0,,,,,0.0,False
2018_WY_128_20181106_D030,2018_WY_128_20181106,2018,WY,128,2018-11-06,2018-10-07,30,3,1,1,0,1,False,,,,,,,0,0,0,,,,,0.0,0.0,,0.0,0.0,,,,,0.0,False
2018_WY_128_20181106_D014,2018_WY_128_20181106,2018,WY,128,2018-11-06,2018-10-23,14,3,1,1,0,1,False,,,,,,,0,0,0,,,,,0.0,0.0,,0.0,0.0,,,,,0.0,False
2018_WY_128_20181106_D007,2018_WY_128_20181106,2018,WY,128,2018-11-06,2018-10-30,7,3,1,1,0,1,False,,,,,,,0,0,0,,,,,0.0,0.0,,0.0,0.0,,,,,0.0,False
2018_WY_128_20181106_D000,2018_WY_128_20181106,2018,WY,128,2018-11-06,2018-11-06,0,3,1,1,1,0,True,2018-11-04,2018-11-04,-29.0,-29.0,2.0,2.0,0,0,0,-29.0,-29.0,-29.0,,1.0,1.0,1.0,1.0,1.0830879738465027,2.0,2.0,2.0,858.0,0.0,True
2020_AK_6265_20201103_D120,2020_AK_6265_20201103,2020,AK,6265,2020-11-03,2020-07-06,120,29,13,13,0,13,False,,,,,,,0,0,0,,,,,0.0,0.0,,0.0,0.0,,,,,0.0,False
2020_AK_6265_20201103_D090,2020_AK_6265_20201103,2020,AK,6265,2020-11-03,2020-08-05,90,29,13,13,2,11,True,2020-07-07,2020-07-08,-9.0,-9.0,28.5,28.5,0,0,0,-8.416308830937798,-9.0,-9.0,3.9571839253639447,2.0,2.0,2.0,1.9583009935745268,0.5856685030787876,28.42703860386722,29.0,28.0,902.4978635835001,0.0,True
2020_AK_6265_20201103_D060,2020_AK_6265_20201103,2020,AK,6265,2020-11-03,2020-09-04,60,29,13,13,2,11,True,2020-07-07,2020-07-08,-9.0,-9.0,58.5,58.5,0,0,0,-8.416308830937798,-9.0,-9.0,3.957183925363945,2.0,2.0,2.0,1.9583009935745268,0.13261345566311913,58.427038603867224,59.0,58.0,902.4978635835001,0.0,True
2020_AK_6265_20201103_D030,2020_AK_6265_20201103,2020,AK,6265,2020-11-03,2020-10-04,30,29,13,13,5,8,True,2020-07-07,2020-10-04,-4.4,-4.0,37.6,11.0,1,0,0,-1.526484525172819,-4.4,-4.0,2.363900526752242,5.0,5.0,4.0,2.8978004967410547,2.672504004717611,3.3850671481528734,89.0,0.0,634.018757146857,0.0,True
2020_AK_6265_20201103_D014,2020_AK_6265_20201103,2020,AK,6265,2020-11-03,2020-10-20,14,29,13,13,10,3,True,2020-07-07,2020-10-20,-3.5,-3.0,29.6,15.0,2,0,0,-2.450735858670367,-3.5,-3.0,2.676245636388725,10.0,10.0,6.0,6.503617262628896,5.473927641947658,7.390173940931415,105.0,0.0,741.1418181779067,0.0,True
2020_AK_6265_20201103_D007,2020_AK_6265_20201103,2020,AK,6265,2020-11-03,2020-10-27,7,29,13,13,10,3,True,2020-07-07,2020-10-20,-3.5,-3.0,36.6,22.0,2,0,0,-2.4507358586703667,-3.5,-3.0,2.6762456363887246,10.0,10.0,6.0,6.5036172626288975,3.8706513553456774,14.390173940931415,112.0,7.0,741.1418181779067,0.0,True
2020_AK_6265_20201103_D000,2020_AK_6265_20201103,2020,AK,6265,2020-11-03,2020-11-03,0,29,13,13,11,2,True,2020-07-07,2020-10-28,-3.4545454545454546,-3.0,40.18181818181818,28.0,2,0,0,-2.5799224178265723,-3.4545454545454546,-3.0,2.352018939908487,11.0,11.0,7.0,6.884379328793078,3.578662958398062,17.770415309990234,119.0,6.0,747.9292432664543,0.0,True
2020_AL_6266_20201103_D120,2020_AL_6266_20201103,2020,AL,6266,2020-11-03,2020-07-06,120,52,25,25,4,21,True,2019-12-18,2020-07-02,-7.0,-7.5,101.25,100.0,1,0,0,-9.26535203956465,-7.0,-7.5,2.1436767556480243,4.0,4.0,4.0,1.2328095954640719,0.8446546799794433,8.823933318235074,201.0,4.0,518.7155446104009,0.0,True
2020_AL_6266_20201103_D090,2020_AL_6266_20201103,2020,AL,6266,2020-11-03,2020-08-05,90,52,25,25,6,19,True,2019-12-18,2020-08-02,-8.9,-8.2,92.5,56.5,1,0,1,-14.214069631931126,-8.9,-8.2,3.9864788730676017,6.0,6.0,6.0,2.0330030788155575,1.312997738952561,12.848773870480377,231.0,3.0,586.0089637822583,0.0,True
2020_AL_6266_20201103_D060,2020_AL_6266_20201103,2020,AL,6266,2020-11-03,2020-09-04,60,52,25,25,6,19,True,2019-12-18,2020-08-02,-8.9,-8.2,122.5,86.5,1,0,1,-14.214069631931121,-8.9,-8.2,3.986478873067601,6.0,6.0,6.0,2.033003078815558,0.29730328082358465,42.84877387048037,261.0,33.0,586.0089637822582,0.0,True
2020_AL_6266_20201103_D030,2020_AL_6266_20201103,2020,AL,6266,2020-11-03,2020-10-04,30,52,25,25,8,17,True,2019-12-18,2020-10-03,-10.4125,-9.2,116.25,90.5,1,0,2,-13.698043456753272,-10.4125,-9.2,2.8271506711307475,8.0,8.0,6.0,1.8319512610129578,1.863023155650148,7.249886496311223,291.0,1.0,938.082984976991,0.0,True
2020_AL_6266_20201103_D014,2020_AL_6266_20201103,2020,AL,6266,2020-11-03,2020-10-20,14,52,25,25,10,15,True,2019-12-18,2020-10-14,-9.73,-9.2,107.0,91.0,3,0,2,-8.77540444428144,-9.73,-9.2,7.543399319653729,10.0,10.0,7.0,3.5735858710505313,2.3831354581838355,12.10690951723935,307.0,6.0,764.6647988233069,0.0,True
2020_AL_6266_20201103_D007,2020_AL_6266_20201103,2020,AL,6266,2020-11-03,2020-10-27,7,52,25,25,12,13,True,2019-12-18,2020-10-26,-9.975,-9.4,95.41666666666669,61.5,3,0,2,-10.09215159564207,-9.975,-9.399999999999999,5.937750592192351,12.0,12.0,9.0,5.235355921598161,3.1274611386380746,11.572199901252306,314.0,1.0,631.3283377674317,0.0,True
2020_AL_6266_20201103_D000,2020_AL_6266_20201103,2020,AL,6266,2020-11-03,2020-11-03,0,52,25,25,16,9,True,2019-12-18,2020-11-01,-10.625,-11.4,77.625,25.5,3,0,3,-11.49622383251985,-10.625,-11.4,3.941876119708408,16.0,16.0,10.0,7.699197709730148,5.9526147528377535,8.924375255531054,321.0,2.0,749.1456720955481,0.0,True
2020_AR_6267_20201103_D120,2020_AR_6267_20201103,2020,AR,6267,2020-11-03,2020-07-06,120,6,3,3,0,3,False,,,,,,,0,0,0,,,,,0.0,0.0,,0.0,0.0,,,,,0.0,False
2020_AR_6267_20201103_D090,2020_AR_6267_20201103,2020,AR,6267,2020-11-03,2020-08-05,90,6,3,3,0,3,False,,,,,,,0,0,0,,,,,0.0,0.0,,0.0,0.0,,,,,0.0,False
2020_AR_6267_20201103_D060,2020_AR_6267_20201103,2020,AR,6267,2020-11-03,2020-09-04,60,6,3,3,0,3,False,,,,,,,0,0,0,,,,,0.0,0.0,,0.0,0.0,,,,,0.0,False
2020_AR_6267_20201103_D030,2020_AR_6267_20201103,2020,AR,6267,2020-11-03,2020-10-04,30,6,3,3,0,3,False,,,,,,,0,0,0,,,,,0.0,0.0,,0.0,0.0,,,,,0.0,False
2020_AR_6267_20201103_D014,2020_AR_6267_20201103,2020,AR,6267,2020-11-03,2020-10-20,14,6,3,3,0,3,False,,,,,,,0,0,0,,,,,0.0,0.0,,0.0,0.0,,,,,0.0,False
2020_AR_6267_20201103_D007,2020_AR_6267_20201103,2020,AR,6267,2020-11-03,2020-10-27,7,6,3,3,0,3,False,,,,,,,0,0,0,,,,,0.0,0.0,,0.0,0.0,,,,,0.0,False
2020_AR_6267_20201103_D000,2020_AR_6267_20201103,2020,AR,6267,2020-11-03,2020-11-03,0,6,3,3,0,3,False,,,,,,,0,0,0,,,,,0.0,0.0,,0.0,0.0,,,,,0.0,False
2020_AZ_6268_20201103_D120,2020_AZ_6268_20201103,2020,AZ,6268,2020-11-03,2020-07-06,120,240,120,120,28,92,True,2019-02-13,2020-06-29,5.546428571428572,6.350000000000001,145.60714285714286,115.5,1,0,0,7.580131674135319,5.546428571428572,6.350000000000001,4.933008359969947,28.0,28.0,18.0,9.029267836104994,4.901003078293211,15.79300483534835,509.0,7.0,767.2831574381438,0.0,True
2020_AZ_6268_20201103_D090,2020_AZ_6268_20201103,2020,AZ,6268,2020-11-03,2020-08-05,90,240,120,120,41,79,True,2019-02-13,2020-08-04,6.364634146341463,7.0,124.2439024390244,51.0,1,0,0,8.286736809208778,6.364634146341463,7.0,5.114636541752609,41.0,41.0,24.0,13.78325450597491,8.998373157367725,14.574477734781627,539.0,1.0,785.7248008671451,0.0,True
2020_AZ_6268_20201103_D060,2020_AZ_6268_20201103,2020,AZ,6268,2020-11-03,2020-09-04,60,240,120,120,48,72,True,2019-02-13,2020-09-04,7.209375,7.0,133.375,72.5,1,0,0,11.569424861323226,7.2093750000000005,7.0,6.448894459518218,48.0,47.0,25.0,10.40515219970535,7.221748803953081,17.03998962155481,569.0,0.0,791.4698280511036,0.0,True
2020_AZ_6268_20201103_D030,2020_AZ_6268_20201103,2020,AZ,6268,2020-11-03,2020-10-04,30,240,120,120,77,43,True,2019-02-13,2020-10-04,7.2376623376623375,7.0,107.28571428571428,63.0,2,0,2,8.180283590400698,7.2376623376623375,7.0,4.034299231928607,77.0,73.0,34.0,28.448947436528393,17.695145715002116,14.584406070455417,599.0,0.0,740.8433796938934,0.0,True
2020_AZ_6268_20201103_D014,2020_AZ_6268_20201103,2020,AZ,6268,2020-11-03,2020-10-20,14,240,120,120,95,25,True,2019-02-13,2020-10-20,7.118947368421052,7.0,101.4,46.0,2,0,4,7.1648162061015865,7.118947368421052,7.0,3.738128142358256,95.0,89.0,37.0,34.12669313441343,21.458627283151017,15.389267501413881,615.0,0.0,746.8945240200231,0.0,True
2020_AZ_6268_20201103_D007,2020_AZ_6268_20201103,2020,AZ,6268,2020-11-03,2020-10-27,7,240,120,120,104,16,True,2019-02-13,2020-10-27,7.095192307692309,7.0,99.25,46.0,2,0,4,7.123690350193641,7.095192307692309,7.0,3.840051798207362,104.0,98.0,41.0,37.675174936416546,23.451793596886816,15.375101801127457,622.0,0.0,730.1933169171671,0.0,True
2020_AZ_6268_20201103_D000,2020_AZ_6268_20201103,2020,AZ,6268,2020-11-03,2020-11-03,0,240,120,120,118,2,True,2019-02-13,2020-11-02,6.942372881355933,7.0,94.01694915254237,48.5,2,0,5,6.5652612513126245,6.942372881355933,7.0,3.2819026627118877,118.0,110.0,41.0,43.57170965310533,30.15477361058812,13.70134210093742,629.0,1.0,778.2358031903392,0.0,True
2020_CO_6269_20201103_D120,2020_CO_6269_20201103,2020,CO,6269,2020-11-03,2020-07-06,120,57,26,26,6,20,True,2019-08-11,2020-06-30,13.738333333333332,12.9,177.66666666666666,172.0,0,0,0,11.41423886857447,13.738333333333332,12.899999999999999,1.6095417075193656,6.0,6.0,5.0,1.1351740460339736,0.937901306176263,9.884601135907504,330.0,6.0,821.0215435850586,0.0,True
2020_CO_6269_20201103_D090,2020_CO_6269_20201103,2020,CO,6269,2020-11-03,2020-08-05,90,57,26,26,7,19,True,2019-08-11,2020-07-26,12.632857142857144,12.799999999999995,179.42857142857142,108.0,0,0,0,7.385410145123337,12.632857142857143,12.799999999999995,2.4988949999858714,7.0,7.0,6.0,1.6356178363694647,0.8299499689084283,17.64695289617903,360.0,10.0,668.4614693489449,0.0,True
2020_CO_6269_20201103_D060,2020_CO_6269_20201103,2020,CO,6269,2020-11-03,2020-09-04,60,57,26,26,10,16,True,2019-08-11,2020-09-01,11.643,11.0,149.0,95.0,0,0,1,9.278075646201474,11.642999999999999,11.0,0.9956032052226075,10.0,10.0,7.0,3.2409477843234464,2.488159396580049,9.630856651382492,390.0,3.0,723.7876922750604,0.0,True
2020_CO_6269_20201103_D030,2020_CO_6269_20201103,2020,CO,6269,2020-11-03,2020-10-04,30,57,26,26,13,13,True,2019-08-11,2020-09-20,10.049230769230768,10.0,142.30769230769232,70.0,0,0,3,6.251071032230299,10.049230769230768,10.0,2.7550673109068478,13.0,13.0,8.0,5.124076612754383,1.7741416833846433,25.19029552871045,420.0,14.0,673.7410521232899,0.0,True
2020_CO_6269_20201103_D014,2020_CO_6269_20201103,2020,CO,6269,2020-11-03,2020-10-20,14,57,26,26,21,5,True,2019-08-11,2020-10-20,9.982857142857142,10.0,100.66666666666669,45.0,0,0,5,9.420698345860009,9.982857142857142,10.0,2.242597592110307,21.0,21.0,13.0,9.479783428687202,7.302826800776364,10.174950413933319,436.0,0.0,780.0308030141335,0.0,True
2020_CO_6269_20201103_D007,2020_CO_6269_20201103,2020,CO,6269,2020-11-03,2020-10-27,7,57,26,26,21,5,True,2019-08-11,2020-10-20,9.982857142857142,10.0,107.66666666666669,52.0,0,0,5,9.420698345860009,9.982857142857142,10.0,2.242597592110307,21.0,21.0,13.0,9.479783428687204,5.163878352659828,17.17495041393331,443.0,7.0,780.0308030141334,0.0,True
2020_CO_6269_20201103_D000,2020_CO_6269_20201103,2020,CO,6269,2020-11-03,2020-11-03,0,57,26,26,25,1,True,2019-08-11,2020-11-01,10.0536,10.0,96.68,44.0,0,0,6,9.81832335652358,10.0536,10.0,2.255560041478429,25.0,25.0,15.0,11.321520455730553,7.191514430391757,13.39102685194653,450.0,2.0,694.8074973861777,0.0,True
2020_DE_6270_20201103_D120,2020_DE_6270_20201103,2020,DE,6270,2020-11-03,2020-07-06,120,4,1,1,0,1,False,,,,,,,0,0,0,,,,,0.0,0.0,,0.0,0.0,,,,,0.0,False
2020_DE_6270_20201103_D090,2020_DE_6270_20201103,2020,DE,6270,2020-11-03,2020-08-05,90,4,1,1,0,1,False,,,,,,,0,0,0,,,,,0.0,0.0,,0.0,0.0,,,,,0.0,False
2020_DE_6270_20201103_D060,2020_DE_6270_20201103,2020,DE,6270,2020-11-03,2020-09-04,60,4,1,1,0,1,False,,,,,,,0,0,0,,,,,0.0,0.0,,0.0,0.0,,,,,0.0,False
2020_DE_6270_20201103_D030,2020_DE_6270_20201103,2020,DE,6270,2020-11-03,2020-10-04,30,4,1,1,1,0,True,2020-09-27,2020-09-27,30.0,30.0,7.0,7.0,0,0,0,30.0,30.0,30.0,,1.0,1.0,1.0,1.0,0.8401388774085707,7.000000000000001,7.0,7.0,847.0,0.0,True
2020_DE_6270_20201103_D014,2020_DE_6270_20201103,2020,DE,6270,2020-11-03,2020-10-20,14,4,1,1,1,0,True,2020-09-27,2020-09-27,30.0,30.0,23.0,23.0,0,0,0,30.0,30.0,30.0,,1.0,1.0,1.0,1.0,0.38046683126852787,23.000000000000004,23.0,23.0,847.0,0.0,True
2020_DE_6270_20201103_D007,2020_DE_6270_20201103,2020,DE,6270,2020-11-03,2020-10-27,7,4,1,1,1,0,True,2020-09-27,2020-09-27,30.0,30.0,30.0,30.0,0,0,0,30.0,30.0,30.0,,1.0,1.0,1.0,1.0,0.26903067640653405,30.0,30.0,30.0,847.0,0.0,True
2020_DE_6270_20201103_D000,2020_DE_6270_20201103,2020,DE,6270,2020-11-03,2020-11-03,0,4,1,1,1,0,True,2020-09-27,2020-09-27,30.0,30.0,37.0,37.0,0,0,0,30.0,30.0,30.0,,1.0,1.0,1.0,1.0,0.19023341563426394,37.0,37.0,37.0,847.0,0.0,True
2020_GA_6271_20201103_D120,2020_GA_6271_20201103,2020,GA,6271,2020-11-03,2020-07-06,120,161,67,67,6,61,True,2020-04-27,2020-07-02,-2.65,-4.0,35.5,36.0,2,0,0,-2.8766425006757346,-2.65,-4.0,2.464826450463606,6.0,6.0,6.0,3.445409590777669,2.0148841903627894,16.033177895054653,70.0,4.0,769.3394529911495,0.0,True
2020_GA_6271_20201103_D090,2020_GA_6271_20201103,2020,GA,6271,2020-11-03,2020-08-05,90,161,67,67,14,53,True,2020-04-27,2020-07-31,-2.867142857142857,-3.0,34.357142857142854,20.5,3,0,0,-2.8923518983522962,-2.867142857142857,-3.0,3.311558911064263,14.0,12.0,12.0,8.311188517156639,5.44356720049867,12.736807330132565,100.0,5.0,776.5355682835124,0.0,True
2020_GA_6271_20201103_D060,2020_GA_6271_20201103,2020,GA,6271,2020-11-03,2020-09-04,60,161,67,67,19,48,True,2020-04-27,2020-09-02,-2.4921052631578946,-3.0,51.473684210526315,39.0,5,0,0,-2.591221234902246,-2.4921052631578946,-3.0,3.226338534075672,19.0,17.0,15.0,6.291168628557876,4.496404922104137,18.412255749743572,130.0,2.0,980.692723265274,0.0,True
2020_GA_6271_20201103_D030,2020_GA_6271_20201103,2020,GA,6271,2020-11-03,2020-10-04,30,161,67,67,36,31,True,2020-04-27,2020-09-29,-1.9797222222222224,-2.120000000000001,49.333333333333336,33.5,6,0,2,-1.1705746990609631,-1.9797222222222226,-2.120000000000001,3.2421343631103854,36.0,31.0,23.0,18.024454111199603,11.374099054897853,15.331797522470149,160.0,5.0,898.7270748861342,0.0,True
2020_GA_6271_20201103_D014,2020_GA_6271_20201103,2020,GA,6271,2020-11-03,2020-10-20,14,161,67,67,50,17,True,2020-04-27,2020-10-20,-1.3201999999999998,-1.5500000000000007,48.86,30.5,8,0,4,-0.005495319060449709,-1.3201999999999998,-1.5500000000000007,3.8824860017928566,50.0,44.0,26.0,22.4237071767346,17.69374334128891,12.939273779847646,176.0,0.0,968.2432201574034,0.0,True
2020_GA_6271_20201103_D007,2020_GA_6271_20201103,2020,GA,6271,2020-11-03,2020-10-27,7,161,67,67,58,9,True,2020-04-27,2020-10-27,-1.0536206896551723,-0.759999999999998,48.43103448275862,36.0,8,0,4,0.4042018760213251,-1.0536206896551725,-0.759999999999998,3.6526939715143754,58.0,50.0,27.0,27.895773243538486,20.15016327483601,13.124699369417606,183.0,0.0,887.9521814134712,0.0,True
2020_GA_6271_20201103_D000,2020_GA_6271_20201103,2020,GA,6271,2020-11-03,2020-11-03,0,161,67,67,65,2,True,2020-04-27,2020-11-01,-0.8324615384615388,0.0,49.83076923076923,38.0,8,0,5,0.671969205631049,-0.8324615384615388,0.0,3.288687426661649,65.0,57.0,27.0,30.95843409268573,21.054006242275925,14.687413376506152,190.0,2.0,903.5051400062678,0.0,True
2020_GA_7780_20201103_D120,2020_GA_7780_20201103,2020,GA,7780,2020-11-03,2020-07-06,120,325,58,58,0,58,False,,,,,,,0,0,0,,,,,0.0,0.0,,0.0,0.0,,,,,0.0,False
2020_GA_7780_20201103_D090,2020_GA_7780_20201103,2020,GA,7780,2020-11-03,2020-08-05,90,325,58,58,0,58,False,,,,,,,0,0,0,,,,,0.0,0.0,,0.0,0.0,,,,,0.0,False
2020_GA_7780_20201103_D060,2020_GA_7780_20201103,2020,GA,7780,2020-11-03,2020-09-04,60,325,58,58,0,58,False,,,,,,,0,0,0,,,,,0.0,0.0,,0.0,0.0,,,,,0.0,False
2020_GA_7780_20201103_D030,2020_GA_7780_20201103,2020,GA,7780,2020-11-03,2020-10-04,30,325,58,58,0,58,False,,,,,,,0,0,0,,,,,0.0,0.0,,0.0,0.0,,,,,0.0,False
2020_GA_7780_20201103_D014,2020_GA_7780_20201103,2020,GA,7780,2020-11-03,2020-10-20,14,325,58,58,0,58,False,,,,,,,0,0,0,,,,,0.0,0.0,,0.0,0.0,,,,,0.0,False
2020_GA_7780_20201103_D007,2020_GA_7780_20201103,2020,GA,7780,2020-11-03,2020-10-27,7,325,58,58,0,58,False,,,,,,,0,0,0,,,,,0.0,0.0,,0.0,0.0,,,,,0.0,False
2020_GA_7780_20201103_D000,2020_GA_7780_20201103,2020,GA,7780,2020-11-03,2020-11-03,0,325,58,58,0,58,False,,,,,,,0,0,0,,,,,0.0,0.0,,0.0,0.0,,,,,0.0,False
2020_GA_7781_20210105_D120,2020_GA_7781_20210105,2020,GA,7781,2021-01-05,2020-09-07,120,124,62,62,0,62,False,,,,,,,0,0,0,,,,,0.0,0.0,,0.0,0.0,,,,,0.0,False
2020_GA_7781_20210105_D090,2020_GA_7781_20210105,2020,GA,7781,2021-01-05,2020-10-07,90,124,62,62,0,62,False,,,,,,,0,0,0,,,,,0.0,0.0,,0.0,0.0,,,,,0.0,False
2020_GA_7781_20210105_D060,2020_GA_7781_20210105,2020,GA,7781,2021-01-05,2020-11-06,60,124,62,62,0,62,False,,,,,,,0,0,0,,,,,0.0,0.0,,0.0,0.0,,,,,0.0,False
2020_GA_7781_20210105_D030,2020_GA_7781_20210105,2020,GA,7781,2021-01-05,2020-12-06,30,124,62,62,0,62,False,,,,,,,0,0,0,,,,,0.0,0.0,,0.0,0.0,,,,,0.0,False
2020_GA_7781_20210105_D014,2020_GA_7781_20210105,2020,GA,7781,2021-01-05,2020-12-22,14,124,62,62,0,62,False,,,,,,,0,0,0,,,,,0.0,0.0,,0.0,0.0,,,,,0.0,False
2020_GA_7781_20210105_D007,2020_GA_7781_20210105,2020,GA,7781,2021-01-05,2020-12-29,7,124,62,62,0,62,False,,,,,,,0,0,0,,,,,0.0,0.0,,0.0,0.0,,,,,0.0,False
2020_GA_7781_20210105_D000,2020_GA_7781_20210105,2020,GA,7781,2021-01-05,2021-01-05,0,124,62,62,0,62,False,,,,,,,0,0,0,,,,,0.0,0.0,,0.0,0.0,,,,,0.0,False
2020_GA_8737_20210105_D120,2020_GA_8737_20210105,2020,GA,8737,2021-01-05,2020-09-07,120,58,29,29,0,29,False,,,,,,,0,0,0,,,,,0.0,0.0,,0.0,0.0,,,,,0.0,False
2020_GA_8737_20210105_D090,2020_GA_8737_20210105,2020,GA,8737,2021-01-05,2020-10-07,90,58,29,29,0,29,False,,,,,,,0,0,0,,,,,0.0,0.0,,0.0,0.0,,,,,0.0,False
2020_GA_8737_20210105_D060,2020_GA_8737_20210105,2020,GA,8737,2021-01-05,2020-11-06,60,58,29,29,0,29,False,,,,,,,0,0,0,,,,,0.0,0.0,,0.0,0.0,,,,,0.0,False
2020_GA_8737_20210105_D030,2020_GA_8737_20210105,2020,GA,8737,2021-01-05,2020-12-06,30,58,29,29,0,29,False,,,,,,,0,0,0,,,,,0.0,0.0,,0.0,0.0,,,,,0.0,False
2020_GA_8737_20210105_D014,2020_GA_8737_20210105,2020,GA,8737,2021-01-05,2020-12-22,14,58,29,29,0,29,False,,,,,,,0,0,0,,,,,0.0,0.0,,0.0,0.0,,,,,0.0,False
2020_GA_8737_20210105_D007,2020_GA_8737_20210105,2020,GA,8737,2021-01-05,2020-12-29,7,58,29,29,0,29,False,,,,,,,0,0,0,,,,,0.0,0.0,,0.0,0.0,,,,,0.0,False
2020_GA_8737_20210105_D000,2020_GA_8737_20210105,2020,GA,8737,2021-01-05,2021-01-05,0,58,29,29,0,29,False,,,,,,,0,0,0,,,,,0.0,0.0,,0.0,0.0,,,,,0.0,False
2020_IA_6272_20201103_D120,2020_IA_6272_20201103,2020,IA,6272,2020-11-03,2020-07-06,120,131,48,48,7,41,True,2019-10-16,2020-06-28,-0.5,2.0,89.71428571428571,32.0,0,0,0,2.254863455239822,-0.5,2.0,0.7613333435058453,7.0,7.0,5.0,3.3364960409397066,1.6840152106846413,20.27358209869788,264.0,8.0,828.4736413954813,0.0,True
2020_IA_6272_20201103_D090,2020_IA_6272_20201103,2020,IA,6272,2020-11-03,2020-08-05,90,131,48,48,13,35,True,2019-10-16,2020-08-03,-0.0546153846153846,1.7899999999999991,67.15384615384616,38.0,0,0,0,0.6030181568094801,-0.054615384615384684,1.7899999999999991,2.2862129085366245,13.0,11.0,9.0,6.404385564874755,4.850103834807893,8.085633354263628,294.0,2.0,641.8128473846322,0.0,True
2020_IA_6272_20201103_D060,2020_IA_6272_20201103,2020,IA,6272,2020-11-03,2020-09-04,60,131,48,48,15,33,True,2019-10-16,2020-09-02,-0.2473333333333333,1.7899999999999991,85.73333333333333,50.0,0,0,0,-1.75377809896744,-0.24733333333333338,1.7899999999999991,3.9485422648600412,15.0,13.0,10.0,4.477038391356185,2.533764488782016,20.562990154882876,324.0,2.0,720.5163811210505,0.0,True
2020_IA_6272_20201103_D030,2020_IA_6272_20201103,2020,IA,6272,2020-11-03,2020-10-04,30,131,48,48,25,23,True,2019-10-16,2020-09-28,0.6115999999999999,1.7899999999999991,74.28,62.0,0,0,0,2.1887204970527754,0.6115999999999999,1.7899999999999991,4.289323879800985,25.0,20.0,14.0,10.807074830877681,6.158096142559741,14.139292026189201,354.0,6.0,614.7813301593247,0.0,True
2020_IA_6272_20201103_D014,2020_IA_6272_20201103,2020,IA,6272,2020-11-03,2020-10-20,14,131,48,48,35,13,True,2019-10-16,2020-10-20,1.1997142857142855,2.0,66.34285714285714,28.0,0,0,0,2.4391805838159506,1.1997142857142857,2.0,3.074188781278127,35.0,28.0,17.0,15.918276263617582,10.674738171683252,12.003450906067936,370.0,0.0,685.0461674419201,0.0,True
2020_IA_6272_20201103_D007,2020_IA_6272_20201103,2020,IA,6272,2020-11-03,2020-10-27,7,131,48,48,39,9,True,2019-10-16,2020-10-27,1.1515384615384616,2.0,66.2051282051282,35.0,0,0,0,1.852247733036055,1.1515384615384616,2.0,3.4353842336851983,39.0,32.0,17.0,17.047586006217777,11.393997415698124,13.618051593134464,377.0,0.0,748.1781695702972,0.0,True
2020_IA_6272_20201103_D000,2020_IA_6272_20201103,2020,IA,6272,2020-11-03,2020-11-03,0,131,48,48,46,2,True,2019-10-16,2020-11-02,1.0306521739130434,2.0,62.47826086956522,36.5,0,0,0,1.3510660883974324,1.0306521739130434,2.0,3.3509120655249136,46.0,39.0,18.0,20.510836461063832,15.085013874329766,12.194702047259147,384.0,1.0,787.693593313936,0.0,True
2020_ID_6273_20201103_D120,2020_ID_6273_20201103,2020,ID,6273,2020-11-03,2020-07-06,120,2,1,1,0,1,False,,,,,,,0,0,0,,,,,0.0,0.0,,0.0,0.0,,,,,0.0,False
2020_ID_6273_20201103_D090,2020_ID_6273_20201103,2020,ID,6273,2020-11-03,2020-08-05,90,2,1,1,0,1,False,,,,,,,0,0,0,,,,,0.0,0.0,,0.0,0.0,,,,,0.0,False
2020_ID_6273_20201103_D060,2020_ID_6273_20201103,2020,ID,6273,2020-11-03,2020-09-04,60,2,1,1,1,0,True,2020-09-01,2020-09-01,-25.64,-25.64,3.0,3.0,0,0,0,-25.64,-25.64,-25.64,,1.0,1.0,1.0,1.0,0.8619728212469777,3.0,3.0,3.0,600.0,0.0,True
2020_ID_6273_20201103_D030,2020_ID_6273_20201103,2020,ID,6273,2020-11-03,2020-10-04,30,2,1,1,1,0,True,2020-09-01,2020-09-01,-25.64,-25.64,33.0,33.0,0,0,0,-25.639999999999997,-25.64,-25.64,,1.0,1.0,1.0,1.0,0.19517729553892757,33.0,33.0,33.0,600.0,0.0,True
2020_ID_6273_20201103_D014,2020_ID_6273_20201103,2020,ID,6273,2020-11-03,2020-10-20,14,2,1,1,1,0,True,2020-09-01,2020-09-01,-25.64,-25.64,49.0,49.0,0,0,0,-25.64,-25.64,-25.64,,1.0,1.0,1.0,1.0,0.08838834764831845,49.0,49.0,49.0,600.0,0.0,True
2020_ID_6273_20201103_D007,2020_ID_6273_20201103,2020,ID,6273,2020-11-03,2020-10-27,7,2,1,1,1,0,True,2020-09-01,2020-09-01,-25.64,-25.64,56.0,56.0,0,0,0,-25.64,-25.64,-25.64,,1.0,1.0,1.0,1.0,0.0625,56.0,56.0,56.0,600.0,0.0,True
2020_ID_6273_20201103_D000,2020_ID_6273_20201103,2020,ID,6273,2020-11-03,2020-11-03,0,2,1,1,1,0,True,2020-09-01,2020-09-01,-25.64,-25.64,63.0,63.0,0,0,0,-25.64,-25.64,-25.64,,1.0,1.0,1.0,1.0,0.04419417382415922,63.0,63.0,63.0,600.0,0.0,True
2020_IL_6274_20201103_D120,2020_IL_6274_20201103,2020,IL,6274,2020-11-03,2020-07-06,120,9,3,3,0,3,False,,,,,,,0,0,0,,,,,0.0,0.0,,0.0,0.0,,,,,0.0,False
2020_IL_6274_20201103_D090,2020_IL_6274_20201103,2020,IL,6274,2020-11-03,2020-08-05,90,9,3,3,0,3,False,,,,,,,0,0,0,,,,,0.0,0.0,,0.0,0.0,,,,,0.0,False
2020_IL_6274_20201103_D060,2020_IL_6274_20201103,2020,IL,6274,2020-11-03,2020-09-04,60,9,3,3,0,3,False,,,,,,,0,0,0,,,,,0.0,0.0,,0.0,0.0,,,,,0.0,False
2020_IL_6274_20201103_D030,2020_IL_6274_20201103,2020,IL,6274,2020-11-03,2020-10-04,30,9,3,3,0,3,False,,,,,,,0,0,0,,,,,0.0,0.0,,0.0,0.0,,,,,0.0,False
2020_IL_6274_20201103_D014,2020_IL_6274_20201103,2020,IL,6274,2020-11-03,2020-10-20,14,9,3,3,0,3,False,,,,,,,0,0,0,,,,,0.0,0.0,,0.0,0.0,,,,,0.0,False
2020_IL_6274_20201103_D007,2020_IL_6274_20201103,2020,IL,6274,2020-11-03,2020-10-27,7,9,3,3,0,3,False,,,,,,,0,0,0,,,,,0.0,0.0,,0.0,0.0,,,,,0.0,False
2020_IL_6274_20201103_D000,2020_IL_6274_20201103,2020,IL,6274,2020-11-03,2020-11-03,0,9,3,3,2,1,True,2020-11-01,2020-11-01,23.5,23.5,2.0,2.0,0,0,0,23.862959062084414,23.5,23.5,1.4554245838417048,2.0,2.0,2.0,1.889375565315646,2.0695289217093418,2.0,2.0,2.0,920.7076563533295,0.0,True
2020_KS_6275_20201103_D120,2020_KS_6275_20201103,2020,KS,6275,2020-11-03,2020-07-06,120,60,25,25,3,22,True,2020-03-11,2020-06-01,-7.333333333333333,-10.0,66.66666666666667,48.0,1,0,0,-4.192817652385992,-7.333333333333333,-10.0,4.645024715670576,3.0,3.0,3.0,1.8069740084246413,0.2810223846094841,40.38354805206969,117.0,35.0,655.6474160771348,0.0,True
2020_KS_6275_20201103_D090,2020_KS_6275_20201103,2020,KS,6275,2020-11-03,2020-08-05,90,60,25,25,3,22,True,2020-03-11,2020-06-01,-7.333333333333333,-10.0,96.66666666666669,78.0,1,0,0,-4.192817652385991,-7.333333333333333,-10.0,4.6450247156705755,3.0,3.0,3.0,1.8069740084246422,0.06363215598217072,70.38354805206967,147.0,65.0,655.6474160771346,0.0,True
2020_KS_6275_20201103_D060,2020_KS_6275_20201103,2020,KS,6275,2020-11-03,2020-09-04,60,60,25,25,5,20,True,2020-03-11,2020-08-09,-5.0,-2.0,87.0,95.0,1,0,0,-1.632326882659977,-5.0,-2.0,0.9103393723384152,5.0,5.0,4.0,2.035867187464249,0.6905965844169455,28.79217305323627,177.0,26.0,1050.864161936072,0.0,True
2020_KS_6275_20201103_D030,2020_KS_6275_20201103,2020,KS,6275,2020-11-03,2020-10-04,30,60,25,25,11,14,True,2020-03-11,2020-09-30,-2.7709090909090905,-1.0,59.0,18.0,2,0,0,-0.3113089927639788,-2.7709090909090905,-1.0,3.806303755972327,11.0,10.0,8.0,5.447902112558675,4.754723469535563,10.482844013869851,207.0,4.0,1472.2557844131438,0.0,True
2020_KS_6275_20201103_D014,2020_KS_6275_20201103,2020,KS,6275,2020-11-03,2020-10-20,14,60,25,25,14,11,True,2020-03-11,2020-10-20,-3.32,-1.5,58.92857142857143,31.0,2,0,0,-4.186722137426954,-3.32,-1.5,5.541265080008195,14.0,13.0,9.0,5.854857068769789,6.2476892857893445,9.127170906670113,223.0,0.0,1505.6042837351301,0.0,True
2020_KS_6275_20201103_D007,2020_KS_6275_20201103,2020,KS,6275,2020-11-03,2020-10-27,7,60,25,25,17,8,True,2020-03-11,2020-10-27,-2.885294117647059,-1.0,54.294117647058826,30.0,4,0,0,-2.875854933188634,-2.885294117647059,-1.0,4.629435618766128,17.0,15.0,9.0,8.397015124444957,7.801618711037987,9.132252105453743,230.0,0.0,1210.1924940697807,0.0,True
2020_KS_6275_20201103_D000,2020_KS_6275_20201103,2020,KS,6275,2020-11-03,2020-11-03,0,60,25,25,18,7,True,2020-03-11,2020-11-01,-3.058333333333333,-1.5,58.0,36.0,4,0,0,-3.44846039527306,-3.058333333333333,-1.5,4.354838578702835,18.0,16.0,9.0,8.847289030553085,6.754583912456146,13.542037959157335,237.0,2.0,1193.8449467603289,0.0,True
2020_KY_6276_20201103_D120,2020_KY_6276_20201103,2020,KY,6276,2020-11-03,2020-07-06,120,55,22,22,7,15,True,2019-06-16,2020-06-15,-3.857142857142857,-2.0,174.0,167.0,3,0,0,-15.13878293090192,-3.857142857142857,-2.0,8.7144596452662,7.0,7.0,6.0,1.6151635004733198,0.5677255579082787,28.292393155711967,386.0,21.0,964.2748493530457,0.0,True
2020_KY_6276_20201103_D090,2020_KY_6276_20201103,2020,KY,6276,2020-11-03,2020-08-05,90,55,22,22,12,10,True,2019-06-16,2020-08-03,-6.5125,-3.0,123.66666666666669,62.0,4,0,1,-9.082854419283837,-6.5125,-3.0,7.192582089136593,12.0,12.0,9.0,4.406165885204772,4.224920139285841,8.953763838426605,416.0,2.0,1472.8361429090305,0.0,True
2020_KY_6276_20201103_D060,2020_KY_6276_20201103,2020,KY,6276,2020-11-03,2020-09-04,60,55,22,22,12,10,True,2019-06-16,2020-08-03,-6.5125,-3.0,153.66666666666666,92.0,4,0,1,-9.082854419283839,-6.5125,-3.0,7.192582089136592,12.0,12.0,9.0,4.406165885204771,0.9566525374440867,38.9537638384266,446.0,32.0,1472.83614290903,0.0,True
2020_KY_6276_20201103_D030,2020_KY_6276_20201103,2020,KY,6276,2020-11-03,2020-10-04,30,55,22,22,16,6,True,2019-06-16,2020-09-20,-7.446875,-4.5,141.75,82.0,4,0,2,-10.130534042189991,-7.446875,-4.5,3.945575919776337,16.0,15.0,10.0,4.787899127807837,2.395297857778071,20.726593345696052,476.0,14.0,930.1357605576139,0.0,True
2020_KY_6276_20201103_D014,2020_KY_6276_20201103,2020,KY,6276,2020-11-03,2020-10-20,14,55,22,22,18,4,True,2019-06-16,2020-10-20,-7.691666666666666,-6.0,140.5,89.5,4,0,2,-9.88149164331715,-7.691666666666666,-6.0,2.4681899073756592,18.0,17.0,12.0,4.361565843748588,2.9143425077750376,15.03694470251839,492.0,0.0,743.8894527747407,0.0,True
2020_KY_6276_20201103_D007,2020_KY_6276_20201103,2020,KY,6276,2020-11-03,2020-10-27,7,55,22,22,18,4,True,2019-06-16,2020-10-20,-7.691666666666666,-6.0,147.5,96.5,4,0,2,-9.881491643317151,-7.691666666666666,-6.0,2.4681899073756597,18.0,17.0,12.0,4.361565843748587,2.0607513499479375,22.036944702518397,499.0,7.0,743.8894527747408,0.0,True
2020_KY_6276_20201103_D000,2020_KY_6276_20201103,2020,KY,6276,2020-11-03,2020-11-03,0,55,22,22,21,1,True,2019-06-16,2020-11-01,-7.75952380952381,-7.0,132.95238095238096,93.0,4,0,3,-9.005123492579,-7.75952380952381,-7.0,3.4351131976391702,21.0,20.0,14.0,5.857264866000555,3.7053282785413164,13.437042681536376,506.0,2.0,655.6287104682813,0.0,True
2020_LA_6277_20201103_D120,2020_LA_6277_20201103,2020,LA,6277,2020-11-03,2020-07-06,120,6,1,1,0,1,False,,,,,,,0,0,0,,,,,0.0,0.0,,0.0,0.0,,,,,0.0,False
2020_LA_6277_20201103_D090,2020_LA_6277_20201103,2020,LA,6277,2020-11-03,2020-08-05,90,6,1,1,0,1,False,,,,,,,0,0,0,,,,,0.0,0.0,,0.0,0.0,,,,,0.0,False
2020_LA_6277_20201103_D060,2020_LA_6277_20201103,2020,LA,6277,2020-11-03,2020-09-04,60,6,1,1,0,1,False,,,,,,,0,0,0,,,,,0.0,0.0,,0.0,0.0,,,,,0.0,False
2020_LA_6277_20201103_D030,2020_LA_6277_20201103,2020,LA,6277,2020-11-03,2020-10-04,30,6,1,1,0,1,False,,,,,,,0,0,0,,,,,0.0,0.0,,0.0,0.0,,,,,0.0,False
2020_LA_6277_20201103_D014,2020_LA_6277_20201103,2020,LA,6277,2020-11-03,2020-10-20,14,6,1,1,0,1,False,,,,,,,0,0,0,,,,,0.0,0.0,,0.0,0.0,,,,,0.0,False
2020_LA_6277_20201103_D007,2020_LA_6277_20201103,2020,LA,6277,2020-11-03,2020-10-27,7,6,1,1,0,1,False,,,,,,,0,0,0,,,,,0.0,0.0,,0.0,0.0,,,,,0.0,False
2020_LA_6277_20201103_D000,2020_LA_6277_20201103,2020,LA,6277,2020-11-03,2020-11-03,0,6,1,1,0,1,False,,,,,,,0,0,0,,,,,0.0,0.0,,0.0,0.0,,,,,0.0,False
2020_MA_6278_20201103_D120,2020_MA_6278_20201103,2020,MA,6278,2020-11-03,2020-07-06,120,14,7,7,0,7,False,,,,,,,0,0,0,,,,,0.0,0.0,,0.0,0.0,,,,,0.0,False
2020_MA_6278_20201103_D090,2020_MA_6278_20201103,2020,MA,6278,2020-11-03,2020-08-05,90,14,7,7,0,7,False,,,,,,,0,0,0,,,,,0.0,0.0,,0.0,0.0,,,,,0.0,False
2020_MA_6278_20201103_D060,2020_MA_6278_20201103,2020,MA,6278,2020-11-03,2020-09-04,60,14,7,7,0,7,False,,,,,,,0,0,0,,,,,0.0,0.0,,0.0,0.0,,,,,0.0,False
2020_MA_6278_20201103_D030,2020_MA_6278_20201103,2020,MA,6278,2020-11-03,2020-10-04,30,14,7,7,1,6,True,2020-09-17,2020-09-17,10.0,10.0,17.0,17.0,1,0,0,10.0,10.0,10.0,,1.0,1.0,1.0,1.0,0.5298971638140454,17.0,17.0,17.0,907.0,0.0,True
2020_MA_6278_20201103_D014,2020_MA_6278_20201103,2020,MA,6278,2020-11-03,2020-10-20,14,14,7,7,1,6,True,2020-09-17,2020-09-17,10.0,10.0,33.0,33.0,1,0,0,10.0,10.0,10.0,,1.0,1.0,1.0,1.0,0.23997020044635445,33.0,33.0,33.0,907.0,0.0,True
2020_MA_6278_20201103_D007,2020_MA_6278_20201103,2020,MA,6278,2020-11-03,2020-10-27,7,14,7,7,2,5,True,2020-09-17,2020-10-21,24.5,24.5,23.0,23.0,1,0,0,33.97683076747986,24.5,24.5,10.974501291837694,2.0,2.0,2.0,1.401384888359892,0.9796309653820368,11.889232893299482,40.0,6.0,746.6032700382383,0.0,True
2020_MA_6278_20201103_D000,2020_MA_6278_20201103,2020,MA,6278,2020-11-03,2020-11-03,0,14,7,7,3,4,True,2020-09-17,2020-10-30,26.666666666666668,31.0,21.333333333333332,13.0,1,0,0,32.20344634822399,26.666666666666668,31.0,7.129126327404308,3.0,3.0,3.0,2.1208143426644566,1.7134637418832113,10.019285056122692,47.0,4.0,855.2622917639659,0.0,True
2020_ME_6279_20201103_D120,2020_ME_6279_20201103,2020,ME,6279,2020-11-03,2020-07-06,120,110,39,39,0,39,False,,,,,,,0,0,0,,,,,0.0,0.0,,0.0,0.0,,,,,0.0,False
2020_ME_6279_20201103_D090,2020_ME_6279_20201103,2020,ME,6279,2020-11-03,2020-08-05,90,110,39,39,0,39,False,,,,,,,0,0,0,,,,,0.0,0.0,,0.0,0.0,,,,,0.0,False
2020_ME_6279_20201103_D060,2020_ME_6279_20201103,2020,ME,6279,2020-11-03,2020-09-04,60,110,39,39,0,39,False,,,,,,,0,0,0,,,,,0.0,0.0,,0.0,0.0,,,,,0.0,False
2020_ME_6279_20201103_D030,2020_ME_6279_20201103,2020,ME,6279,2020-11-03,2020-10-04,30,110,39,39,0,39,False,,,,,,,0,0,0,,,,,0.0,0.0,,0.0,0.0,,,,,0.0,False
2020_ME_6279_20201103_D014,2020_ME_6279_20201103,2020,ME,6279,2020-11-03,2020-10-20,14,110,39,39,0,39,False,,,,,,,0,0,0,,,,,0.0,0.0,,0.0,0.0,,,,,0.0,False
2020_ME_6279_20201103_D007,2020_ME_6279_20201103,2020,ME,6279,2020-11-03,2020-10-27,7,110,39,39,0,39,False,,,,,,,0,0,0,,,,,0.0,0.0,,0.0,0.0,,,,,0.0,False
2020_ME_6279_20201103_D000,2020_ME_6279_20201103,2020,ME,6279,2020-11-03,2020-11-03,0,110,39,39,0,39,False,,,,,,,0,0,0,,,,,0.0,0.0,,0.0,0.0,,,,,0.0,False
2020_MI_6280_20201103_D120,2020_MI_6280_20201103,2020,MI,6280,2020-11-03,2020-07-06,120,263,122,122,31,91,True,2019-03-10,2020-06-28,8.247741935483871,8.5,131.4193548387097,96.0,0,0,0,10.340598668551772,8.24774193548387,8.5,3.8460147255932413,31.0,31.0,18.0,9.133246625686784,4.655480293678346,20.810314790393384,484.0,8.0,927.6212438419443,0.0,True
2020_MI_6280_20201103_D090,2020_MI_6280_20201103,2020,MI,6280,2020-11-03,2020-08-05,90,263,122,122,44,78,True,2019-03-10,2020-07-30,8.808409090909091,9.0,118.0909090909091,65.0,0,0,0,10.588119974056978,8.808409090909091,9.0,3.7268649410930537,44.0,44.0,21.0,15.055698526851383,8.427429843355414,17.87390948917557,514.0,6.0,830.6051140656544,0.0,True
2020_MI_6280_20201103_D060,2020_MI_6280_20201103,2020,MI,6280,2020-11-03,2020-09-04,60,263,122,122,56,66,True,2019-03-10,2020-09-03,8.173392857142858,8.0,118.51785714285714,77.5,2,0,0,6.682150783454923,8.173392857142858,8.0,4.498541372627486,56.0,56.0,25.0,14.382821878044611,10.987366703246174,13.559380181437195,544.0,1.0,813.8939472724493,0.0,True
2020_MI_6280_20201103_D030,2020_MI_6280_20201103,2020,MI,6280,2020-11-03,2020-10-04,30,263,122,122,75,47,True,2019-03-10,2020-10-04,7.5268,7.0,114.28,74.0,2,0,2,5.687872711120006,7.5268,7.0,3.4478299567179977,75.0,74.0,30.0,23.20984353407688,14.669666528348854,16.53896602134608,574.0,0.0,877.1465899341536,0.0,True
2020_MI_6280_20201103_D014,2020_MI_6280_20201103,2020,MI,6280,2020-11-03,2020-10-20,14,263,122,122,97,25,True,2019-03-10,2020-10-20,6.989278350515464,7.0,102.0721649484536,58.0,3,0,4,5.238214580679332,6.989278350515464,7.0,3.1224827689245935,97.0,95.0,34.0,31.774899404884085,27.7453376944804,11.173983703637491,590.0,0.0,973.5013034091935,0.0,True
2020_MI_6280_20201103_D007,2020_MI_6280_20201103,2020,MI,6280,2020-11-03,2020-10-27,7,263,122,122,107,15,True,2019-03-10,2020-10-27,7.09588785046729,7.0,99.04672897196262,54.0,4,0,4,6.110602352052549,7.095887850467291,7.0,3.5749260173772988,107.0,104.0,36.0,39.5788510582899,29.44199036268402,12.69465651948194,597.0,0.0,887.4518591526906,1.0,True
2020_MI_6280_20201103_D000,2020_MI_6280_20201103,2020,MI,6280,2020-11-03,2020-11-03,0,263,122,122,121,1,True,2019-03-10,2020-11-01,7.298842975206612,7.0,94.20661157024792,48.0,4,0,5,7.149747038577044,7.298842975206612,7.0,3.6978713840378736,121.0,117.0,39.0,48.72554132277016,33.75445636143783,13.564318081336047,604.0,2.0,867.274555499903,1.0,True
2020_MN_6281_20201103_D120,2020_MN_6281_20201103,2020,MN,6281,2020-11-03,2020-07-06,120,52,23,23,1,22,True,2020-05-28,2020-05-28,11.0,11.0,39.0,39.0,1,0,0,11.0,11.0,11.0,,1.0,1.0,1.0,1.0,0.13369830564894414,39.0,39.0,39.0,510.00000000000006,0.0,True
2020_MN_6281_20201103_D090,2020_MN_6281_20201103,2020,MN,6281,2020-11-03,2020-08-05,90,52,23,23,2,21,True,2020-05-28,2020-07-23,10.0,10.0,41.0,41.0,1,0,0,9.077741557680907,10.0,10.0,0.3865738811290287,2.0,2.0,2.0,1.0807535634287844,0.7788223114545166,15.176763615065399,69.0,13.0,1190.4794885809588,0.0,True
2020_MN_6281_20201103_D060,2020_MN_6281_20201103,2020,MN,6281,2020-11-03,2020-09-04,60,52,23,23,5,18,True,2020-05-28,2020-09-04,6.68,8.0,34.0,25.0,2,0,0,5.589599908223585,6.68,8.0,2.8938704572816447,5.0,5.0,3.0,2.8089371271956627,2.493569870661829,7.356567535795105,99.0,0.0,761.8883486800362,0.0,True
2020_MN_6281_20201103_D030,2020_MN_6281_20201103,2020,MN,6281,2020-11-03,2020-10-04,30,52,23,23,11,12,True,2020-05-28,2020-09-24,8.481818181818182,9.0,39.27272727272727,27.0,2,0,0,9.130562127750956,8.481818181818182,9.0,3.1204542806839735,11.0,11.0,9.0,7.411259807545867,3.28920783500822,20.37630774206354,129.0,10.0,743.0089373136094,0.0,True
2020_MN_6281_20201103_D014,2020_MN_6281_20201103,2020,MN,6281,2020-11-03,2020-10-20,14,52,23,23,15,8,True,2020-05-28,2020-10-20,7.753333333333334,8.0,41.8,39.0,2,0,0,6.761430208654508,7.753333333333334,8.0,4.010721649525467,15.0,15.0,11.0,6.830532537341553,5.333972678251598,12.746017838364883,145.0,0.0,816.7150987787747,0.0,True
2020_MN_6281_20201103_D007,2020_MN_6281_20201103,2020,MN,6281,2020-11-03,2020-10-27,7,52,23,23,17,6,True,2020-05-28,2020-10-27,7.841176470588236,8.0,43.11764705882353,40.0,2,0,0,7.329084095398829,7.841176470588236,8.0,4.652227648535541,17.0,17.0,12.0,8.11536454410285,5.807595501437299,12.995343541833538,152.0,0.0,759.2928172409089,0.0,True
2020_MN_6281_20201103_D000,2020_MN_6281_20201103,2020,MN,6281,2020-11-03,2020-11-03,0,52,23,23,23,0,True,2020-05-28,2020-11-01,8.621739130434783,9.0,37.869565217391305,28.0,2,0,0,9.097146882673709,8.621739130434783,9.0,3.8648586493141877,23.0,23.0,17.0,12.366009580279917,9.643522289940302,10.28139736234124,159.0,2.0,796.6489046194527,0.0,True
2020_MS_6282_20201103_D120,2020_MS_6282_20201103,2020,MS,6282,2020-11-03,2020-07-06,120,22,9,9,5,4,True,2020-01-07,2020-05-28,-16.009999999999998,-10.0,105.0,116.0,1,0,0,-12.664054230833903,-16.009999999999998,-10.0,8.346153157725249,5.0,5.0,5.0,1.6116486805071886,0.2313024698761718,45.493358157518394,181.0,39.0,806.2423825342274,0.0,True
2020_MS_6282_20201103_D090,2020_MS_6282_20201103,2020,MS,6282,2020-11-03,2020-08-05,90,22,9,9,5,4,True,2020-01-07,2020-05-28,-16.009999999999998,-10.0,135.0,146.0,1,0,0,-12.664054230833905,-16.009999999999998,-10.0,8.346153157725249,5.0,5.0,5.0,1.6116486805071888,0.05237403014238455,75.49335815751839,211.0,69.0,806.2423825342272,0.0,True
2020_MS_6282_20201103_D060,2020_MS_6282_20201103,2020,MS,6282,2020-11-03,2020-09-04,60,22,9,9,7,2,True,2020-01-07,2020-08-30,-12.292857142857144,-8.299999999999997,122.28571428571428,120.0,2,0,0,-2.162666623511651,-12.292857142857143,-8.299999999999997,2.2503369808528233,7.0,7.0,6.0,1.6650849098344889,1.0685906601973705,11.539670383566172,241.0,5.0,602.2888548928074,0.0,True
2020_MS_6282_20201103_D030,2020_MS_6282_20201103,2020,MS,6282,2020-11-03,2020-10-04,30,22,9,9,7,2,True,2020-01-07,2020-08-30,-12.292857142857144,-8.299999999999997,152.28571428571428,150.0,2,0,0,-2.162666623511651,-12.292857142857143,-8.299999999999997,2.2503369808528233,7.0,7.0,6.0,1.6650849098344889,0.24196196208803744,41.53967038356617,271.0,35.0,602.2888548928072,0.0,True
2020_MS_6282_20201103_D014,2020_MS_6282_20201103,2020,MS,6282,2020-11-03,2020-10-20,14,22,9,9,7,2,True,2020-01-07,2020-08-30,-12.292857142857144,-8.299999999999997,168.28571428571428,166.0,2,0,0,-2.1626666235116514,-12.292857142857143,-8.299999999999997,2.2503369808528237,7.0,7.0,6.0,1.6650849098344886,0.10957533745743085,57.53967038356617,287.0,51.0,602.2888548928074,0.0,True
2020_MS_6282_20201103_D007,2020_MS_6282_20201103,2020,MS,6282,2020-11-03,2020-10-27,7,22,9,9,8,1,True,2020-01-07,2020-10-26,-11.75625,-8.149999999999999,153.5,162.5,2,0,0,-7.525068509899256,-11.75625,-8.149999999999999,1.720112539527825,8.0,8.0,7.0,1.1794217924509545,0.952316589377985,6.169653399842513,294.0,1.0,514.7527999388412,0.0,True
2020_MS_6282_20201103_D000,2020_MS_6282_20201103,2020,MS,6282,2020-11-03,2020-11-03,0,22,9,9,9,0,True,2020-01-07,2020-11-01,-10.783333333333331,-8.0,142.88888888888889,159.0,2,0,0,-4.965939847504924,-10.783333333333333,-8.0,2.513275486859628,9.0,9.0,8.0,2.083862720944811,1.5499628371159218,6.852714749739364,301.0,2.0,541.4732050840624,0.0,True
2020_MT_6283_20201103_D120,2020_MT_6283_20201103,2020,MT,6283,2020-11-03,2020-07-06,120,40,19,19,3,16,True,2020-03-13,2020-06-26,3.7566666666666655,4.299999999999997,65.0,70.0,0,0,0,4.392451431079181,3.7566666666666655,4.299999999999997,0.6675212765485788,3.0,3.0,3.0,1.11165955916639,0.5972440900609749,13.472076090260202,115.0,10.0,517.0153263196191,0.0,True
2020_MT_6283_20201103_D090,2020_MT_6283_20201103,2020,MT,6283,2020-11-03,2020-08-05,90,40,19,19,7,12,True,2020-03-13,2020-08-02,0.2371428571428566,0.0,51.0,26.0,0,0,0,-2.8178043860624116,0.23714285714285666,0.0,3.548937040206844,7.0,7.0,6.0,3.8978593175459,2.1676885719588586,16.4208960789706,145.0,3.0,769.3889114232936,0.0,True
2020_MT_6283_20201103_D060,2020_MT_6283_20201103,2020,MT,6283,2020-11-03,2020-09-04,60,40,19,19,7,12,True,2020-03-13,2020-08-02,0.2371428571428566,0.0,81.0,56.0,0,0,0,-2.8178043860624116,0.23714285714285666,0.0,3.548937040206844,7.0,7.0,6.0,3.897859317545901,0.4908317090943932,46.42089607897061,175.0,33.0,769.3889114232936,0.0,True
2020_MT_6283_20201103_D030,2020_MT_6283_20201103,2020,MT,6283,2020-11-03,2020-10-04,30,40,19,19,9,10,True,2020-03-13,2020-10-02,0.0733333333333329,0.0,89.77777777777777,83.0,0,0,0,0.980086683143,0.07333333333333296,0.0,2.1806074031194713,9.0,9.0,8.0,1.5322146178641318,1.8718275792661305,10.38155661114827,205.0,2.0,1445.1732933531262,0.0,True
2020_MT_6283_20201103_D014,2020_MT_6283_20201103,2020,MT,6283,2020-11-03,2020-10-20,14,40,19,19,14,5,True,2020-03-13,2020-10-20,-1.0314285714285714,-1.5,69.78571428571429,62.0,0,0,0,-1.9382532677487168,-1.0314285714285714,-1.5,2.8167024853051204,14.0,14.0,11.0,5.963611673451041,5.112890976986843,7.377193706964443,221.0,0.0,815.7533046702191,0.0,True
2020_MT_6283_20201103_D007,2020_MT_6283_20201103,2020,MT,6283,2020-11-03,2020-10-27,7,40,19,19,16,3,True,2020-03-13,2020-10-27,-0.7774999999999999,-0.5,67.375,38.5,0,0,0,-0.8792141544394172,-0.7774999999999999,-0.5,2.6578897426169807,16.0,16.0,12.0,7.355012362899123,5.652811288275576,9.631586046560594,228.0,0.0,791.6153225549526,0.0,True
2020_MT_6283_20201103_D000,2020_MT_6283_20201103,2020,MT,6283,2020-11-03,2020-11-03,0,40,19,19,17,2,True,2020-03-13,2020-11-02,-0.9670588235294116,-1.0,70.05882352941177,32.0,0,0,0,-1.5898040261693531,-0.9670588235294116,-1.0,2.6774072277023624,17.0,17.0,13.0,7.522176234308782,5.17560472201953,13.072339346066252,235.0,1.0,820.8479761212142,0.0,True
2020_NC_6284_20201103_D120,2020_NC_6284_20201103,2020,NC,6284,2020-11-03,2020-07-06,120,321,129,129,25,104,True,2019-06-18,2020-06-28,2.264,2.0,104.2,63.0,1,0,0,3.459122401004759,2.2640000000000002,2.0,3.79625927673247,25.0,25.0,17.0,8.946538281715418,4.887009609714055,19.158617929978636,384.0,8.0,884.6619770350923,0.0,True
2020_NC_6284_20201103_D090,2020_NC_6284_20201103,2020,NC,6284,2020-11-03,2020-08-05,90,321,129,129,39,90,True,2019-06-18,2020-08-02,4.131025641025642,3.0,90.76923076923076,49.0,1,0,0,7.245303676400031,4.131025641025642,3.0,4.1498751773583225,39.0,39.0,23.0,14.47429944975754,10.185762036086087,14.66475388479773,414.0,3.0,920.2762326350311,0.0,True
2020_NC_6284_20201103_D060,2020_NC_6284_20201103,2020,NC,6284,2020-11-03,2020-09-04,60,321,129,129,53,76,True,2019-06-18,2020-09-03,4.33867924528302,3.0999999999999943,91.90566037735849,54.0,1,0,0,5.572834658160108,4.33867924528302,3.0999999999999943,3.795674733759414,53.0,50.0,25.0,17.422293164905795,11.891756679834357,15.15242090831322,444.0,1.0,844.161966509274,0.0,True
2020_NC_6284_20201103_D030,2020_NC_6284_20201103,2020,NC,6284,2020-11-03,2020-10-04,30,321,129,129,77,52,True,2019-06-18,2020-10-04,4.671298701298701,4.0,88.84415584415585,63.0,1,0,2,5.535220449412663,4.671298701298701,4.0,3.8638966851786143,77.0,73.0,34.0,27.429401472301766,16.54017911136666,18.30163368190899,474.0,0.0,930.2423572381065,0.0,True
2020_NC_6284_20201103_D014,2020_NC_6284_20201103,2020,NC,6284,2020-11-03,2020-10-20,14,321,129,129,100,29,True,2019-06-18,2020-10-20,4.6841,4.0,82.18,49.0,1,0,4,4.908039673095007,4.6841,4.0,3.0958234773479845,100.0,93.0,38.0,35.183031701887955,27.72407422650189,13.01112316641663,490.0,0.0,946.3230709583167,0.0,True
2020_NC_6284_20201103_D007,2020_NC_6284_20201103,2020,NC,6284,2020-11-03,2020-10-27,7,321,129,129,113,16,True,2019-06-18,2020-10-27,4.442566371681416,4.0,79.10619469026548,46.0,1,0,4,4.023408342246557,4.442566371681416,4.0,3.018812495028258,113.0,106.0,39.0,43.473294888053466,33.015865935931615,12.49857910530768,497.0,0.0,883.1394231578537,0.0,True
2020_NC_6284_20201103_D000,2020_NC_6284_20201103,2020,NC,6284,2020-11-03,2020-11-03,0,321,129,129,127,2,True,2019-06-18,2020-11-02,4.376377952755905,4.0,77.03149606299213,48.0,1,0,5,3.98597469366443,4.376377952755905,4.0,3.1704920723767374,127.0,118.0,40.0,51.89517228653115,37.2738974655127,13.602667490501597,504.0,1.0,907.3907476000778,0.0,True
2020_NE_6285_20201103_D120,2020_NE_6285_20201103,2020,NE,6285,2020-11-03,2020-07-06,120,3,1,1,0,1,False,,,,,,,0,0,0,,,,,0.0,0.0,,0.0,0.0,,,,,0.0,False
2020_NE_6285_20201103_D090,2020_NE_6285_20201103,2020,NE,6285,2020-11-03,2020-08-05,90,3,1,1,0,1,False,,,,,,,0,0,0,,,,,0.0,0.0,,0.0,0.0,,,,,0.0,False
2020_NE_6285_20201103_D060,2020_NE_6285_20201103,2020,NE,6285,2020-11-03,2020-09-04,60,3,1,1,0,1,False,,,,,,,0,0,0,,,,,0.0,0.0,,0.0,0.0,,,,,0.0,False
2020_NE_6285_20201103_D030,2020_NE_6285_20201103,2020,NE,6285,2020-11-03,2020-10-04,30,3,1,1,0,1,False,,,,,,,0,0,0,,,,,0.0,0.0,,0.0,0.0,,,,,0.0,False
2020_NE_6285_20201103_D014,2020_NE_6285_20201103,2020,NE,6285,2020-11-03,2020-10-20,14,3,1,1,0,1,False,,,,,,,0,0,0,,,,,0.0,0.0,,0.0,0.0,,,,,0.0,False
2020_NE_6285_20201103_D007,2020_NE_6285_20201103,2020,NE,6285,2020-11-03,2020-10-27,7,3,1,1,1,0,True,2020-10-21,2020-10-21,-29.9,-29.9,6.0,6.0,0,0,0,-29.9,-29.9,-29.9,,1.0,1.0,1.0,1.0,0.7583182852240282,5.999999999999999,6.0,6.0,625.0,0.0,True
2020_NE_6285_20201103_D000,2020_NE_6285_20201103,2020,NE,6285,2020-11-03,2020-11-03,0,3,1,1,1,0,True,2020-10-21,2020-10-21,-29.9,-29.9,13.0,13.0,0,0,0,-29.899999999999995,-29.9,-29.9,,1.0,1.0,1.0,1.0,0.5362120017796649,13.0,13.0,13.0,625.0,0.0,True
2020_NH_6286_20201103_D120,2020_NH_6286_20201103,2020,NH,6286,2020-11-03,2020-07-06,120,74,32,32,3,29,True,2020-02-25,2020-06-22,18.333333333333332,18.0,65.0,49.0,0,0,0,13.719277602133307,18.333333333333332,18.0,1.7911750312068289,3.0,3.0,1.0,1.3218933358370062,0.7258795314889859,19.115253673690702,132.0,14.0,911.2080204248219,0.0,True
2020_NH_6286_20201103_D090,2020_NH_6286_20201103,2020,NH,6286,2020-11-03,2020-08-05,90,74,32,32,4,28,True,2020-02-25,2020-07-28,18.5,18.5,73.25,61.5,0,0,0,18.353254742756434,18.5,18.5,1.8411771895918831,4.0,4.0,1.0,1.2797527873249834,1.3420242358219048,13.035503347907033,162.0,8.0,1772.7571130331469,0.0,True
2020_NH_6286_20201103_D060,2020_NH_6286_20201103,2020,NH,6286,2020-11-03,2020-09-04,60,74,32,32,5,27,True,2020-02-25,2020-09-01,18.4,18.0,83.2,74.0,0,0,0,18.05923075005035,18.4,18.0,0.7653825595871147,5.0,5.0,1.0,1.3991124407623377,1.812328214282107,9.712812610628493,192.0,3.0,1869.5093816169608,0.0,True
2020_NH_6286_20201103_D030,2020_NH_6286_20201103,2020,NH,6286,2020-11-03,2020-10-04,30,74,32,32,10,22,True,2020-02-25,2020-10-04,16.91,17.0,59.0,21.0,0,0,0,15.294756420498683,16.91,17.0,1.9974542645442457,10.0,10.0,5.0,5.388788415629752,5.082886969071271,6.9357398949239695,222.0,0.0,946.3308753434695,0.0,True
2020_NH_6286_20201103_D014,2020_NH_6286_20201103,2020,NH,6286,2020-11-03,2020-10-20,14,74,32,32,12,20,True,2020-02-25,2020-10-12,16.541666666666668,15.55,63.833333333333336,23.5,0,0,0,15.082861601753239,16.541666666666668,15.55,1.6004416362672402,12.0,12.0,6.0,6.859088316573777,3.739896252406861,17.192705739853512,238.0,8.0,862.5915160628051,0.0,True
2020_NH_6286_20201103_D007,2020_NH_6286_20201103,2020,NH,6286,2020-11-03,2020-10-27,7,74,32,32,14,18,True,2020-02-25,2020-10-26,16.607142857142858,15.55,60.857142857142854,29.0,0,0,0,15.907518022116312,16.607142857142858,15.55,2.0001855026369144,14.0,14.0,6.0,6.632436324182643,4.953128999558856,13.382728072333382,245.0,1.0,878.6975855381813,0.0,True
2020_NH_6286_20201103_D000,2020_NH_6286_20201103,2020,NH,6286,2020-11-03,2020-11-03,0,74,32,32,16,16,True,2020-02-25,2020-10-28,16.28125,15.55,60.125,34.5,0,0,0,15.213761784471778,16.28125,15.55,2.5688721549550735,16.0,16.0,6.0,8.2554784492781,5.13698482173045,15.806129586775233,252.0,6.0,835.8366788393892,0.0,True
2020_NJ_6287_20201103_D120,2020_NJ_6287_20201103,2020,NJ,6287,2020-11-03,2020-07-06,120,16,8,8,1,7,True,2020-04-19,2020-04-19,23.0,23.0,78.0,78.0,0,0,0,23.0,23.0,23.0,,1.0,1.0,1.0,1.0,0.01528575474597244,78.0,78.0,78.0,317.0,0.0,True
2020_NJ_6287_20201103_D090,2020_NJ_6287_20201103,2020,NJ,6287,2020-11-03,2020-08-05,90,16,8,8,1,7,True,2020-04-19,2020-04-19,23.0,23.0,108.0,108.0,0,0,0,23.0,23.0,23.0,,1.0,1.0,1.0,1.0,0.00346116744989039,108.0,108.0,108.0,317.0,0.0,True
2020_NJ_6287_20201103_D060,2020_NJ_6287_20201103,2020,NJ,6287,2020-11-03,2020-09-04,60,16,8,8,1,7,True,2020-04-19,2020-04-19,23.0,23.0,138.0,138.0,0,0,0,23.0,23.0,23.0,,1.0,1.0,1.0,1.0,0.0007837153163364209,138.0,138.0,138.0,317.0,0.0,True
2020_NJ_6287_20201103_D030,2020_NJ_6287_20201103,2020,NJ,6287,2020-11-03,2020-10-04,30,16,8,8,2,6,True,2020-04-19,2020-09-07,23.505,23.505,97.5,97.5,0,0,0,24.00925313409077,23.505000000000003,23.505000000000003,0.0274549951673439,2.0,2.0,2.0,1.001480036028626,0.23997875464312676,27.104265438813705,168.0,27.0,499.8646767709014,0.0,True
2020_NJ_6287_20201103_D014,2020_NJ_6287_20201103,2020,NJ,6287,2020-11-03,2020-10-20,14,16,8,8,3,5,True,2020-04-19,2020-10-13,24.00333333333333,24.01,78.0,43.0,0,0,0,24.878173570314196,24.003333333333334,24.01,0.32549986483586063,3.0,3.0,3.0,1.2750392332754343,0.8838116154493298,11.439533352248032,184.0,7.0,693.8082643171484,0.0,True
2020_NJ_6287_20201103_D007,2020_NJ_6287_20201103,2020,NJ,6287,2020-11-03,2020-10-27,7,16,8,8,6,2,True,2020-04-19,2020-10-26,25.501666666666665,24.505,43.666666666666664,8.5,0,0,0,27.08122362991596,25.501666666666665,24.505000000000003,3.166298232307047,6.0,5.0,5.0,3.907305588288327,3.501451670682806,5.332870582248153,191.0,1.0,763.9207386218953,0.0,True
2020_NJ_6287_20201103_D000,2020_NJ_6287_20201103,2020,NJ,6287,2020-11-03,2020-11-03,0,16,8,8,7,1,True,2020-04-19,2020-11-01,25.14428571428571,24.01,43.714285714285715,10.0,0,0,0,26.09933586227782,25.14428571428571,24.01,3.2644535128619334,7.0,6.0,6.0,4.866666521790561,3.2602799223980488,9.84692025232064,198.0,2.0,688.3956115493761,0.0,True
2020_NM_6288_20201103_D120,2020_NM_6288_20201103,2020,NM,6288,2020-11-03,2020-07-06,120,18,7,7,1,6,True,2020-06-13,2020-06-13,14.0,14.0,23.0,23.0,0,0,0,13.999999999999998,14.0,14.0,,1.0,1.0,1.0,1.0,0.35562391284123573,23.000000000000004,23.0,23.0,739.9999999999999,0.0,True
2020_NM_6288_20201103_D090,2020_NM_6288_20201103,2020,NM,6288,2020-11-03,2020-08-05,90,18,7,7,1,6,True,2020-06-13,2020-06-13,14.0,14.0,53.0,53.0,0,0,0,14.000000000000002,14.0,14.0,,1.0,1.0,1.0,1.0,0.08052424835960807,52.99999999999999,53.0,53.0,740.0,0.0,True
2020_NM_6288_20201103_D060,2020_NM_6288_20201103,2020,NM,6288,2020-11-03,2020-09-04,60,18,7,7,2,5,True,2020-06-13,2020-09-02,11.5,11.5,42.5,42.5,0,0,0,9.072506755662797,11.5,11.5,0.5977261485808065,2.0,2.0,2.0,1.0294230985437547,1.2573434816464595,3.1746094417373247,83.0,2.0,1117.4459825162298,0.0,True
2020_NM_6288_20201103_D030,2020_NM_6288_20201103,2020,NM,6288,2020-11-03,2020-10-04,30,18,7,7,3,4,True,2020-06-13,2020-10-01,11.0,10.0,49.333333333333336,32.0,0,0,0,9.801780840222175,11.0,10.0,0.47001216068471274,3.0,3.0,2.0,1.5091769735225298,1.3321550710428198,9.448764739455816,113.0,3.0,935.4634634466852,0.0,True
2020_NM_6288_20201103_D014,2020_NM_6288_20201103,2020,NM,6288,2020-11-03,2020-10-20,14,18,7,7,5,2,True,2020-06-13,2020-10-17,11.0,11.0,40.4,19.0,2,0,0,10.689388264738826,11.0,11.0,0.5770335086311751,5.0,4.0,3.0,3.135792288972038,2.327227828650279,8.819344243740158,129.0,3.0,686.9614608042316,0.0,True
2020_NM_6288_20201103_D007,2020_NM_6288_20201103,2020,NM,6288,2020-11-03,2020-10-27,7,18,7,7,5,2,True,2020-06-13,2020-10-17,11.0,11.0,47.4,26.0,2,0,0,10.689388264738826,11.0,11.0,0.5770335086311751,5.0,4.0,3.0,3.135792288972038,1.645598579004657,15.819344243740158,136.0,10.0,686.9614608042317,0.0,True
2020_NM_6288_20201103_D000,2020_NM_6288_20201103,2020,NM,6288,2020-11-03,2020-11-03,0,18,7,7,6,1,True,2020-06-13,2020-10-29,10.5,10.5,46.166666666666664,25.0,2,0,0,9.385636244065921,10.5,10.5,1.4064419104310821,6.0,5.0,3.0,3.1283088357029705,2.2584640227727455,14.18094629672657,143.0,5.0,925.9749198030661,0.0,True
2020_OK_6289_20201103_D120,2020_OK_6289_20201103,2020,OK,6289,2020-11-03,2020-07-06,120,19,5,5,1,4,True,2020-03-08,2020-03-08,-26.0,-26.0,120.0,120.0,0,0,0,-26.0,-26.0,-26.0,,1.0,1.0,1.0,1.0,0.0023996741395028976,119.99999999999999,120.0,120.0,500.00000000000006,0.0,True
2020_OK_6289_20201103_D090,2020_OK_6289_20201103,2020,OK,6289,2020-11-03,2020-08-05,90,19,5,5,2,3,True,2020-03-08,2020-07-30,-21.0,-21.0,78.0,78.0,1,0,0,-16.007484336383744,-21.0,-21.0,0.2734727564974959,2.0,2.0,2.0,1.001497987581314,0.7259967828913046,6.107774443925919,150.0,6.0,571.9461127780371,0.0,True
2020_OK_6289_20201103_D060,2020_OK_6289_20201103,2020,OK,6289,2020-11-03,2020-09-04,60,19,5,5,2,3,True,2020-03-08,2020-07-30,-21.0,-21.0,108.0,108.0,1,0,0,-16.007484336383747,-21.0,-21.0,0.2734727564974958,2.0,2.0,2.0,1.001497987581314,0.1643881166110301,36.10777444392592,180.0,36.0,571.9461127780371,0.0,True
2020_OK_6289_20201103_D030,2020_OK_6289_20201103,2020,OK,6289,2020-11-03,2020-10-04,30,19,5,5,4,1,True,2020-03-08,2020-09-20,-20.625,-20.25,79.0,46.0,1,0,0,-18.845858971972746,-20.625,-20.25,4.011415098633013,4.0,4.0,3.0,2.0288152335315774,0.7420781569988425,20.630873009446958,210.0,14.0,498.9221296323702,0.0,True
2020_OK_6289_20201103_D014,2020_OK_6289_20201103,2020,OK,6289,2020-11-03,2020-10-20,14,19,5,5,5,0,True,2020-03-08,2020-10-20,-20.4,-19.5,76.0,42.0,1,0,0,-19.394619514374117,-20.4,-19.5,1.627919294230462,5.0,5.0,3.0,1.3955773819334114,2.0860588737635988,5.901142140980247,226.0,0.0,4665.816162426774,0.0,True
2020_OK_6289_20201103_D007,2020_OK_6289_20201103,2020,OK,6289,2020-11-03,2020-10-27,7,19,5,5,5,0,True,2020-03-08,2020-10-20,-20.4,-19.5,83.0,49.0,1,0,0,-19.39461951437411,-20.4,-19.5,1.6279192942304619,5.0,5.0,3.0,1.3955773819334119,1.475066375592613,12.901142140980248,233.0,7.0,4665.816162426772,0.0,True
2020_OK_6289_20201103_D000,2020_OK_6289_20201103,2020,OK,6289,2020-11-03,2020-11-03,0,19,5,5,5,0,True,2020-03-08,2020-10-20,-20.4,-19.5,90.0,56.0,1,0,0,-19.394619514374117,-20.4,-19.5,1.6279192942304617,5.0,5.0,3.0,1.3955773819334114,1.0430294368817994,19.901142140980244,240.0,14.0,4665.816162426774,0.0,True
2020_OR_6290_20201103_D120,2020_OR_6290_20201103,2020,OR,6290,2020-11-03,2020-07-06,120,4,1,1,0,1,False,,,,,,,0,0,0,,,,,0.0,0.0,,0.0,0.0,,,,,0.0,False
2020_OR_6290_20201103_D090,2020_OR_6290_20201103,2020,OR,6290,2020-11-03,2020-08-05,90,4,1,1,0,1,False,,,,,,,0,0,0,,,,,0.0,0.0,,0.0,0.0,,,,,0.0,False
2020_OR_6290_20201103_D060,2020_OR_6290_20201103,2020,OR,6290,2020-11-03,2020-09-04,60,4,1,1,0,1,False,,,,,,,0,0,0,,,,,0.0,0.0,,0.0,0.0,,,,,0.0,False
2020_OR_6290_20201103_D030,2020_OR_6290_20201103,2020,OR,6290,2020-11-03,2020-10-04,30,4,1,1,1,0,True,2020-09-29,2020-09-29,20.0,20.0,5.0,5.0,0,0,0,20.0,20.0,20.0,,1.0,1.0,1.0,1.0,0.9792637070647452,5.0,5.0,5.0,944.0,0.0,True
2020_OR_6290_20201103_D014,2020_OR_6290_20201103,2020,OR,6290,2020-11-03,2020-10-20,14,4,1,1,1,0,True,2020-09-29,2020-09-29,20.0,20.0,21.0,21.0,0,0,0,20.0,20.0,20.0,,1.0,1.0,1.0,1.0,0.443471156521669,21.0,21.0,21.0,944.0,0.0,True
2020_OR_6290_20201103_D007,2020_OR_6290_20201103,2020,OR,6290,2020-11-03,2020-10-27,7,4,1,1,1,0,True,2020-09-29,2020-09-29,20.0,20.0,28.0,28.0,0,0,0,20.0,20.0,20.0,,1.0,1.0,1.0,1.0,0.31358146203711296,27.999999999999996,28.0,28.0,944.0,0.0,True
2020_OR_6290_20201103_D000,2020_OR_6290_20201103,2020,OR,6290,2020-11-03,2020-11-03,0,4,1,1,1,0,True,2020-09-29,2020-09-29,20.0,20.0,35.0,35.0,0,0,0,20.0,20.0,20.0,,1.0,1.0,1.0,1.0,0.22173557826083454,35.0,35.0,35.0,944.0,0.0,True
2020_SC_6292_20201103_D120,2020_SC_6292_20201103,2020,SC,6292,2020-11-03,2020-07-06,120,86,37,37,9,28,True,2019-03-13,2020-05-26,-11.77777777777778,-13.0,230.44444444444449,208.0,1,0,0,-0.4386862630241649,-11.777777777777779,-13.0,2.3693319834725033,9.0,9.0,7.0,1.100359313467832,0.1368107539249492,45.12818558835959,481.0,41.0,630.6661524438128,0.0,True
2020_SC_6292_20201103_D090,2020_SC_6292_20201103,2020,SC,6292,2020-11-03,2020-08-05,90,86,37,37,14,23,True,2019-03-13,2020-08-03,-8.642857142857142,-5.5,170.64285714285714,156.5,1,0,1,-2.1695358818222954,-8.642857142857142,-5.5,2.1306340877153964,14.0,14.0,12.0,4.402403443102624,4.013096654404001,6.826548930889452,511.0,2.0,857.9729032045432,0.0,True
2020_SC_6292_20201103_D060,2020_SC_6292_20201103,2020,SC,6292,2020-11-03,2020-09-04,60,86,37,37,14,23,True,2019-03-13,2020-08-03,-8.642857142857142,-5.5,200.6428571428571,186.5,1,0,1,-2.169535881822296,-8.642857142857142,-5.5,2.130634087715396,14.0,14.0,12.0,4.402403443102622,0.9086891517180041,36.82654893088945,541.0,32.0,857.9729032045435,0.0,True
2020_SC_6292_20201103_D030,2020_SC_6292_20201103,2020,SC,6292,2020-11-03,2020-10-04,30,86,37,37,23,14,True,2019-03-13,2020-09-28,-5.274347826086957,-1.0,144.52173913043478,65.0,3,0,3,-0.1751966308110405,-5.274347826086957,-1.0,1.1139884325066096,23.0,22.0,15.0,9.003864320774605,6.773657667089438,11.174499077848315,571.0,6.0,879.6603520599562,0.0,True
2020_SC_6292_20201103_D014,2020_SC_6292_20201103,2020,SC,6292,2020-11-03,2020-10-20,14,86,37,37,29,8,True,2019-03-13,2020-10-20,-4.42448275862069,-1.0,128.79310344827587,36.0,4,0,5,-0.6236945985501042,-4.42448275862069,-1.0,2.850337760463757,29.0,28.0,16.0,12.019632298290762,7.966635027517819,14.297235536303061,587.0,0.0,832.1817098665128,0.0,True
2020_SC_6292_20201103_D007,2020_SC_6292_20201103,2020,SC,6292,2020-11-03,2020-10-27,7,86,37,37,32,5,True,2019-03-13,2020-10-27,-4.3609375,-1.0,123.15625,38.5,4,0,5,-1.7154314159319266,-4.3609375,-1.0,3.6416186190282844,32.0,31.0,17.0,12.20234303891503,9.165407391593117,13.432524534229264,594.0,0.0,876.6569064484225,0.0,True
2020_SC_6292_20201103_D000,2020_SC_6292_20201103,2020,SC,6292,2020-11-03,2020-11-03,0,86,37,37,36,1,True,2019-03-13,2020-11-02,-4.129166666666666,-1.4200000000000017,115.91666666666669,39.5,4,0,6,-2.1991004142614266,-4.129166666666666,-1.4200000000000017,4.379492555394547,36.0,35.0,19.0,14.586954547533095,10.490309096600559,13.38360099510434,601.0,1.0,838.8163426407418,0.0,True
2020_SD_6293_20201103_D120,2020_SD_6293_20201103,2020,SD,6293,2020-11-03,2020-07-06,120,2,1,1,0,1,False,,,,,,,0,0,0,,,,,0.0,0.0,,0.0,0.0,,,,,0.0,False
2020_SD_6293_20201103_D090,2020_SD_6293_20201103,2020,SD,6293,2020-11-03,2020-08-05,90,2,1,1,0,1,False,,,,,,,0,0,0,,,,,0.0,0.0,,0.0,0.0,,,,,0.0,False
2020_SD_6293_20201103_D060,2020_SD_6293_20201103,2020,SD,6293,2020-11-03,2020-09-04,60,2,1,1,0,1,False,,,,,,,0,0,0,,,,,0.0,0.0,,0.0,0.0,,,,,0.0,False
2020_SD_6293_20201103_D030,2020_SD_6293_20201103,2020,SD,6293,2020-11-03,2020-10-04,30,2,1,1,0,1,False,,,,,,,0,0,0,,,,,0.0,0.0,,0.0,0.0,,,,,0.0,False
2020_SD_6293_20201103_D014,2020_SD_6293_20201103,2020,SD,6293,2020-11-03,2020-10-20,14,2,1,1,0,1,False,,,,,,,0,0,0,,,,,0.0,0.0,,0.0,0.0,,,,,0.0,False
2020_SD_6293_20201103_D007,2020_SD_6293_20201103,2020,SD,6293,2020-11-03,2020-10-27,7,2,1,1,0,1,False,,,,,,,0,0,0,,,,,0.0,0.0,,0.0,0.0,,,,,0.0,False
2020_SD_6293_20201103_D000,2020_SD_6293_20201103,2020,SD,6293,2020-11-03,2020-11-03,0,2,1,1,1,0,True,2020-10-28,2020-10-28,-17.0,-17.0,6.0,6.0,0,0,0,-17.0,-17.0,-17.0,,1.0,1.0,1.0,1.0,0.6638642412984728,6.0,6.0,6.0,479.0,0.0,True
2020_TN_6294_20201103_D120,2020_TN_6294_20201103,2020,TN,6294,2020-11-03,2020-07-06,120,8,4,4,0,4,False,,,,,,,0,0,0,,,,,0.0,0.0,,0.0,0.0,,,,,0.0,False
2020_TN_6294_20201103_D090,2020_TN_6294_20201103,2020,TN,6294,2020-11-03,2020-08-05,90,8,4,4,0,4,False,,,,,,,0,0,0,,,,,0.0,0.0,,0.0,0.0,,,,,0.0,False
2020_TN_6294_20201103_D060,2020_TN_6294_20201103,2020,TN,6294,2020-11-03,2020-09-04,60,8,4,4,0,4,False,,,,,,,0,0,0,,,,,0.0,0.0,,0.0,0.0,,,,,0.0,False
2020_TN_6294_20201103_D030,2020_TN_6294_20201103,2020,TN,6294,2020-11-03,2020-10-04,30,8,4,4,0,4,False,,,,,,,0,0,0,,,,,0.0,0.0,,0.0,0.0,,,,,0.0,False
2020_TN_6294_20201103_D014,2020_TN_6294_20201103,2020,TN,6294,2020-11-03,2020-10-20,14,8,4,4,0,4,False,,,,,,,0,0,0,,,,,0.0,0.0,,0.0,0.0,,,,,0.0,False
2020_TN_6294_20201103_D007,2020_TN_6294_20201103,2020,TN,6294,2020-11-03,2020-10-27,7,8,4,4,1,3,True,2020-10-22,2020-10-22,-20.699999999999996,-20.699999999999996,5.0,5.0,0,0,0,-20.699999999999996,-20.699999999999996,-20.699999999999996,,1.0,1.0,1.0,1.0,0.7871882076229345,5.0,5.0,5.0,610.0,0.0,True
2020_TN_6294_20201103_D000,2020_TN_6294_20201103,2020,TN,6294,2020-11-03,2020-11-03,0,8,4,4,2,2,True,2020-10-22,2020-11-01,-21.05,-21.05,7.0,7.0,0,0,0,-21.105770848219304,-21.050000000000004,-21.050000000000004,0.34552801983182857,2.0,2.0,2.0,1.9504756322668735,1.324268113536872,6.203273596867157,12.0,2.0,506.2385973839221,0.0,True
2020_TX_6295_20201103_D120,2020_TX_6295_20201103,2020,TX,6295,2020-11-03,2020-07-06,120,153,63,63,6,57,True,2019-04-28,2020-06-25,-11.483333333333334,-11.5,147.83333333333334,100.0,0,0,0,-8.68681550279751,-11.483333333333334,-11.5,1.6703350981463543,6.0,6.0,6.0,2.137580839442373,1.3646840953952701,14.138089260405634,435.0,11.0,882.3025248604715,0.0,True
2020_TX_6295_20201103_D090,2020_TX_6295_20201103,2020,TX,6295,2020-11-03,2020-08-05,90,153,63,63,13,50,True,2019-04-28,2020-08-02,-9.774615384615384,-10.0,91.76923076923076,29.0,1,0,1,-7.324807470099697,-9.774615384615384,-10.0,3.4890950895305686,13.0,12.0,11.0,5.935495374495052,4.83703712085446,15.310339923984852,465.0,3.0,1545.0559764409027,0.0,True
2020_TX_6295_20201103_D060,2020_TX_6295_20201103,2020,TX,6295,2020-11-03,2020-09-04,60,153,63,63,19,44,True,2019-04-28,2020-09-02,-8.793157894736842,-9.0,85.84210526315789,46.0,1,0,1,-7.1141217454206735,-8.793157894736842,-9.0,3.26525429030332,19.0,17.0,13.0,7.579329638535194,6.696211000123771,12.446443044097512,495.0,2.0,1253.9643592932432,0.0,True
2020_TX_6295_20201103_D030,2020_TX_6295_20201103,2020,TX,6295,2020-11-03,2020-10-04,30,153,63,63,27,36,True,2019-04-28,2020-10-04,-8.095185185185185,-8.0,84.96296296296296,52.0,1,0,3,-6.782034562582434,-8.095185185185185,-8.0,2.3979416794224706,27.0,25.0,16.0,10.997551135712222,7.660711970936856,16.931964883815215,525.0,0.0,1331.0298732034091,0.0,True
2020_TX_6295_20201103_D014,2020_TX_6295_20201103,2020,TX,6295,2020-11-03,2020-10-20,14,153,63,63,40,23,True,2019-04-28,2020-10-20,-7.22925,-7.649999999999999,69.675,32.5,1,0,5,-5.777523221650668,-7.22925,-7.649999999999999,2.798521424560441,40.0,37.0,21.0,17.509072538306437,17.797548072256333,9.169290513867756,541.0,0.0,1457.6547111934958,0.0,True
2020_TX_6295_20201103_D007,2020_TX_6295_20201103,2020,TX,6295,2020-11-03,2020-10-27,7,153,63,63,45,18,True,2019-04-28,2020-10-26,-7.021555555555555,-7.0,68.33333333333333,36.0,1,0,5,-5.633934053143981,-7.021555555555555,-7.0,2.7593539587137585,45.0,42.0,23.0,21.752062806492688,17.839453553818082,11.883007608443044,548.0,1.0,1265.8957145751854,0.0,True
2020_TX_6295_20201103_D000,2020_TX_6295_20201103,2020,TX,6295,2020-11-03,2020-11-03,0,153,63,63,51,12,True,2019-04-28,2020-11-02,-6.905294117647058,-6.5,66.88235294117646,39.0,1,0,6,-5.797389896417169,-6.905294117647058,-6.5,3.0454488918798694,51.0,48.0,25.0,24.816323097452702,19.117323089785657,13.548041046502643,555.0,1.0,1318.1476162463957,0.0,True
2020_VA_6296_20201103_D120,2020_VA_6296_20201103,2020,VA,6296,2020-11-03,2020-07-06,120,28,14,14,0,14,False,,,,,,,0,0,0,,,,,0.0,0.0,,0.0,0.0,,,,,0.0,False
2020_VA_6296_20201103_D090,2020_VA_6296_20201103,2020,VA,6296,2020-11-03,2020-08-05,90,28,14,14,0,14,False,,,,,,,0,0,0,,,,,0.0,0.0,,0.0,0.0,,,,,0.0,False
2020_VA_6296_20201103_D060,2020_VA_6296_20201103,2020,VA,6296,2020-11-03,2020-09-04,60,28,14,14,1,13,True,2020-08-22,2020-08-22,21.0,21.0,13.0,13.0,0,0,0,21.0,21.0,21.0,,1.0,1.0,1.0,1.0,0.5102755239163193,13.0,13.0,13.0,566.0,0.0,True
2020_VA_6296_20201103_D030,2020_VA_6296_20201103,2020,VA,6296,2020-11-03,2020-10-04,30,28,14,14,4,10,True,2020-08-22,2020-09-25,15.1,15.0,23.0,20.0,1,0,0,12.846662173333813,15.100000000000001,15.0,3.503574492531166,4.0,4.0,4.0,3.1065731552735563,1.6434360634497918,15.955328766866737,43.0,9.0,685.7553815087555,0.0,True
2020_VA_6296_20201103_D014,2020_VA_6296_20201103,2020,VA,6296,2020-11-03,2020-10-20,14,28,14,14,8,6,True,2020-08-22,2020-10-19,14.1875,15.0,22.5,17.0,2,0,0,13.58332885765964,14.1875,15.0,4.1615312118503125,8.0,8.0,7.0,5.201038529615084,4.29748368532283,9.896262152501764,59.0,1.0,856.3847955794215,0.0,True
2020_VA_6296_20201103_D007,2020_VA_6296_20201103,2020,VA,6296,2020-11-03,2020-10-27,7,28,14,14,11,3,True,2020-08-22,2020-10-27,15.445454545454544,17.0,22.0,15.0,2,0,0,16.142923110823883,15.445454545454545,17.0,4.121768525071587,11.0,11.0,8.0,7.524542776639114,5.825553509027882,9.663507907084583,66.0,0.0,782.0891580745321,0.0,True
2020_VA_6296_20201103_D000,2020_VA_6296_20201103,2020,VA,6296,2020-11-03,2020-11-03,0,28,14,14,14,0,True,2020-08-22,2020-11-01,15.87857142857143,17.0,23.428571428571427,17.5,2,0,0,16.449938396026912,15.87857142857143,17.0,3.6439068850990064,14.0,14.0,9.0,9.945443194704696,6.615213110289233,11.540290120748134,73.0,2.0,724.3551927837332,0.0,True
2020_WV_6297_20201103_D120,2020_WV_6297_20201103,2020,WV,6297,2020-11-03,2020-07-06,120,3,1,1,0,1,False,,,,,,,0,0,0,,,,,0.0,0.0,,0.0,0.0,,,,,0.0,False
2020_WV_6297_20201103_D090,2020_WV_6297_20201103,2020,WV,6297,2020-11-03,2020-08-05,90,3,1,1,0,1,False,,,,,,,0,0,0,,,,,0.0,0.0,,0.0,0.0,,,,,0.0,False
2020_WV_6297_20201103_D060,2020_WV_6297_20201103,2020,WV,6297,2020-11-03,2020-09-04,60,3,1,1,0,1,False,,,,,,,0,0,0,,,,,0.0,0.0,,0.0,0.0,,,,,0.0,False
2020_WV_6297_20201103_D030,2020_WV_6297_20201103,2020,WV,6297,2020-11-03,2020-10-04,30,3,1,1,0,1,False,,,,,,,0,0,0,,,,,0.0,0.0,,0.0,0.0,,,,,0.0,False
2020_WV_6297_20201103_D014,2020_WV_6297_20201103,2020,WV,6297,2020-11-03,2020-10-20,14,3,1,1,1,0,True,2020-10-06,2020-10-06,-20.0,-20.0,14.0,14.0,0,0,0,-20.0,-20.0,-20.0,,1.0,1.0,1.0,1.0,0.4330127018922193,14.0,14.0,14.0,450.0,0.0,True
2020_WV_6297_20201103_D007,2020_WV_6297_20201103,2020,WV,6297,2020-11-03,2020-10-27,7,3,1,1,1,0,True,2020-10-06,2020-10-06,-20.0,-20.0,21.0,21.0,0,0,0,-20.0,-20.0,-20.0,,1.0,1.0,1.0,1.0,0.3061862178478973,21.0,21.0,21.0,449.99999999999994,0.0,True
2020_WV_6297_20201103_D000,2020_WV_6297_20201103,2020,WV,6297,2020-11-03,2020-11-03,0,3,1,1,1,0,True,2020-10-06,2020-10-06,-20.0,-20.0,28.0,28.0,0,0,0,-20.0,-20.0,-20.0,,1.0,1.0,1.0,1.0,0.21650635094610965,28.0,28.0,28.0,450.0,0.0,True
2020_WY_6298_20201103_D120,2020_WY_6298_20201103,2020,WY,6298,2020-11-03,2020-07-06,120,2,1,1,0,1,False,,,,,,,0,0,0,,,,,0.0,0.0,,0.0,0.0,,,,,0.0,False
2020_WY_6298_20201103_D090,2020_WY_6298_20201103,2020,WY,6298,2020-11-03,2020-08-05,90,2,1,1,0,1,False,,,,,,,0,0,0,,,,,0.0,0.0,,0.0,0.0,,,,,0.0,False
2020_WY_6298_20201103_D060,2020_WY_6298_20201103,2020,WY,6298,2020-11-03,2020-09-04,60,2,1,1,0,1,False,,,,,,,0,0,0,,,,,0.0,0.0,,0.0,0.0,,,,,0.0,False
2020_WY_6298_20201103_D030,2020_WY_6298_20201103,2020,WY,6298,2020-11-03,2020-10-04,30,2,1,1,0,1,False,,,,,,,0,0,0,,,,,0.0,0.0,,0.0,0.0,,,,,0.0,False
2020_WY_6298_20201103_D014,2020_WY_6298_20201103,2020,WY,6298,2020-11-03,2020-10-20,14,2,1,1,0,1,False,,,,,,,0,0,0,,,,,0.0,0.0,,0.0,0.0,,,,,0.0,False
2020_WY_6298_20201103_D007,2020_WY_6298_20201103,2020,WY,6298,2020-11-03,2020-10-27,7,2,1,1,0,1,False,,,,,,,0,0,0,,,,,0.0,0.0,,0.0,0.0,,,,,0.0,False
2020_WY_6298_20201103_D000,2020_WY_6298_20201103,2020,WY,6298,2020-11-03,2020-11-03,0,2,1,1,1,0,True,2020-10-28,2020-10-28,-30.0,-30.0,6.0,6.0,0,0,0,-30.0,-30.0,-30.0,,1.0,1.0,1.0,1.0,0.7516154609659788,6.0,6.0,6.0,614.0,0.0,True
2022_AK_8918_20221108_D120,2022_AK_8918_20221108,2022,AK,8918,2022-11-08,2022-07-11,120,62,21,21,0,21,False,,,,,,,0,0,0,,,,,0.0,0.0,,0.0,0.0,,,,,0.0,False
2022_AK_8918_20221108_D090,2022_AK_8918_20221108,2022,AK,8918,2022-11-08,2022-08-10,90,62,21,21,0,21,False,,,,,,,0,0,0,,,,,0.0,0.0,,0.0,0.0,,,,,0.0,False
2022_AK_8918_20221108_D060,2022_AK_8918_20221108,2022,AK,8918,2022-11-08,2022-09-09,60,62,21,21,0,21,False,,,,,,,0,0,0,,,,,0.0,0.0,,0.0,0.0,,,,,0.0,False
2022_AK_8918_20221108_D030,2022_AK_8918_20221108,2022,AK,8918,2022-11-08,2022-10-09,30,62,21,21,0,21,False,,,,,,,0,0,0,,,,,0.0,0.0,,0.0,0.0,,,,,0.0,False
2022_AK_8918_20221108_D014,2022_AK_8918_20221108,2022,AK,8918,2022-11-08,2022-10-25,14,62,21,21,0,21,False,,,,,,,0,0,0,,,,,0.0,0.0,,0.0,0.0,,,,,0.0,False
2022_AK_8918_20221108_D007,2022_AK_8918_20221108,2022,AK,8918,2022-11-08,2022-11-01,7,62,21,21,0,21,False,,,,,,,0,0,0,,,,,0.0,0.0,,0.0,0.0,,,,,0.0,False
2022_AK_8918_20221108_D000,2022_AK_8918_20221108,2022,AK,8918,2022-11-08,2022-11-08,0,62,21,21,0,21,False,,,,,,,0,0,0,,,,,0.0,0.0,,0.0,0.0,,,,,0.0,False
2022_AL_8917_20221108_D120,2022_AL_8917_20221108,2022,AL,8917,2022-11-08,2022-07-11,120,3,1,1,0,1,False,,,,,,,0,0,0,,,,,0.0,0.0,,0.0,0.0,,,,,0.0,False
2022_AL_8917_20221108_D090,2022_AL_8917_20221108,2022,AL,8917,2022-11-08,2022-08-10,90,3,1,1,0,1,False,,,,,,,0,0,0,,,,,0.0,0.0,,0.0,0.0,,,,,0.0,False
2022_AL_8917_20221108_D060,2022_AL_8917_20221108,2022,AL,8917,2022-11-08,2022-09-09,60,3,1,1,0,1,False,,,,,,,0,0,0,,,,,0.0,0.0,,0.0,0.0,,,,,0.0,False
2022_AL_8917_20221108_D030,2022_AL_8917_20221108,2022,AL,8917,2022-11-08,2022-10-09,30,3,1,1,0,1,False,,,,,,,0,0,0,,,,,0.0,0.0,,0.0,0.0,,,,,0.0,False
2022_AL_8917_20221108_D014,2022_AL_8917_20221108,2022,AL,8917,2022-11-08,2022-10-25,14,3,1,1,0,1,False,,,,,,,0,0,0,,,,,0.0,0.0,,0.0,0.0,,,,,0.0,False
2022_AL_8917_20221108_D007,2022_AL_8917_20221108,2022,AL,8917,2022-11-08,2022-11-01,7,3,1,1,1,0,True,2022-10-29,2022-10-29,-29.6,-29.6,3.0,3.0,0,0,0,-29.599999999999998,-29.6,-29.6,,1.0,1.0,1.0,1.0,0.8733901772730026,3.0,3.0,3.0,616.0,0.0,True
2022_AL_8917_20221108_D000,2022_AL_8917_20221108,2022,AL,8917,2022-11-08,2022-11-08,0,3,1,1,1,0,True,2022-10-29,2022-10-29,-29.6,-29.6,10.0,10.0,0,0,0,-29.599999999999998,-29.6,-29.6,,1.0,1.0,1.0,1.0,0.617580116971461,10.0,10.0,10.0,616.0,0.0,True
2022_AR_8920_20221108_D120,2022_AR_8920_20221108,2022,AR,8920,2022-11-08,2022-07-11,120,9,3,3,0,3,False,,,,,,,0,0,0,,,,,0.0,0.0,,0.0,0.0,,,,,0.0,False
2022_AR_8920_20221108_D090,2022_AR_8920_20221108,2022,AR,8920,2022-11-08,2022-08-10,90,9,3,3,0,3,False,,,,,,,0,0,0,,,,,0.0,0.0,,0.0,0.0,,,,,0.0,False
2022_AR_8920_20221108_D060,2022_AR_8920_20221108,2022,AR,8920,2022-11-08,2022-09-09,60,9,3,3,0,3,False,,,,,,,0,0,0,,,,,0.0,0.0,,0.0,0.0,,,,,0.0,False
2022_AR_8920_20221108_D030,2022_AR_8920_20221108,2022,AR,8920,2022-11-08,2022-10-09,30,9,3,3,1,2,True,2022-09-12,2022-09-12,-13.0,-13.0,27.0,27.0,0,0,0,-12.999999999999998,-13.0,-13.0,,1.0,1.0,1.0,1.0,0.30989157107729387,27.0,27.0,27.0,835.0000000000001,0.0,True
2022_AR_8920_20221108_D014,2022_AR_8920_20221108,2022,AR,8920,2022-11-08,2022-10-25,14,9,3,3,2,1,True,2022-09-12,2022-10-18,-16.5,-16.5,25.0,25.0,0,0,0,-19.056563071152915,-16.5,-16.5,2.3903943739929545,2.0,2.0,1.0,1.3041616512750436,1.0412635147562848,11.851961348356431,43.0,7.0,955.2660381271794,0.0,True
2022_AR_8920_20221108_D007,2022_AR_8920_20221108,2022,AR,8920,2022-11-08,2022-11-01,7,9,3,3,3,0,True,2022-09-12,2022-10-31,-20.6,-20.0,21.666666666666668,14.0,0,0,0,-24.460686191285692,-20.599999999999998,-20.0,5.098524582091065,3.0,3.0,2.0,2.175269459553503,1.653243307242025,8.950506885533201,50.0,1.0,734.3708119021716,0.0,True
2022_AR_8920_20221108_D000,2022_AR_8920_20221108,2022,AR,8920,2022-11-08,2022-11-08,0,9,3,3,3,0,True,2022-09-12,2022-10-31,-20.6,-20.0,28.666666666666668,21.0,0,0,0,-24.46068619128569,-20.599999999999998,-20.0,5.098524582091065,3.0,3.0,2.0,2.1752694595535034,1.1690195535021108,15.950506885533201,57.0,8.0,734.3708119021717,0.0,True
2022_AZ_8919_20221108_D120,2022_AZ_8919_20221108,2022,AZ,8919,2022-11-08,2022-07-11,120,206,88,88,3,85,True,2021-09-12,2022-06-27,11.433333333333335,9.0,124.0,56.0,0,0,0,9.759265165620468,11.433333333333335,9.0,2.2284865082168968,3.0,3.0,3.0,1.2290799718147676,0.6049027607331122,18.36856015856382,302.0,14.0,694.911247941821,0.0,True
2022_AZ_8919_20221108_D090,2022_AZ_8919_20221108,2022,AZ,8919,2022-11-08,2022-08-10,90,206,88,88,10,78,True,2021-09-12,2022-08-08,11.53,13.0,54.5,21.0,0,0,0,12.519037103084182,11.530000000000001,13.0,3.929374266987075,10.0,7.0,7.0,5.908355403760909,5.007979128510521,8.368843480858928,332.0,2.0,795.3994516094995,0.0,True
2022_AZ_8919_20221108_D060,2022_AZ_8919_20221108,2022,AZ,8919,2022-11-08,2022-09-09,60,206,88,88,19,69,True,2021-09-12,2022-09-09,11.015789473684212,12.0,47.68421052631579,32.0,0,0,0,11.789303513298123,11.015789473684212,12.0,6.676866750550061,19.0,15.0,13.0,10.469466386464038,8.797820630877155,8.64329350218345,362.0,0.0,763.6897104884954,0.0,True
2022_AZ_8919_20221108_D030,2022_AZ_8919_20221108,2022,AZ,8919,2022-11-08,2022-10-09,30,206,88,88,33,55,True,2021-09-12,2022-10-09,10.00909090909091,9.0,50.303030303030305,30.0,0,0,0,10.308820963805193,10.00909090909091,9.0,6.530030902139391,33.0,26.0,19.0,16.10174003922585,11.244819060513072,14.244651356479539,392.0,0.0,828.4261928910408,0.0,True
2022_AZ_8919_20221108_D014,2022_AZ_8919_20221108,2022,AZ,8919,2022-11-08,2022-10-25,14,206,88,88,44,44,True,2021-09-12,2022-10-25,8.159090909090908,6.899999999999999,52.15909090909091,39.0,0,0,0,5.494853868847638,8.159090909090908,6.899999999999999,5.7452080642557615,44.0,37.0,25.0,21.821200670132356,12.872331031588859,17.14640835288789,408.0,0.0,812.1723852434601,0.0,True
2022_AZ_8919_20221108_D007,2022_AZ_8919_20221108,2022,AZ,8919,2022-11-08,2022-11-01,7,206,88,88,56,32,True,2021-09-12,2022-11-01,7.294642857142859,6.0,47.30357142857143,30.0,0,0,0,4.706920049271561,7.2946428571428585,6.0,5.530509155427969,56.0,46.0,28.0,27.5428521239043,20.92920548729758,12.453791147139592,415.0,0.0,847.0167097255422,0.0,True
2022_AZ_8919_20221108_D000,2022_AZ_8919_20221108,2022,AZ,8919,2022-11-08,2022-11-08,0,206,88,88,69,19,True,2021-09-12,2022-11-07,6.171014492753623,4.0,44.82608695652174,29.0,0,0,0,3.127585714641686,6.171014492753623,4.0,4.618714506165001,69.0,58.0,35.0,36.63234162864312,26.905740140724184,12.400152261340333,422.0,1.0,846.4250465536084,0.0,True
2022_CA_8921_20221108_D120,2022_CA_8921_20221108,2022,CA,8921,2022-11-08,2022-07-11,120,8,4,4,0,4,False,,,,,,,0,0,0,,,,,0.0,0.0,,0.0,0.0,,,,,0.0,False
2022_CA_8921_20221108_D090,2022_CA_8921_20221108,2022,CA,8921,2022-11-08,2022-08-10,90,8,4,4,0,4,False,,,,,,,0,0,0,,,,,0.0,0.0,,0.0,0.0,,,,,0.0,False
2022_CA_8921_20221108_D060,2022_CA_8921_20221108,2022,CA,8921,2022-11-08,2022-09-09,60,8,4,4,0,4,False,,,,,,,0,0,0,,,,,0.0,0.0,,0.0,0.0,,,,,0.0,False
2022_CA_8921_20221108_D030,2022_CA_8921_20221108,2022,CA,8921,2022-11-08,2022-10-09,30,8,4,4,0,4,False,,,,,,,0,0,0,,,,,0.0,0.0,,0.0,0.0,,,,,0.0,False
2022_CA_8921_20221108_D014,2022_CA_8921_20221108,2022,CA,8921,2022-11-08,2022-10-25,14,8,4,4,2,2,True,2022-10-10,2022-10-20,26.0,26.0,10.0,10.0,0,0,0,25.411381644517043,26.0,26.0,3.956454022428232,2.0,2.0,2.0,1.957609008529891,1.0779658639136538,10.735772944353693,15.0,5.0,669.7297220204723,0.0,True
2022_CA_8921_20221108_D007,2022_CA_8921_20221108,2022,CA,8921,2022-11-08,2022-11-01,7,8,4,4,2,2,True,2022-10-10,2022-10-20,26.0,26.0,17.0,17.0,0,0,0,25.411381644517046,26.0,26.0,3.956454022428233,2.0,2.0,2.0,1.9576090085298905,0.7622369722609594,17.735772944353695,22.0,12.0,669.7297220204723,0.0,True
2022_CA_8921_20221108_D000,2022_CA_8921_20221108,2022,CA,8921,2022-11-08,2022-11-08,0,8,4,4,4,0,True,2022-10-10,2022-11-06,23.5,24.0,14.0,12.5,0,0,0,22.26046965576265,23.5,24.0,5.090091880044348,4.0,4.0,4.0,3.171896301099317,2.1823735914406432,9.189528618326564,29.0,2.0,642.8186945057403,0.0,True
2022_CA_9480_20221108_D120,2022_CA_9480_20221108,2022,CA,9480,2022-11-08,2022-07-11,120,4,2,2,0,2,False,,,,,,,0,0,0,,,,,0.0,0.0,,0.0,0.0,,,,,0.0,False
2022_CA_9480_20221108_D090,2022_CA_9480_20221108,2022,CA,9480,2022-11-08,2022-08-10,90,4,2,2,0,2,False,,,,,,,0,0,0,,,,,0.0,0.0,,0.0,0.0,,,,,0.0,False
2022_CA_9480_20221108_D060,2022_CA_9480_20221108,2022,CA,9480,2022-11-08,2022-09-09,60,4,2,2,0,2,False,,,,,,,0,0,0,,,,,0.0,0.0,,0.0,0.0,,,,,0.0,False
2022_CA_9480_20221108_D030,2022_CA_9480_20221108,2022,CA,9480,2022-11-08,2022-10-09,30,4,2,2,0,2,False,,,,,,,0,0,0,,,,,0.0,0.0,,0.0,0.0,,,,,0.0,False
2022_CA_9480_20221108_D014,2022_CA_9480_20221108,2022,CA,9480,2022-11-08,2022-10-25,14,4,2,2,1,1,True,2022-10-10,2022-10-10,22.0,22.0,15.0,15.0,0,0,0,22.0,22.0,22.0,,1.0,1.0,1.0,1.0,0.618296743717279,15.0,15.0,15.0,1013.0000000000001,0.0,True
2022_CA_9480_20221108_D007,2022_CA_9480_20221108,2022,CA,9480,2022-11-08,2022-11-01,7,4,2,2,1,1,True,2022-10-10,2022-10-10,22.0,22.0,22.0,22.0,0,0,0,22.0,22.0,22.0,,1.0,1.0,1.0,1.0,0.43720182026804877,22.0,22.0,22.0,1013.0,0.0,True
2022_CA_9480_20221108_D000,2022_CA_9480_20221108,2022,CA,9480,2022-11-08,2022-11-08,0,4,2,2,2,0,True,2022-10-10,2022-11-06,19.0,19.0,15.5,15.5,0,0,0,17.696243814301642,19.0,19.0,2.7018918942572943,2.0,2.0,2.0,1.6822775493915552,1.0935280739199105,9.633097164357387,29.0,2.0,609.1642112419707,0.0,True
2022_CO_8922_20221108_D120,2022_CO_8922_20221108,2022,CO,8922,2022-11-08,2022-07-11,120,67,28,28,1,27,True,2022-06-08,2022-06-08,13.0,13.0,33.0,33.0,0,0,0,13.000000000000002,13.0,13.0,,1.0,1.0,1.0,1.0,0.15936159448225468,33.0,33.0,33.0,400.0,0.0,True
2022_CO_8922_20221108_D090,2022_CO_8922_20221108,2022,CO,8922,2022-11-08,2022-08-10,90,67,28,28,2,26,True,2022-06-08,2022-07-26,10.35,10.35,39.0,39.0,0,0,0,8.106501031821367,10.350000000000001,10.350000000000001,1.4103944057537217,2.0,2.0,2.0,1.1650006156748578,0.4704718111345575,18.681518778759525,63.0,15.0,492.3301692109177,0.0,True
2022_CO_8922_20221108_D060,2022_CO_8922_20221108,2022,CO,8922,2022-11-08,2022-09-09,60,67,28,28,5,23,True,2022-06-08,2022-08-31,7.7,7.700000000000003,36.6,21.0,1,0,0,6.785599932829212,7.7,7.700000000000003,4.079118691513119,5.0,5.0,5.0,3.210916502302348,1.789406664469767,16.149212782430286,93.0,9.0,797.4686446043344,0.0,True
2022_CO_8922_20221108_D030,2022_CO_8922_20221108,2022,CO,8922,2022-11-08,2022-10-09,30,67,28,28,11,17,True,2022-06-08,2022-10-06,7.372727272727272,7.700000000000003,36.27272727272727,20.0,1,0,0,7.30298457972424,7.372727272727272,7.700000000000003,2.836663131717097,11.0,11.0,10.0,6.238073999831832,5.069895629444294,11.923602963949827,123.0,3.0,989.0293472576375,0.0,True
2022_CO_8922_20221108_D014,2022_CO_8922_20221108,2022,CO,8922,2022-11-08,2022-10-25,14,67,28,28,18,10,True,2022-06-08,2022-10-25,9.58888888888889,10.0,35.77777777777778,23.5,1,0,0,11.482032918275983,9.58888888888889,10.0,3.5927456121720036,18.0,15.0,13.0,11.300243457475938,7.293455749705593,14.56633609418904,139.0,0.0,834.2212225612666,0.0,True
2022_CO_8922_20221108_D007,2022_CO_8922_20221108,2022,CO,8922,2022-11-08,2022-11-01,7,67,28,28,20,8,True,2022-06-08,2022-11-01,9.11,9.8,38.65,26.0,1,0,0,9.225634990122048,9.11,9.8,4.786712406211984,20.0,17.0,13.0,10.738858026098436,7.6141771563355585,15.045806577838796,146.0,0.0,902.5427716560415,0.0,True
2022_CO_8922_20221108_D000,2022_CO_8922_20221108,2022,CO,8922,2022-11-08,2022-11-08,0,67,28,28,22,6,True,2022-06-08,2022-11-07,8.963636363636363,9.3,41.68181818181818,30.5,1,0,0,8.6339854513995,8.963636363636363,9.3,4.019626593537604,22.0,19.0,13.0,10.28707282861017,8.029223430031518,15.488112390241591,153.0,1.0,1098.9392936714028,0.0,True
2022_CT_8923_20221108_D120,2022_CT_8923_20221108,2022,CT,8923,2022-11-08,2022-07-11,120,26,13,13,1,12,True,2022-05-11,2022-05-11,15.800000000000004,15.800000000000004,61.0,61.0,0,0,0,15.800000000000004,15.800000000000004,15.800000000000004,,1.0,1.0,1.0,1.0,0.06299320126500578,61.0,61.0,61.0,1000.0,0.0,True
2022_CT_8923_20221108_D090,2022_CT_8923_20221108,2022,CT,8923,2022-11-08,2022-08-10,90,26,13,13,2,11,True,2022-05-11,2022-07-27,14.000000000000004,14.000000000000004,52.5,52.5,0,0,0,12.309090909090914,14.000000000000004,14.000000000000004,0.6171113726718961,2.0,2.0,2.0,1.062439024390244,0.47069907285600215,16.333333333333336,91.0,14.0,515.1515151515151,0.0,True
2022_CT_8923_20221108_D060,2022_CT_8923_20221108,2022,CT,8923,2022-11-08,2022-09-09,60,26,13,13,3,10,True,2022-05-11,2022-09-09,13.566666666666668,12.699999999999996,55.0,44.0,0,0,0,12.670188788252052,13.566666666666668,12.699999999999996,0.1995170722269986,3.0,3.0,2.0,1.1644598233043655,1.397575270993996,3.5334374234578916,121.0,0.0,963.0248536459607,0.0,True
2022_CT_8923_20221108_D030,2022_CT_8923_20221108,2022,CT,8923,2022-11-08,2022-10-09,30,26,13,13,6,7,True,2022-05-11,2022-09-21,14.116666666666667,13.5,51.833333333333336,25.0,0,0,0,14.600644748666458,14.116666666666669,13.5,1.8275080769007708,6.0,5.0,4.0,3.802954998996105,1.8489842769189513,21.361774003699807,151.0,18.0,1170.5924941716037,0.0,True
2022_CT_8923_20221108_D014,2022_CT_8923_20221108,2022,CT,8923,2022-11-08,2022-10-25,14,26,13,13,9,4,True,2022-05-11,2022-10-23,13.0,13.0,47.22222222222222,34.0,0,0,0,12.41890272233904,13.0,13.0,3.7622152363338413,9.0,8.0,5.0,4.102680477424704,4.262108392553809,11.27588297519255,167.0,2.0,1397.03688224503,0.0,True
2022_CT_8923_20221108_D007,2022_CT_8923_20221108,2022,CT,8923,2022-11-08,2022-11-01,7,26,13,13,10,3,True,2022-05-11,2022-10-26,14.2,13.5,49.4,41.0,0,0,0,15.460992749192668,14.2,13.5,6.304784144225083,10.0,9.0,6.0,5.035576847879243,3.974887431386356,15.307593298586653,174.0,6.0,1302.0011668956017,0.0,True
2022_CT_8923_20221108_D000,2022_CT_8923_20221108,2022,CT,8923,2022-11-08,2022-11-08,0,26,13,13,10,3,True,2022-05-11,2022-10-26,14.2,13.5,56.4,48.0,0,0,0,15.46099274919267,14.2,13.5,6.304784144225084,10.0,9.0,6.0,5.035576847879242,2.8106698571864697,22.307593298586657,181.0,13.0,1302.001166895602,0.0,True
2022_FL_8924_20221108_D120,2022_FL_8924_20221108,2022,FL,8924,2022-11-08,2022-07-11,120,144,68,68,26,42,True,2021-06-21,2022-07-09,-10.203846153846154,-9.9,204.69230769230768,239.0,0,0,0,-8.80312274260644,-10.203846153846154,-9.899999999999999,1.7157418474522166,26.0,20.0,14.0,3.266316826061988,3.0606105237394567,4.841634272091735,385.0,2.0,718.1967845357375,0.0,True
2022_FL_8924_20221108_D090,2022_FL_8924_20221108,2022,FL,8924,2022-11-08,2022-08-10,90,144,68,68,28,40,True,2021-06-21,2022-08-05,-9.475,-9.4,218.46428571428572,228.5,0,0,0,-2.1920973476156096,-9.475,-9.399999999999999,3.9019290153912083,28.0,22.0,15.0,3.3212109202180202,2.7830480943032336,14.347283653375985,415.0,5.0,1418.0047097175857,0.0,True
2022_FL_8924_20221108_D060,2022_FL_8924_20221108,2022,FL,8924,2022-11-08,2022-09-09,60,144,68,68,38,30,True,2021-06-21,2022-09-07,-7.928947368421053,-7.100000000000001,187.07894736842104,189.0,1,0,0,-3.416116087258728,-7.928947368421053,-7.100000000000001,3.8038974487875987,38.0,31.0,19.0,9.765261168198087,6.634291649640504,14.497974681666491,445.0,2.0,1164.885709634809,0.0,True
2022_FL_8924_20221108_D030,2022_FL_8924_20221108,2022,FL,8924,2022-11-08,2022-10-09,30,144,68,68,47,21,True,2021-06-21,2022-09-28,-7.282978723404256,-7.0,179.29787234042553,92.0,1,0,0,-3.855732114254167,-7.282978723404256,-7.0,3.1194625360602632,47.0,39.0,22.0,12.197953914451068,5.4648876208153165,24.59083660457446,475.0,11.0,1182.9589425538106,0.0,True
2022_FL_8924_20221108_D014,2022_FL_8924_20221108,2022,FL,8924,2022-11-08,2022-10-25,14,144,68,68,54,14,True,2021-06-21,2022-10-24,-7.129629629629631,-6.850000000000001,170.8148148148148,83.5,1,0,0,-5.659653940542017,-7.129629629629631,-6.850000000000001,2.9652281132521687,54.0,46.0,27.0,12.062211897900943,8.399908960758562,15.86086178152611,491.0,1.0,941.7906870886796,0.0,True
2022_FL_8924_20221108_D007,2022_FL_8924_20221108,2022,FL,8924,2022-11-08,2022-11-01,7,144,68,68,58,10,True,2021-06-21,2022-11-01,-7.06896551724138,-6.850000000000001,165.56896551724137,80.0,1,0,0,-5.955425053636519,-7.06896551724138,-6.850000000000001,2.471414765005296,58.0,50.0,29.0,13.828952737947432,10.156465144684335,13.497180189025874,498.0,0.0,858.36947745032,0.0,True
2022_FL_8924_20221108_D000,2022_FL_8924_20221108,2022,FL,8924,2022-11-08,2022-11-08,0,144,68,68,62,6,True,2021-06-21,2022-11-06,-7.225806451612904,-7.0,161.69354838709677,84.0,1,0,0,-7.305234974068343,-7.225806451612904,-7.0,2.9565376337202234,62.0,54.0,31.0,15.84686091390578,10.95306467253803,14.707352447353138,505.0,2.0,878.8472764031046,0.0,True
2022_GA_8925_20221108_D120,2022_GA_8925_20221108,2022,GA,8925,2022-11-08,2022-07-11,120,208,86,86,18,68,True,2021-03-09,2022-07-11,0.4888888888888887,-0.4499999999999993,138.77777777777777,112.0,2,0,0,2.701998313559213,0.48888888888888865,-0.4499999999999993,4.34725719950665,18.0,17.0,16.0,5.130025047373274,3.971315217817927,11.71502612618994,489.0,0.0,965.6360698892865,0.0,True
2022_GA_8925_20221108_D090,2022_GA_8925_20221108,2022,GA,8925,2022-11-08,2022-08-10,90,208,86,86,27,59,True,2021-03-09,2022-08-07,1.562962962962963,2.0,117.55555555555556,55.0,3,0,0,3.11558955843458,1.562962962962963,2.0,4.443673623728732,27.0,25.0,22.0,10.340163520711027,5.700793744880687,17.692029507833606,519.0,3.0,799.6744811348187,0.0,True
2022_GA_8925_20221108_D060,2022_GA_8925_20221108,2022,GA,8925,2022-11-08,2022-09-09,60,208,86,86,31,55,True,2021-03-09,2022-09-07,1.506451612903226,0.7999999999999972,129.4193548387097,74.0,3,0,0,2.245000379132349,1.506451612903226,0.7999999999999972,5.3349644921516015,31.0,29.0,24.0,7.160790894419959,4.4559123118283654,18.147414911443903,549.0,2.0,758.1884100604437,0.0,True
2022_GA_8925_20221108_D030,2022_GA_8925_20221108,2022,GA,8925,2022-11-08,2022-10-09,30,208,86,86,43,43,True,2021-03-09,2022-10-07,2.346511627906977,3.0,119.51162790697674,77.0,3,0,0,4.331228589441867,2.346511627906977,3.0,4.266119515899576,43.0,40.0,27.0,12.292220223701653,8.480441384058478,16.398218677053,579.0,2.0,957.8075317187165,0.0,True
2022_GA_8925_20221108_D014,2022_GA_8925_20221108,2022,GA,8925,2022-11-08,2022-10-25,14,208,86,86,57,29,True,2021-03-09,2022-10-25,1.8385964912280703,2.0,104.12280701754386,57.0,5,0,0,0.7377077523287563,1.8385964912280703,2.0,4.105149091283038,57.0,54.0,32.0,20.266015474375997,15.609167332296195,12.698071581498347,595.0,0.0,907.0115874911879,0.0,True
2022_GA_8925_20221108_D007,2022_GA_8925_20221108,2022,GA,8925,2022-11-08,2022-11-01,7,208,86,86,63,23,True,2021-03-09,2022-11-01,1.780952380952381,2.0,100.82539682539682,50.0,5,0,0,0.9590560402439877,1.780952380952381,2.0,3.507516103459107,63.0,60.0,34.0,23.741503866236837,17.06625466672329,13.695594097024463,602.0,0.0,884.4399328319874,0.0,True
2022_GA_8925_20221108_D000,2022_GA_8925_20221108,2022,GA,8925,2022-11-08,2022-11-08,0,208,86,86,81,5,True,2021-03-09,2022-11-07,1.3493827160493828,0.7999999999999972,84.61728395061728,35.0,6,0,0,0.44094953626611455,1.3493827160493828,0.7999999999999972,4.773188703190766,81.0,75.0,40.0,36.22662500227599,30.160356680881666,10.168804430076824,609.0,1.0,903.5292857763072,0.0,True
2022_GA_9552_20221206_D120,2022_GA_9552_20221206,2022,GA,9552,2022-12-06,2022-08-08,120,28,14,14,0,14,False,,,,,,,0,0,0,,,,,0.0,0.0,,0.0,0.0,,,,,0.0,False
2022_GA_9552_20221206_D090,2022_GA_9552_20221206,2022,GA,9552,2022-12-06,2022-09-07,90,28,14,14,0,14,False,,,,,,,0,0,0,,,,,0.0,0.0,,0.0,0.0,,,,,0.0,False
2022_GA_9552_20221206_D060,2022_GA_9552_20221206,2022,GA,9552,2022-12-06,2022-10-07,60,28,14,14,0,14,False,,,,,,,0,0,0,,,,,0.0,0.0,,0.0,0.0,,,,,0.0,False
2022_GA_9552_20221206_D030,2022_GA_9552_20221206,2022,GA,9552,2022-12-06,2022-11-06,30,28,14,14,0,14,False,,,,,,,0,0,0,,,,,0.0,0.0,,0.0,0.0,,,,,0.0,False
2022_GA_9552_20221206_D014,2022_GA_9552_20221206,2022,GA,9552,2022-12-06,2022-11-22,14,28,14,14,0,14,False,,,,,,,0,0,0,,,,,0.0,0.0,,0.0,0.0,,,,,0.0,False
2022_GA_9552_20221206_D007,2022_GA_9552_20221206,2022,GA,9552,2022-12-06,2022-11-29,7,28,14,14,0,14,False,,,,,,,0,0,0,,,,,0.0,0.0,,0.0,0.0,,,,,0.0,False
2022_GA_9552_20221206_D000,2022_GA_9552_20221206,2022,GA,9552,2022-12-06,2022-12-06,0,28,14,14,0,14,False,,,,,,,0,0,0,,,,,0.0,0.0,,0.0,0.0,,,,,0.0,False
2022_IA_8930_20221108_D120,2022_IA_8930_20221108,2022,IA,8930,2022-11-08,2022-07-11,120,38,19,19,2,17,True,2022-04-11,2022-07-04,-4.0,-4.0,49.0,49.0,2,0,0,-4.973846856093459,-4.0,-4.0,0.22720541559761598,2.0,2.0,1.0,1.026495017316262,1.1283072636849787,8.098432044074714,91.0,7.0,1482.5339929235329,0.0,True
2022_IA_8930_20221108_D090,2022_IA_8930_20221108,2022,IA,8930,2022-11-08,2022-08-10,90,38,19,19,4,15,True,2022-04-11,2022-07-14,-6.050000000000001,-6.5,53.25,32.5,2,0,0,-7.061171774103878,-6.050000000000001,-6.5,1.4824470955205518,4.0,4.0,3.0,3.0245799862959135,0.7675470237741402,31.019092015726216,121.0,27.0,892.7832090868976,0.0,True
2022_IA_8930_20221108_D060,2022_IA_8930_20221108,2022,IA,8930,2022-11-08,2022-09-09,60,38,19,19,5,14,True,2022-04-11,2022-09-08,-5.640000000000001,-5.0,66.8,58.0,3,0,0,-4.357698739885146,-5.640000000000001,-5.0,1.1062661597931347,5.0,5.0,3.0,1.2747495959461306,1.4873425608290651,8.013246941805697,151.0,1.0,1113.76210111276,0.0,True
2022_IA_8930_20221108_D030,2022_IA_8930_20221108,2022,IA,8930,2022-11-08,2022-10-09,30,38,19,19,8,11,True,2022-04-11,2022-10-04,-7.2875,-6.5,63.125,59.0,4,0,0,-9.480832972596307,-7.287500000000001,-6.5,3.953963999466006,8.0,8.0,4.0,3.6443044244380283,2.8450797557036855,10.46967957389045,181.0,5.0,883.7533220463839,0.0,True
2022_IA_8930_20221108_D014,2022_IA_8930_20221108,2022,IA,8930,2022-11-08,2022-10-25,14,38,19,19,12,7,True,2022-04-11,2022-10-25,-6.941666666666667,-6.5,54.916666666666664,24.0,6,0,0,-7.307718508251017,-6.941666666666667,-6.5,3.763825070832398,12.0,12.0,6.0,6.388566608362276,4.500989585629466,11.535392826136828,197.0,0.0,771.8848356850199,0.0,True
2022_IA_8930_20221108_D007,2022_IA_8930_20221108,2022,IA,8930,2022-11-08,2022-11-01,7,38,19,19,13,6,True,2022-04-11,2022-10-27,-7.269230769230769,-8.0,57.53846153846154,28.0,6,0,0,-8.074420833618895,-7.269230769230769,-8.0,3.7111011844295603,13.0,13.0,6.0,7.156255086763075,3.963389440204334,15.869188653451555,204.0,5.0,738.0269290833152,0.0,True
2022_IA_8930_20221108_D000,2022_IA_8930_20221108,2022,IA,8930,2022-11-08,2022-11-08,0,38,19,19,14,5,True,2022-04-11,2022-11-03,-7.607142857142857,-8.0,60.285714285714285,35.0,6,0,0,-9.030279607972165,-7.607142857142857,-8.0,3.6410748910157893,14.0,14.0,6.0,7.180721292660388,3.7045881149636672,18.51813113020675,211.0,5.0,753.3605549847321,0.0,True
2022_IL_8928_20221108_D120,2022_IL_8928_20221108,2022,IL,8928,2022-11-08,2022-07-11,120,20,8,8,0,8,False,,,,,,,0,0,0,,,,,0.0,0.0,,0.0,0.0,,,,,0.0,False
2022_IL_8928_20221108_D090,2022_IL_8928_20221108,2022,IL,8928,2022-11-08,2022-08-10,90,20,8,8,1,7,True,2022-07-19,2022-07-19,9.4,9.4,22.0,22.0,0,0,0,9.4,9.4,9.4,,1.0,1.0,1.0,1.0,0.4774311002714595,22.0,22.0,22.0,1208.0,0.0,True
2022_IL_8928_20221108_D060,2022_IL_8928_20221108,2022,IL,8928,2022-11-08,2022-09-09,60,20,8,8,2,6,True,2022-07-19,2022-08-28,16.2,16.2,32.0,32.0,0,0,0,20.62122640192341,16.2,16.2,5.16650337297242,2.0,2.0,2.0,1.4057436659064855,0.6180622637360687,18.99639293551939,52.0,12.0,633.7372370780373,0.0,True
2022_IL_8928_20221108_D030,2022_IL_8928_20221108,2022,IL,8928,2022-11-08,2022-10-09,30,20,8,8,3,5,True,2022-07-19,2022-09-23,17.1,18.9,46.666666666666664,42.0,0,0,0,19.232440024481853,17.099999999999998,18.9,2.370055661757347,3.0,3.0,3.0,1.475889716435508,0.7245905158902474,22.37296852002686,82.0,16.0,929.2595083735026,0.0,True
2022_IL_8928_20221108_D014,2022_IL_8928_20221108,2022,IL,8928,2022-11-08,2022-10-25,14,20,8,8,7,1,True,2022-07-19,2022-10-25,15.828571428571433,16.0,31.0,14.0,0,0,0,14.611017198481754,15.828571428571431,16.0,3.838633688511258,7.0,7.0,6.0,4.261508732949951,3.816705282781261,8.066427891534879,98.0,0.0,866.1509273994018,0.0,True
2022_IL_8928_20221108_D007,2022_IL_8928_20221108,2022,IL,8928,2022-11-08,2022-11-01,7,20,8,8,7,1,True,2022-07-19,2022-10-25,15.828571428571433,16.0,38.0,21.0,0,0,0,14.611017198481752,15.828571428571431,16.0,3.838633688511258,7.0,7.0,6.0,4.261508732949951,2.6988181872451493,15.066427891534875,105.0,7.0,866.1509273994016,0.0,True
2022_IL_8928_20221108_D000,2022_IL_8928_20221108,2022,IL,8928,2022-11-08,2022-11-08,0,20,8,8,8,0,True,2022-07-19,2022-11-06,16.1,17.0,39.625,28.0,0,0,0,15.59821123824954,16.1,17.0,3.579647385706615,8.0,8.0,7.0,4.933079876602393,2.692732343451901,16.221176034523772,112.0,2.0,744.9282068271763,0.0,True
2022_IN_8929_20221108_D120,2022_IN_8929_20221108,2022,IN,8929,2022-11-08,2022-07-11,120,7,3,3,0,3,False,,,,,,,0,0,0,,,,,0.0,0.0,,0.0,0.0,,,,,0.0,False
2022_IN_8929_20221108_D090,2022_IN_8929_20221108,2022,IN,8929,2022-11-08,2022-08-10,90,7,3,3,0,3,False,,,,,,,0,0,0,,,,,0.0,0.0,,0.0,0.0,,,,,0.0,False
2022_IN_8929_20221108_D060,2022_IN_8929_20221108,2022,IN,8929,2022-11-08,2022-09-09,60,7,3,3,1,2,True,2022-08-24,2022-08-24,-3.0,-3.0,16.0,16.0,1,0,0,-3.0,-3.0,-3.0,,1.0,1.0,1.0,1.0,0.7925082062309183,16.0,16.0,16.0,2111.0,0.0,True
2022_IN_8929_20221108_D030,2022_IN_8929_20221108,2022,IN,8929,2022-11-08,2022-10-09,30,7,3,3,2,1,True,2022-08-24,2022-09-26,-2.5,-2.5,29.5,29.5,1,0,0,-2.2545992718670416,-2.5,-2.5,0.43563572240096876,2.0,2.0,2.0,1.6117515130537365,0.7048266784532805,21.401775971612377,46.0,13.0,984.6994997911,0.0,True
2022_IN_8929_20221108_D014,2022_IN_8929_20221108,2022,IN,8929,2022-11-08,2022-10-25,14,7,3,3,2,1,True,2022-08-24,2022-09-26,-2.5,-2.5,45.5,45.5,1,0,0,-2.2545992718670416,-2.5,-2.5,0.43563572240096876,2.0,2.0,2.0,1.6117515130537368,0.3191891009398317,37.40177597161238,62.0,29.0,984.6994997911,0.0,True
2022_IN_8929_20221108_D007,2022_IN_8929_20221108,2022,IN,8929,2022-11-08,2022-11-01,7,7,3,3,2,1,True,2022-08-24,2022-09-26,-2.5,-2.5,52.5,52.5,1,0,0,-2.254599271867042,-2.5,-2.5,0.43563572240096876,2.0,2.0,2.0,1.6117515130537368,0.22570077775539243,44.40177597161238,69.0,36.0,984.6994997911003,0.0,True
2022_IN_8929_20221108_D000,2022_IN_8929_20221108,2022,IN,8929,2022-11-08,2022-11-08,0,7,3,3,3,0,True,2022-08-24,2022-11-07,-5.333333333333333,-3.0,40.0,43.0,1,0,0,-9.829752923190732,-5.333333333333333,-3.0,2.9816432077345643,3.0,3.0,3.0,1.3133878021760084,1.1926697579891796,7.744405754562498,76.0,1.0,744.159764082224,0.0,True
2022_KS_8931_20221108_D120,2022_KS_8931_20221108,2022,KS,8931,2022-11-08,2022-07-11,120,9,4,4,0,4,False,,,,,,,0,0,0,,,,,0.0,0.0,,0.0,0.0,,,,,0.0,False
2022_KS_8931_20221108_D090,2022_KS_8931_20221108,2022,KS,8931,2022-11-08,2022-08-10,90,9,4,4,1,3,True,2022-08-10,2022-08-10,-20.700000000000003,-20.700000000000003,0.0,0.0,0,0,0,-20.700000000000003,-20.700000000000003,-20.700000000000003,,1.0,1.0,1.0,1.0,1.3379088160259651,0.0,0.0,0.0,1074.0,0.0,True
2022_KS_8931_20221108_D060,2022_KS_8931_20221108,2022,KS,8931,2022-11-08,2022-09-09,60,9,4,4,2,2,True,2022-08-10,2022-09-07,-19.85,-19.85,16.0,16.0,0,0,0,-19.497573834197475,-19.85,-19.85,0.7734958291146318,2.0,2.0,2.0,1.7066172531122916,1.0350316407493585,10.195333739723079,30.0,2.0,591.614914660398,0.0,True
2022_KS_8931_20221108_D030,2022_KS_8931_20221108,2022,KS,8931,2022-11-08,2022-10-09,30,9,4,4,3,1,True,2022-08-10,2022-09-18,-17.3,-19.0,37.666666666666664,32.0,0,0,0,-14.67580469277724,-17.3,-19.0,3.4843563168526432,3.0,3.0,3.0,1.984066437038183,0.6907986271597867,27.512287293282043,60.0,21.0,861.4496086348659,0.0,True
2022_KS_8931_20221108_D014,2022_KS_8931_20221108,2022,KS,8931,2022-11-08,2022-10-25,14,9,4,4,3,1,True,2022-08-10,2022-09-18,-17.3,-19.0,53.666666666666664,48.0,0,0,0,-14.675804692777243,-17.3,-19.0,3.4843563168526432,3.0,3.0,3.0,1.9840664370381826,0.3128363319298191,43.51228729328205,76.0,37.0,861.4496086348659,0.0,True
2022_KS_8931_20221108_D007,2022_KS_8931_20221108,2022,KS,8931,2022-11-08,2022-11-01,7,9,4,4,4,0,True,2022-08-10,2022-10-29,-18.375,-19.85,46.25,49.5,0,0,0,-20.451814270657906,-18.375,-19.85,2.940261309035181,4.0,4.0,3.0,1.409023401474,1.3340108189000899,10.878594958412403,83.0,3.0,977.0252606834662,0.0,True
2022_KS_8931_20221108_D000,2022_KS_8931_20221108,2022,KS,8931,2022-11-08,2022-11-08,0,9,4,4,4,0,True,2022-08-10,2022-10-29,-18.375,-19.85,53.25,56.5,0,0,0,-20.45181427065791,-18.375,-19.85,2.9402613090351823,4.0,4.0,3.0,1.4090234014739997,0.9432880962204727,17.878594958412407,90.0,10.0,977.0252606834664,0.0,True
2022_KY_8932_20221108_D120,2022_KY_8932_20221108,2022,KY,8932,2022-11-08,2022-07-11,120,2,1,1,1,0,True,2022-01-22,2022-01-22,-16.0,-16.0,170.0,170.0,0,0,0,-16.0,-16.0,-16.0,,1.0,1.0,1.0,1.0,0.0002256836777150917,170.0,170.0,170.0,625.0,0.0,True
2022_KY_8932_20221108_D090,2022_KY_8932_20221108,2022,KY,8932,2022-11-08,2022-08-10,90,2,1,1,1,0,True,2022-01-22,2022-01-22,-16.0,-16.0,200.0,200.0,0,0,0,-16.0,-16.0,-16.0,,1.0,1.0,1.0,1.0,5.110176188616678e-05,200.0,200.0,200.0,625.0,0.0,True
2022_KY_8932_20221108_D060,2022_KY_8932_20221108,2022,KY,8932,2022-11-08,2022-09-09,60,2,1,1,1,0,True,2022-01-22,2022-01-22,-16.0,-16.0,230.0,230.0,0,0,0,-16.0,-16.0,-16.0,,1.0,1.0,1.0,1.0,1.1571018756470159e-05,230.00000000000003,230.0,230.0,625.0,0.0,True
2022_KY_8932_20221108_D030,2022_KY_8932_20221108,2022,KY,8932,2022-11-08,2022-10-09,30,2,1,1,1,0,True,2022-01-22,2022-01-22,-16.0,-16.0,260.0,260.0,0,0,0,-16.0,-16.0,-16.0,,1.0,1.0,1.0,1.0,2.620036376844137e-06,260.0,260.0,260.0,625.0,0.0,True
2022_KY_8932_20221108_D014,2022_KY_8932_20221108,2022,KY,8932,2022-11-08,2022-10-25,14,2,1,1,1,0,True,2022-01-22,2022-01-22,-16.0,-16.0,276.0,276.0,0,0,0,-16.0,-16.0,-16.0,,1.0,1.0,1.0,1.0,1.1865144738699993e-06,276.0,276.0,276.0,625.0,0.0,True
2022_KY_8932_20221108_D007,2022_KY_8932_20221108,2022,KY,8932,2022-11-08,2022-11-01,7,2,1,1,1,0,True,2022-01-22,2022-01-22,-16.0,-16.0,283.0,283.0,0,0,0,-16.0,-16.0,-16.0,,1.0,1.0,1.0,1.0,8.389924304494672e-07,283.0,283.0,283.0,625.0,0.0,True
2022_KY_8932_20221108_D000,2022_KY_8932_20221108,2022,KY,8932,2022-11-08,2022-11-08,0,2,1,1,1,0,True,2022-01-22,2022-01-22,-16.0,-16.0,290.0,290.0,0,0,0,-16.0,-16.0,-16.0,,1.0,1.0,1.0,1.0,5.932572369350006e-07,290.0,290.0,290.0,625.0,0.0,True
2022_LA_8933_20221108_D120,2022_LA_8933_20221108,2022,LA,8933,2022-11-08,2022-07-11,120,12,3,3,0,3,False,,,,,,,0,0,0,,,,,0.0,0.0,,0.0,0.0,,,,,0.0,False
2022_LA_8933_20221108_D090,2022_LA_8933_20221108,2022,LA,8933,2022-11-08,2022-08-10,90,12,3,3,0,3,False,,,,,,,0,0,0,,,,,0.0,0.0,,0.0,0.0,,,,,0.0,False
2022_LA_8933_20221108_D060,2022_LA_8933_20221108,2022,LA,8933,2022-11-08,2022-09-09,60,12,3,3,0,3,False,,,,,,,0,0,0,,,,,0.0,0.0,,0.0,0.0,,,,,0.0,False
2022_LA_8933_20221108_D030,2022_LA_8933_20221108,2022,LA,8933,2022-11-08,2022-10-09,30,12,3,3,0,3,False,,,,,,,0,0,0,,,,,0.0,0.0,,0.0,0.0,,,,,0.0,False
2022_LA_8933_20221108_D014,2022_LA_8933_20221108,2022,LA,8933,2022-11-08,2022-10-25,14,12,3,3,0,3,False,,,,,,,0,0,0,,,,,0.0,0.0,,0.0,0.0,,,,,0.0,False
2022_LA_8933_20221108_D007,2022_LA_8933_20221108,2022,LA,8933,2022-11-08,2022-11-01,7,12,3,3,0,3,False,,,,,,,0,0,0,,,,,0.0,0.0,,0.0,0.0,,,,,0.0,False
2022_LA_8933_20221108_D000,2022_LA_8933_20221108,2022,LA,8933,2022-11-08,2022-11-08,0,12,3,3,0,3,False,,,,,,,0,0,0,,,,,0.0,0.0,,0.0,0.0,,,,,0.0,False
2022_MD_8935_20221108_D120,2022_MD_8935_20221108,2022,MD,8935,2022-11-08,2022-07-11,120,4,2,2,0,2,False,,,,,,,0,0,0,,,,,0.0,0.0,,0.0,0.0,,,,,0.0,False
2022_MD_8935_20221108_D090,2022_MD_8935_20221108,2022,MD,8935,2022-11-08,2022-08-10,90,4,2,2,0,2,False,,,,,,,0,0,0,,,,,0.0,0.0,,0.0,0.0,,,,,0.0,False
2022_MD_8935_20221108_D060,2022_MD_8935_20221108,2022,MD,8935,2022-11-08,2022-09-09,60,4,2,2,0,2,False,,,,,,,0,0,0,,,,,0.0,0.0,,0.0,0.0,,,,,0.0,False
2022_MD_8935_20221108_D030,2022_MD_8935_20221108,2022,MD,8935,2022-11-08,2022-10-09,30,4,2,2,1,1,True,2022-09-12,2022-09-12,23.0,23.0,27.0,27.0,0,0,0,23.0,23.0,23.0,,1.0,1.0,1.0,1.0,0.2933035536898327,27.0,27.0,27.0,748.0,0.0,True
2022_MD_8935_20221108_D014,2022_MD_8935_20221108,2022,MD,8935,2022-11-08,2022-10-25,14,4,2,2,1,1,True,2022-09-12,2022-09-12,23.0,23.0,43.0,43.0,0,0,0,23.0,23.0,23.0,,1.0,1.0,1.0,1.0,0.13282598469479034,43.0,43.0,43.0,748.0,0.0,True
2022_MD_8935_20221108_D007,2022_MD_8935_20221108,2022,MD,8935,2022-11-08,2022-11-01,7,4,2,2,1,1,True,2022-09-12,2022-09-12,23.0,23.0,50.0,50.0,0,0,0,22.999999999999996,23.0,23.0,,1.0,1.0,1.0,1.0,0.09392215449546683,50.0,50.0,50.0,748.0,0.0,True
2022_MD_8935_20221108_D000,2022_MD_8935_20221108,2022,MD,8935,2022-11-08,2022-11-08,0,4,2,2,1,1,True,2022-09-12,2022-09-12,23.0,23.0,57.0,57.0,0,0,0,23.0,23.0,23.0,,1.0,1.0,1.0,1.0,0.06641299234739517,57.0,57.0,57.0,748.0,0.0,True
2022_MO_8936_20221108_D120,2022_MO_8936_20221108,2022,MO,8936,2022-11-08,2022-07-11,120,106,46,46,2,44,True,2022-04-28,2022-05-15,-15.5,-15.5,65.5,65.5,0,0,0,-14.323937699138996,-15.5,-15.5,2.2061000576795067,2.0,2.0,2.0,1.637599808185261,0.12410998959996043,61.50138817707259,74.0,57.0,1299.2005080333577,0.0,True
2022_MO_8936_20221108_D090,2022_MO_8936_20221108,2022,MO,8936,2022-11-08,2022-08-10,90,106,46,46,2,44,True,2022-04-28,2022-05-15,-15.5,-15.5,95.5,95.5,0,0,0,-14.323937699138993,-15.5,-15.5,2.2061000576795062,2.0,2.0,2.0,1.6375998081852607,0.028102338638057885,91.50138817707258,104.0,87.0,1299.2005080333574,0.0,True
2022_MO_8936_20221108_D060,2022_MO_8936_20221108,2022,MO,8936,2022-11-08,2022-09-09,60,106,46,46,4,42,True,2022-04-28,2022-08-25,-13.25,-12.0,72.5,70.5,0,0,0,-11.02120838693092,-13.25,-12.0,0.31796018055492475,4.0,4.0,3.0,1.9094802951747398,0.9972944986849254,19.04785180121557,134.0,15.0,971.296254959294,0.0,True
2022_MO_8936_20221108_D030,2022_MO_8936_20221108,2022,MO,8936,2022-11-08,2022-10-09,30,106,46,46,6,40,True,2022-04-28,2022-09-27,-12.566666666666668,-11.2,73.83333333333333,49.5,0,0,0,-11.228105998860018,-12.566666666666668,-11.2,0.23363126184953542,6.0,6.0,4.0,2.473566140780622,1.367013921323204,20.579693119231152,164.0,12.0,994.9095527396436,0.0,True
2022_MO_8936_20221108_D014,2022_MO_8936_20221108,2022,MO,8936,2022-11-08,2022-10-25,14,106,46,46,7,39,True,2022-04-28,2022-10-25,-12.05714285714286,-11.0,77.0,61.0,0,0,0,-9.719481756408774,-12.057142857142859,-11.0,1.0502634423596517,7.0,7.0,4.0,1.9975911163753592,1.917143927535029,11.812015167942572,180.0,0.0,1005.804204439911,0.0,True
2022_MO_8936_20221108_D007,2022_MO_8936_20221108,2022,MO,8936,2022-11-08,2022-11-01,7,106,46,46,10,36,True,2022-04-28,2022-11-01,-11.79,-11.0,59.2,39.5,0,0,0,-10.717640720170856,-11.790000000000001,-11.0,1.7218587597031707,10.0,10.0,5.0,4.662083020259229,4.903880351680953,6.0642263606113085,187.0,0.0,974.272983802799,0.0,True
2022_MO_8936_20221108_D000,2022_MO_8936_20221108,2022,MO,8936,2022-11-08,2022-11-08,0,106,46,46,11,35,True,2022-04-28,2022-11-07,-12.081818181818182,-11.0,60.27272727272727,42.0,0,0,0,-11.721091502091161,-12.081818181818182,-11.0,2.3580296284833264,11.0,11.0,6.0,5.5353193579399385,4.528753378722859,10.237313300831337,194.0,1.0,920.7836128462034,0.0,True
2022_NC_8940_20221108_D120,2022_NC_8940_20221108,2022,NC,8940,2022-11-08,2022-07-11,120,130,46,46,12,34,True,2021-11-10,2022-07-01,-2.575000000000001,-1.650000000000002,86.33333333333333,59.5,1,0,0,-2.26052105374774,-2.575000000000001,-1.6500000000000021,3.0281917845921984,12.0,11.0,8.0,3.491228099231433,1.7300037179724805,24.343915204040066,243.0,10.0,845.5939931513899,0.0,True
2022_NC_8940_20221108_D090,2022_NC_8940_20221108,2022,NC,8940,2022-11-08,2022-08-10,90,130,46,46,14,32,True,2021-11-10,2022-08-06,-1.7500000000000004,-1.25,101.21428571428572,84.0,1,0,0,2.1083940438171718,-1.7500000000000004,-1.25,3.0188250879495317,14.0,13.0,10.0,2.7684059121398352,1.554243560833682,19.237529011170217,273.0,4.0,633.9807633803451,0.0,True
2022_NC_8940_20221108_D060,2022_NC_8940_20221108,2022,NC,8940,2022-11-08,2022-09-09,60,130,46,46,17,29,True,2021-11-10,2022-09-04,-1.5470588235294125,-1.0,110.41176470588236,110.0,1,0,0,-0.6859558166798252,-1.5470588235294125,-1.0,2.330572950364473,17.0,16.0,11.0,3.3152241835892746,2.302524949232339,15.63668835374695,303.0,5.0,825.1704619449678,0.0,True
2022_NC_8940_20221108_D030,2022_NC_8940_20221108,2022,NC,8940,2022-11-08,2022-10-09,30,130,46,46,25,21,True,2021-11-10,2022-10-08,-1.3000000000000005,-1.0,100.56,77.0,2,0,0,-0.7291726870396391,-1.3000000000000005,-1.0,1.2459388558439672,25.0,24.0,13.0,8.569009415090637,4.835741762654878,16.442646719412465,333.0,1.0,735.2827718187475,0.0,True
2022_NC_8940_20221108_D014,2022_NC_8940_20221108,2022,NC,8940,2022-11-08,2022-10-25,14,130,46,46,30,16,True,2021-11-10,2022-10-22,-1.7000000000000002,-1.0,98.4,63.5,2,0,0,-2.5092557891436424,-1.7000000000000002,-1.0,2.232282224903723,30.0,29.0,15.0,9.607236429602027,6.513346852167589,15.612038998552816,349.0,3.0,882.6523748317105,0.0,True
2022_NC_8940_20221108_D007,2022_NC_8940_20221108,2022,NC,8940,2022-11-08,2022-11-01,7,130,46,46,32,14,True,2021-11-10,2022-10-30,-1.809375,-1.099999999999998,98.96875,60.5,2,0,0,-2.844119355188653,-1.809375,-1.0999999999999979,2.290866928445852,32.0,31.0,15.0,10.159629046805609,6.713356630266662,16.306444331002954,356.0,2.0,878.5914890884965,0.0,True
2022_NC_8940_20221108_D000,2022_NC_8940_20221108,2022,NC,8940,2022-11-08,2022-11-08,0,130,46,46,38,8,True,2021-11-10,2022-11-06,-2.189473684210527,-1.349999999999998,89.92105263157895,51.0,2,0,0,-3.957094440068023,-2.189473684210527,-1.3499999999999979,2.5709100123111535,38.0,37.0,18.0,13.304307020844238,10.728543889332773,12.550366210788427,363.0,2.0,970.7284175344877,0.0,True
2022_NH_8938_20221108_D120,2022_NH_8938_20221108,2022,NH,8938,2022-11-08,2022-07-11,120,126,56,56,11,45,True,2021-02-22,2022-07-08,7.327272727272727,5.899999999999999,174.1818181818182,109.0,0,0,0,5.685600985216932,7.327272727272727,5.899999999999999,2.47847219862195,11.0,10.0,6.0,1.9095196659746376,1.6420773658023435,8.970859489326577,504.0,3.0,834.211737000974,0.0,True
2022_NH_8938_20221108_D090,2022_NH_8938_20221108,2022,NH,8938,2022-11-08,2022-08-10,90,126,56,56,11,45,True,2021-02-22,2022-07-08,7.327272727272727,5.899999999999999,204.1818181818182,139.0,0,0,0,5.68560098521693,7.327272727272727,5.899999999999999,2.47847219862195,11.0,10.0,6.0,1.9095196659746374,0.37181708218983056,38.97085948932657,534.0,33.0,834.2117370009738,0.0,True
2022_NH_8938_20221108_D060,2022_NH_8938_20221108,2022,NH,8938,2022-11-08,2022-09-09,60,126,56,56,11,45,True,2021-02-22,2022-07-08,7.327272727272727,5.899999999999999,234.1818181818182,169.0,0,0,0,5.685600985216933,7.327272727272727,5.899999999999999,2.47847219862195,11.0,10.0,6.0,1.909519665974637,0.08419088252922186,68.97085948932659,564.0,63.0,834.2117370009739,0.0,True
2022_NH_8938_20221108_D030,2022_NH_8938_20221108,2022,NH,8938,2022-11-08,2022-10-09,30,126,56,56,19,37,True,2021-02-22,2022-10-06,7.563157894736841,7.0,158.68421052631578,104.0,0,0,0,7.100383844566616,7.563157894736841,7.0,2.547437668113211,19.0,18.0,10.0,7.205857235824577,4.898039133114769,11.95291884107509,594.0,3.0,837.7921084609618,0.0,True
2022_NH_8938_20221108_D014,2022_NH_8938_20221108,2022,NH,8938,2022-11-08,2022-10-25,14,126,56,56,24,32,True,2021-02-22,2022-10-25,6.929166666666667,6.5,139.125,38.0,1,0,0,5.550115121835631,6.929166666666667,6.5,3.2935132803024736,24.0,23.0,13.0,9.28376555974932,6.816414860731723,11.73199302577709,610.0,0.0,824.1103596093927,0.0,True
2022_NH_8938_20221108_D007,2022_NH_8938_20221108,2022,NH,8938,2022-11-08,2022-11-01,7,126,56,56,28,28,True,2021-02-22,2022-11-01,6.017857142857143,5.949999999999999,125.57142857142856,39.5,1,0,0,2.9340801890422483,6.017857142857143,5.949999999999999,3.8264991256068948,28.0,27.0,14.0,10.860677744552419,9.834848694722158,10.21488010095495,617.0,0.0,1016.8914276904552,0.0,True
2022_NH_8938_20221108_D000,2022_NH_8938_20221108,2022,NH,8938,2022-11-08,2022-11-08,0,126,56,56,33,23,True,2021-02-22,2022-11-06,5.418181818181819,5.0,112.87878787878788,39.0,1,0,0,2.5904108024749064,5.418181818181819,5.0,2.9223921544535485,33.0,32.0,15.0,13.843722164547147,13.127889202770227,10.317838906738157,624.0,2.0,1217.3122265077614,0.0,True
2022_NV_8937_20221108_D120,2022_NV_8937_20221108,2022,NV,8937,2022-11-08,2022-07-11,120,150,56,56,13,43,True,2021-08-14,2022-07-10,1.4153846153846152,-1.0,152.92307692307693,109.0,2,0,0,4.260023279898194,1.4153846153846152,-1.0,4.3319039591778274,13.0,13.0,12.0,1.8547962756535379,2.3930934241959303,8.181752274859067,331.0,1.0,1627.994552551679,0.0,True
2022_NV_8937_20221108_D090,2022_NV_8937_20221108,2022,NV,8937,2022-11-08,2022-08-10,90,150,56,56,15,41,True,2021-08-14,2022-07-20,2.2933333333333334,3.0,161.33333333333334,126.0,2,0,0,6.289438167238606,2.2933333333333334,3.0,3.890150954388373,15.0,14.0,13.0,3.828100511321546,1.108184846644509,29.401379888123717,361.0,21.0,1000.6024757533658,0.0,True
2022_NV_8937_20221108_D060,2022_NV_8937_20221108,2022,NV,8937,2022-11-08,2022-09-09,60,150,56,56,19,37,True,2021-08-14,2022-08-24,2.284210526315789,3.0,155.10526315789474,142.0,2,0,0,2.4324212686642217,2.284210526315789,3.0,3.670645020830634,19.0,17.0,14.0,5.123445598839772,1.8219036130349584,24.588773549574196,391.0,16.0,713.2876077968465,0.0,True
2022_NV_8937_20221108_D030,2022_NV_8937_20221108,2022,NV,8937,2022-11-08,2022-10-09,30,150,56,56,29,27,True,2021-08-14,2022-10-07,1.4137931034482756,1.0,126.0,81.0,2,0,0,0.16342356796838184,1.4137931034482756,1.0,2.6077167846591354,29.0,26.0,17.0,10.097961436873275,6.331871233198371,13.877151798072834,421.0,2.0,741.1488029804656,0.0,True
2022_NV_8937_20221108_D014,2022_NV_8937_20221108,2022,NV,8937,2022-11-08,2022-10-25,14,150,56,56,41,15,True,2021-08-14,2022-10-25,1.1121951219512192,0.0,101.8048780487805,36.0,2,0,0,0.17930306293108417,1.1121951219512192,0.0,3.836503619759376,41.0,37.0,23.0,16.826418373625668,13.849911186213635,9.520780774682036,437.0,0.0,814.0256711374878,0.0,True
2022_NV_8937_20221108_D007,2022_NV_8937_20221108,2022,NV,8937,2022-11-08,2022-11-01,7,150,56,56,47,9,True,2021-08-14,2022-10-29,0.7617021276595741,0.0,95.53191489361704,42.0,2,0,0,-0.6124090759712495,0.7617021276595741,0.0,3.741545052855478,47.0,42.0,25.0,20.99813200838472,14.900595740618783,12.410306395472654,444.0,3.0,863.4833154565832,0.0,True
2022_NV_8937_20221108_D000,2022_NV_8937_20221108,2022,NV,8937,2022-11-08,2022-11-08,0,150,56,56,53,3,True,2021-08-14,2022-11-07,0.3849056603773582,-1.0,91.30188679245283,37.0,2,0,0,-1.3582655765694769,0.3849056603773582,-1.0,3.4556125871306382,53.0,48.0,28.0,24.075510123861257,16.070997265392943,13.75044014774884,451.0,1.0,835.7497627011509,0.0,True
2022_NY_8939_20221108_D120,2022_NY_8939_20221108,2022,NY,8939,2022-11-08,2022-07-11,120,39,18,18,0,18,False,,,,,,,0,0,0,,,,,0.0,0.0,,0.0,0.0,,,,,0.0,False
2022_NY_8939_20221108_D090,2022_NY_8939_20221108,2022,NY,8939,2022-11-08,2022-08-10,90,39,18,18,3,15,True,2022-07-28,2022-08-09,19.4,21.0,9.0,13.0,0,0,0,18.8130778862471,19.400000000000002,21.0,3.310039206998648,3.0,3.0,3.0,2.8865192995025417,2.238880980163148,7.899084883335232,13.0,1.0,777.2058540376047,0.0,True
2022_NY_8939_20221108_D060,2022_NY_8939_20221108,2022,NY,8939,2022-11-08,2022-09-09,60,39,18,18,4,14,True,2022-07-28,2022-09-06,20.6,21.6,30.0,37.0,0,0,0,22.513996910233033,20.6,21.6,3.1094840211352244,4.0,4.0,3.0,1.9765524553547105,1.6197539984920224,13.922742839203764,43.0,3.0,930.2697142185148,0.0,True
2022_NY_8939_20221108_D030,2022_NY_8939_20221108,2022,NY,8939,2022-11-08,2022-10-09,30,39,18,18,6,12,True,2022-07-28,2022-10-06,20.233333333333334,20.5,42.833333333333336,47.0,0,0,0,20.193497117472315,20.233333333333334,20.5,1.7478357885038964,6.0,6.0,4.0,2.4738477208003777,2.0652774173859085,13.049729587918034,73.0,3.0,966.9760694500208,0.0,True
2022_NY_8939_20221108_D014,2022_NY_8939_20221108,2022,NY,8939,2022-11-08,2022-10-25,14,39,18,18,11,7,True,2022-07-28,2022-10-25,17.781818181818185,19.0,34.63636363636363,19.0,0,0,0,15.334619683739978,17.781818181818185,19.0,3.2006058589590425,11.0,11.0,7.0,6.359293456304659,5.603968291594255,8.947436057753357,89.0,0.0,964.4498261370602,0.0,True
2022_NY_8939_20221108_D007,2022_NY_8939_20221108,2022,NY,8939,2022-11-08,2022-11-01,7,39,18,18,16,2,True,2022-07-28,2022-10-31,17.543750000000003,17.75,29.5625,15.0,0,0,0,16.16630823578017,17.543750000000003,17.75,4.864370358767514,16.0,16.0,11.0,10.356500432673633,9.241195228833902,8.410082863145082,96.0,1.0,952.2775231890447,0.0,True
2022_NY_8939_20221108_D000,2022_NY_8939_20221108,2022,NY,8939,2022-11-08,2022-11-08,0,39,18,18,18,0,True,2022-07-28,2022-11-06,17.816666666666666,18.75,32.72222222222222,18.0,0,0,0,16.843537579348492,17.816666666666666,18.75,4.649708667153368,18.0,18.0,13.0,12.303093959766832,7.936512709663041,13.041164814134255,103.0,2.0,850.2419324868074,0.0,True
2022_OH_8942_20221108_D120,2022_OH_8942_20221108,2022,OH,8942,2022-11-08,2022-07-11,120,146,73,73,11,62,True,2021-03-19,2022-07-03,0.9818181818181816,1.0,125.54545454545456,59.0,1,0,0,3.9866901700847186,0.9818181818181816,1.0,2.554092143980467,11.0,6.0,5.0,4.57250387184434,3.399464720181103,12.469823343163437,479.0,8.0,911.5163641480639,0.0,True
2022_OH_8942_20221108_D090,2022_OH_8942_20221108,2022,OH,8942,2022-11-08,2022-08-10,90,146,73,73,16,57,True,2021-03-19,2022-08-03,3.2562499999999996,3.0,110.125,39.5,2,0,0,8.003001916475245,3.2562499999999996,3.0,3.4875532477738442,16.0,9.0,6.0,6.353532093534345,4.229452907043991,15.036534082423222,509.0,7.0,866.3944353209797,0.0,True
2022_OH_8942_20221108_D060,2022_OH_8942_20221108,2022,OH,8942,2022-11-08,2022-09-09,60,146,73,73,24,49,True,2021-03-19,2022-09-07,3.2249999999999996,3.0,96.875,45.0,3,0,0,4.784454133007224,3.2249999999999996,3.0,4.264524499327081,24.0,16.0,10.0,9.037040662437786,7.029587201964875,12.510624981271604,539.0,2.0,876.3205313149755,0.0,True
2022_OH_8942_20221108_D030,2022_OH_8942_20221108,2022,OH,8942,2022-11-08,2022-10-09,30,146,73,73,34,39,True,2021-03-19,2022-10-08,2.7794117647058822,3.0,94.26470588235294,53.0,3,0,0,2.6887813385130457,2.7794117647058822,3.0,4.872769450935813,34.0,25.0,16.0,11.888333051404187,7.537471206881574,17.496434762722668,569.0,1.0,837.8995363486109,0.0,True
2022_OH_8942_20221108_D014,2022_OH_8942_20221108,2022,OH,8942,2022-11-08,2022-10-25,14,146,73,73,49,24,True,2021-03-19,2022-10-24,1.4067346938775511,1.0,78.81632653061224,44.0,3,0,6,-0.9912640366967542,1.4067346938775511,1.0,3.697266695836035,49.0,39.0,18.0,19.521860266457963,17.67856767234951,11.729235301770258,585.0,1.0,1152.6814125543674,0.0,True
2022_OH_8942_20221108_D007,2022_OH_8942_20221108,2022,OH,8942,2022-11-08,2022-11-01,7,146,73,73,56,17,True,2021-03-19,2022-11-01,0.8630357142857144,0.0,75.51785714285714,47.0,3,0,10,-2.1447137424268163,0.8630357142857144,0.0,3.974551228765079,56.0,45.0,18.0,23.192983851733704,21.141057088411024,12.303261486626367,592.0,0.0,1247.569838623803,0.0,True
2022_OH_8942_20221108_D000,2022_OH_8942_20221108,2022,OH,8942,2022-11-08,2022-11-08,0,146,73,73,64,9,True,2021-03-19,2022-11-07,-0.0667187499999998,-1.0,72.578125,34.0,3,0,11,-3.7858211555782657,-0.06671874999999983,-1.0,4.235540838519941,64.0,52.0,21.0,29.105597331257332,23.41189464775445,13.442855407909084,599.0,1.0,1162.2927050660219,0.0,True
2022_OK_8943_20221108_D120,2022_OK_8943_20221108,2022,OK,8943,2022-11-08,2022-07-11,120,41,11,11,0,11,False,,,,,,,0,0,0,,,,,0.0,0.0,,0.0,0.0,,,,,0.0,False
2022_OK_8943_20221108_D090,2022_OK_8943_20221108,2022,OK,8943,2022-11-08,2022-08-10,90,41,11,11,0,11,False,,,,,,,0,0,0,,,,,0.0,0.0,,0.0,0.0,,,,,0.0,False
2022_OK_8943_20221108_D060,2022_OK_8943_20221108,2022,OK,8943,2022-11-08,2022-09-09,60,41,11,11,2,9,True,2022-09-07,2022-09-07,-23.35,-23.35,2.0,2.0,0,0,0,-23.783654488973802,-23.35,-23.35,6.63584537072654,2.0,2.0,2.0,1.9915310128117605,1.586169563977505,2.0,2.0,2.0,465.9126720809666,0.0,True
2022_OK_8943_20221108_D030,2022_OK_8943_20221108,2022,OK,8943,2022-11-08,2022-10-09,30,41,11,11,5,6,True,2022-09-07,2022-10-06,-19.688,-18.0,21.2,21.0,1,0,0,-18.37387804650213,-19.688000000000002,-18.0,5.849373402088602,5.0,5.0,4.0,4.011056056959601,1.9628282369674164,16.841741486526637,32.0,3.0,1216.442519240262,0.0,True
2022_OK_8943_20221108_D014,2022_OK_8943_20221108,2022,OK,8943,2022-11-08,2022-10-25,14,41,11,11,7,4,True,2022-09-07,2022-10-15,-18.34857142857143,-16.700000000000003,29.857142857142858,34.0,1,0,0,-16.51664332966183,-18.34857142857143,-16.700000000000003,4.318613254745659,7.0,7.0,5.0,4.935015198906413,1.9870509611204275,21.035990291146387,48.0,10.0,858.119376816987,0.0,True
2022_OK_8943_20221108_D007,2022_OK_8943_20221108,2022,OK,8943,2022-11-08,2022-11-01,7,41,11,11,10,1,True,2022-09-07,2022-10-28,-18.674,-16.85,27.0,23.0,1,0,0,-18.932134435496014,-18.674,-16.85,5.6148983186941495,10.0,10.0,6.0,5.834962977856571,4.130265549161961,12.176699787500064,55.0,4.0,805.4702515344658,0.0,True
2022_OK_8943_20221108_D000,2022_OK_8943_20221108,2022,OK,8943,2022-11-08,2022-11-08,0,41,11,11,11,0,True,2022-09-07,2022-11-06,-18.794545454545457,-17.0,31.09090909090909,27.0,1,0,0,-19.197476938360218,-18.794545454545457,-17.0,4.889396549686791,11.0,11.0,6.0,6.3077581683030015,3.886172173494977,14.908645208289588,62.0,2.0,774.79044813932,0.0,True
2022_OK_9482_20221108_D120,2022_OK_9482_20221108,2022,OK,9482,2022-11-08,2022-07-11,120,40,11,11,0,11,False,,,,,,,0,0,0,,,,,0.0,0.0,,0.0,0.0,,,,,0.0,False
2022_OK_9482_20221108_D090,2022_OK_9482_20221108,2022,OK,9482,2022-11-08,2022-08-10,90,40,11,11,0,11,False,,,,,,,0,0,0,,,,,0.0,0.0,,0.0,0.0,,,,,0.0,False
2022_OK_9482_20221108_D060,2022_OK_9482_20221108,2022,OK,9482,2022-11-08,2022-09-09,60,40,11,11,2,9,True,2022-09-07,2022-09-07,-21.0,-21.0,2.0,2.0,0,0,0,-21.586900812144993,-21.0,-21.0,8.980843358878024,2.0,2.0,2.0,1.9915310128117605,1.586169563977505,2.0,2.0,2.0,465.9126720809666,0.0,True
2022_OK_9482_20221108_D030,2022_OK_9482_20221108,2022,OK,9482,2022-11-08,2022-10-09,30,40,11,11,5,6,True,2022-09-07,2022-10-06,-14.756,-12.0,21.2,21.0,1,0,0,-12.562227373624648,-14.756,-12.0,5.902514896150982,5.0,5.0,4.0,4.011056056959601,1.9628282369674164,16.841741486526637,32.0,3.0,1216.442519240262,0.0,True
2022_OK_9482_20221108_D014,2022_OK_9482_20221108,2022,OK,9482,2022-11-08,2022-10-25,14,40,11,11,7,4,True,2022-09-07,2022-10-15,-13.968571428571428,-12.0,29.857142857142858,34.0,1,0,0,-12.258875818024421,-13.968571428571428,-12.0,4.026447025347242,7.0,7.0,5.0,4.935015198906413,1.9870509611204275,21.035990291146387,48.0,10.0,858.119376816987,0.0,True
2022_OK_9482_20221108_D007,2022_OK_9482_20221108,2022,OK,9482,2022-11-08,2022-11-01,7,40,11,11,10,1,True,2022-09-07,2022-10-28,-13.738,-11.5,27.0,23.0,1,0,0,-13.293072428687912,-13.738,-11.5,6.3911383904870265,10.0,10.0,6.0,5.834962977856571,4.130265549161961,12.176699787500064,55.0,4.0,805.4702515344658,0.0,True
2022_OK_9482_20221108_D000,2022_OK_9482_20221108,2022,OK,9482,2022-11-08,2022-11-08,0,40,11,11,11,0,True,2022-09-07,2022-11-06,-13.58,-12.0,31.09090909090909,27.0,1,0,0,-12.971770678713304,-13.58,-12.0,5.568602517233292,11.0,11.0,6.0,6.3077581683030015,3.886172173494977,14.908645208289588,62.0,2.0,774.79044813932,0.0,True
2022_OR_8944_20221108_D120,2022_OR_8944_20221108,2022,OR,8944,2022-11-08,2022-07-11,120,16,5,5,0,5,False,,,,,,,0,0,0,,,,,0.0,0.0,,0.0,0.0,,,,,0.0,False
2022_OR_8944_20221108_D090,2022_OR_8944_20221108,2022,OR,8944,2022-11-08,2022-08-10,90,16,5,5,0,5,False,,,,,,,0,0,0,,,,,0.0,0.0,,0.0,0.0,,,,,0.0,False
2022_OR_8944_20221108_D060,2022_OR_8944_20221108,2022,OR,8944,2022-11-08,2022-09-09,60,16,5,5,0,5,False,,,,,,,0,0,0,,,,,0.0,0.0,,0.0,0.0,,,,,0.0,False
2022_OR_8944_20221108_D030,2022_OR_8944_20221108,2022,OR,8944,2022-11-08,2022-10-09,30,16,5,5,1,4,True,2022-10-01,2022-10-01,19.5,19.5,8.0,8.0,0,0,0,19.5,19.5,19.5,,1.0,1.0,1.0,1.0,0.7751107645330816,8.0,8.0,8.0,796.0,0.0,True
2022_OR_8944_20221108_D014,2022_OR_8944_20221108,2022,OR,8944,2022-11-08,2022-10-25,14,16,5,5,3,2,True,2022-10-01,2022-10-18,15.833333333333334,17.0,12.666666666666666,7.0,0,0,0,14.773909033346532,15.833333333333334,17.0,3.459289716493275,3.0,3.0,3.0,2.661903844426401,2.09195963158701,9.85249642762519,24.0,7.0,898.3393045043656,0.0,True
2022_OR_8944_20221108_D007,2022_OR_8944_20221108,2022,OR,8944,2022-11-08,2022-11-01,7,16,5,5,4,1,True,2022-10-01,2022-11-01,16.125,17.0,14.75,14.0,0,0,0,15.804310918083573,16.125,17.0,2.7676065462361565,4.0,4.0,3.0,3.099472223299267,2.7539937198618825,9.051896927572304,31.0,0.0,933.8236249150017,0.0,True
2022_OR_8944_20221108_D000,2022_OR_8944_20221108,2022,OR,8944,2022-11-08,2022-11-08,0,16,5,5,5,0,True,2022-10-01,2022-11-06,15.7,17.0,17.8,21.0,0,0,0,15.055970213891504,15.7,17.0,2.2963060845057415,5.0,5.0,3.0,3.5394897102631675,3.327420261022376,10.223851252837457,38.0,2.0,1124.267726558216,0.0,True
2022_PA_8945_20221108_D120,2022_PA_8945_20221108,2022,PA,8945,2022-11-08,2022-07-11,120,176,70,70,3,67,True,2021-12-05,2022-06-19,4.1333333333333355,4.400000000000006,87.33333333333333,22.0,1,0,0,5.186366512369604,4.1333333333333355,4.400000000000006,0.8000778621991856,3.0,3.0,3.0,1.9995573835579952,0.6249055044687902,22.006338508643083,218.0,22.0,517.7980223362712,0.0,True
2022_PA_8945_20221108_D090,2022_PA_8945_20221108,2022,PA,8945,2022-11-08,2022-08-10,90,176,70,70,12,58,True,2021-12-05,2022-08-10,10.641666666666667,11.0,40.0,20.5,1,0,0,13.96939819584482,10.641666666666667,11.0,3.70156505626311,12.0,9.0,9.0,8.108535501123699,5.469624643322337,12.646551275285114,248.0,0.0,828.216438703198,0.0,True
2022_PA_8945_20221108_D060,2022_PA_8945_20221108,2022,PA,8945,2022-11-08,2022-09-09,60,176,70,70,20,50,True,2021-12-05,2022-09-07,11.125,11.0,46.65,39.0,1,0,0,13.250328296168759,11.125,11.0,6.15274532934539,20.0,16.0,15.0,10.493829968959444,6.667896725642429,15.845377778128993,278.0,2.0,821.3962283708236,0.0,True
2022_PA_8945_20221108_D030,2022_PA_8945_20221108,2022,PA,8945,2022-11-08,2022-10-09,30,176,70,70,31,39,True,2021-12-05,2022-09-30,9.541935483870969,9.0,55.25806451612903,41.0,1,0,0,8.85263586791207,9.541935483870967,9.0,6.5436025641974735,31.0,26.0,21.0,15.174735309037308,7.193058819611285,21.422850266880783,308.0,9.0,819.1528481461299,0.0,True
2022_PA_8945_20221108_D014,2022_PA_8945_20221108,2022,PA,8945,2022-11-08,2022-10-25,14,176,70,70,44,26,True,2021-12-05,2022-10-24,7.497727272727272,5.0,52.36363636363637,39.5,1,0,0,4.202902703215615,7.497727272727272,5.0,5.107483644715485,44.0,37.0,26.0,19.855814278394128,13.65163414651814,14.091326192584061,324.0,1.0,829.6866252557872,0.0,True
2022_PA_8945_20221108_D007,2022_PA_8945_20221108,2022,PA,8945,2022-11-08,2022-11-01,7,176,70,70,53,17,True,2021-12-05,2022-11-01,6.281132075471698,5.0,49.924528301886795,37.0,1,0,0,2.1949537868701436,6.281132075471698,5.0,4.713200170068833,53.0,46.0,28.0,24.908116135862024,18.372532717329946,12.777988246805236,331.0,0.0,869.1856075544031,0.0,True
2022_PA_8945_20221108_D000,2022_PA_8945_20221108,2022,PA,8945,2022-11-08,2022-11-08,0,176,70,70,62,8,True,2021-12-05,2022-11-07,5.420967741935484,4.899999999999999,49.17741935483871,33.5,1,0,0,1.516187459778598,5.420967741935484,4.899999999999999,4.636658761847961,62.0,54.0,32.0,30.526352470987185,21.938743460849725,13.16545330700697,338.0,1.0,875.5848112896279,0.0,True
2022_SC_8946_20221108_D120,2022_SC_8946_20221108,2022,SC,8946,2022-11-08,2022-07-11,120,5,2,2,0,2,False,,,,,,,0,0,0,,,,,0.0,0.0,,0.0,0.0,,,,,0.0,False
2022_SC_8946_20221108_D090,2022_SC_8946_20221108,2022,SC,8946,2022-11-08,2022-08-10,90,5,2,2,0,2,False,,,,,,,0,0,0,,,,,0.0,0.0,,0.0,0.0,,,,,0.0,False
2022_SC_8946_20221108_D060,2022_SC_8946_20221108,2022,SC,8946,2022-11-08,2022-09-09,60,5,2,2,1,1,True,2022-09-07,2022-09-07,-17.0,-17.0,2.0,2.0,0,0,0,-17.0,-17.0,-17.0,,1.0,1.0,1.0,1.0,0.9057236642639067,2.0,2.0,2.0,600.0,0.0,True
2022_SC_8946_20221108_D030,2022_SC_8946_20221108,2022,SC,8946,2022-11-08,2022-10-09,30,5,2,2,1,1,True,2022-09-07,2022-09-07,-17.0,-17.0,32.0,32.0,0,0,0,-17.0,-17.0,-17.0,,1.0,1.0,1.0,1.0,0.20508383900190952,32.0,32.0,32.0,600.0,0.0,True
2022_SC_8946_20221108_D014,2022_SC_8946_20221108,2022,SC,8946,2022-11-08,2022-10-25,14,5,2,2,1,1,True,2022-09-07,2022-09-07,-17.0,-17.0,48.0,48.0,0,0,0,-17.0,-17.0,-17.0,,1.0,1.0,1.0,1.0,0.0928746430710593,48.0,48.0,48.0,600.0,0.0,True
2022_SC_8946_20221108_D007,2022_SC_8946_20221108,2022,SC,8946,2022-11-08,2022-11-01,7,5,2,2,1,1,True,2022-09-07,2022-09-07,-17.0,-17.0,55.0,55.0,0,0,0,-17.0,-17.0,-17.0,,1.0,1.0,1.0,1.0,0.06567228991582623,55.0,55.0,55.0,600.0,0.0,True
2022_SC_8946_20221108_D000,2022_SC_8946_20221108,2022,SC,8946,2022-11-08,2022-11-08,0,5,2,2,1,1,True,2022-09-07,2022-09-07,-17.0,-17.0,62.0,62.0,0,0,0,-17.0,-17.0,-17.0,,1.0,1.0,1.0,1.0,0.04643732153552963,62.0,62.0,62.0,600.0,0.0,True
2022_SD_8947_20221108_D120,2022_SD_8947_20221108,2022,SD,8947,2022-11-08,2022-07-11,120,10,4,4,1,3,True,2022-03-19,2022-03-19,-35.0,-35.0,114.0,114.0,0,0,0,-35.0,-35.0,-35.0,,1.0,1.0,1.0,1.0,0.002888751074753169,113.99999999999999,114.0,114.0,400.0,0.0,True
2022_SD_8947_20221108_D090,2022_SD_8947_20221108,2022,SD,8947,2022-11-08,2022-08-10,90,10,4,4,1,3,True,2022-03-19,2022-03-19,-35.0,-35.0,144.0,144.0,0,0,0,-35.0,-35.0,-35.0,,1.0,1.0,1.0,1.0,0.0006541025521429349,144.0,144.0,144.0,400.00000000000006,0.0,True
2022_SD_8947_20221108_D060,2022_SD_8947_20221108,2022,SD,8947,2022-11-08,2022-09-09,60,10,4,4,1,3,True,2022-03-19,2022-03-19,-35.0,-35.0,174.0,174.0,0,0,0,-35.0,-35.0,-35.0,,1.0,1.0,1.0,1.0,0.0001481090400828181,174.0,174.0,174.0,400.0,0.0,True
2022_SD_8947_20221108_D030,2022_SD_8947_20221108,2022,SD,8947,2022-11-08,2022-10-09,30,10,4,4,2,2,True,2022-03-19,2022-09-11,-24.0,-24.0,116.0,116.0,1,0,0,-13.003613884315223,-24.0,-24.0,0.28194395679830847,2.0,2.0,2.0,1.0003285889053475,0.2041576816975551,28.02891107452179,204.0,28.0,400.0,0.0,True
2022_SD_8947_20221108_D014,2022_SD_8947_20221108,2022,SD,8947,2022-11-08,2022-10-25,14,10,4,4,4,0,True,2022-03-19,2022-10-21,-26.0,-28.0,70.75,29.5,1,0,0,-28.60467238401615,-26.0,-28.0,4.406839995321182,4.0,4.0,4.0,1.7998836969051717,1.8512794675004807,8.742797493394997,220.0,4.0,1211.8498295226664,0.0,True
2022_SD_8947_20221108_D007,2022_SD_8947_20221108,2022,SD,8947,2022-11-08,2022-11-01,7,10,4,4,4,0,True,2022-03-19,2022-10-21,-26.0,-28.0,77.75,36.5,1,0,0,-28.604672384016162,-26.0,-28.0,4.406839995321182,4.0,4.0,4.0,1.799883696905171,1.3090522653410102,15.742797493394999,227.0,11.0,1211.8498295226666,0.0,True
2022_SD_8947_20221108_D000,2022_SD_8947_20221108,2022,SD,8947,2022-11-08,2022-11-08,0,10,4,4,4,0,True,2022-03-19,2022-10-21,-26.0,-28.0,84.75,43.5,1,0,0,-28.60467238401615,-26.0,-28.0,4.406839995321181,4.0,4.0,4.0,1.7998836969051715,0.9256397337502402,22.742797493394995,234.0,18.0,1211.8498295226664,0.0,True
2022_UT_8948_20221108_D120,2022_UT_8948_20221108,2022,UT,8948,2022-11-08,2022-07-11,120,95,38,38,0,38,False,,,,,,,0,0,0,,,,,0.0,0.0,,0.0,0.0,,,,,0.0,False
2022_UT_8948_20221108_D090,2022_UT_8948_20221108,2022,UT,8948,2022-11-08,2022-08-10,90,95,38,38,0,38,False,,,,,,,0,0,0,,,,,0.0,0.0,,0.0,0.0,,,,,0.0,False
2022_UT_8948_20221108_D060,2022_UT_8948_20221108,2022,UT,8948,2022-11-08,2022-09-09,60,95,38,38,0,38,False,,,,,,,0,0,0,,,,,0.0,0.0,,0.0,0.0,,,,,0.0,False
2022_UT_8948_20221108_D030,2022_UT_8948_20221108,2022,UT,8948,2022-11-08,2022-10-09,30,95,38,38,0,38,False,,,,,,,0,0,0,,,,,0.0,0.0,,0.0,0.0,,,,,0.0,False
2022_UT_8948_20221108_D014,2022_UT_8948_20221108,2022,UT,8948,2022-11-08,2022-10-25,14,95,38,38,0,38,False,,,,,,,0,0,0,,,,,0.0,0.0,,0.0,0.0,,,,,0.0,False
2022_UT_8948_20221108_D007,2022_UT_8948_20221108,2022,UT,8948,2022-11-08,2022-11-01,7,95,38,38,0,38,False,,,,,,,0,0,0,,,,,0.0,0.0,,0.0,0.0,,,,,0.0,False
2022_UT_8948_20221108_D000,2022_UT_8948_20221108,2022,UT,8948,2022-11-08,2022-11-08,0,95,38,38,0,38,False,,,,,,,0,0,0,,,,,0.0,0.0,,0.0,0.0,,,,,0.0,False
2022_VT_8949_20221108_D120,2022_VT_8949_20221108,2022,VT,8949,2022-11-08,2022-07-11,120,14,5,5,0,5,False,,,,,,,0,0,0,,,,,0.0,0.0,,0.0,0.0,,,,,0.0,False
2022_VT_8949_20221108_D090,2022_VT_8949_20221108,2022,VT,8949,2022-11-08,2022-08-10,90,14,5,5,0,5,False,,,,,,,0,0,0,,,,,0.0,0.0,,0.0,0.0,,,,,0.0,False
2022_VT_8949_20221108_D060,2022_VT_8949_20221108,2022,VT,8949,2022-11-08,2022-09-09,60,14,5,5,1,4,True,2022-09-07,2022-09-07,6.5,6.5,2.0,2.0,0,0,0,6.5,6.5,6.5,,1.0,1.0,1.0,1.0,1.2106468667893953,2.0,2.0,2.0,1072.0,0.0,True
2022_VT_8949_20221108_D030,2022_VT_8949_20221108,2022,VT,8949,2022-11-08,2022-10-09,30,14,5,5,2,3,True,2022-09-07,2022-10-03,20.25,20.25,19.0,19.0,0,0,0,27.22739563754752,20.25,20.25,11.848141209368361,2.0,2.0,2.0,1.5904542050612065,1.1130897762876515,12.403189579045979,32.0,6.0,840.6068923371967,0.0,True
2022_VT_8949_20221108_D014,2022_VT_8949_20221108,2022,VT,8949,2022-11-08,2022-10-25,14,14,5,5,2,3,True,2022-09-07,2022-10-03,20.25,20.25,35.0,35.0,0,0,0,27.227395637547524,20.25,20.25,11.848141209368363,2.0,2.0,2.0,1.5904542050612063,0.5040758754169719,28.40318957904598,48.0,22.0,840.6068923371969,0.0,True
2022_VT_8949_20221108_D007,2022_VT_8949_20221108,2022,VT,8949,2022-11-08,2022-11-01,7,14,5,5,3,2,True,2022-09-07,2022-10-26,23.833333333333332,31.0,30.0,29.0,0,0,0,29.992112118668302,23.833333333333332,31.0,6.34743964396105,3.0,3.0,3.0,1.7184150861973133,1.3341662629148665,13.855347553580682,55.0,6.0,985.9973552108479,0.0,True
2022_VT_8949_20221108_D000,2022_VT_8949_20221108,2022,VT,8949,2022-11-08,2022-11-08,0,14,5,5,3,2,True,2022-09-07,2022-10-26,23.833333333333332,31.0,37.0,36.0,0,0,0,29.992112118668302,23.833333333333332,31.0,6.34743964396105,3.0,3.0,3.0,1.7184150861973126,0.9433980117374162,20.855347553580685,62.0,13.0,985.997355210848,0.0,True
2022_WA_8950_20221108_D120,2022_WA_8950_20221108,2022,WA,8950,2022-11-08,2022-07-11,120,56,28,28,8,20,True,2021-05-26,2022-07-11,13.75,14.5,139.25,91.0,1,0,0,16.218581545344257,13.75,14.5,5.211230242759188,8.0,8.0,4.0,3.06468277142056,2.293239907481701,6.944766683505882,411.0,0.0,563.7083273211098,0.0,True
2022_WA_8950_20221108_D090,2022_WA_8950_20221108,2022,WA,8950,2022-11-08,2022-08-10,90,56,28,28,8,20,True,2021-05-26,2022-07-11,13.75,14.5,169.25,121.0,1,0,0,16.218581545344257,13.75,14.5,5.211230242759189,8.0,8.0,4.0,3.0646827714205576,0.519260413010137,36.94476668350588,441.0,30.0,563.7083273211099,0.0,True
2022_WA_8950_20221108_D060,2022_WA_8950_20221108,2022,WA,8950,2022-11-08,2022-09-09,60,56,28,28,11,17,True,2021-05-26,2022-09-07,11.636363636363637,11.0,147.9090909090909,82.0,1,0,0,6.529818464597174,11.636363636363637,11.0,3.77301859286929,11.0,11.0,6.0,2.844788626176955,2.2363714814098703,10.589538401795346,471.0,2.0,790.5000490987474,0.0,True
2022_WA_8950_20221108_D030,2022_WA_8950_20221108,2022,WA,8950,2022-11-08,2022-10-09,30,56,28,28,18,10,True,2021-05-26,2022-10-01,10.77777777777778,11.5,114.05555555555556,45.5,1,0,0,8.549636317585284,10.777777777777779,11.5,4.290296759862992,18.0,17.0,9.0,7.947889780768974,4.267408183138343,15.880899929454344,501.0,8.0,710.3717868218653,0.0,True
2022_WA_8950_20221108_D014,2022_WA_8950_20221108,2022,WA,8950,2022-11-08,2022-10-25,14,56,28,28,24,4,True,2021-05-26,2022-10-22,9.791666666666666,9.5,98.75,35.5,1,0,0,7.152643099163831,9.791666666666666,9.5,4.523213846821673,24.0,23.0,13.0,10.129463204680697,6.991711561286018,12.303304711442468,517.0,3.0,731.750294714816,0.0,True
2022_WA_8950_20221108_D007,2022_WA_8950_20221108,2022,WA,8950,2022-11-08,2022-11-01,7,56,28,28,27,1,True,2021-05-26,2022-10-31,9.0,9.0,94.37037037037037,36.0,1,0,0,5.42226937408839,9.0,9.0,4.404148027940486,27.0,26.0,15.0,11.707803672753867,7.73552365639648,13.519874945085583,524.0,1.0,760.9012909457043,0.0,True
2022_WA_8950_20221108_D000,2022_WA_8950_20221108,2022,WA,8950,2022-11-08,2022-11-08,0,56,28,28,28,0,True,2021-05-26,2022-11-05,8.664285714285715,8.900000000000002,97.85714285714286,43.0,1,0,0,4.690036644074954,8.664285714285715,8.900000000000002,4.547991264709034,28.0,27.0,15.0,12.330932371614145,6.256711163722473,18.31650285144338,531.0,3.0,728.0892631505947,0.0,True
2022_WI_8951_20221108_D120,2022_WI_8951_20221108,2022,WI,8951,2022-11-08,2022-07-11,120,82,41,41,2,39,True,2021-09-11,2022-06-20,1.0,1.0,162.0,162.0,1,0,0,1.9999983237894938,1.0,1.0,0.0018309610052524865,2.0,2.0,2.0,1.000001676211911,0.4090133825231987,21.00023634568138,303.0,21.0,802.9999606090531,0.0,True
2022_WI_8951_20221108_D090,2022_WI_8951_20221108,2022,WI,8951,2022-11-08,2022-08-10,90,82,41,41,2,39,True,2021-09-11,2022-06-20,1.0,1.0,192.0,192.0,1,0,0,1.9999983237894938,1.0,1.0,0.0018309610052524867,2.0,2.0,2.0,1.000001676211911,0.09261327488797162,51.00023634568138,333.0,51.0,802.9999606090531,0.0,True
2022_WI_8951_20221108_D060,2022_WI_8951_20221108,2022,WI,8951,2022-11-08,2022-09-09,60,82,41,41,6,35,True,2021-09-11,2022-08-25,3.7166666666666663,3.1499999999999986,88.83333333333333,25.0,1,0,0,4.449696020777492,3.7166666666666663,3.1499999999999986,2.075726935228167,6.0,5.0,4.0,3.7109602870413183,1.6878351218404213,21.66030482241623,363.0,15.0,928.6936061765904,0.0,True
2022_WI_8951_20221108_D030,2022_WI_8951_20221108,2022,WI,8951,2022-11-08,2022-10-09,30,82,41,41,20,21,True,2021-09-11,2022-10-09,-0.3750000000000003,-1.0,47.15,25.0,2,0,0,-1.929891922674958,-0.37500000000000033,-1.0,2.5456129557535956,20.0,17.0,12.0,11.674962876639462,8.50952277572972,13.111892926225908,393.0,0.0,845.9141466889207,0.0,True
2022_WI_8951_20221108_D014,2022_WI_8951_20221108,2022,WI,8951,2022-11-08,2022-10-25,14,82,41,41,26,15,True,2021-09-11,2022-10-23,-0.7653846153846156,-1.0,50.30769230769231,34.0,3,0,0,-2.4107247825688853,-0.7653846153846156,-1.0,3.4283530575714325,26.0,22.0,15.0,13.353115013761428,8.927037001968204,16.209631275049038,409.0,2.0,893.2033555935545,0.0,True
2022_WI_8951_20221108_D007,2022_WI_8951_20221108,2022,WI,8951,2022-11-08,2022-11-01,7,82,41,41,33,8,True,2021-09-11,2022-11-01,-1.1090909090909091,-1.0,45.42424242424242,35.0,4,0,0,-2.404789556316854,-1.1090909090909093,-1.0,2.74229663176975,33.0,28.0,16.0,16.947055153244488,14.186749818849695,11.050965312587799,416.0,0.0,886.608100263129,0.0,True
2022_WI_8951_20221108_D000,2022_WI_8951_20221108,2022,WI,8951,2022-11-08,2022-11-08,0,82,41,41,37,4,True,2021-09-11,2022-11-07,-1.4135135135135135,-2.0,47.027027027027025,30.0,4,0,0,-2.8627781874644316,-1.4135135135135137,-2.0,2.671630180363114,37.0,32.0,17.0,19.125642107276025,14.345049265792566,13.400515454945069,423.0,1.0,926.7011387733414,0.0,True
2024_AZ_9505_20241105_D120,2024_AZ_9505_20241105,2024,AZ,9505,2024-11-05,2024-07-08,120,345,149,149,30,119,True,2022-12-20,2024-07-08,4.436666666666667,4.400000000000002,156.5,93.5,4,0,0,3.338907958017676,4.436666666666667,4.400000000000002,3.0274159066636877,30.0,28.0,21.0,6.599682249554934,3.100179910259372,20.78628015443901,566.0,0.0,632.0641089291194,1.0,True
2024_AZ_9505_20241105_D090,2024_AZ_9505_20241105,2024,AZ,9505,2024-11-05,2024-08-07,90,345,149,149,38,111,True,2022-12-20,2024-08-05,4.528947368421053,4.400000000000002,149.8684210526316,90.0,6,0,0,5.072160095662148,4.528947368421053,4.400000000000002,3.9801141473275976,38.0,36.0,24.0,8.623851958706439,5.54528538445616,13.697370301242705,596.0,2.0,629.3024709602385,1.0,True
2024_AZ_9505_20241105_D060,2024_AZ_9505_20241105,2024,AZ,9505,2024-11-05,2024-09-06,60,345,149,149,48,101,True,2022-12-20,2024-08-31,5.1187499999999995,5.0,145.22916666666666,108.0,6,0,0,7.142589462788182,5.1187499999999995,5.0,3.783464023879822,48.0,45.0,28.0,12.265293354760813,7.425645319061734,16.785755162237745,626.0,6.0,792.5994675154268,1.0,True
2024_AZ_9505_20241105_D030,2024_AZ_9505_20241105,2024,AZ,9505,2024-11-05,2024-10-06,30,345,149,149,70,79,True,2022-12-20,2024-10-02,6.1328571428571435,6.0,124.22857142857144,64.5,6,0,0,8.349487267817944,6.1328571428571435,6.0,3.1094048307535522,70.0,64.0,34.0,24.94843722880475,15.465666588480856,15.138086313451389,656.0,4.0,818.9458460854005,1.0,True
2024_AZ_9505_20241105_D014,2024_AZ_9505_20241105,2024,AZ,9505,2024-11-05,2024-10-22,14,345,149,149,86,63,True,2022-12-20,2024-10-22,6.454534883720931,6.0,115.4186046511628,56.0,6,0,0,7.953402191576429,6.454534883720931,6.0,3.2094790105270747,86.0,78.0,36.0,28.043424831636823,21.42206092217442,13.923508154400643,672.0,0.0,938.8379226760192,1.0,True
2024_AZ_9505_20241105_D007,2024_AZ_9505_20241105,2024,AZ,9505,2024-11-05,2024-10-29,7,345,149,149,93,56,True,2022-12-20,2024-10-29,6.330000000000001,6.0,113.3225806451613,59.0,6,0,0,6.7792023921061855,6.330000000000001,6.0,4.117851077266828,93.0,84.0,37.0,31.072313749834578,22.581637493742456,14.525514807956805,679.0,0.0,918.2604996887453,1.0,True
2024_AZ_9505_20241105_D000,2024_AZ_9505_20241105,2024,AZ,9505,2024-11-05,2024-11-05,0,345,149,149,110,39,True,2022-12-20,2024-11-04,5.869909090909092,5.299999999999997,102.3181818181818,45.0,6,0,0,4.904910178448884,5.869909090909092,5.299999999999997,4.037434136754022,110.0,99.0,41.0,42.642640220766516,32.846284416313885,12.345213588996678,686.0,1.0,900.658818280836,1.0,True
2024_CA_9506_20241105_D120,2024_CA_9506_20241105,2024,CA,9506,2024-11-05,2024-07-08,120,44,22,22,4,18,True,2024-02-26,2024-07-02,23.75,24.5,70.0,70.5,0,0,0,29.892275887969664,23.75,24.5,2.3985406239446774,4.0,4.0,2.0,1.4257193769354544,1.3145620073238045,11.986535593275303,133.0,6.0,1235.5364782341394,0.0,True
2024_CA_9506_20241105_D090,2024_CA_9506_20241105,2024,CA,9506,2024-11-05,2024-08-07,90,44,22,22,4,18,True,2024-02-26,2024-07-02,23.75,24.5,100.0,100.5,0,0,0,29.89227588796967,23.75,24.5,2.3985406239446774,4.0,4.0,2.0,1.425719376935454,0.29765747954385813,41.98653559327531,163.0,36.0,1235.5364782341396,0.0,True
2024_CA_9506_20241105_D060,2024_CA_9506_20241105,2024,CA,9506,2024-11-05,2024-09-06,60,44,22,22,7,15,True,2024-02-26,2024-09-05,24.25714285714286,24.0,81.71428571428571,66.0,0,0,0,23.211688775655258,24.25714285714286,24.0,4.002853148671971,7.0,7.0,4.0,2.3616189608059694,1.89642590009643,12.887540869333675,193.0,1.0,1529.5192870149306,0.0,True
2024_CA_9506_20241105_D030,2024_CA_9506_20241105,2024,CA,9506,2024-11-05,2024-10-06,30,44,22,22,11,11,True,2024-02-26,2024-10-01,23.645454545454548,24.0,76.36363636363636,55.0,0,0,0,20.595615254595156,23.645454545454548,24.0,4.0016738419464515,11.0,11.0,5.0,3.887967398555178,3.5072185889956105,14.611090531289147,223.0,5.0,1991.959294320379,0.0,True
2024_CA_9506_20241105_D014,2024_CA_9506_20241105,2024,CA,9506,2024-11-05,2024-10-22,14,44,22,22,15,7,True,2024-02-26,2024-10-18,23.826666666666664,24.0,69.33333333333333,43.0,0,0,0,22.98640779353436,23.826666666666664,24.0,3.334984502059612,15.0,15.0,6.0,6.77068125038443,5.175918655555166,13.609300259460547,239.0,4.0,1281.4004954353948,0.0,True
2024_CA_9506_20241105_D007,2024_CA_9506_20241105,2024,CA,9506,2024-11-05,2024-10-29,7,44,22,22,17,5,True,2024-02-26,2024-10-29,23.576470588235296,23.5,67.47058823529412,38.0,0,0,0,22.350598784693986,23.576470588235296,23.5,2.7165191531809154,17.0,17.0,6.0,6.767568430230446,6.149447455349826,12.506420990415531,246.0,0.0,2046.1010039350554,0.0,True
2024_CA_9506_20241105_D000,2024_CA_9506_20241105,2024,CA,9506,2024-11-05,2024-11-05,0,44,22,22,19,3,True,2024-02-26,2024-11-03,23.57894736842105,23.5,67.05263157894737,41.0,0,0,0,22.67291488409506,23.57894736842105,23.5,2.4172696078180307,19.0,19.0,8.0,8.713371002165825,5.882472716728252,15.450561067300832,253.0,2.0,1650.356715109871,0.0,True
2024_CA_10013_20241105_D120,2024_CA_10013_20241105,2024,CA,10013,2024-11-05,2024-07-08,120,4,2,2,0,2,False,,,,,,,0,0,0,,,,,0.0,0.0,,0.0,0.0,,,,,0.0,False
2024_CA_10013_20241105_D090,2024_CA_10013_20241105,2024,CA,10013,2024-11-05,2024-08-07,90,4,2,2,0,2,False,,,,,,,0,0,0,,,,,0.0,0.0,,0.0,0.0,,,,,0.0,False
2024_CA_10013_20241105_D060,2024_CA_10013_20241105,2024,CA,10013,2024-11-05,2024-09-06,60,4,2,2,0,2,False,,,,,,,0,0,0,,,,,0.0,0.0,,0.0,0.0,,,,,0.0,False
2024_CA_10013_20241105_D030,2024_CA_10013_20241105,2024,CA,10013,2024-11-05,2024-10-06,30,4,2,2,0,2,False,,,,,,,0,0,0,,,,,0.0,0.0,,0.0,0.0,,,,,0.0,False
2024_CA_10013_20241105_D014,2024_CA_10013_20241105,2024,CA,10013,2024-11-05,2024-10-22,14,4,2,2,0,2,False,,,,,,,0,0,0,,,,,0.0,0.0,,0.0,0.0,,,,,0.0,False
2024_CA_10013_20241105_D007,2024_CA_10013_20241105,2024,CA,10013,2024-11-05,2024-10-29,7,4,2,2,1,1,True,2024-10-29,2024-10-29,20.0,20.0,0.0,0.0,0,0,0,20.0,20.0,20.0,,1.0,1.0,1.0,1.0,1.75,0.0,0.0,0.0,4341.0,0.0,True
2024_CA_10013_20241105_D000,2024_CA_10013_20241105,2024,CA,10013,2024-11-05,2024-11-05,0,4,2,2,2,0,True,2024-10-29,2024-11-03,23.0,23.0,4.5,4.5,0,0,0,22.32774737540843,23.0,23.0,2.923709357773058,2.0,2.0,2.0,1.904374260560539,2.0218165691377292,5.060210520492975,7.0,2.0,2831.4558270476327,0.0,True
2024_CT_9507_20241105_D120,2024_CT_9507_20241105,2024,CT,9507,2024-11-05,2024-07-08,120,2,1,1,0,1,False,,,,,,,0,0,0,,,,,0.0,0.0,,0.0,0.0,,,,,0.0,False
2024_CT_9507_20241105_D090,2024_CT_9507_20241105,2024,CT,9507,2024-11-05,2024-08-07,90,2,1,1,0,1,False,,,,,,,0,0,0,,,,,0.0,0.0,,0.0,0.0,,,,,0.0,False
2024_CT_9507_20241105_D060,2024_CT_9507_20241105,2024,CT,9507,2024-11-05,2024-09-06,60,2,1,1,0,1,False,,,,,,,0,0,0,,,,,0.0,0.0,,0.0,0.0,,,,,0.0,False
2024_CT_9507_20241105_D030,2024_CT_9507_20241105,2024,CT,9507,2024-11-05,2024-10-06,30,2,1,1,1,0,True,2024-09-18,2024-09-18,16.0,16.0,18.0,18.0,0,0,0,16.0,16.0,16.0,,1.0,1.0,1.0,1.0,0.47362083861677723,18.0,18.0,18.0,800.0,0.0,True
2024_CT_9507_20241105_D014,2024_CT_9507_20241105,2024,CT,9507,2024-11-05,2024-10-22,14,2,1,1,1,0,True,2024-09-18,2024-09-18,16.0,16.0,34.0,34.0,0,0,0,16.0,16.0,16.0,,1.0,1.0,1.0,1.0,0.21448480071186593,34.0,34.0,34.0,800.0,0.0,True
2024_CT_9507_20241105_D007,2024_CT_9507_20241105,2024,CT,9507,2024-11-05,2024-10-29,7,2,1,1,1,0,True,2024-09-18,2024-09-18,16.0,16.0,41.0,41.0,0,0,0,16.0,16.0,16.0,,1.0,1.0,1.0,1.0,0.15166365704480564,41.0,41.0,41.0,800.0,0.0,True
2024_CT_9507_20241105_D000,2024_CT_9507_20241105,2024,CT,9507,2024-11-05,2024-11-05,0,2,1,1,1,0,True,2024-09-18,2024-09-18,16.0,16.0,48.0,48.0,0,0,0,16.0,16.0,16.0,,1.0,1.0,1.0,1.0,0.10724240035593299,47.99999999999999,48.0,48.0,800.0,0.0,True
2024_DE_9508_20241105_D120,2024_DE_9508_20241105,2024,DE,9508,2024-11-05,2024-07-08,120,3,1,1,0,1,False,,,,,,,0,0,0,,,,,0.0,0.0,,0.0,0.0,,,,,0.0,False
2024_DE_9508_20241105_D090,2024_DE_9508_20241105,2024,DE,9508,2024-11-05,2024-08-07,90,3,1,1,0,1,False,,,,,,,0,0,0,,,,,0.0,0.0,,0.0,0.0,,,,,0.0,False
2024_DE_9508_20241105_D060,2024_DE_9508_20241105,2024,DE,9508,2024-11-05,2024-09-06,60,3,1,1,0,1,False,,,,,,,0,0,0,,,,,0.0,0.0,,0.0,0.0,,,,,0.0,False
2024_DE_9508_20241105_D030,2024_DE_9508_20241105,2024,DE,9508,2024-11-05,2024-10-06,30,3,1,1,1,0,True,2024-09-19,2024-09-19,20.5,20.5,17.0,17.0,0,0,0,20.5,20.5,20.5,,1.0,1.0,1.0,1.0,0.3443398916584973,17.0,17.0,17.0,383.0,0.0,True
2024_DE_9508_20241105_D014,2024_DE_9508_20241105,2024,DE,9508,2024-11-05,2024-10-22,14,3,1,1,1,0,True,2024-09-19,2024-09-19,20.5,20.5,33.0,33.0,0,0,0,20.5,20.5,20.5,,1.0,1.0,1.0,1.0,0.15593839421258546,33.0,33.0,33.0,383.0,0.0,True
2024_DE_9508_20241105_D007,2024_DE_9508_20241105,2024,DE,9508,2024-11-05,2024-10-29,7,3,1,1,1,0,True,2024-09-19,2024-09-19,20.5,20.5,40.0,40.0,0,0,0,20.5,20.5,20.5,,1.0,1.0,1.0,1.0,0.11026509599506022,40.0,40.0,40.0,383.0,0.0,True
2024_DE_9508_20241105_D000,2024_DE_9508_20241105,2024,DE,9508,2024-11-05,2024-11-05,0,3,1,1,1,0,True,2024-09-19,2024-09-19,20.5,20.5,47.0,47.0,0,0,0,20.5,20.5,20.5,,1.0,1.0,1.0,1.0,0.07796919710629269,47.0,47.0,47.0,383.0,0.0,True
2024_FL_9509_20241105_D120,2024_FL_9509_20241105,2024,FL,9509,2024-11-05,2024-07-08,120,127,58,58,12,46,True,2024-03-01,2024-06-09,-9.891666666666666,-10.65,76.16666666666667,82.0,0,0,0,-7.566153811686259,-9.891666666666666,-10.649999999999999,5.010834028831238,12.0,9.0,8.0,4.511856329896418,1.1012614847941888,37.058502298058144,129.0,29.0,922.3805516756021,0.0,True
2024_FL_9509_20241105_D090,2024_FL_9509_20241105,2024,FL,9509,2024-11-05,2024-08-07,90,127,58,58,15,43,True,2024-03-01,2024-07-27,-8.979999999999999,-8.0,87.53333333333333,92.0,0,0,0,-5.589208322762368,-8.979999999999999,-8.0,2.010992246674404,15.0,11.0,10.0,3.7466864034731673,2.256905825174655,18.986547835918824,159.0,11.0,984.7011695105714,0.0,True
2024_FL_9509_20241105_D060,2024_FL_9509_20241105,2024,FL,9509,2024-11-05,2024-09-06,60,127,58,58,23,35,True,2024-03-01,2024-09-05,-7.378260869565217,-6.0,82.3913043478261,89.0,0,0,0,-3.8009832186645895,-7.378260869565215,-6.0,2.433035724499296,23.0,17.0,12.0,8.122090690662285,5.090746445166812,16.338820282991268,189.0,1.0,850.1431383496064,0.0,True
2024_FL_9509_20241105_D030,2024_FL_9509_20241105,2024,FL,9509,2024-11-05,2024-10-06,30,127,58,58,38,20,True,2024-03-01,2024-10-06,-6.3686842105263155,-5.670000000000002,72.60526315789474,45.0,0,0,0,-4.932260157526845,-6.368684210526315,-5.670000000000002,2.6971744725183475,38.0,30.0,19.0,15.903771161533118,12.29507757825824,12.840400365406479,219.0,0.0,1285.738382382916,0.0,True
2024_FL_9509_20241105_D014,2024_FL_9509_20241105,2024,FL,9509,2024-11-05,2024-10-22,14,127,58,58,48,10,True,2024-03-01,2024-10-20,-5.862708333333333,-4.185000000000002,71.4375,43.5,0,0,0,-4.359768735953901,-5.862708333333333,-4.185000000000002,2.1794596392732535,48.0,39.0,20.0,20.411855481348617,14.790483500804458,14.403332906749243,235.0,2.0,1090.5943938214114,0.0,True
2024_FL_9509_20241105_D007,2024_FL_9509_20241105,2024,FL,9509,2024-11-05,2024-10-29,7,127,58,58,53,5,True,2024-03-01,2024-10-28,-5.790754716981133,-4.0,71.24528301886792,40.0,0,0,0,-4.479942931916075,-5.790754716981133,-4.0,2.2470321526370265,53.0,43.0,22.0,22.671337587369955,15.54746807828485,15.141903893608681,242.0,1.0,1011.4562189020226,0.0,True
2024_FL_9509_20241105_D000,2024_FL_9509_20241105,2024,FL,9509,2024-11-05,2024-11-05,0,127,58,58,57,1,True,2024-03-01,2024-11-03,-5.779122807017544,-4.0,72.98245614035088,43.0,0,0,0,-4.642116752522897,-5.7791228070175436,-4.0,2.219576294905977,57.0,47.0,24.0,23.75517598308465,14.62949278870197,17.477873718714296,249.0,2.0,1023.872883551242,0.0,True
2024_IN_9511_20241105_D120,2024_IN_9511_20241105,2024,IN,9511,2024-11-05,2024-07-08,120,11,5,5,1,4,True,2023-10-04,2023-10-04,-9.8,-9.8,278.0,278.0,0,0,0,-9.8,-9.8,-9.8,,1.0,1.0,1.0,1.0,9.239526904087817e-07,278.0,278.0,278.0,462.0,0.0,True
2024_IN_9511_20241105_D090,2024_IN_9511_20241105,2024,IN,9511,2024-11-05,2024-08-07,90,11,5,5,1,4,True,2023-10-04,2023-10-04,-9.8,-9.8,308.0,308.0,0,0,0,-9.8,-9.8,-9.8,,1.0,1.0,1.0,1.0,2.0921145409088424e-07,308.0,308.0,308.0,462.0,0.0,True
2024_IN_9511_20241105_D060,2024_IN_9511_20241105,2024,IN,9511,2024-11-05,2024-09-06,60,11,5,5,1,4,True,2023-10-04,2023-10-04,-9.8,-9.8,338.0,338.0,0,0,0,-9.8,-9.8,-9.8,,1.0,1.0,1.0,1.0,4.737194120129395e-08,338.0,338.0,338.0,462.0,0.0,True
2024_IN_9511_20241105_D030,2024_IN_9511_20241105,2024,IN,9511,2024-11-05,2024-10-06,30,11,5,5,4,1,True,2023-10-04,2024-10-05,-12.325000000000005,-12.750000000000004,100.75,17.0,0,0,0,-13.046563200747043,-12.325000000000003,-12.750000000000004,0.7920576358041352,4.0,4.0,3.0,2.8210722073347863,1.7705249438115278,9.413068537768423,368.0,1.0,605.6201362456491,0.0,True
2024_IN_9511_20241105_D014,2024_IN_9511_20241105,2024,IN,9511,2024-11-05,2024-10-22,14,11,5,5,4,1,True,2023-10-04,2024-10-05,-12.325000000000005,-12.750000000000004,116.75,33.0,0,0,0,-13.046563200747046,-12.325000000000003,-12.750000000000004,0.7920576358041352,4.0,4.0,3.0,2.8210722073347863,0.8018031698898122,25.413068537768424,384.0,17.0,605.620136245649,0.0,True
2024_IN_9511_20241105_D007,2024_IN_9511_20241105,2024,IN,9511,2024-11-05,2024-10-29,7,11,5,5,5,0,True,2023-10-04,2024-10-28,-12.820000000000002,-13.300000000000004,99.2,34.0,0,0,0,-14.060329406743163,-12.820000000000002,-13.300000000000004,1.0072223693369513,5.0,5.0,3.0,2.5166914435120478,1.344016297124616,14.251303412388738,391.0,1.0,486.7388937127174,0.0,True
2024_IN_9511_20241105_D000,2024_IN_9511_20241105,2024,IN,9511,2024-11-05,2024-11-05,0,11,5,5,5,0,True,2023-10-04,2024-10-28,-12.820000000000002,-13.300000000000004,106.2,41.0,0,0,0,-14.060329406743165,-12.820000000000002,-13.300000000000004,1.0072223693369515,5.0,5.0,3.0,2.5166914435120473,0.9503630377220494,21.251303412388744,398.0,8.0,486.7388937127175,0.0,True
2024_MA_9514_20241105_D120,2024_MA_9514_20241105,2024,MA,9514,2024-11-05,2024-07-08,120,32,16,16,1,15,True,2024-05-30,2024-05-30,23.0,23.0,39.0,39.0,0,0,0,23.0,23.0,23.0,,1.0,1.0,1.0,1.0,0.15663536933973118,39.0,39.0,39.0,700.0,0.0,True
2024_MA_9514_20241105_D090,2024_MA_9514_20241105,2024,MA,9514,2024-11-05,2024-08-07,90,32,16,16,1,15,True,2024-05-30,2024-05-30,23.0,23.0,69.0,69.0,0,0,0,23.0,23.0,23.0,,1.0,1.0,1.0,1.0,0.035467090167927914,69.0,69.0,69.0,700.0,0.0,True
2024_MA_9514_20241105_D060,2024_MA_9514_20241105,2024,MA,9514,2024-11-05,2024-09-06,60,32,16,16,1,15,True,2024-05-30,2024-05-30,23.0,23.0,99.0,99.0,0,0,0,23.0,23.0,23.0,,1.0,1.0,1.0,1.0,0.00803084571691851,99.0,99.0,99.0,700.0,0.0,True
2024_MA_9514_20241105_D030,2024_MA_9514_20241105,2024,MA,9514,2024-11-05,2024-10-06,30,32,16,16,5,11,True,2024-05-30,2024-10-05,22.92,23.0,36.6,18.0,1,0,0,22.85112041237769,22.919999999999998,23.0,1.8314749387949834,5.0,5.0,5.0,3.570247481522332,2.195080105361709,11.021203127029446,129.0,1.0,606.2448855080877,0.0,True
2024_MA_9514_20241105_D014,2024_MA_9514_20241105,2024,MA,9514,2024-11-05,2024-10-22,14,32,16,16,6,10,True,2024-05-30,2024-10-10,22.766666666666666,22.5,45.833333333333336,32.5,1,0,0,22.532005217953458,22.766666666666666,22.5,1.5054651544220679,6.0,6.0,5.0,3.999834149696898,1.5903444853531066,21.38922193299756,145.0,12.0,641.3969993033277,0.0,True
2024_MA_9514_20241105_D007,2024_MA_9514_20241105,2024,MA,9514,2024-11-05,2024-10-29,7,32,16,16,7,9,True,2024-05-30,2024-10-26,22.428571428571427,22.0,45.714285714285715,38.0,1,0,0,21.471596825649808,22.428571428571427,22.0,1.5084726902799683,7.0,7.0,6.0,3.220163032253413,2.2373454972068005,15.761230319705696,152.0,3.0,819.7575531339835,0.0,True
2024_MA_9514_20241105_D000,2024_MA_9514_20241105,2024,MA,9514,2024-11-05,2024-11-05,0,32,16,16,10,6,True,2024-05-30,2024-11-02,22.82,22.5,38.2,28.5,1,0,0,22.675307790645878,22.82,22.5,1.8742614467103897,10.0,10.0,7.0,5.7564342623970965,3.9564857393952355,11.56593515022444,159.0,3.0,688.4650388799247,0.0,True
2024_MD_9513_20241105_D120,2024_MD_9513_20241105,2024,MD,9513,2024-11-05,2024-07-08,120,81,35,35,9,26,True,2023-11-13,2024-06-20,-5.088888888888889,-6.0,110.66666666666669,106.0,1,0,0,7.159990241546538,-5.088888888888889,-6.0,5.183540134648805,9.0,9.0,7.0,1.7422008926016581,0.5683840917679315,31.116933930502558,238.0,18.0,724.1566965506695,0.0,True
2024_MD_9513_20241105_D090,2024_MD_9513_20241105,2024,MD,9513,2024-11-05,2024-08-07,90,81,35,35,9,26,True,2023-11-13,2024-06-20,-5.088888888888889,-6.0,140.66666666666666,136.0,1,0,0,7.159990241546537,-5.088888888888889,-6.0,5.183540134648802,9.0,9.0,7.0,1.7422008926016586,0.12869973057634093,61.11693393050255,268.0,48.0,724.1566965506693,0.0,True
2024_MD_9513_20241105_D060,2024_MD_9513_20241105,2024,MD,9513,2024-11-05,2024-09-06,60,81,35,35,11,24,True,2023-11-13,2024-08-30,-3.690909090909091,-4.0,141.8181818181818,149.0,1,0,0,3.5027146781334615,-3.690909090909091,-4.0,2.621341776091318,11.0,11.0,9.0,1.9041264352040066,1.286767793024484,12.254379234065786,298.0,7.0,744.1432386821816,0.0,True
2024_MD_9513_20241105_D030,2024_MD_9513_20241105,2024,MD,9513,2024-11-05,2024-10-06,30,81,35,35,18,17,True,2023-11-13,2024-09-28,1.6744444444444442,6.565000000000001,111.77777777777776,77.5,1,0,0,9.596142508518712,1.6744444444444442,6.565000000000001,3.3044395923180745,18.0,17.0,11.0,7.034565832204228,3.8852041711042067,17.247481282946595,328.0,8.0,834.1946279906152,0.0,True
2024_MD_9513_20241105_D014,2024_MD_9513_20241105,2024,MD,9513,2024-11-05,2024-10-22,14,81,35,35,21,14,True,2023-11-13,2024-10-22,3.2542857142857144,8.0,109.9047619047619,53.0,1,0,0,11.540733468001182,3.2542857142857144,8.0,2.518288428828421,21.0,20.0,11.0,6.111189946689144,4.832159670194132,13.26806289905551,344.0,0.0,840.2605010502583,0.0,True
2024_MD_9513_20241105_D007,2024_MD_9513_20241105,2024,MD,9513,2024-11-05,2024-10-29,7,81,35,35,22,13,True,2023-11-13,2024-10-27,4.174545454545455,8.5,111.6818181818182,55.5,1,0,0,13.870803017937051,4.174545454545455,8.5,5.248131357329864,22.0,21.0,12.0,6.942367109749394,4.243661673543052,16.708826470674957,351.0,2.0,773.9662487713418,0.0,True
2024_MD_9513_20241105_D000,2024_MD_9513_20241105,2024,MD,9513,2024-11-05,2024-11-05,0,81,35,35,26,9,True,2023-11-13,2024-11-03,5.201538461538462,8.799999999999997,101.15384615384616,51.0,1,0,0,12.434353869740912,5.201538461538462,8.799999999999997,4.519832605289583,26.0,25.0,15.0,10.348101397666513,5.738769900491306,14.611991927304766,358.0,2.0,619.3478344031512,0.0,True
2024_ME_9512_20241105_D120,2024_ME_9512_20241105,2024,ME,9512,2024-11-05,2024-07-08,120,19,5,5,1,4,True,2024-04-30,2024-04-30,-16.0,-16.0,69.0,69.0,0,0,0,-16.0,-16.0,-16.0,,1.0,1.0,1.0,1.0,0.03308149939063431,69.0,69.0,69.0,609.0,0.0,True
2024_ME_9512_20241105_D090,2024_ME_9512_20241105,2024,ME,9512,2024-11-05,2024-08-07,90,19,5,5,1,4,True,2024-04-30,2024-04-30,-16.0,-16.0,99.0,99.0,0,0,0,-16.0,-16.0,-16.0,,1.0,1.0,1.0,0.9999999999999999,0.007490674211857375,99.0,99.0,99.0,609.0,0.0,True
2024_ME_9512_20241105_D060,2024_ME_9512_20241105,2024,ME,9512,2024-11-05,2024-09-06,60,19,5,5,2,3,True,2024-04-30,2024-08-19,-20.0,-20.0,73.5,73.5,0,0,0,-23.973809341832908,-20.0,-20.0,0.4569894033361176,2.0,2.0,2.0,1.0065691000347299,0.5180840322291319,18.363395382068386,129.0,18.0,949.8803493633568,0.0,True
2024_ME_9512_20241105_D030,2024_ME_9512_20241105,2024,ME,9512,2024-11-05,2024-10-06,30,19,5,5,3,2,True,2024-04-30,2024-09-15,-18.333333333333332,-16.0,76.0,48.0,0,0,0,-16.99149040160521,-18.333333333333332,-16.0,3.7351796874911405,3.0,3.0,3.0,1.5282744062078717,0.5286089979918995,27.072553715252774,159.0,21.0,842.5987548729237,0.0,True
2024_ME_9512_20241105_D014,2024_ME_9512_20241105,2024,ME,9512,2024-11-05,2024-10-22,14,19,5,5,3,2,True,2024-04-30,2024-09-15,-18.333333333333332,-16.0,92.0,64.0,0,0,0,-16.991490401605212,-18.333333333333332,-16.0,3.7351796874911405,3.0,3.0,3.0,1.528274406207872,0.23938683931204766,43.07255371525278,175.0,37.0,842.5987548729237,0.0,True
2024_ME_9512_20241105_D007,2024_ME_9512_20241105,2024,ME,9512,2024-11-05,2024-10-29,7,19,5,5,3,2,True,2024-04-30,2024-09-15,-18.333333333333332,-16.0,99.0,71.0,0,0,0,-16.99149040160521,-18.333333333333332,-16.0,3.7351796874911405,3.0,3.0,3.0,1.5282744062078717,0.16927205740436327,50.07255371525278,182.0,44.0,842.5987548729237,0.0,True
2024_ME_9512_20241105_D000,2024_ME_9512_20241105,2024,ME,9512,2024-11-05,2024-11-05,0,19,5,5,4,1,True,2024-04-30,2024-11-02,-20.75,-20.0,80.25,64.5,0,0,0,-27.107140923587277,-20.75,-20.0,3.1880103310733614,4.0,4.0,3.0,1.1783142365020978,1.4757605023650517,7.385622770998691,189.0,3.0,1432.8972355627343,0.0,True
2024_MI_9515_20241105_D120,2024_MI_9515_20241105,2024,MI,9515,2024-11-05,2024-07-08,120,339,136,136,19,117,True,2023-07-13,2024-07-08,3.110526315789474,3.0,116.42105263157896,70.0,0,0,0,3.789226402484501,3.110526315789474,3.0,1.7727423925400092,19.0,18.0,8.0,6.375147426644036,3.1825059494317305,17.283909145838724,361.0,0.0,611.2516607566712,0.0,True
2024_MI_9515_20241105_D090,2024_MI_9515_20241105,2024,MI,9515,2024-11-05,2024-08-07,90,339,136,136,26,110,True,2023-07-13,2024-08-02,3.919230769230769,4.0,111.42307692307692,68.0,0,0,0,5.541787989593517,3.919230769230769,4.0,2.2168832953457303,26.0,25.0,11.0,9.133122356569215,4.0704295756699915,20.577233225237944,391.0,5.0,666.7465234692739,0.0,True
2024_MI_9515_20241105_D060,2024_MI_9515_20241105,2024,MI,9515,2024-11-05,2024-09-06,60,339,136,136,42,94,True,2023-07-13,2024-09-06,4.480952380952381,4.050000000000001,92.47619047619048,50.5,0,0,0,5.498533710851105,4.480952380952381,4.050000000000001,3.298710405987372,42.0,39.0,22.0,15.04163251970268,11.034200725043501,12.041436204634016,421.0,0.0,738.7985941142699,0.0,True
2024_MI_9515_20241105_D030,2024_MI_9515_20241105,2024,MI,9515,2024-11-05,2024-10-06,30,339,136,136,63,73,True,2023-07-13,2024-10-04,4.627777777777778,4.799999999999997,86.41269841269842,45.0,1,0,0,4.8192010545450135,4.627777777777778,4.799999999999997,3.742942817560703,63.0,58.0,31.0,25.947964830157037,15.008314226506581,17.278918922069824,451.0,2.0,826.5699178651787,0.0,True
2024_MI_9515_20241105_D014,2024_MI_9515_20241105,2024,MI,9515,2024-11-05,2024-10-22,14,339,136,136,79,57,True,2023-07-13,2024-10-21,4.524683544303797,4.699999999999996,83.40506329113924,47.0,1,0,0,4.40932481799753,4.524683544303797,4.699999999999996,3.2548107678287894,79.0,74.0,35.0,29.131092242856614,19.62778263328113,16.242280905266302,467.0,1.0,889.1875467301622,0.0,True
2024_MI_9515_20241105_D007,2024_MI_9515_20241105,2024,MI,9515,2024-11-05,2024-10-29,7,339,136,136,95,41,True,2023-07-13,2024-10-29,4.21421052631579,4.0,75.46315789473684,41.0,2,0,0,3.450383665679215,4.21421052631579,4.0,3.057986056458323,95.0,88.0,39.0,37.97140028411399,30.57921308707065,11.380107613613315,474.0,0.0,851.7729504710782,1.0,True
2024_MI_9515_20241105_D000,2024_MI_9515_20241105,2024,MI,9515,2024-11-05,2024-11-05,0,339,136,136,117,19,True,2023-07-13,2024-11-04,4.06025641025641,4.0,67.64957264957265,39.0,2,0,0,3.394015485798673,4.06025641025641,4.0,2.9520599882564853,117.0,105.0,41.0,54.56256981922776,43.64675269470765,10.925830449737907,481.0,1.0,885.7846288910322,1.0,True
2024_MN_9516_20241105_D120,2024_MN_9516_20241105,2024,MN,9516,2024-11-05,2024-07-08,120,54,21,21,2,19,True,2024-06-16,2024-06-18,12.650000000000002,12.650000000000002,21.0,21.0,0,0,0,12.427132572181426,12.650000000000002,12.650000000000002,1.3314766650668446,2.0,2.0,2.0,1.9469386932910009,0.823290623439866,20.834913016430686,22.0,20.0,843.8712659274622,0.0,True
2024_MN_9516_20241105_D090,2024_MN_9516_20241105,2024,MN,9516,2024-11-05,2024-08-07,90,54,21,21,3,18,True,2024-06-16,2024-07-25,15.766666666666667,14.0,38.333333333333336,50.0,0,0,0,19.574561375256287,15.766666666666667,14.0,4.21720578900348,3.0,3.0,2.0,1.6936684652452287,0.7357675804536592,22.586078579464974,52.0,13.0,703.6001812723108,0.0,True
2024_MN_9516_20241105_D060,2024_MN_9516_20241105,2024,MN,9516,2024-11-05,2024-09-06,60,54,21,21,5,16,True,2024-06-16,2024-08-29,13.660000000000002,14.0,44.4,43.0,0,0,0,11.963025489935465,13.660000000000002,14.0,4.536349701649569,5.0,5.0,3.0,2.485665219570197,1.3985473079047983,13.697133953927226,82.0,8.0,562.5266354220913,0.0,True
2024_MN_9516_20241105_D030,2024_MN_9516_20241105,2024,MN,9516,2024-11-05,2024-10-06,30,54,21,21,10,11,True,2024-06-16,2024-10-02,11.23,11.0,46.6,33.0,0,0,0,9.240597863218825,11.23,11.0,2.450059238022145,10.0,10.0,5.0,5.521301830467079,2.7196042322691656,19.16401647885559,112.0,4.0,788.9119646223488,0.0,True
2024_MN_9516_20241105_D014,2024_MN_9516_20241105,2024,MN,9516,2024-11-05,2024-10-22,14,54,21,21,12,9,True,2024-06-16,2024-10-22,10.916666666666666,11.0,52.833333333333336,43.5,0,0,0,10.009065824773312,10.916666666666666,11.0,2.2929985170813314,12.0,12.0,5.0,3.569443906150051,3.5723816151422962,13.558011276574538,128.0,0.0,1194.724093805515,0.0,True
2024_MN_9516_20241105_D007,2024_MN_9516_20241105,2024,MN,9516,2024-11-05,2024-10-29,7,54,21,21,12,9,True,2024-06-16,2024-10-22,10.916666666666666,11.0,59.833333333333336,50.5,0,0,0,10.009065824773314,10.916666666666666,11.0,2.292998517081332,12.0,12.0,5.0,3.5694439061500502,2.5260552650532686,20.55801127657454,135.0,7.0,1194.7240938055156,0.0,True
2024_MN_9516_20241105_D000,2024_MN_9516_20241105,2024,MN,9516,2024-11-05,2024-11-05,0,54,21,21,16,5,True,2024-06-16,2024-11-04,11.8375,11.35,51.0,47.5,0,0,0,12.631685958671481,11.8375,11.350000000000001,3.107154948258346,16.0,16.0,9.0,5.998283841007208,5.574425509633112,10.736707621455581,142.0,1.0,1175.985945565141,0.0,True
2024_MO_9518_20241105_D120,2024_MO_9518_20241105,2024,MO,9518,2024-11-05,2024-07-08,120,39,17,17,5,12,True,2023-10-04,2024-06-19,-10.599999999999998,-12.4,166.4,162.0,0,0,0,-9.22816141296053,-10.599999999999998,-12.4,0.3590566914780462,5.0,5.0,3.0,1.0126062181038726,0.5071191403986438,19.690966448669815,278.0,19.0,999.4655539183817,0.0,True
2024_MO_9518_20241105_D090,2024_MO_9518_20241105,2024,MO,9518,2024-11-05,2024-08-07,90,39,17,17,5,12,True,2023-10-04,2024-06-19,-10.599999999999998,-12.4,196.4,192.0,0,0,0,-9.22816141296053,-10.599999999999998,-12.4,0.35905669147804625,5.0,5.0,3.0,1.0126062181038726,0.11482745151505555,49.69096644866982,308.0,49.0,999.4655539183818,0.0,True
2024_MO_9518_20241105_D060,2024_MO_9518_20241105,2024,MO,9518,2024-11-05,2024-09-06,60,39,17,17,7,10,True,2023-10-04,2024-09-05,-11.285714285714286,-12.4,164.85714285714286,182.0,0,0,0,-13.800333801403957,-11.285714285714286,-12.4,1.8791189158951316,7.0,7.0,4.0,1.7334081131749506,1.568870918080767,7.824179867241429,338.0,1.0,842.2247581200421,0.0,True
2024_MO_9518_20241105_D030,2024_MO_9518_20241105,2024,MO,9518,2024-11-05,2024-10-06,30,39,17,17,12,5,True,2023-10-04,2024-10-01,-9.291666666666666,-10.099999999999998,121.91666666666669,41.0,2,0,0,-7.792069769504067,-9.291666666666666,-10.099999999999998,3.603602768813512,12.0,11.0,7.0,5.870642686358848,2.465567861079303,20.738480423519523,368.0,5.0,752.162974256489,0.0,True
2024_MO_9518_20241105_D014,2024_MO_9518_20241105,2024,MO,9518,2024-11-05,2024-10-22,14,39,17,17,12,5,True,2023-10-04,2024-10-01,-9.291666666666666,-10.099999999999998,137.91666666666666,57.0,2,0,0,-7.792069769504066,-9.291666666666666,-10.099999999999998,3.603602768813511,12.0,11.0,7.0,5.870642686358853,1.1165615788140348,36.73848042351952,384.0,21.0,752.162974256489,0.0,True
2024_MO_9518_20241105_D007,2024_MO_9518_20241105,2024,MO,9518,2024-11-05,2024-10-29,7,39,17,17,15,2,True,2023-10-04,2024-10-27,-9.146666666666668,-10.1,116.66666666666669,47.0,3,0,0,-8.163318200398473,-9.146666666666667,-10.1,4.015485725414931,15.0,14.0,7.0,5.033881636518681,3.146300281524202,13.70797292063673,391.0,2.0,595.9757472069047,0.0,True
2024_MO_9518_20241105_D000,2024_MO_9518_20241105,2024,MO,9518,2024-11-05,2024-11-05,0,39,17,17,16,1,True,2023-10-04,2024-11-03,-9.2625,-10.55,116.0625,54.0,3,0,0,-8.90274150910045,-9.2625,-10.55,3.670407909938928,16.0,15.0,8.0,5.6646427772535715,3.009149966776177,15.831461484624665,398.0,2.0,557.9249972055705,0.0,True
2024_MS_9517_20241105_D120,2024_MS_9517_20241105,2024,MS,9517,2024-11-05,2024-07-08,120,2,1,1,0,1,False,,,,,,,0,0,0,,,,,0.0,0.0,,0.0,0.0,,,,,0.0,False
2024_MS_9517_20241105_D090,2024_MS_9517_20241105,2024,MS,9517,2024-11-05,2024-08-07,90,2,1,1,0,1,False,,,,,,,0,0,0,,,,,0.0,0.0,,0.0,0.0,,,,,0.0,False
2024_MS_9517_20241105_D060,2024_MS_9517_20241105,2024,MS,9517,2024-11-05,2024-09-06,60,2,1,1,0,1,False,,,,,,,0,0,0,,,,,0.0,0.0,,0.0,0.0,,,,,0.0,False
2024_MS_9517_20241105_D030,2024_MS_9517_20241105,2024,MS,9517,2024-11-05,2024-10-06,30,2,1,1,1,0,True,2024-10-03,2024-10-03,-13.0,-13.0,3.0,3.0,1,0,0,-13.0,-13.0,-13.0,,1.0,1.0,1.0,1.0,0.8364542094272983,3.0,3.0,3.0,565.0,0.0,True
2024_MS_9517_20241105_D014,2024_MS_9517_20241105,2024,MS,9517,2024-11-05,2024-10-22,14,2,1,1,1,0,True,2024-10-03,2024-10-03,-13.0,-13.0,19.0,19.0,1,0,0,-13.0,-13.0,-13.0,,1.0,1.0,1.0,1.0,0.37879818577573093,19.0,19.0,19.0,565.0,0.0,True
2024_MS_9517_20241105_D007,2024_MS_9517_20241105,2024,MS,9517,2024-11-05,2024-10-29,7,2,1,1,1,0,True,2024-10-03,2024-10-03,-13.0,-13.0,26.0,26.0,1,0,0,-13.0,-13.0,-13.0,,1.0,1.0,1.0,1.0,0.2678507658631809,26.0,26.0,26.0,565.0,0.0,True
2024_MS_9517_20241105_D000,2024_MS_9517_20241105,2024,MS,9517,2024-11-05,2024-11-05,0,2,1,1,1,0,True,2024-10-03,2024-10-03,-13.0,-13.0,33.0,33.0,1,0,0,-12.999999999999998,-13.0,-13.0,,1.0,1.0,1.0,1.0,0.1893990928878655,33.0,33.0,33.0,565.0,0.0,True
2024_MT_9519_20241105_D120,2024_MT_9519_20241105,2024,MT,9519,2024-11-05,2024-07-08,120,79,32,32,9,23,True,2023-08-17,2024-07-08,-0.1888888888888884,-1.0,116.66666666666669,101.0,0,0,0,-2.724139133528606,-0.1888888888888884,-1.0,2.0249001934140347,9.0,8.0,6.0,3.0257808388441734,1.7015496436710134,10.34906888514703,326.0,0.0,434.4081015673593,0.0,True
2024_MT_9519_20241105_D090,2024_MT_9519_20241105,2024,MT,9519,2024-11-05,2024-08-07,90,79,32,32,10,22,True,2023-08-17,2024-08-06,-0.3699999999999995,-1.5,132.1,97.0,0,0,0,-2.1728706545375993,-0.36999999999999955,-1.5,1.036400698865744,10.0,9.0,6.0,1.6711975840884414,1.6139166039736466,10.393635806525213,356.0,1.0,864.9786523664634,0.0,True
2024_MT_9519_20241105_D060,2024_MT_9519_20241105,2024,MT,9519,2024-11-05,2024-09-06,60,79,32,32,13,19,True,2023-08-17,2024-08-29,-0.83076923076923,-2.0,129.0,93.0,0,0,0,-3.0851378208092974,-0.83076923076923,-2.0,4.218255244186849,13.0,12.0,9.0,3.7318356814900797,1.6168184992217653,21.027835030668438,386.0,8.0,638.0865364893051,0.0,True
2024_MT_9519_20241105_D030,2024_MT_9519_20241105,2024,MT,9519,2024-11-05,2024-10-06,30,79,32,32,16,16,True,2023-08-17,2024-10-01,-1.9874999999999992,-3.0,131.5625,93.5,1,0,0,-6.185075592336579,-1.9874999999999994,-3.0,2.4585529752989017,16.0,15.0,10.0,4.09207987251368,1.9915821830801,18.698323856197057,416.0,5.0,602.3910551968668,0.0,True
2024_MT_9519_20241105_D014,2024_MT_9519_20241105,2024,MT,9519,2024-11-05,2024-10-22,14,79,32,32,19,13,True,2023-08-17,2024-10-16,-2.4631578947368418,-3.0,126.05263157894736,77.0,1,0,0,-4.821039949061524,-2.4631578947368418,-3.0,3.511786819795251,19.0,17.0,12.0,5.363906562030333,2.7837530627452414,18.302943413065734,432.0,6.0,669.8718861858081,0.0,True
2024_MT_9519_20241105_D007,2024_MT_9519_20241105,2024,MT,9519,2024-11-05,2024-10-29,7,79,32,32,20,12,True,2023-08-17,2024-10-25,-2.4649999999999994,-3.0,126.6,81.0,1,0,0,-4.009107045823397,-2.4649999999999994,-3.0,3.0403625606074764,20.0,18.0,12.0,4.970617102162052,3.0274590585235526,17.850869742433062,439.0,4.0,785.3554124379356,0.0,True
2024_MT_9519_20241105_D000,2024_MT_9519_20241105,2024,MT,9519,2024-11-05,2024-11-05,0,79,32,32,21,11,True,2023-08-17,2024-11-04,-2.852380952380952,-3.0,127.28571428571428,85.0,1,0,0,-6.199324437726638,-2.852380952380952,-3.0,3.976233786990076,21.0,19.0,13.0,4.997030433346048,3.2061821168684332,16.924995344974906,446.0,1.0,774.2710866957952,0.0,True
2024_ND_9525_20241105_D120,2024_ND_9525_20241105,2024,ND,9525,2024-11-05,2024-07-08,120,12,6,6,2,4,True,2023-10-04,2024-06-19,-31.5,-31.5,148.5,148.5,0,0,0,-36.99997283819029,-31.5,-31.5,0.017285229794262395,2.0,2.0,2.0,1.0000049385230507,0.35634423817002125,19.000639537155884,278.0,19.0,499.99979999031035,0.0,True
2024_ND_9525_20241105_D090,2024_ND_9525_20241105,2024,ND,9525,2024-11-05,2024-08-07,90,12,6,6,3,3,True,2023-10-04,2024-08-02,-25.333333333333332,-26.0,120.66666666666669,49.0,1,0,0,-15.440833825195273,-25.333333333333332,-26.0,7.2541233882049605,3.0,3.0,3.0,1.2235659285527112,0.793374068813824,9.474932119157051,308.0,5.0,499.9999796587097,0.0,True
2024_ND_9525_20241105_D060,2024_ND_9525_20241105,2024,ND,9525,2024-11-05,2024-09-06,60,12,6,6,3,3,True,2023-10-04,2024-08-02,-25.333333333333332,-26.0,150.66666666666666,79.0,1,0,0,-15.440833825195266,-25.333333333333332,-26.0,7.254123388204959,3.0,3.0,3.0,1.2235659285527116,0.17964441718450544,39.47493211915705,338.0,35.0,499.99997965870966,0.0,True
2024_ND_9525_20241105_D030,2024_ND_9525_20241105,2024,ND,9525,2024-11-05,2024-10-06,30,12,6,6,6,0,True,2023-10-04,2024-09-30,-22.666666666666668,-24.0,95.0,38.5,3,0,0,-19.82144652855991,-22.666666666666668,-24.0,8.00314249808857,6.0,6.0,4.0,3.093121605748721,1.7897582292182772,10.41070466472175,368.0,6.0,506.03590532893736,0.0,True
2024_ND_9525_20241105_D014,2024_ND_9525_20241105,2024,ND,9525,2024-11-05,2024-10-22,14,12,6,6,6,0,True,2023-10-04,2024-09-30,-22.666666666666668,-24.0,111.0,54.5,3,0,0,-19.82144652855991,-22.666666666666668,-24.0,8.00314249808857,6.0,6.0,4.0,3.093121605748722,0.8105131907570294,26.410704664721752,384.0,22.0,506.03590532893736,0.0,True
2024_ND_9525_20241105_D007,2024_ND_9525_20241105,2024,ND,9525,2024-11-05,2024-10-29,7,12,6,6,6,0,True,2023-10-04,2024-09-30,-22.666666666666668,-24.0,118.0,61.5,3,0,0,-19.82144652855991,-22.666666666666668,-24.0,8.003142498088572,6.0,6.0,4.0,3.093121605748721,0.5731193734254414,33.41070466472175,391.0,29.0,506.03590532893736,0.0,True
2024_ND_9525_20241105_D000,2024_ND_9525_20241105,2024,ND,9525,2024-11-05,2024-11-05,0,12,6,6,6,0,True,2023-10-04,2024-09-30,-22.666666666666668,-24.0,125.0,68.5,3,0,0,-19.821446528559914,-22.666666666666668,-24.0,8.00314249808857,6.0,6.0,4.0,3.0931216057487205,0.4052565953785147,40.410704664721756,398.0,36.0,506.0359053289375,0.0,True
2024_NE_9520_20241105_D120,2024_NE_9520_20241105,2024,NE,9520,2024-11-05,2024-07-08,120,43,21,21,0,21,False,,,,,,,0,0,0,,,,,0.0,0.0,,0.0,0.0,,,,,0.0,False
2024_NE_9520_20241105_D090,2024_NE_9520_20241105,2024,NE,9520,2024-11-05,2024-08-07,90,43,21,21,0,21,False,,,,,,,0,0,0,,,,,0.0,0.0,,0.0,0.0,,,,,0.0,False
2024_NE_9520_20241105_D060,2024_NE_9520_20241105,2024,NE,9520,2024-11-05,2024-09-06,60,43,21,21,0,21,False,,,,,,,0,0,0,,,,,0.0,0.0,,0.0,0.0,,,,,0.0,False
2024_NE_9520_20241105_D030,2024_NE_9520_20241105,2024,NE,9520,2024-11-05,2024-10-06,30,43,21,21,0,21,False,,,,,,,0,0,0,,,,,0.0,0.0,,0.0,0.0,,,,,0.0,False
2024_NE_9520_20241105_D014,2024_NE_9520_20241105,2024,NE,9520,2024-11-05,2024-10-22,14,43,21,21,0,21,False,,,,,,,0,0,0,,,,,0.0,0.0,,0.0,0.0,,,,,0.0,False
2024_NE_9520_20241105_D007,2024_NE_9520_20241105,2024,NE,9520,2024-11-05,2024-10-29,7,43,21,21,0,21,False,,,,,,,0,0,0,,,,,0.0,0.0,,0.0,0.0,,,,,0.0,False
2024_NE_9520_20241105_D000,2024_NE_9520_20241105,2024,NE,9520,2024-11-05,2024-11-05,0,43,21,21,0,21,False,,,,,,,0,0,0,,,,,0.0,0.0,,0.0,0.0,,,,,0.0,False
2024_NE_9553_20241105_D120,2024_NE_9553_20241105,2024,NE,9553,2024-11-05,2024-07-08,120,10,5,5,0,5,False,,,,,,,0,0,0,,,,,0.0,0.0,,0.0,0.0,,,,,0.0,False
2024_NE_9553_20241105_D090,2024_NE_9553_20241105,2024,NE,9553,2024-11-05,2024-08-07,90,10,5,5,0,5,False,,,,,,,0,0,0,,,,,0.0,0.0,,0.0,0.0,,,,,0.0,False
2024_NE_9553_20241105_D060,2024_NE_9553_20241105,2024,NE,9553,2024-11-05,2024-09-06,60,10,5,5,1,4,True,2024-08-27,2024-08-27,-17.0,-17.0,10.0,10.0,0,0,0,-17.0,-17.0,-17.0,,1.0,1.0,1.0,1.0,0.8947510398275773,10.0,10.0,10.0,1293.0,0.0,True
2024_NE_9553_20241105_D030,2024_NE_9553_20241105,2024,NE,9553,2024-11-05,2024-10-06,30,10,5,5,2,3,True,2024-08-27,2024-09-23,-17.5,-17.5,26.5,26.5,1,0,0,-17.714349466783293,-17.5,-17.5,0.45172370547682944,2.0,2.0,1.0,1.6894991557186754,0.7092558004974695,20.712564396851047,40.0,13.0,767.9531419142785,0.0,True
2024_NE_9553_20241105_D014,2024_NE_9553_20241105,2024,NE,9553,2024-11-05,2024-10-22,14,10,5,5,3,2,True,2024-08-27,2024-10-12,-17.0,-17.0,31.666666666666668,29.0,2,0,0,-16.604030823264083,-17.0,-17.0,0.8617208442290313,3.0,3.0,1.0,2.0286259354235106,0.9116095606711528,19.411857136923132,56.0,10.0,635.2128232543678,0.0,True
2024_NE_9553_20241105_D007,2024_NE_9553_20241105,2024,NE,9553,2024-11-05,2024-10-29,7,10,5,5,5,0,True,2024-08-27,2024-10-26,-17.6,-18.0,24.4,17.0,2,0,0,-18.102749909141732,-17.6,-18.0,0.9739454686279884,5.0,4.0,2.0,2.993412736836256,3.076529904340832,7.905334163087484,63.0,3.0,1076.9209570195683,0.0,True
2024_NE_9553_20241105_D000,2024_NE_9553_20241105,2024,NE,9553,2024-11-05,2024-11-05,0,10,5,5,5,0,True,2024-08-27,2024-10-26,-17.6,-18.0,31.4,24.0,2,0,0,-18.102749909141735,-17.6,-18.0,0.9739454686279885,5.0,4.0,2.0,2.9934127368362557,2.1754351578826023,14.90533416308749,70.0,10.0,1076.9209570195685,0.0,True
2024_NJ_9522_20241105_D120,2024_NJ_9522_20241105,2024,NJ,9522,2024-11-05,2024-07-08,120,35,16,16,3,13,True,2024-04-08,2024-07-08,10.333333333333334,9.0,34.0,11.0,0,0,0,10.979152769525221,10.333333333333334,9.0,3.9857714627032164,3.0,3.0,3.0,2.037900961845531,1.3601039187982118,6.309212868302944,91.0,0.0,543.6612287953433,0.0,True
2024_NJ_9522_20241105_D090,2024_NJ_9522_20241105,2024,NJ,9522,2024-11-05,2024-08-07,90,35,16,16,3,13,True,2024-04-08,2024-07-08,10.333333333333334,9.0,64.0,41.0,0,0,0,10.979152769525223,10.333333333333334,9.0,3.985771462703217,3.0,3.0,3.0,2.0379009618455304,0.3079695762784038,36.30921286830294,121.0,30.0,543.6612287953433,0.0,True
2024_NJ_9522_20241105_D060,2024_NJ_9522_20241105,2024,NJ,9522,2024-11-05,2024-09-06,60,35,16,16,4,12,True,2024-04-08,2024-08-15,9.0,8.0,76.0,65.5,1,0,0,6.02644048770079,9.0,8.0,2.794794533651583,4.0,4.0,4.0,1.427364281945968,0.40620888143525863,29.606557621003958,151.0,22.0,590.3283294438448,0.0,True
2024_NJ_9522_20241105_D030,2024_NJ_9522_20241105,2024,NJ,9522,2024-11-05,2024-10-06,30,35,16,16,4,12,True,2024-04-08,2024-08-15,9.0,8.0,106.0,95.5,1,0,0,6.026440487700789,9.0,8.0,2.794794533651583,4.0,4.0,4.0,1.4273642819459678,0.09197824913752133,59.60655762100396,181.0,52.0,590.3283294438447,0.0,True
2024_NJ_9522_20241105_D014,2024_NJ_9522_20241105,2024,NJ,9522,2024-11-05,2024-10-22,14,35,16,16,6,10,True,2024-04-08,2024-10-22,15.166666666666666,12.0,81.33333333333333,87.0,1,0,0,27.067310552164237,15.166666666666666,12.0,5.517113225403372,6.0,5.0,5.0,2.0937256049409045,1.8012024145964298,1.748428198045554,197.0,0.0,467.60150678159147,0.0,True
2024_NJ_9522_20241105_D007,2024_NJ_9522_20241105,2024,NJ,9522,2024-11-05,2024-10-29,7,35,16,16,9,7,True,2024-04-08,2024-10-27,15.755555555555556,16.4,60.22222222222222,7.0,1,0,0,20.329645610402643,15.755555555555556,16.4,5.704006330557022,9.0,7.0,6.0,4.874967487244531,3.8848149811083617,5.418268237991835,204.0,2.0,612.2582465672444,0.0,True
2024_NJ_9522_20241105_D000,2024_NJ_9522_20241105,2024,NJ,9522,2024-11-05,2024-11-05,0,35,16,16,10,6,True,2024-04-08,2024-11-03,15.98,16.4,60.7,14.0,1,0,0,19.81218848546155,15.98,16.4,5.123147809690774,10.0,8.0,7.0,5.765003170592234,3.5313587188580833,10.104179303080985,211.0,2.0,576.2177065847885,0.0,True
2024_NM_9523_20241105_D120,2024_NM_9523_20241105,2024,NM,9523,2024-11-05,2024-07-08,120,24,12,12,3,9,True,2024-05-19,2024-06-24,4.666666666666667,4.0,29.333333333333332,24.0,2,0,0,4.7814327302554815,4.666666666666667,4.0,1.5344199729476276,3.0,3.0,3.0,2.467810290861224,0.9388004174103051,22.709147583717055,50.0,14.0,772.1856430002921,0.0,True
2024_NM_9523_20241105_D090,2024_NM_9523_20241105,2024,NM,9523,2024-11-05,2024-08-07,90,24,12,12,4,8,True,2024-05-19,2024-08-03,5.0,5.0,45.5,49.0,2,0,0,5.729091942573322,5.0,5.0,0.8832673857711641,4.0,4.0,4.0,1.6004638865379732,0.9561732384588955,14.828865076591732,80.0,4.0,555.0676774147105,0.0,True
2024_NM_9523_20241105_D060,2024_NM_9523_20241105,2024,NM,9523,2024-11-05,2024-09-06,60,24,12,12,7,5,True,2024-05-19,2024-08-28,6.842857142857143,6.0,49.714285714285715,34.0,2,0,0,9.439294508113798,6.842857142857143,6.0,2.485898212076239,7.0,7.0,5.0,3.514698229367439,1.6899269162224124,17.98191608604431,110.0,9.0,660.8732535274946,0.0,True
2024_NM_9523_20241105_D030,2024_NM_9523_20241105,2024,NM,9523,2024-11-05,2024-10-06,30,24,12,12,10,2,True,2024-05-19,2024-09-18,8.290000000000001,8.5,62.6,48.5,2,0,0,11.21757263277184,8.290000000000001,8.5,2.0117599965799142,10.0,10.0,7.0,4.946061462644855,1.3455786816730484,29.283881550082263,140.0,18.0,593.5840028197133,0.0,True
2024_NM_9523_20241105_D014,2024_NM_9523_20241105,2024,NM,9523,2024-11-05,2024-10-22,14,24,12,12,11,1,True,2024-05-19,2024-10-18,8.536363636363637,10.0,71.81818181818181,61.0,2,0,0,11.07886790428903,8.536363636363637,10.0,1.2157306523986993,11.0,11.0,7.0,2.3095467639199527,1.6810428484911395,18.964994343686314,156.0,4.0,867.9785039248022,0.0,True
2024_NM_9523_20241105_D007,2024_NM_9523_20241105,2024,NM,9523,2024-11-05,2024-10-29,7,24,12,12,11,1,True,2024-05-19,2024-10-18,8.536363636363637,10.0,78.81818181818181,68.0,2,0,0,11.07886790428903,8.536363636363637,10.0,1.2157306523986993,11.0,11.0,7.0,2.309546763919953,1.1886767976332346,25.964994343686314,163.0,11.0,867.9785039248022,0.0,True
2024_NM_9523_20241105_D000,2024_NM_9523_20241105,2024,NM,9523,2024-11-05,2024-11-05,0,24,12,12,12,0,True,2024-05-19,2024-11-03,7.966666666666668,8.5,78.83333333333333,72.0,2,0,0,6.2143373405005855,7.966666666666668,8.5,4.761463984794543,12.0,12.0,8.0,2.7075942979584022,1.7462450885094767,16.904403350234528,170.0,2.0,728.98628907717,0.0,True
2024_NV_9521_20241105_D120,2024_NV_9521_20241105,2024,NV,9521,2024-11-05,2024-07-08,120,182,76,76,15,61,True,2023-10-26,2024-07-01,5.9866666666666655,5.0,82.26666666666667,60.0,1,0,0,6.967525848712379,5.9866666666666655,5.0,4.017848714839592,15.0,13.0,10.0,5.020808970459091,2.8202560254272275,18.073760609324097,256.0,7.0,733.4665174057967,1.0,True
2024_NV_9521_20241105_D090,2024_NV_9521_20241105,2024,NV,9521,2024-11-05,2024-08-07,90,182,76,76,19,57,True,2023-10-26,2024-08-03,6.305263157894737,5.0,90.89473684210526,78.0,1,0,0,7.853976069691336,6.305263157894737,5.0,6.098200168692624,19.0,17.0,12.0,5.794634651706078,2.7380507501797204,17.86675481215542,286.0,4.0,503.82826492538425,1.0,True
2024_NV_9521_20241105_D060,2024_NV_9521_20241105,2024,NV,9521,2024-11-05,2024-09-06,60,182,76,76,28,48,True,2023-10-26,2024-08-31,7.285714285714286,6.950000000000003,86.75,67.0,1,0,0,9.474001004524801,7.285714285714286,6.950000000000003,3.552438471755074,28.0,25.0,16.0,9.467169198107506,5.673584695946487,15.909839196867713,316.0,6.0,753.4120322886499,1.0,True
2024_NV_9521_20241105_D030,2024_NV_9521_20241105,2024,NV,9521,2024-11-05,2024-10-06,30,182,76,76,43,33,True,2023-10-26,2024-10-03,8.08046511627907,7.900000000000006,81.5813953488372,52.0,1,0,0,9.458556487654713,8.08046511627907,7.900000000000006,4.1859948913411005,43.0,39.0,20.0,16.969775884836235,9.069745233129346,17.850749072912095,346.0,3.0,719.8656770986423,1.0,True
2024_NV_9521_20241105_D014,2024_NV_9521_20241105,2024,NV,9521,2024-11-05,2024-10-22,14,182,76,76,52,24,True,2023-10-26,2024-10-22,7.710769230769231,7.449999999999996,81.76923076923077,54.5,1,0,0,6.832274266969481,7.710769230769231,7.449999999999996,4.3190081713374635,52.0,48.0,21.0,17.962607235229687,11.634226565704806,15.627182513311624,362.0,0.0,771.6117587380792,1.0,True
2024_NV_9521_20241105_D007,2024_NV_9521_20241105,2024,NV,9521,2024-11-05,2024-10-29,7,182,76,76,55,21,True,2023-10-26,2024-10-29,7.573818181818183,7.099999999999994,84.0,59.0,1,0,0,6.222589512476299,7.573818181818183,7.099999999999994,4.024563095471689,55.0,51.0,21.0,17.19884855409095,11.767820242985051,16.16125103927435,369.0,0.0,833.946061478473,1.0,True
2024_NV_9521_20241105_D000,2024_NV_9521_20241105,2024,NV,9521,2024-11-05,2024-11-05,0,182,76,76,67,9,True,2023-10-26,2024-11-04,7.160597014925374,7.0,75.41791044776119,48.0,1,0,0,5.8757289282624745,7.160597014925374,7.0,3.650439510818727,67.0,61.0,25.0,25.960746214745136,19.419639948673893,12.11490336401571,376.0,1.0,805.9676488005915,1.0,True
2024_NY_9524_20241105_D120,2024_NY_9524_20241105,2024,NY,9524,2024-11-05,2024-07-08,120,22,10,10,0,10,False,,,,,,,0,0,0,,,,,0.0,0.0,,0.0,0.0,,,,,0.0,False
2024_NY_9524_20241105_D090,2024_NY_9524_20241105,2024,NY,9524,2024-11-05,2024-08-07,90,22,10,10,2,8,True,2024-08-01,2024-08-05,24.700000000000003,24.700000000000003,4.0,4.0,0,0,0,24.404801730907696,24.700000000000003,24.700000000000003,1.6741738207022947,2.0,2.0,2.0,1.9414592803796182,1.789839007274387,4.347292081285072,6.0,2.0,868.871593236693,0.0,True
2024_NY_9524_20241105_D060,2024_NY_9524_20241105,2024,NY,9524,2024-11-05,2024-09-06,60,22,10,10,2,8,True,2024-08-01,2024-08-05,24.700000000000003,24.700000000000003,34.0,34.0,0,0,0,24.40480173090769,24.700000000000003,24.700000000000003,1.6741738207022945,2.0,2.0,2.0,1.9414592803796182,0.40527488602775774,34.34729208128506,36.0,32.0,868.871593236693,0.0,True
2024_NY_9524_20241105_D030,2024_NY_9524_20241105,2024,NY,9524,2024-11-05,2024-10-06,30,22,10,10,5,5,True,2024-08-01,2024-09-25,21.700000000000003,23.0,34.0,20.0,0,0,0,19.492784881926504,21.700000000000003,23.0,2.815388316858059,5.0,5.0,3.0,3.1568538091835494,1.7945693606715225,16.13683209224912,66.0,11.0,835.7462381956799,0.0,True
2024_NY_9524_20241105_D014,2024_NY_9524_20241105,2024,NY,9524,2024-11-05,2024-10-22,14,22,10,10,7,3,True,2024-08-01,2024-10-17,22.785714285714285,23.0,37.142857142857146,27.0,0,0,0,23.74022681252389,22.78571428571429,23.0,3.135233082887031,7.0,7.0,4.0,3.575955284347674,2.805656790195317,12.86050723333111,82.0,5.0,942.8477727081979,0.0,True
2024_NY_9524_20241105_D007,2024_NY_9524_20241105,2024,NY,9524,2024-11-05,2024-10-29,7,22,10,10,9,1,True,2024-08-01,2024-10-28,22.011111111111113,23.0,34.666666666666664,34.0,0,0,0,21.7059453783827,22.011111111111113,23.0,3.194032583097874,9.0,9.0,5.0,5.324997950904442,3.6666784448117586,11.451711156954438,89.0,1.0,743.1170400534173,0.0,True
2024_NY_9524_20241105_D000,2024_NY_9524_20241105,2024,NY,9524,2024-11-05,2024-11-05,0,22,10,10,10,0,True,2024-08-01,2024-11-03,22.61,23.0,37.7,30.0,0,0,0,23.167823865310595,22.61,23.0,3.8595833369980705,10.0,10.0,6.0,6.0740265667103195,3.3771128948182096,14.630580890480283,96.0,2.0,675.0366815617132,0.0,True
2024_OH_9526_20241105_D120,2024_OH_9526_20241105,2024,OH,9526,2024-11-05,2024-07-08,120,138,68,68,15,53,True,2023-06-24,2024-07-01,7.473333333333333,6.0,189.13333333333333,165.0,0,0,0,5.952368107547215,7.473333333333333,6.0,0.8688208086074399,15.0,15.0,10.0,2.1030703178552623,1.12498663474512,18.18503818822782,380.0,7.0,730.1354608427938,0.0,True
2024_OH_9526_20241105_D090,2024_OH_9526_20241105,2024,OH,9526,2024-11-05,2024-08-07,90,138,68,68,16,52,True,2023-06-24,2024-07-28,7.256249999999999,5.5,206.0625,172.5,0,0,0,4.57545469935275,7.256249999999999,5.5,1.0073931544322305,16.0,16.0,11.0,1.8563525071677023,0.8642385813695556,21.2549265609475,410.0,10.0,638.3570404602148,0.0,True
2024_OH_9526_20241105_D060,2024_OH_9526_20241105,2024,OH,9526,2024-11-05,2024-09-06,60,138,68,68,19,49,True,2023-06-24,2024-09-05,6.710526315789473,5.0,200.42105263157896,179.0,0,0,0,3.1795795528955613,6.710526315789473,5.0,1.79234299105418,19.0,19.0,13.0,2.7435743430519453,2.407577873098491,8.742507666330633,440.0,1.0,754.5956045444532,0.0,True
2024_OH_9526_20241105_D030,2024_OH_9526_20241105,2024,OH,9526,2024-11-05,2024-10-06,30,138,68,68,26,42,True,2023-06-24,2024-09-27,5.4484615384615385,4.350000000000001,172.42307692307693,126.0,0,0,0,2.493551404567333,5.4484615384615385,4.350000000000001,2.5197064664779694,26.0,25.0,17.0,8.14184147642112,4.650068647210127,16.880337553577974,470.0,9.0,922.5490316408186,0.0,True
2024_OH_9526_20241105_D014,2024_OH_9526_20241105,2024,OH,9526,2024-11-05,2024-10-22,14,138,68,68,34,34,True,2023-06-24,2024-10-22,4.17235294117647,3.740000000000002,146.14705882352942,61.0,0,0,0,0.601141321828515,4.17235294117647,3.740000000000002,2.354930001419461,34.0,31.0,19.0,11.937380921472275,8.784411938158136,13.59938325124182,486.0,0.0,984.0904617913877,0.0,True
2024_OH_9526_20241105_D007,2024_OH_9526_20241105,2024,OH,9526,2024-11-05,2024-10-29,7,138,68,68,38,30,True,2023-06-24,2024-10-28,3.5963157894736835,3.1999999999999993,137.3421052631579,52.5,0,0,0,-0.05462834653837968,3.5963157894736835,3.1999999999999993,2.7934048140944316,38.0,35.0,22.0,13.906598862869746,10.422064075409638,13.498348669008223,493.0,1.0,987.3505545155522,0.0,True
2024_OH_9526_20241105_D000,2024_OH_9526_20241105,2024,OH,9526,2024-11-05,2024-11-05,0,138,68,68,43,25,True,2023-06-24,2024-11-04,3.0199999999999996,2.1999999999999957,127.90697674418604,46.0,0,0,0,-0.674768170895978,3.0199999999999996,2.1999999999999957,2.557800906114989,43.0,40.0,24.0,16.300832266075552,13.026875429233723,12.806548304020366,500.0,1.0,1009.5896811318767,0.0,True
2024_PA_9527_20241105_D120,2024_PA_9527_20241105,2024,PA,9527,2024-11-05,2024-07-08,120,374,158,158,34,124,True,2023-03-01,2024-07-08,6.811764705882353,6.600000000000001,138.64705882352942,101.5,1,0,0,5.051562663010117,6.811764705882353,6.600000000000001,3.3198295948278993,34.0,32.0,19.0,8.167460369559327,4.186266738273506,19.67521916496688,495.0,0.0,761.4313895240438,2.0,True
2024_PA_9527_20241105_D090,2024_PA_9527_20241105,2024,PA,9527,2024-11-05,2024-08-07,90,374,158,158,48,110,True,2023-03-01,2024-08-03,7.239583333333333,7.0,124.1875,88.0,1,0,0,7.903868583495985,7.239583333333333,7.0,3.432382891740785,48.0,45.0,24.0,15.706859792418824,8.081749762004314,18.21661198310087,525.0,4.0,726.1205549199954,2.0,True
2024_PA_9527_20241105_D060,2024_PA_9527_20241105,2024,PA,9527,2024-11-05,2024-09-06,60,374,158,158,65,93,True,2023-03-01,2024-09-06,7.236923076923077,7.0,118.21538461538462,67.0,1,0,0,6.534014772045058,7.236923076923077,7.0,3.6383420238511226,65.0,60.0,30.0,17.525346234172357,11.788125893080974,17.59203755047602,555.0,0.0,923.157502032694,2.0,True
2024_PA_9527_20241105_D030,2024_PA_9527_20241105,2024,PA,9527,2024-11-05,2024-10-06,30,374,158,158,95,63,True,2023-03-01,2024-09-29,6.644105263157894,7.0,106.32631578947368,64.0,1,0,0,5.352795499689958,6.644105263157894,7.0,3.1205704147808215,95.0,86.0,42.0,35.35224103505139,20.32194319113806,18.77234969935002,585.0,7.0,1000.3940640849326,2.0,True
2024_PA_9527_20241105_D014,2024_PA_9527_20241105,2024,PA,9527,2024-11-05,2024-10-22,14,374,158,158,114,44,True,2023-03-01,2024-10-22,6.271842105263158,6.100000000000001,103.29824561403508,61.0,1,0,0,4.600564403749006,6.271842105263158,6.100000000000001,3.2270853214021957,114.0,101.0,45.0,37.00745059988603,25.285963289352754,17.013794907019236,601.0,0.0,1011.1723024413776,2.0,True
2024_PA_9527_20241105_D007,2024_PA_9527_20241105,2024,PA,9527,2024-11-05,2024-10-29,7,374,158,158,122,36,True,2023-03-01,2024-10-29,6.041721311475411,6.0,103.1311475409836,61.5,1,0,0,3.973948709736822,6.041721311475411,6.0,2.9071063063104745,122.0,108.0,45.0,35.50312186552689,28.332260053969772,15.508487734411242,608.0,0.0,1100.8770311289488,2.0,True
2024_PA_9527_20241105_D000,2024_PA_9527_20241105,2024,PA,9527,2024-11-05,2024-11-05,0,374,158,158,144,14,True,2023-03-01,2024-11-04,5.5527083333333325,5.0,93.91666666666669,50.0,1,0,0,3.367899736440598,5.5527083333333325,5.0,2.525037227163763,144.0,125.0,45.0,49.75928536310515,44.29137356536254,12.298490704955874,615.0,1.0,1170.726690792367,2.0,True
2024_RI_9528_20241105_D120,2024_RI_9528_20241105,2024,RI,9528,2024-11-05,2024-07-08,120,10,5,5,0,5,False,,,,,,,0,0,0,,,,,0.0,0.0,,0.0,0.0,,,,,0.0,False
2024_RI_9528_20241105_D090,2024_RI_9528_20241105,2024,RI,9528,2024-11-05,2024-08-07,90,10,5,5,0,5,False,,,,,,,0,0,0,,,,,0.0,0.0,,0.0,0.0,,,,,0.0,False
2024_RI_9528_20241105_D060,2024_RI_9528_20241105,2024,RI,9528,2024-11-05,2024-09-06,60,10,5,5,0,5,False,,,,,,,0,0,0,,,,,0.0,0.0,,0.0,0.0,,,,,0.0,False
2024_RI_9528_20241105_D030,2024_RI_9528_20241105,2024,RI,9528,2024-11-05,2024-10-06,30,10,5,5,4,1,True,2024-09-08,2024-09-20,19.25,17.0,20.5,19.0,0,0,0,17.85834696699546,19.25,17.0,4.215552118618061,4.0,4.0,4.0,3.693864509861695,1.645395481027242,19.203668680918195,28.0,16.0,755.4801034123036,0.0,True
2024_RI_9528_20241105_D014,2024_RI_9528_20241105,2024,RI,9528,2024-11-05,2024-10-22,14,10,5,5,4,1,True,2024-09-08,2024-09-20,19.25,17.0,36.5,35.0,0,0,0,17.85834696699546,19.25,17.0,4.21555211861806,4.0,4.0,4.0,3.693864509861695,0.7451368121196335,35.20366868091819,44.0,32.0,755.4801034123037,0.0,True
2024_RI_9528_20241105_D007,2024_RI_9528_20241105,2024,RI,9528,2024-11-05,2024-10-29,7,10,5,5,4,1,True,2024-09-08,2024-09-20,19.25,17.0,43.5,42.0,0,0,0,17.85834696699546,19.25,17.0,4.215552118618061,4.0,4.0,4.0,3.6938645098616965,0.5268912927615192,42.203668680918184,51.0,39.0,755.4801034123035,0.0,True
2024_RI_9528_20241105_D000,2024_RI_9528_20241105,2024,RI,9528,2024-11-05,2024-11-05,0,10,5,5,5,0,True,2024-09-08,2024-11-02,18.2,16.0,41.0,48.0,0,0,0,15.098240187419822,18.2,16.0,2.8442160233444325,5.0,5.0,4.0,1.8738049423117997,1.3089105607184643,16.151415926476094,58.0,3.0,721.5147404098929,0.0,True
2024_TN_9529_20241105_D120,2024_TN_9529_20241105,2024,TN,9529,2024-11-05,2024-07-08,120,46,20,20,9,11,True,2023-10-04,2024-07-01,-17.51111111111111,-17.0,144.11111111111111,97.0,0,0,0,-18.159576464231463,-17.51111111111111,-17.0,1.9995096104851087,9.0,6.0,3.0,2.1841865817487536,1.9427281784540644,9.814486227372342,278.0,7.0,1036.861481042973,0.0,True
2024_TN_9529_20241105_D090,2024_TN_9529_20241105,2024,TN,9529,2024-11-05,2024-08-07,90,46,20,20,9,11,True,2023-10-04,2024-07-01,-17.51111111111111,-17.0,174.11111111111111,127.0,0,0,0,-18.15957646423146,-17.51111111111111,-17.0,1.9995096104851087,9.0,6.0,3.0,2.184186581748753,0.43989372111453995,39.81448622737235,308.0,37.0,1036.861481042973,0.0,True
2024_TN_9529_20241105_D060,2024_TN_9529_20241105,2024,TN,9529,2024-11-05,2024-09-06,60,46,20,20,10,10,True,2023-10-04,2024-09-02,-17.72,-17.0,184.1,157.0,0,0,0,-19.41352620240419,-17.72,-17.0,0.8668363905074666,10.0,7.0,4.0,1.30630663879627,0.7694065516380019,12.520186513813469,338.0,4.0,482.44656933434896,0.0,True
2024_TN_9529_20241105_D030,2024_TN_9529_20241105,2024,TN,9529,2024-11-05,2024-10-06,30,46,20,20,10,10,True,2023-10-04,2024-09-02,-17.72,-17.0,214.1,187.0,0,0,0,-19.413526202404192,-17.72,-17.0,0.8668363905074667,10.0,7.0,4.0,1.3063066387962696,0.17421743031455691,42.52018651381348,368.0,34.0,482.44656933434896,0.0,True
2024_TN_9529_20241105_D014,2024_TN_9529_20241105,2024,TN,9529,2024-11-05,2024-10-22,14,46,20,20,13,7,True,2023-10-04,2024-10-18,-18.907692307692308,-19.59999999999999,179.46153846153845,166.0,0,0,0,-22.736656862808534,-18.907692307692308,-19.59999999999999,0.7038110698484681,13.0,9.0,4.0,3.222379055042343,2.091872873837863,12.477189206052124,384.0,4.0,847.1521085042862,0.0,True
2024_TN_9529_20241105_D007,2024_TN_9529_20241105,2024,TN,9529,2024-11-05,2024-10-29,7,46,20,20,14,6,True,2023-10-04,2024-10-28,-19.1,-19.799999999999997,173.21428571428572,146.5,0,0,0,-22.345187665574684,-19.099999999999998,-19.799999999999997,0.7851544424447549,14.0,10.0,4.0,3.968321135798636,2.2562333329896047,13.113570894929989,391.0,1.0,693.1511230836944,0.0,True
2024_TN_9529_20241105_D000,2024_TN_9529_20241105,2024,TN,9529,2024-11-05,2024-11-05,0,46,20,20,14,6,True,2023-10-04,2024-10-28,-19.1,-19.799999999999997,180.21428571428572,153.5,0,0,0,-22.34518766557469,-19.099999999999998,-19.799999999999997,0.7851544424447551,14.0,10.0,4.0,3.9683211357986345,1.5953978896960748,20.11357089492999,398.0,8.0,693.1511230836945,0.0,True
2024_TX_9530_20241105_D120,2024_TX_9530_20241105,2024,TX,9530,2024-11-05,2024-07-08,120,142,61,61,18,43,True,2023-05-17,2024-07-01,-6.711111111111111,-5.5,125.44444444444444,99.0,0,0,0,-5.239630206814469,-6.711111111111111,-5.5,3.2683988678990232,18.0,17.0,11.0,5.4922636181753175,3.89419460631245,14.309357564550004,418.0,7.0,1038.3615559001987,0.0,True
2024_TX_9530_20241105_D090,2024_TX_9530_20241105,2024,TX,9530,2024-11-05,2024-08-07,90,142,61,61,19,42,True,2023-05-17,2024-07-18,-6.768421052631578,-6.0,148.31578947368422,119.0,0,0,0,-5.894962617437324,-6.768421052631578,-6.0,3.0326014581581657,19.0,18.0,12.0,6.012897694435084,1.1850933661361247,38.08732278821834,448.0,20.0,874.9714790486244,0.0,True
2024_TX_9530_20241105_D060,2024_TX_9530_20241105,2024,TX,9530,2024-11-05,2024-09-06,60,142,61,61,26,35,True,2023-05-17,2024-09-05,-6.261538461538462,-5.0,133.15384615384616,83.5,0,0,0,-5.0887988375147835,-6.261538461538462,-5.0,2.7509510084182143,26.0,24.0,14.0,6.9436762023522665,5.35443466055828,11.804708979429117,478.0,1.0,892.3151000905359,0.0,True
2024_TX_9530_20241105_D030,2024_TX_9530_20241105,2024,TX,9530,2024-11-05,2024-10-06,30,142,61,61,39,22,True,2023-05-17,2024-10-06,-5.19102564102564,-4.0,112.4102564102564,51.0,0,0,0,-3.092579609031822,-5.19102564102564,-4.0,1.8237761828723262,39.0,34.0,19.0,14.443663137269743,10.726680608219857,12.000366682372839,508.0,0.0,988.5430739689946,0.0,True
2024_TX_9530_20241105_D014,2024_TX_9530_20241105,2024,TX,9530,2024-11-05,2024-10-22,14,142,61,61,48,13,True,2023-05-17,2024-10-21,-4.907291666666667,-4.0,105.875,53.0,0,0,0,-3.221501740275337,-4.907291666666667,-4.0,1.854052714292416,48.0,42.0,20.0,17.81580394647904,13.025942804736694,15.010642338009049,524.0,1.0,1111.943193106967,0.0,True
2024_TX_9530_20241105_D007,2024_TX_9530_20241105,2024,TX,9530,2024-11-05,2024-10-29,7,142,61,61,53,8,True,2023-05-17,2024-10-28,-4.74245283018868,-4.0,102.50943396226415,51.0,1,0,0,-3.2086416716878925,-4.74245283018868,-4.0,1.7571619793089868,53.0,46.0,22.0,20.358621569581903,14.177512167135607,15.345808346019089,531.0,1.0,1033.1703645736325,0.0,True
2024_TX_9530_20241105_D000,2024_TX_9530_20241105,2024,TX,9530,2024-11-05,2024-11-05,0,142,61,61,55,6,True,2023-05-17,2024-11-04,-4.751818181818182,-4.0,105.63636363636364,57.0,1,0,0,-3.67042107268834,-4.751818181818182,-4.0,1.9988865309982995,55.0,48.0,23.0,17.80091744630566,13.05672258027745,17.80797088611275,538.0,1.0,1325.5795900975154,0.0,True
2024_UT_9531_20241105_D120,2024_UT_9531_20241105,2024,UT,9531,2024-11-05,2024-07-08,120,19,7,7,0,7,False,,,,,,,0,0,0,,,,,0.0,0.0,,0.0,0.0,,,,,0.0,False
2024_UT_9531_20241105_D090,2024_UT_9531_20241105,2024,UT,9531,2024-11-05,2024-08-07,90,19,7,7,0,7,False,,,,,,,0,0,0,,,,,0.0,0.0,,0.0,0.0,,,,,0.0,False
2024_UT_9531_20241105_D060,2024_UT_9531_20241105,2024,UT,9531,2024-11-05,2024-09-06,60,19,7,7,2,5,True,2024-08-09,2024-08-09,-38.0,-38.0,28.0,28.0,0,0,0,-38.00000000000001,-38.0,-38.0,4.0,2.0,1.0,1.0,2.0,0.5773502691896257,27.999999999999996,28.0,28.0,800.0,0.0,True
2024_UT_9531_20241105_D030,2024_UT_9531_20241105,2024,UT,9531,2024-11-05,2024-10-06,30,19,7,7,3,4,True,2024-08-09,2024-09-19,-31.566666666666663,-34.0,44.333333333333336,58.0,0,0,0,-23.422543991270395,-31.566666666666666,-34.0,8.529814749349319,3.0,2.0,2.0,1.6654785594096977,0.5342645926209139,27.03234733896819,58.0,17.0,593.0454431921289,0.0,True
2024_UT_9531_20241105_D014,2024_UT_9531_20241105,2024,UT,9531,2024-11-05,2024-10-22,14,19,7,7,6,1,True,2024-08-09,2024-10-19,-32.449999999999996,-32.0,35.666666666666664,24.0,0,0,0,-34.188761169452036,-32.449999999999996,-32.0,7.230185469944529,6.0,4.0,3.0,3.1828459222643617,2.1473438429594864,12.551334451850032,74.0,3.0,673.1196029939869,0.0,True
2024_UT_9531_20241105_D007,2024_UT_9531_20241105,2024,UT,9531,2024-11-05,2024-10-29,7,19,7,7,7,0,True,2024-08-09,2024-10-28,-31.814285714285713,-30.0,36.714285714285715,22.0,0,0,0,-31.695728052747413,-31.814285714285713,-30.0,6.358526526570317,7.0,5.0,3.0,3.6454456455823827,2.542671821594081,12.07825706508436,81.0,1.0,681.9337344249894,0.0,True
2024_UT_9531_20241105_D000,2024_UT_9531_20241105,2024,UT,9531,2024-11-05,2024-11-05,0,19,7,7,7,0,True,2024-08-09,2024-10-28,-31.814285714285713,-30.0,43.714285714285715,29.0,0,0,0,-31.695728052747416,-31.814285714285713,-30.0,6.3585265265703175,7.0,5.0,3.0,3.6454456455823814,1.797940487381126,19.078257065084358,88.0,8.0,681.9337344249899,0.0,True
2024_VA_9504_20241105_D120,2024_VA_9504_20241105,2024,VA,9504,2024-11-05,2024-07-08,120,58,29,29,3,26,True,2024-04-28,2024-07-03,11.133333333333333,11.0,27.0,5.0,0,0,0,10.724608147994134,11.133333333333333,11.0,0.336750602837235,3.0,2.0,2.0,2.059824454310383,1.8094552986225003,5.990269340181378,71.0,5.0,778.2281050356482,0.0,True
2024_VA_9504_20241105_D090,2024_VA_9504_20241105,2024,VA,9504,2024-11-05,2024-08-07,90,58,29,29,10,19,True,2024-04-28,2024-07-15,12.35,11.5,34.2,25.5,0,0,0,12.55672256462094,12.35,11.5,3.0602536191057537,10.0,6.0,5.0,8.561599031344404,2.4124483099605265,26.39952148681449,101.0,23.0,651.464965505601,0.0,True
2024_VA_9504_20241105_D060,2024_VA_9504_20241105,2024,VA,9504,2024-11-05,2024-09-06,60,58,29,29,12,17,True,2024-04-28,2024-09-01,12.091666666666669,11.0,55.666666666666664,55.0,0,0,0,11.380896233536154,12.091666666666667,11.0,2.009933486545958,12.0,8.0,7.0,4.175583461250327,1.5631176733096048,26.8459760898311,131.0,5.0,558.5128392455504,0.0,True
2024_VA_9504_20241105_D030,2024_VA_9504_20241105,2024,VA,9504,2024-11-05,2024-10-06,30,58,29,29,18,11,True,2024-04-28,2024-10-04,11.77777777777778,11.0,64.0,83.0,0,0,0,12.985936320406552,11.777777777777779,11.0,5.109924621715968,18.0,12.0,10.0,5.663320069317477,3.34180329357512,19.564185876868663,161.0,2.0,842.4000973964777,0.0,True
2024_VA_9504_20241105_D014,2024_VA_9504_20241105,2024,VA,9504,2024-11-05,2024-10-22,14,58,29,29,19,10,True,2024-04-28,2024-10-14,11.778947368421052,11.0,76.21052631578948,99.0,0,0,0,12.670047854594236,11.778947368421052,11.0,4.408072099053517,19.0,13.0,10.0,6.024615528673523,2.0628366149301676,28.222131975505185,177.0,8.0,724.561486977762,0.0,True
2024_VA_9504_20241105_D007,2024_VA_9504_20241105,2024,VA,9504,2024-11-05,2024-10-29,7,58,29,29,24,5,True,2024-04-28,2024-10-29,11.7125,11.0,66.41666666666667,54.5,0,0,0,11.771525845398868,11.7125,11.0,2.6422907877469757,24.0,17.0,11.0,7.717733124358075,6.348882972797931,10.031233802085254,184.0,0.0,773.5410280055406,0.0,True
2024_VA_9504_20241105_D000,2024_VA_9504_20241105,2024,VA,9504,2024-11-05,2024-11-05,0,58,29,29,27,2,True,2024-04-28,2024-11-04,11.22962962962963,11.0,65.5925925925926,58.0,0,0,0,10.171762298870549,11.22962962962963,11.0,3.648586297235246,27.0,20.0,14.0,8.987711401390795,7.630877121427683,10.987380524087921,191.0,1.0,1029.0685467721494,0.0,True
2024_VT_9532_20241105_D120,2024_VT_9532_20241105,2024,VT,9532,2024-11-05,2024-07-08,120,10,2,2,0,2,False,,,,,,,0,0,0,,,,,0.0,0.0,,0.0,0.0,,,,,0.0,False
2024_VT_9532_20241105_D090,2024_VT_9532_20241105,2024,VT,9532,2024-11-05,2024-08-07,90,10,2,2,0,2,False,,,,,,,0,0,0,,,,,0.0,0.0,,0.0,0.0,,,,,0.0,False
2024_VT_9532_20241105_D060,2024_VT_9532_20241105,2024,VT,9532,2024-11-05,2024-09-06,60,10,2,2,0,2,False,,,,,,,0,0,0,,,,,0.0,0.0,,0.0,0.0,,,,,0.0,False
2024_VT_9532_20241105_D030,2024_VT_9532_20241105,2024,VT,9532,2024-11-05,2024-10-06,30,10,2,2,0,2,False,,,,,,,0,0,0,,,,,0.0,0.0,,0.0,0.0,,,,,0.0,False
2024_VT_9532_20241105_D014,2024_VT_9532_20241105,2024,VT,9532,2024-11-05,2024-10-22,14,10,2,2,0,2,False,,,,,,,0,0,0,,,,,0.0,0.0,,0.0,0.0,,,,,0.0,False
2024_VT_9532_20241105_D007,2024_VT_9532_20241105,2024,VT,9532,2024-11-05,2024-10-29,7,10,2,2,0,2,False,,,,,,,0,0,0,,,,,0.0,0.0,,0.0,0.0,,,,,0.0,False
2024_VT_9532_20241105_D000,2024_VT_9532_20241105,2024,VT,9532,2024-11-05,2024-11-05,0,10,2,2,0,2,False,,,,,,,0,0,0,,,,,0.0,0.0,,0.0,0.0,,,,,0.0,False
2024_WA_9533_20241105_D120,2024_WA_9533_20241105,2024,WA,9533,2024-11-05,2024-07-08,120,20,10,10,4,6,True,2023-11-03,2024-05-16,12.5,11.0,161.5,172.5,0,0,0,8.930381132094404,12.5,11.0,0.27473781244343726,4.0,4.0,3.0,1.1521052485703487,0.06396886481033258,57.00486202042211,248.0,53.0,416.9983421797359,0.0,True
2024_WA_9533_20241105_D090,2024_WA_9533_20241105,2024,WA,9533,2024-11-05,2024-08-07,90,20,10,10,4,6,True,2023-11-03,2024-05-16,12.5,11.0,191.5,202.5,0,0,0,8.930381132094405,12.5,11.0,0.2747378124434373,4.0,4.0,3.0,1.152105248570349,0.014484528658704221,87.00486202042211,278.0,83.0,416.99834217973597,0.0,True
2024_WA_9533_20241105_D060,2024_WA_9533_20241105,2024,WA,9533,2024-11-05,2024-09-06,60,20,10,10,5,5,True,2023-11-03,2024-09-06,14.4,13.0,177.2,169.0,0,0,0,21.947905533649983,14.4,13.0,0.8236758146584898,5.0,5.0,3.0,1.008005747063181,0.822832468635924,0.46637211910436677,308.0,0.0,403.05579628396276,0.0,True
2024_WA_9533_20241105_D030,2024_WA_9533_20241105,2024,WA,9533,2024-11-05,2024-10-06,30,20,10,10,5,5,True,2023-11-03,2024-09-06,14.4,13.0,207.2,199.0,0,0,0,21.94790553364998,14.4,13.0,0.8236758146584896,5.0,5.0,3.0,1.0080057470631807,0.1863147096420613,30.466372119104363,338.0,30.0,403.05579628396276,0.0,True
2024_WA_9533_20241105_D014,2024_WA_9533_20241105,2024,WA,9533,2024-11-05,2024-10-22,14,20,10,10,7,3,True,2023-11-03,2024-10-17,15.714285714285714,15.0,161.28571428571428,159.0,0,0,0,19.07367582473415,15.714285714285714,15.0,3.954640937799043,7.0,7.0,4.0,2.21770834992109,1.574408295762565,8.610240751222097,354.0,5.0,623.0715307183569,0.0,True
2024_WA_9533_20241105_D007,2024_WA_9533_20241105,2024,WA,9533,2024-11-05,2024-10-29,7,20,10,10,7,3,True,2023-11-03,2024-10-17,15.714285714285714,15.0,168.28571428571428,166.0,0,0,0,19.07367582473415,15.714285714285714,15.0,3.9546409377990424,7.0,7.0,4.0,2.2177083499210903,1.1132747822900653,15.610240751222099,361.0,12.0,623.0715307183569,0.0,True
2024_WA_9533_20241105_D000,2024_WA_9533_20241105,2024,WA,9533,2024-11-05,2024-11-05,0,20,10,10,8,2,True,2023-11-03,2024-11-03,16.25,17.5,153.625,116.5,0,0,0,19.53600551884098,16.25,17.5,2.836928664653262,8.0,8.0,5.0,2.760625510385612,1.5715838499425536,12.323640707294704,368.0,2.0,536.6912871792576,0.0,True
2024_WI_9534_20241105_D120,2024_WI_9534_20241105,2024,WI,9534,2024-11-05,2024-07-08,120,260,114,114,19,95,True,2024-02-24,2024-07-02,5.936842105263158,5.0,53.10526315789474,56.0,0,0,0,5.322348171521778,5.936842105263158,5.0,3.8360662729463217,19.0,15.0,11.0,7.898843086751613,4.205690555440889,17.942743457970323,135.0,6.0,688.5588550982612,0.0,True
2024_WI_9534_20241105_D090,2024_WI_9534_20241105,2024,WI,9534,2024-11-05,2024-08-07,90,260,114,114,28,86,True,2024-02-24,2024-08-02,6.282142857142857,6.0,60.42857142857143,49.0,0,0,0,6.560545498025807,6.282142857142857,6.0,2.2198269039110077,28.0,21.0,14.0,10.389218800076685,6.832361240076224,14.845717235460635,165.0,5.0,778.746731195647,0.0,True
2024_WI_9534_20241105_D060,2024_WI_9534_20241105,2024,WI,9534,2024-11-05,2024-09-06,60,260,114,114,44,70,True,2024-02-24,2024-09-06,6.184090909090909,6.0,61.90909090909091,44.5,0,0,0,5.822740028070406,6.184090909090909,6.0,1.8110816560110863,44.0,32.0,21.0,15.988536227815706,13.075093177555559,11.220934747191432,195.0,0.0,807.1565163447053,0.0,True
2024_WI_9534_20241105_D030,2024_WI_9534_20241105,2024,WI,9534,2024-11-05,2024-10-06,30,260,114,114,68,46,True,2024-02-24,2024-10-02,5.882352941176471,6.0,64.57352941176471,46.0,0,0,0,5.326993397813154,5.882352941176471,6.0,2.141019797781383,68.0,51.0,29.0,30.59077339893666,16.63232701849307,17.951427199232974,225.0,4.0,806.3331844637414,0.0,True
2024_WI_9534_20241105_D014,2024_WI_9534_20241105,2024,WI,9534,2024-11-05,2024-10-22,14,260,114,114,82,32,True,2024-02-24,2024-10-22,5.262195121951219,5.0,67.96341463414635,47.0,0,0,0,3.210506150058838,5.262195121951219,5.0,2.6009888515805164,82.0,65.0,33.0,29.4878042047342,19.418302127358025,16.45685347422378,241.0,0.0,819.3138688061426,0.0,True
2024_WI_9534_20241105_D007,2024_WI_9534_20241105,2024,WI,9534,2024-11-05,2024-10-29,7,260,114,114,91,23,True,2024-02-24,2024-10-29,4.897802197802197,5.0,67.86813186813187,50.0,0,0,0,2.5312030506769956,4.897802197802197,5.0,2.3315703319550622,91.0,71.0,35.0,32.64966669624656,22.664302473617838,15.321337286356062,248.0,0.0,836.3280998698677,0.0,True
2024_WI_9534_20241105_D000,2024_WI_9534_20241105,2024,WI,9534,2024-11-05,2024-11-05,0,260,114,114,113,1,True,2024-02-24,2024-11-04,4.420353982300885,5.0,61.06194690265487,43.0,0,0,0,2.4689631146997857,4.420353982300885,5.0,2.1012447522097246,113.0,88.0,36.0,47.72378783790243,37.590875065255226,11.728915353869981,255.0,1.0,879.6438111439427,0.0,True
2024_WV_9479_20241105_D120,2024_WV_9479_20241105,2024,WV,9479,2024-11-05,2024-07-08,120,40,20,20,1,19,True,2024-06-04,2024-06-04,-33.0,-33.0,34.0,34.0,0,0,0,-33.0,-33.0,-33.0,,1.0,1.0,1.0,1.0,0.16334675768780085,34.0,34.0,34.0,464.0,0.0,True
2024_WV_9479_20241105_D090,2024_WV_9479_20241105,2024,WV,9479,2024-11-05,2024-08-07,90,40,20,20,1,19,True,2024-06-04,2024-06-04,-33.0,-33.0,64.0,64.0,0,0,0,-33.0,-33.0,-33.0,,1.0,1.0,1.0,1.0,0.03698675597965588,64.0,64.0,64.0,464.0,0.0,True
2024_WV_9479_20241105_D060,2024_WV_9479_20241105,2024,WV,9479,2024-11-05,2024-09-06,60,40,20,20,2,18,True,2024-06-04,2024-08-27,-33.5,-33.5,52.0,52.0,0,0,0,-33.98344987605589,-33.5,-33.5,0.12757827927021842,2.0,2.0,2.0,1.0336477508963873,0.5060351854198659,11.390210411305697,94.0,10.0,401.0592079324234,0.0,True
2024_WV_9479_20241105_D030,2024_WV_9479_20241105,2024,WV,9479,2024-11-05,2024-10-06,30,40,20,20,2,18,True,2024-06-04,2024-08-27,-33.5,-33.5,82.0,82.0,0,0,0,-33.983449876055886,-33.5,-33.5,0.12757827927021842,2.0,2.0,2.0,1.0336477508963875,0.1145820105962366,41.3902104113057,124.0,40.0,401.0592079324234,0.0,True
2024_WV_9479_20241105_D014,2024_WV_9479_20241105,2024,WV,9479,2024-11-05,2024-10-22,14,40,20,20,2,18,True,2024-06-04,2024-08-27,-33.5,-33.5,98.0,98.0,0,0,0,-33.983449876055886,-33.5,-33.5,0.1275782792702185,2.0,2.0,2.0,1.0336477508963875,0.0518898192479746,57.3902104113057,140.0,56.0,401.0592079324234,0.0,True
2024_WV_9479_20241105_D007,2024_WV_9479_20241105,2024,WV,9479,2024-11-05,2024-10-29,7,40,20,20,2,18,True,2024-06-04,2024-08-27,-33.5,-33.5,105.0,105.0,0,0,0,-33.983449876055886,-33.5,-33.5,0.12757827927021848,2.0,2.0,2.0,1.0336477508963877,0.03669164306478709,64.3902104113057,147.0,63.0,401.0592079324233,0.0,True
2024_WV_9479_20241105_D000,2024_WV_9479_20241105,2024,WV,9479,2024-11-05,2024-11-05,0,40,20,20,2,18,True,2024-06-04,2024-08-27,-33.5,-33.5,112.0,112.0,0,0,0,-33.983449876055886,-33.5,-33.5,0.12757827927021842,2.0,2.0,2.0,1.0336477508963875,0.025944909623987312,71.3902104113057,154.0,70.0,401.05920793242336,0.0,True
2024_WY_9535_20241105_D120,2024_WY_9535_20241105,2024,WY,9535,2024-11-05,2024-07-08,120,2,1,1,0,1,False,,,,,,,0,0,0,,,,,0.0,0.0,,0.0,0.0,,,,,0.0,False
2024_WY_9535_20241105_D090,2024_WY_9535_20241105,2024,WY,9535,2024-11-05,2024-08-07,90,2,1,1,0,1,False,,,,,,,0,0,0,,,,,0.0,0.0,,0.0,0.0,,,,,0.0,False
2024_WY_9535_20241105_D060,2024_WY_9535_20241105,2024,WY,9535,2024-11-05,2024-09-06,60,2,1,1,0,1,False,,,,,,,0,0,0,,,,,0.0,0.0,,0.0,0.0,,,,,0.0,False
2024_WY_9535_20241105_D030,2024_WY_9535_20241105,2024,WY,9535,2024-11-05,2024-10-06,30,2,1,1,0,1,False,,,,,,,0,0,0,,,,,0.0,0.0,,0.0,0.0,,,,,0.0,False
2024_WY_9535_20241105_D014,2024_WY_9535_20241105,2024,WY,9535,2024-11-05,2024-10-22,14,2,1,1,0,1,False,,,,,,,0,0,0,,,,,0.0,0.0,,0.0,0.0,,,,,0.0,False
2024_WY_9535_20241105_D007,2024_WY_9535_20241105,2024,WY,9535,2024-11-05,2024-10-29,7,2,1,1,1,0,True,2024-10-28,2024-10-28,-47.5,-47.5,1.0,1.0,0,0,0,-47.5,-47.5,-47.5,,1.0,1.0,1.0,1.0,0.9516951530106196,1.0,1.0,1.0,600.0,0.0,True
2024_WY_9535_20241105_D000,2024_WY_9535_20241105,2024,WY,9535,2024-11-05,2024-11-05,0,2,1,1,1,0,True,2024-10-28,2024-10-28,-47.5,-47.5,8.0,8.0,0,0,0,-47.5,-47.5,-47.5,,1.0,1.0,1.0,1.0,0.6729500963161781,8.0,8.0,8.0,600.0,0.0,True
