date,gas_price_nominal,cpi,gas_price_real_latest_dollars,gas_change_3m_pct,gas_change_6m_pct,gas_change_12m_pct,real_gas_change_12m_pct,year,month,annual_avg_gas,annual_avg_real_gas,prior_year_avg_gas,annual_vs_prior_pct
1976-01-01,0.605,55.6,3.633830215827338,,,,,1976,1,0.6143333333333333,3.604749522831153,,
1976-02-01,0.6,55.8,3.5908817204301076,,,,,1976,2,0.6143333333333333,3.604749522831153,,
1976-03-01,0.594,55.9,3.548613381037567,,,,,1976,3,0.6143333333333333,3.604749522831153,,
1976-04-01,0.592,56.1,3.524056755793226,-2.148760330578514,,,,1976,4,0.6143333333333333,3.604749522831153,,
1976-05-01,0.6,56.5,3.546392920353982,0.0,,,,1976,5,0.6143333333333333,3.604749522831153,,
1976-06-01,0.616,56.8,3.6217329577464787,3.703703703703698,,,,1976,6,0.6143333333333333,3.604749522831153,,
1976-07-01,0.623,57.1,3.6436444133099823,5.236486486486491,2.975206611570247,,,1976,7,0.6143333333333333,3.604749522831153,,
1976-08-01,0.628,57.4,3.6536908710801397,4.666666666666663,4.666666666666663,,,1976,8,0.6143333333333333,3.604749522831153,,
1976-09-01,0.63,57.6,3.6525999999999996,2.2727272727272707,6.060606060606055,,,1976,9,0.6143333333333333,3.604749522831153,,
1976-10-01,0.629,57.9,3.627906873920553,0.9630818619582593,6.25,,,1976,10,0.6143333333333333,3.604749522831153,,
1976-11-01,0.629,58.0,3.621651862068966,0.15923566878981443,4.833333333333334,,,1976,11,0.6143333333333333,3.604749522831153,,
1976-12-01,0.626,58.2,3.5919923024054983,-0.6349206349206327,1.6233766233766156,,,1976,12,0.6143333333333333,3.604749522831153,,
1977-01-01,0.627,58.5,3.57928041025641,-0.31796502384737746,0.6420545746388395,3.6363636363636376,-1.5011655011655023,1977,1,0.6563333333333333,3.616372184988983,0.6143333333333333,6.836679327183948
1977-02-01,0.637,59.1,3.599448798646362,1.2718600953895098,1.4331210191082855,6.166666666666676,0.23857868020304984,1977,2,0.6563333333333333,3.616372184988983,0.6143333333333333,6.836679327183948
1977-03-01,0.643,59.5,3.608926655462185,2.715654952076685,2.063492063492056,8.249158249158262,1.6996293466881696,1977,3,0.6563333333333333,3.616372184988983,0.6143333333333333,6.836679327183948
1977-04-01,0.651,60.0,3.6233792,3.8277511961722466,3.497615262321152,9.966216216216228,2.818412162162165,1977,4,0.6563333333333333,3.616372184988983,0.6143333333333333,6.836679327183948
1977-05-01,0.659,60.3,3.64965784411277,3.4536891679748827,4.769475357710662,9.83333333333334,2.9118297401879767,1977,5,0.6563333333333333,3.616372184988983,0.6143333333333333,6.836679327183948
1977-06-01,0.665,60.7,3.6586174629324546,3.4214618973561484,6.230031948881787,7.954545454545459,1.0184214467575226,1977,6,0.6563333333333333,3.616372184988983,0.6143333333333333,6.836679327183948
1977-07-01,0.667,61.0,3.6515735081967216,2.457757296466978,6.379585326953752,7.062600321027301,0.21761439886325284,1977,7,0.6563333333333333,3.616372184988983,0.6143333333333333,6.836679327183948
1977-08-01,0.667,61.2,3.6396402614379086,1.2139605462822445,4.709576138147575,6.210191082802563,-0.3845593439074202,1977,8,0.6563333333333333,3.616372184988983,0.6143333333333333,6.836679327183948
1977-09-01,0.666,61.4,3.622345798045603,0.15037593984963404,3.5769828926905056,5.714285714285716,-0.8282922289436723,1977,9,0.6563333333333333,3.616372184988983,0.6143333333333333,6.836679327183948
1977-10-01,0.665,61.6,3.605163636363636,-0.2998500749625155,2.1505376344086002,5.723370429252794,-0.626896950426381,1977,10,0.6563333333333333,3.616372184988983,0.6143333333333333,6.836679327183948
1977-11-01,0.664,61.9,3.582296090468498,-0.4497751124437732,0.7587253414264028,5.564387917329094,-1.0866801420825967,1977,11,0.6563333333333333,3.616372184988983,0.6143333333333333,6.836679327183948
1977-12-01,0.665,62.1,3.5761365539452497,-0.15015015015015232,0.0,6.230031948881787,-0.44141933293203595,1977,12,0.6563333333333333,3.616372184988983,0.6143333333333333,6.836679327183948
1978-01-01,0.648,62.5,3.462414336,-2.556390977443612,-2.8485757121439303,3.349282296650724,-3.2650717703349152,1978,1,0.6702499999999999,3.4309597367798497,0.6563333333333333,2.120365667851698
1978-02-01,0.647,62.9,3.4350865500794914,-2.56024096385542,-2.998500749625188,1.5698587127158659,-4.5663171713591915,1978,2,0.6702499999999999,3.4309597367798497,0.6563333333333333,2.120365667851698
1978-03-01,0.647,63.4,3.407995962145111,-2.706766917293235,-2.8528528528528607,0.6220839813374734,-5.567602572719544,1978,3,0.6702499999999999,3.4309597367798497,0.6563333333333333,2.120365667851698
1978-04-01,0.649,63.9,3.3917816588419405,0.15432098765431057,-2.4060150375939893,-0.3072196620583667,-6.391755551228517,1978,4,0.6702499999999999,3.4309597367798497,0.6563333333333333,2.120365667851698
1978-05-01,0.655,64.5,3.391295503875969,1.2364760432766575,-1.3554216867469937,-0.6069802731411222,-7.079083883262182,1978,5,0.6702499999999999,3.4309597367798497,0.6563333333333333,2.120365667851698
1978-06-01,0.663,65.2,3.3958615950920246,2.472952086553315,-0.3007518796992459,-0.3007518796992459,-7.181834955486877,1978,6,0.6702499999999999,3.4309597367798497,0.6563333333333333,2.120365667851698
1978-07-01,0.674,65.7,3.4259307153729073,3.852080123266566,4.012345679012341,1.0494752623688264,-6.179330426111152,1978,7,0.6702499999999999,3.4309597367798497,0.6563333333333333,2.120365667851698
1978-08-01,0.682,66.0,3.4508373333333333,4.122137404580162,5.4095826893354015,2.2488755622188883,-5.187406296851583,1978,8,0.6702499999999999,3.4309597367798497,0.6563333333333333,2.120365667851698
1978-09-01,0.688,66.5,3.4550221954887217,3.7707390648566985,6.336939721792878,3.3033033033032844,-4.619205671837268,1978,9,0.6702499999999999,3.4309597367798497,0.6563333333333333,2.120365667851698
1978-10-01,0.69,67.1,3.4340816691505216,2.3738872403560762,6.317411402157158,3.7593984962405846,-4.745470232959437,1978,10,0.6702499999999999,3.4309597367798497,0.6563333333333333,2.120365667851698
1978-11-01,0.695,67.4,3.443570326409495,1.906158357771237,6.1068702290076216,4.668674698795172,-3.872537628257866,1978,11,0.6702499999999999,3.4309597367798497,0.6563333333333333,2.120365667851698
1978-12-01,0.705,67.7,3.4776389955686846,2.470930232558133,6.3348416289592535,6.01503759398494,-2.754300818516031,1978,12,0.6702499999999999,3.4309597367798497,0.6563333333333333,2.120365667851698
1979-01-01,0.716,68.3,3.500873089311859,3.7681159420289934,6.2314540059347,10.49382716049383,1.1107495978164517,1979,1,0.90325,4.141107250770584,0.6702499999999999,34.76314807907499
1979-02-01,0.73,69.1,3.528002315484805,5.035971223021596,7.038123167155419,12.828438948995347,2.704903182225893,1979,2,0.90325,4.141107250770584,0.6702499999999999,34.76314807907499
1979-03-01,0.755,69.8,3.612231518624642,7.092198581560294,9.738372093023262,16.69242658423493,5.9928344618982,1979,3,0.90325,4.141107250770584,0.6702499999999999,34.76314807907499
1979-04-01,0.802,70.6,3.7936190368271956,12.01117318435756,16.231884057971023,23.57473035439137,11.847383422742341,1979,4,0.90325,4.141107250770584,0.6702499999999999,34.76314807907499
1979-05-01,0.844,71.5,3.9420347972027967,15.616438356164375,21.438848920863318,28.854961832061065,16.23979074360753,1979,5,0.90325,4.141107250770584,0.6702499999999999,34.76314807907499
1979-06-01,0.901,72.3,4.161697814661134,19.33774834437085,27.80141843971633,35.897435897435905,22.552044543745797,1979,6,0.90325,4.141107250770584,0.6702499999999999,34.76314807907499
1979-07-01,0.949,73.1,4.335437045143639,18.329177057356596,32.54189944134078,40.80118694362016,26.54771521471744,1979,7,0.90325,4.141107250770584,0.6702499999999999,34.76314807907499
1979-08-01,0.988,73.8,4.470793712737128,17.061611374407583,35.342465753424655,44.86803519061582,29.55677943876214,1979,8,0.90325,4.141107250770584,0.6702499999999999,34.76314807907499
1979-09-01,1.02,74.6,4.566099731903486,13.207547169811317,35.099337748344375,48.25581395348839,32.15833281376646,1979,9,0.90325,4.141107250770584,0.6702499999999999,34.76314807907499
1979-10-01,1.028,75.2,4.565194893617021,8.324552160168608,28.179551122194503,48.98550724637683,32.93786617329633,1979,10,0.90325,4.141107250770584,0.6702499999999999,34.76314807907499
1979-11-01,1.041,75.9,4.5802902766798415,5.364372469635614,23.341232227488142,49.7841726618705,33.009924076549055,1979,11,0.90325,4.141107250770584,0.6702499999999999,34.76314807907499
1979-12-01,1.065,76.7,4.637012777053454,4.411764705882337,18.201997780244163,51.06382978723405,33.33795667008794,1979,12,0.90325,4.141107250770584,0.6702499999999999,34.76314807907499
1980-01-01,1.131,77.8,4.854752082262211,10.019455252918297,19.17808219178083,57.960893854748605,38.6726099007626,1980,1,1.2451666666666668,5.0474782886011065,0.90325,37.85404557616017
1980-02-01,1.207,78.9,5.108746058301648,15.946205571565809,22.165991902834016,65.34246575342466,44.80563223779017,1980,2,1.2451666666666668,5.0474782886011065,0.90325,37.85404557616017
1980-03-01,1.252,80.1,5.219824019975031,17.558685446009402,22.745098039215694,65.82781456953641,44.50413803937132,1980,3,1.2451666666666668,5.0474782886011065,0.90325,37.85404557616017
1980-04-01,1.264,81.0,5.211300345679012,11.75950486295314,22.957198443579774,57.605985037406484,37.370154859764156,1980,4,1.2451666666666668,5.0474782886011065,0.90325,37.85404557616017
1980-05-01,1.266,81.8,5.168499168704157,4.88815244407621,21.61383285302594,50.0,31.112469437652845,1980,5,1.2451666666666668,5.0474782886011065,0.90325,37.85404557616017
1980-06-01,1.269,82.7,5.124366239419588,1.3578274760383202,19.154929577464785,40.84350721420642,23.131627225962802,1980,6,1.2451666666666668,5.0474782886011065,0.90325,37.85404557616017
1980-07-01,1.271,82.7,5.132442466747279,0.5537974683544222,12.378426171529622,33.93045310853531,18.383508128584403,1980,7,1.2451666666666668,5.0474782886011065,0.90325,37.85404557616017
1980-08-01,1.267,83.3,5.0794379831932766,0.07898894154816372,4.971002485501219,28.238866396761118,13.613785595209716,1980,8,1.2451666666666668,5.0474782886011065,0.90325,37.85404557616017
1980-09-01,1.257,84.0,4.9973531428571425,-0.9456264775413725,0.39936102236421966,23.235294117647044,9.444677871148443,1980,9,1.2451666666666668,5.0474782886011065,0.90325,37.85404557616017
1980-10-01,1.25,84.8,4.922641509433962,-1.6522423288748977,-1.1075949367088667,21.5953307392996,7.829821599001541,1980,10,1.2451666666666668,5.0474782886011065,0.90325,37.85404557616017
1980-11-01,1.25,85.5,4.882339181286549,-1.3417521704814472,-1.2638230647709303,20.076849183477428,6.594536292701014,1980,11,1.2451666666666668,5.0474782886011065,0.90325,37.85404557616017
1980-12-01,1.258,86.3,4.8680372653534185,0.07955449482897059,-0.8668242710795804,18.122065727699542,4.982183561002973,1980,12,1.2451666666666668,5.0474782886011065,0.90325,37.85404557616017
1981-01-01,1.298,87.0,4.982410298850574,3.839999999999999,2.124311565696302,14.765694076038915,2.629551713975009,1981,1,1.3782499999999998,5.065321193029017,1.2451666666666668,10.68799357515724
1981-02-01,1.382,87.9,5.250530875995449,10.559999999999992,9.076558800315704,14.498757249378613,2.775335005414936,1981,2,1.3782499999999998,5.065321193029017,1.2451666666666668,10.68799357515724
1981-03-01,1.417,88.5,5.347005468926554,12.639109697933225,12.728719172633273,13.178913738019183,2.436508366274981,1981,3,1.3782499999999998,5.065321193029017,1.2451666666666668,10.68799357515724
1981-04-01,1.412,89.1,5.292258406285073,8.78274268104775,12.959999999999994,11.708860759493668,1.5535097813578869,1981,4,1.3782499999999998,5.065321193029017,1.2451666666666668,10.68799357515724
1981-05-01,1.4,89.8,5.206378619153674,1.302460202604916,11.99999999999999,10.584518167456558,0.7328907137855722,1981,5,1.3782499999999998,5.065321193029017,1.2451666666666668,10.68799357515724
1981-06-01,1.391,90.6,5.127232141280354,-1.834862385321101,10.572337042925284,9.613869188337286,0.055926952268148256,1981,6,1.3782499999999998,5.065321193029017,1.2451666666666668,10.68799357515724
1981-07-01,1.382,91.6,5.038446113537118,-2.1246458923512734,6.471494607087824,8.733280881195915,-1.8314156236364454,1981,7,1.3782499999999998,5.065321193029017,1.2451666666666668,10.68799357515724
1981-08-01,1.376,92.3,4.97852602383532,-1.7142857142857126,-0.434153400868309,8.60299921073402,-1.9866756852205292,1981,8,1.3782499999999998,5.065321193029017,1.2451666666666668,10.68799357515724
1981-09-01,1.376,93.2,4.930450128755364,-1.0783608914450071,-2.8934368383909725,9.46698488464599,-1.3387689880873133,1981,9,1.3782499999999998,5.065321193029017,1.2451666666666668,10.68799357515724
1981-10-01,1.371,93.4,4.902014903640256,-0.7959479015918869,-2.9036827195467407,9.68,-0.4190149892933759,1981,10,1.3782499999999998,5.065321193029017,1.2451666666666668,10.68799357515724
1981-11-01,1.369,93.7,4.879191974386339,-0.5087209302325535,-2.214285714285713,9.519999999999996,-0.06446104589113988,1981,11,1.3782499999999998,5.065321193029017,1.2451666666666668,10.68799357515724
1981-12-01,1.365,94.0,4.849409361702127,-0.7994186046511587,-1.869158878504673,8.50556438791732,-0.3826573757737761,1981,12,1.3782499999999998,5.065321193029017,1.2451666666666668,10.68799357515724
1982-01-01,1.358,94.3,4.809192110286321,-0.9482129832239172,-1.7366136034732138,4.6224961479198745,-3.476594221961493,1982,1,1.2954999999999999,4.484342398417088,1.3782499999999998,-6.003990567748952
1982-02-01,1.334,94.6,4.709217420718817,-2.5566106647187725,-3.052325581395332,-3.4732272069464387,-10.309689973473478,1982,2,1.2954999999999999,4.484342398417088,1.3782499999999998,-6.003990567748952
1982-03-01,1.284,94.5,4.53750653968254,-5.934065934065935,-6.686046511627897,-9.386026817219474,-15.139294955808714,1982,3,1.2954999999999999,4.484342398417088,1.3782499999999998,-6.003990567748952
1982-04-01,1.225,94.9,4.310760800842993,-9.79381443298969,-10.649161196207146,-13.243626062322933,-18.545912351453886,1982,4,1.2954999999999999,4.484342398417088,1.3782499999999998,-6.003990567748952
1982-05-01,1.237,95.8,4.312094196242172,-7.271364317841078,-9.64207450693937,-11.642857142857132,-17.176707426185477,1982,5,1.2954999999999999,4.484342398417088,1.3782499999999998,-6.003990567748952
1982-06-01,1.309,97.0,4.506630597938145,1.947040498442365,-4.10256410256411,-5.8950395398993605,-12.10402662180291,1982,6,1.2954999999999999,4.484342398417088,1.3782499999999998,-6.003990567748952
1982-07-01,1.331,97.5,4.558872943589743,8.65306122448979,-1.988217967599426,-3.6903039073805988,-9.518275260677578,1982,7,1.2954999999999999,4.484342398417088,1.3782499999999998,-6.003990567748952
1982-08-01,1.323,97.7,4.522195455475947,6.952303961196438,-0.8245877061469398,-3.851744186046502,-9.165977363071587,1982,8,1.2954999999999999,4.484342398417088,1.3782499999999998,-6.003990567748952
1982-09-01,1.307,97.9,4.4583785903983655,-0.15278838808250317,1.7912772585669812,-5.0145348837209225,-9.574613392878339,1982,9,1.2954999999999999,4.484342398417088,1.3782499999999998,-6.003990567748952
1982-10-01,1.295,98.2,4.40394949083503,-2.704733283245686,5.714285714285694,-5.5433989788475575,-10.16042224668392,1982,10,1.2954999999999999,4.484342398417088,1.3782499999999998,-6.003990567748952
1982-11-01,1.283,98.0,4.372045061224489,-3.023431594860171,3.7186742118027416,-6.281957633308988,-10.394075818786252,1982,11,1.2954999999999999,4.484342398417088,1.3782499999999998,-6.003990567748952
1982-12-01,1.26,97.6,4.311265573770492,-3.5960214231063437,-3.743315508021383,-7.692307692307687,-11.097099621689777,1982,12,1.2954999999999999,4.484342398417088,1.3782499999999998,-6.003990567748952
1983-01-01,1.23,97.8,4.200009815950921,-5.019305019305021,-7.588279489105931,-9.425625920471292,-12.66704012577139,1983,1,1.2411666666666668,4.161206890063791,1.2954999999999999,-4.194004888717339
1983-02-01,1.187,97.9,4.049040081716036,-7.48246297739672,-10.279667422524563,-11.019490254872565,-14.01883327998924,1983,2,1.2411666666666668,4.161206890063791,1.2954999999999999,-4.194004888717339
1983-03-01,1.152,97.9,3.929649683350357,-8.571428571428575,-11.859219586840098,-10.280373831775712,-13.396275047015372,1983,3,1.2411666666666668,4.161206890063791,1.2954999999999999,-4.194004888717339
1983-04-01,1.215,98.6,4.11512860040568,-1.2195121951219412,-6.177606177606165,-0.8163265306122436,-4.538229084737333,1983,4,1.2411666666666668,4.161206890063791,1.2954999999999999,-4.194004888717339
1983-05-01,1.259,99.2,4.238362580645161,6.065711878685742,-1.87061574434918,1.778496362166515,-1.7098795212142082,1983,5,1.2411666666666668,4.161206890063791,1.2954999999999999,-4.194004888717339
1983-06-01,1.277,99.5,4.285997025125628,10.850694444444443,1.3492063492063444,-2.444614209320095,-4.8957545558195985,1983,6,1.2411666666666668,4.161206890063791,1.2954999999999999,-4.194004888717339
1983-07-01,1.288,99.9,4.305607367367367,6.00823045267489,4.7154471544715415,-3.2306536438767797,-5.555442745525396,1983,7,1.2411666666666668,4.161206890063791,1.2954999999999999,-4.194004888717339
1983-08-01,1.285,100.2,4.282717764471058,2.065131056393965,8.256107834877824,-2.8722600151171562,-5.295606821127208,1983,8,1.2411666666666668,4.161206890063791,1.2954999999999999,-4.194004888717339
1983-09-01,1.274,100.7,4.2249736643495535,-0.2349256068911454,10.59027777777779,-2.5248661055852994,-5.235197534625624,1983,9,1.2411666666666668,4.161206890063791,1.2954999999999999,-4.194004888717339
1983-10-01,1.255,101.0,4.1496015841584155,-2.5621118012422506,3.2921810699588328,-3.0888030888030937,-5.775450131885773,1983,10,1.2411666666666668,4.161206890063791,1.2954999999999999,-4.194004888717339
1983-11-01,1.241,101.2,4.095201897233202,-3.424124513618665,-1.4297061159650348,-3.273577552611051,-6.332120554900033,1983,11,1.2411666666666668,4.161206890063791,1.2954999999999999,-4.194004888717339
1983-12-01,1.231,101.3,4.058192615992103,-3.375196232339084,-3.6021926389976366,-2.3015873015872934,-5.8700387032075145,1983,12,1.2411666666666668,4.161206890063791,1.2954999999999999,-4.194004888717339
1984-01-01,1.216,101.9,3.9851386849852792,-3.107569721115533,-5.590062111801242,-1.1382113821138184,-5.11596735201898,1984,1,1.21225,3.897712288862628,1.2411666666666668,-2.3297972337854245
1984-02-01,1.209,102.4,3.94285125,-2.5785656728444795,-5.914396887159523,1.8534119629317614,-2.622568054970509,1984,2,1.21225,3.897712288862628,1.2411666666666668,-2.3297972337854245
1984-03-01,1.21,102.6,3.9384202729044833,-1.705930138099121,-5.023547880690737,5.034722222222232,0.2231901126272584,1984,3,1.21225,3.897712288862628,1.2411666666666668,-2.3297972337854245
1984-04-01,1.227,103.1,3.9743851018428717,0.9046052631578982,-2.231075697211138,0.9876543209876631,-3.42014824394391,1984,4,1.21225,3.897712288862628,1.2411666666666668,-2.3297972337854245
1984-05-01,1.236,103.4,3.9919213926499033,2.2332506203473823,-0.40290088638196275,-1.8268467037331093,-5.814537650003137,1984,5,1.21225,3.897712288862628,1.2411666666666668,-2.3297972337854245
1984-06-01,1.229,103.7,3.957830356798457,1.5702479338843167,-0.16246953696181787,-3.758809710258404,-7.656717127972157,1984,6,1.21225,3.897712288862628,1.2411666666666668,-2.3297972337854245
1984-07-01,1.212,104.1,3.8880866858789624,-1.2224938875305735,-0.3289473684210509,-5.9006211180124275,-9.697137845239578,1984,7,1.21225,3.897712288862628,1.2411666666666668,-2.3297972337854245
1984-08-01,1.196,104.5,3.822072650717703,-3.2362459546925626,-1.0752688172043112,-6.926070038910503,-10.75590639137639,1984,8,1.21225,3.897712288862628,1.2411666666666668,-2.3297972337854245
1984-09-01,1.203,105.0,3.8261357714285715,-2.11554109031733,-0.5785123966942085,-5.5729984301412845,-9.440008970621216,1984,9,1.21225,3.897712288862628,1.2411666666666668,-2.3297972337854245
1984-10-01,1.209,105.3,3.8342637037037037,-0.24752475247523664,-1.4669926650366705,-3.6653386454183146,-7.59923269883428,1984,10,1.21225,3.897712288862628,1.2411666666666668,-2.3297972337854245
1984-11-01,1.207,105.3,3.827920835707503,0.919732441471588,-2.346278317152095,-2.73972602739726,-6.526688261848069,1984,11,1.21225,3.897712288862628,1.2411666666666668,-2.3297972337854245
1984-12-01,1.193,105.3,3.783520759734093,-0.8312551953449709,-2.929210740439381,-3.086921202274573,-6.768329703612663,1984,12,1.21225,3.897712288862628,1.2411666666666668,-2.3297972337854245
1985-01-01,1.148,105.5,3.6339042274881517,-5.04549214226635,-5.280528052805289,-5.592105263157898,-8.81360688450984,1985,1,1.2017499999999999,3.73061406515283,1.21225,-0.8661579707156308
1985-02-01,1.131,106.0,3.563204830188679,-6.296603148301583,-5.4347826086956434,-6.451612903225811,-9.628727936701164,1985,2,1.2017499999999999,3.73061406515283,1.21225,-0.8661579707156308
1985-03-01,1.159,106.4,3.6376914285714284,-2.849958088851634,-3.65752285951787,-4.2148760330578465,-7.635773317591498,1985,3,1.2017499999999999,3.73061406515283,1.21225,-0.8661579707156308
1985-04-01,1.205,106.9,3.764379420018709,4.965156794425107,-0.3308519437551727,-1.792991035044822,-5.2839791928262265,1985,4,1.2017499999999999,3.73061406515283,1.21225,-0.8661579707156308
1985-05-01,1.231,107.3,3.8312666542404474,8.84173297966402,1.988400994200501,-0.404530744336562,-4.024496542072709,1985,5,1.2017499999999999,3.73061406515283,1.21225,-0.8661579707156308
1985-06-01,1.241,107.6,3.851621115241636,7.075064710957735,4.02347024308467,0.9764035801464566,-2.683521828427615,1985,6,1.2017499999999999,3.73061406515283,1.21225,-0.8661579707156308
1985-07-01,1.242,107.8,3.8475731354359923,3.070539419087126,8.18815331010454,2.4752475247524774,-1.041991954297472,1985,7,1.2017499999999999,3.73061406515283,1.21225,-0.8661579707156308
1985-08-01,1.229,108.0,3.800250074074074,-0.16246953696181787,8.664898320070735,2.7591973244147194,-0.5709618481357537,1985,8,1.2017499999999999,3.73061406515283,1.21225,-0.8661579707156308
1985-09-01,1.216,108.3,3.74963649122807,-2.0145044319097583,4.918032786885251,1.0806317539484578,-1.999387496171856,1985,9,1.2017499999999999,3.73061406515283,1.21225,-0.8661579707156308
1985-10-01,1.204,108.7,3.69897155473781,-3.059581320450888,-0.08298755186723072,-0.41356492969397696,-3.528504021129486,1985,10,1.2017499999999999,3.73061406515283,1.21225,-0.8661579707156308
1985-11-01,1.207,109.0,3.6979822385321106,-1.7900732302685074,-1.9496344435418367,0.0,-3.394495412844034,1985,11,1.2017499999999999,3.73061406515283,1.21225,-0.8661579707156308
1985-12-01,1.208,109.3,3.690887612076853,-0.6578947368421018,-2.659145850120881,1.2573344509639428,-2.448331951633076,1985,12,1.2017499999999999,3.73061406515283,1.21225,-0.8661579707156308
1986-01-01,1.194,109.6,3.638126715328467,-0.830564784053156,-3.8647342995169143,4.006968641114983,0.11619700399296828,1986,1,0.9274166666666667,2.826532183733764,1.2017499999999999,-22.827820539491018
1986-02-01,1.12,109.3,3.4220150045745656,-7.207953603976803,-8.86899918633035,-0.972590627763037,-3.9624392181416335,1986,2,0.9274166666666667,2.826532183733764,1.2017499999999999,-22.827820539491018
1986-03-01,0.981,108.8,3.01109294117647,-18.79139072847682,-19.325657894736835,-15.358067299396039,-17.22516875602701,1986,3,0.9274166666666667,2.826532183733764,1.2017499999999999,-22.827820539491018
1986-04-01,0.888,108.6,2.7306572375690608,-25.628140703517587,-26.245847176079728,-26.30705394190872,-27.460626762339235,1986,4,0.9274166666666667,2.826532183733764,1.2017499999999999,-22.827820539491018
1986-05-01,0.923,108.9,2.8304655280073465,-17.58928571428572,-23.529411764705888,-25.02030869212023,-26.12193868378787,1986,5,0.9274166666666667,2.826532183733764,1.2017499999999999,-22.827820539491018
1986-06-01,0.955,109.5,2.912549406392694,-2.650356778797147,-20.94370860927153,-23.045930701047556,-24.38120678933987,1986,6,0.9274166666666667,2.826532183733764,1.2017499999999999,-22.827820539491018
1986-07-01,0.89,109.5,2.7143130593607308,0.22522522522523403,-25.460636515912892,-28.341384863124,-29.453893043331192,1986,7,0.9274166666666667,2.826532183733764,1.2017499999999999,-22.827820539491018
1986-08-01,0.843,109.7,2.5662856517775747,-8.667388949079102,-24.73214285714287,-31.40764849471116,-32.470611097801324,1986,8,0.9274166666666667,2.826532183733764,1.2017499999999999,-22.827820539491018
1986-09-01,0.86,110.2,2.6061589836660612,-9.947643979057585,-12.33435270132518,-29.276315789473685,-30.49568965517242,1986,9,0.9274166666666667,2.826532183733764,1.2017499999999999,-22.827820539491018
1986-10-01,0.831,110.3,2.515993762466002,-6.629213483146068,-6.4189189189189255,-30.98006644518273,-31.981262217510075,1986,10,0.9274166666666667,2.826532183733764,1.2017499999999999,-22.827820539491018
1986-11-01,0.821,110.4,2.4834655072463763,-2.60972716488731,-11.050920910075845,-31.980115990058,-32.84268698293772,1986,11,0.9274166666666667,2.826532183733764,1.2017499999999999,-22.827820539491018
1986-12-01,0.823,110.5,2.487262407239819,-4.302325581395349,-13.821989528795807,-31.87086092715232,-32.610724880884604,1986,12,0.9274166666666667,2.826532183733764,1.2017499999999999,-22.827820539491018
1987-01-01,0.862,111.2,2.5887286330935253,3.730445246690728,-3.146067415730336,-27.80569514237856,-28.844462118747206,1987,1,0.9484166666666667,2.786649381352967,0.9274166666666667,2.264354389433021
1987-02-01,0.905,111.6,2.7081232974910394,10.231425091352019,7.354685646500592,-19.19642857142858,-20.861735151049675,1987,2,0.9484166666666667,2.786649381352967,0.9274166666666667,2.264354389433021
1987-03-01,0.912,112.1,2.7168976271186445,10.814094775212645,6.046511627906992,-7.033639143730886,-9.77038304048098,1987,3,0.9484166666666667,2.786649381352967,0.9274166666666667,2.264354389433021
1987-04-01,0.934,112.7,2.767623496007099,8.352668213457083,12.394705174488575,5.180180180180183,1.3537494903954617,1987,4,0.9484166666666667,2.786649381352967,0.9274166666666667,2.264354389433021
1987-05-01,0.941,113.1,2.7785042617152964,3.977900552486169,14.616321559074308,1.9501625135427858,-1.8357851660052216,1987,5,0.9484166666666667,2.786649381352967,0.9274166666666667,2.264354389433021
1987-06-01,0.958,113.5,2.8187314185022028,5.043859649122795,16.403402187120285,0.3141361256544517,-3.221163825910456,1987,6,0.9484166666666667,2.786649381352967,0.9274166666666667,2.264354389433021
1987-07-01,0.971,113.8,2.849449841827768,3.9614561027837114,12.645011600928079,9.101123595505612,4.97867340692324,1987,7,0.9484166666666667,2.786649381352967,0.9274166666666667,2.264354389433021
1987-08-01,0.995,114.4,2.9045650349650347,5.7385759829968075,9.944751381215466,18.030842230130496,13.181673012633887,1987,8,0.9484166666666667,2.786649381352967,0.9274166666666667,2.264354389433021
1987-09-01,0.99,115.0,2.874891130434783,3.3402922755741082,8.552631578947366,15.116279069767447,10.311425682507602,1987,9,0.9484166666666667,2.786649381352967,0.9274166666666667,2.264354389433021
1987-10-01,0.976,115.3,2.8268616825672157,0.5149330587023604,4.4967880085653,17.448856799037316,12.355671335072094,1987,10,0.9484166666666667,2.786649381352967,0.9274166666666667,2.264354389433021
1987-11-01,0.976,115.4,2.824412062391681,-1.9095477386934734,3.7194473963868324,18.87941534713764,13.728660782703606,1987,11,0.9484166666666667,2.786649381352967,0.9274166666666667,2.264354389433021
1987-12-01,0.961,115.4,2.781004090121317,-2.929292929292937,0.31315240083507057,16.767922235722963,11.809838882559664,1987,12,0.9484166666666667,2.786649381352967,0.9274166666666667,2.264354389433021
1988-01-01,0.933,115.7,2.69297507346586,-4.405737704918023,-3.91349124613799,8.236658932714636,4.02693581087179,1988,1,0.9461666666666666,2.6718935005777653,0.9484166666666667,-0.23723750109833075
1988-02-01,0.913,116.0,2.628432551724138,-6.454918032786883,-8.24120603015075,0.8839779005524795,-2.942655743951228,1988,2,0.9461666666666666,2.6718935005777653,0.9484166666666667,-0.23723750109833075
1988-03-01,0.904,116.5,2.5913528583690986,-5.931321540062429,-8.686868686868687,-0.8771929824561431,-4.620886981402017,1988,3,0.9461666666666666,2.6718935005777653,0.9484166666666667,-0.23723750109833075
1988-04-01,0.93,117.1,2.652223398804441,-0.3215434083601254,-4.713114754098358,-0.4282655246252709,-4.169645812342171,1988,4,0.9461666666666666,2.6718935005777653,0.9484166666666667,-0.23723750109833075
1988-05-01,0.955,117.5,2.7142481702127657,4.60021905805037,-2.1516393442623016,1.4877789585547196,-2.312614466276275,1988,5,0.9461666666666666,2.6718935005777653,0.9484166666666667,-0.23723750109833075
1988-06-01,0.955,118.0,2.7027471186440675,5.641592920353977,-0.624349635796051,-0.31315240083507057,-4.114769470294766,1988,6,0.9461666666666666,2.6718935005777653,0.9484166666666667,-0.23723750109833075
1988-07-01,0.967,118.5,2.725161046413502,3.978494623655915,3.644158628081451,-0.4119464469618972,-4.361852368474805,1988,7,0.9461666666666666,2.6718935005777653,0.9484166666666667,-0.23723750109833075
1988-08-01,0.987,119.0,2.769837176470588,3.350785340314144,8.105147864183992,-0.8040201005025116,-4.638486550399056,1988,8,0.9461666666666666,2.6718935005777653,0.9484166666666667,-0.23723750109833075
1988-09-01,0.974,119.8,2.7151022370617697,1.9895287958115127,7.743362831858391,-1.6161616161616155,-5.5580850238613255,1988,9,0.9461666666666666,2.6718935005777653,0.9484166666666667,-0.23723750109833075
1988-10-01,0.957,120.2,2.6588358069883524,-1.0341261633919352,2.9032258064515926,-1.9467213114754078,-5.943901557513442,1988,10,0.9461666666666666,2.6718935005777653,0.9484166666666667,-0.23723750109833075
1988-11-01,0.949,120.3,2.6344176891105566,-3.8500506585612992,-0.6282722513089034,-2.7663934426229497,-6.726864532657428,1988,11,0.9461666666666666,2.6718935005777653,0.9484166666666667,-0.23723750109833075
1988-12-01,0.93,120.5,2.5773888796680495,-4.517453798767956,-2.617801047120405,-3.2258064516128893,-7.321643688930535,1988,12,0.9461666666666666,2.6718935005777653,0.9484166666666667,-0.23723750109833075
1989-01-01,0.918,121.1,2.531527134599505,-4.075235109717856,-5.067218200620472,-1.6077170418006492,-5.995151624577488,1989,1,1.0221666666666667,2.753019021649216,0.9461666666666666,8.032411484939228
1989-02-01,0.926,121.6,2.543088421052632,-2.4236037934667998,-6.180344478216815,1.4238773274917849,-3.246959128379534,1989,2,1.0221666666666667,2.753019021649216,0.9461666666666666,8.032411484939228
1989-03-01,0.94,122.3,2.566761079313164,1.0752688172043001,-3.490759753593431,3.9823008849557473,-0.9489938422130417,1989,3,1.0221666666666667,2.753019021649216,0.9461666666666666,8.032411484939228
1989-04-01,1.065,123.1,2.889186677497969,16.013071895424822,11.285266457680244,14.516129032258052,8.934514294698758,1989,4,1.0221666666666667,2.753019021649216,0.9461666666666666,8.032411484939228
1989-05-01,1.119,123.8,3.01851605815832,20.842332613390923,17.913593256059013,17.17277486910995,11.21002461325058,1989,5,1.0221666666666667,2.753019021649216,0.9461666666666666,8.032411484939228
1989-06-01,1.114,124.1,2.9977641257050767,18.51063829787236,19.784946236559154,16.649214659685875,10.915449877864102,1989,6,1.0221666666666667,2.753019021649216,0.9461666666666666,8.032411484939228
1989-07-01,1.092,124.4,2.9314757556270097,2.5352112676056526,18.954248366013072,12.92657704239919,7.570734562092474,1989,7,1.0221666666666667,2.753019021649216,0.9461666666666666,8.032411484939228
1989-08-01,1.057,124.6,2.832963595505618,-5.540661304736371,14.146868250539946,7.092198581560272,2.2790660610407354,1989,8,1.0221666666666667,2.753019021649216,0.9461666666666666,8.032411484939228
1989-09-01,1.029,125.0,2.7490928639999996,-7.630161579892292,9.468085106382972,5.6468172484599455,1.2519096509240102,1989,9,1.0221666666666667,2.753019021649216,0.9461666666666666,8.032411484939228
1989-10-01,1.027,125.6,2.7306425477707004,-5.952380952380965,-3.5680751173708947,7.314524555903867,2.700683532003545,1989,10,1.0221666666666667,2.753019021649216,0.9461666666666666,8.032411484939228
1989-11-01,0.999,125.9,2.649865353455123,-5.487228003784295,-10.723860589812329,5.268703898840887,0.5863787055644165,1989,11,1.0221666666666667,2.753019021649216,0.9461666666666666,8.032411484939228
1989-12-01,0.98,126.1,2.595344647105472,-4.761904761904756,-12.02872531418313,5.376344086021501,0.6966650465154212,1989,12,1.0221666666666667,2.753019021649216,0.9461666666666666,8.032411484939228
1990-01-01,1.042,127.4,2.7313813500784927,1.4605647517039966,-4.578754578754585,13.507625272331158,7.894610835787286,1990,1,1.1643333333333332,2.970954100054192,1.0221666666666667,13.908364585031773
1990-02-01,1.037,128.0,2.705533,3.803803803803807,-1.8921475875118277,11.987041036717038,6.387688984881201,1990,2,1.1643333333333332,2.970954100054192,1.0221666666666667,13.908364585031773
1990-03-01,1.023,128.7,2.654490256410256,4.387755102040813,-0.5830903790087438,8.829787234042552,3.417894162575008,1990,3,1.1643333333333332,2.970954100054192,1.0221666666666667,13.908364585031773
1990-04-01,1.044,128.9,2.704778029480217,0.19193857965451588,1.6553067185978598,-1.9718309859154792,-6.382718342639226,1990,4,1.1643333333333332,2.970954100054192,1.0221666666666667,13.908364585031773
1990-05-01,1.061,129.2,2.742438637770898,2.314368370298947,6.2062062062062,-5.183199285075968,-9.146130584306533,1990,5,1.1643333333333332,2.970954100054192,1.0221666666666667,13.908364585031773
1990-06-01,1.088,129.9,2.7970729484218633,6.3538611925708866,11.020408163265305,-2.333931777378817,-6.694695408565899,1990,6,1.1643333333333332,2.970954100054192,1.0221666666666667,13.908364585031773
1990-07-01,1.084,130.4,2.7761040490797546,3.831417624521083,4.0307101727447225,-0.73260073260073,-5.300119103800083,1990,7,1.1643333333333332,2.970954100054192,1.0221666666666667,13.908364585031773
1990-08-01,1.19,131.6,3.0197787234042552,12.158341187558918,14.754098360655732,12.58278145695364,6.59433563477525,1990,8,1.1643333333333332,2.970954100054192,1.0221666666666667,13.908364585031773
1990-09-01,1.294,132.7,3.2564724039186137,18.933823529411754,26.490713587487804,25.753158406219633,18.45625320857165,1990,9,1.1643333333333332,2.970954100054192,1.0221666666666667,13.908364585031773
1990-10-01,1.378,133.5,3.4470850636704116,27.121771217712155,31.99233716475094,34.17721518987342,26.237140283506367,1990,10,1.1643333333333332,2.970954100054192,1.0221666666666667,13.908364585031773
1990-11-01,1.377,133.8,3.4368602690582954,15.714285714285726,29.783223374175314,37.83783783783783,29.699430372076097,1990,11,1.1643333333333332,2.970954100054192,1.0221666666666667,13.908364585031773
1990-12-01,1.354,133.8,3.3794544693572495,4.636785162287493,24.448529411764696,38.16326530612246,30.21216558372226,1990,12,1.1643333333333332,2.970954100054192,1.0221666666666667,13.908364585031773
1991-01-01,1.247,134.6,3.0938940861812783,-9.506531204644396,15.036900369003693,19.673704414587334,13.272139245307791,1991,1,1.1400833333333333,2.795973325657574,1.1643333333333332,-2.08273690237617
1991-02-01,1.143,134.8,2.8316553115727,-16.993464052287578,-3.94957983193277,10.221793635486986,4.661643808177551,1991,2,1.1400833333333333,2.795973325657574,1.1643333333333332,-2.08273690237617
1991-03-01,1.082,135.0,2.676563437037037,-20.08862629246676,-16.383307573415763,5.767350928641268,0.8315412186379989,1991,3,1.1400833333333333,2.795973325657574,1.1643333333333332,-2.08273690237617
1991-04-01,1.104,135.2,2.7269453254437876,-11.467522052927027,-19.88388969521043,5.747126436781613,0.8195606338842643,1991,4,1.1400833333333333,2.795973325657574,1.1643333333333332,-2.08273690237617
1991-05-01,1.156,135.6,2.8469654277286134,1.1373578302712017,-16.049382716049386,8.953817153628641,3.811454102129952,1991,5,1.1400833333333333,2.795973325657574,1.1643333333333332,-2.08273690237617
1991-06-01,1.16,136.0,2.8484141176470583,7.208872458410331,-14.327917282127045,6.617647058823506,1.8355320069203929,1991,6,1.1400833333333333,2.795973325657574,1.1643333333333332,-2.08273690237617
1991-07-01,1.127,136.2,2.7633179441997067,2.083333333333326,-9.623095429029682,3.966789667896675,-0.4605772929975882,1991,7,1.1400833333333333,2.795973325657574,1.1643333333333332,-2.08273690237617
1991-08-01,1.14,136.6,2.787007906295754,-1.384083044982698,-0.2624671916010568,-4.201680672268915,-7.708207734045303,1991,8,1.1400833333333333,2.795973325657574,1.1643333333333332,-2.08273690237617
1991-09-01,1.143,137.2,2.782121982507289,-1.4655172413792994,5.637707948243986,-11.669242658423496,-14.566388489597648,1991,9,1.1400833333333333,2.795973325657574,1.1643333333333332,-2.08273690237617
1991-10-01,1.122,137.4,2.727031615720524,-0.44365572315882007,1.6304347826086918,-18.577648766327993,-20.888763539336153,1991,10,1.1400833333333333,2.795973325657574,1.1643333333333332,-2.08273690237617
1991-11-01,1.134,137.8,2.748197155297532,-0.5263157894736858,-1.903114186851218,-17.647058823529417,-20.03756509860839,1991,11,1.1400833333333333,2.795973325657574,1.1643333333333332,-2.08273690237617
1991-12-01,1.123,137.9,2.7195655982596083,-1.7497812773403343,-3.1896551724137856,-17.060561299852296,-19.526490949385323,1991,12,1.1400833333333333,2.795973325657574,1.1643333333333332,-2.08273690237617
1992-01-01,1.073,138.1,2.594717566980449,-4.36720142602497,-4.79148181011535,-13.953488372093037,-16.134247175117466,1992,1,1.1264999999999998,2.680548917163041,1.1400833333333333,-1.1914333747533257
1992-02-01,1.054,138.6,2.5395772582972587,-7.054673721340377,-7.543859649122798,-7.786526684164475,-10.314746010284049,1992,2,1.1264999999999998,2.680548917163041,1.1400833333333333,-1.1914333747533257
1992-03-01,1.058,139.3,2.5364049964106243,-5.788067675868202,-7.43657042869641,-2.2181146025878062,-5.2365073320125965,1992,3,1.1264999999999998,2.680548917163041,1.1400833333333333,-1.1914333747533257
1992-04-01,1.079,139.5,2.583040917562724,0.5591798695246952,-3.832442067736197,-2.264492753623204,-5.277128460859204,1992,4,1.1264999999999998,2.680548917163041,1.1400833333333333,-1.1914333747533257
1992-05-01,1.136,139.7,2.7156010880458124,7.779886148007575,0.17636684303350414,-1.730103806228378,-4.614188089653304,1992,5,1.1264999999999998,2.680548917163041,1.1400833333333333,-1.1914333747533257
1992-06-01,1.179,140.2,2.808340998573467,11.436672967863903,4.986642920747997,1.6379310344827758,-1.4068571990751844,1992,6,1.1264999999999998,2.680548917163041,1.1400833333333333,-1.1914333747533257
1992-07-01,1.174,140.5,2.790460128113879,8.804448563484701,9.412861136999062,4.1703637976929775,0.9822316672297715,1992,7,1.1264999999999998,2.680548917163041,1.1400833333333333,-1.1914333747533257
1992-08-01,1.158,140.9,2.7446161533002127,1.936619718309851,9.867172675521818,1.5789473684210575,-1.5210488961936552,1992,8,1.1264999999999998,2.680548917163041,1.1400833333333333,-1.1914333747533257
1992-09-01,1.158,141.3,2.7368465392781314,-1.7811704834605702,9.451795841209808,1.3123359580052396,-1.6273708886177074,1992,9,1.1264999999999998,2.680548917163041,1.1400833333333333,-1.1914333747533257
1992-10-01,1.154,141.8,2.7177757968970377,-1.7035775127768327,6.950880444856344,2.852049910873422,-0.339410029943521,1992,10,1.1264999999999998,2.680548917163041,1.1400833333333333,-1.1914333747533257
1992-11-01,1.159,142.0,2.7257068169014085,0.08635578583766623,2.0246478873239493,2.2045855379188906,-0.8183669920758807,1992,11,1.1264999999999998,2.680548917163041,1.1400833333333333,-1.1914333747533257
1992-12-01,1.136,141.9,2.6734987455954893,-1.899827288428324,-3.647158608990686,1.1576135351736294,-1.6939048167692539,1992,12,1.1264999999999998,2.680548917163041,1.1400833333333333,-1.1914333747533257
1993-01-01,1.117,142.6,2.615879270687237,-3.2062391681109137,-4.855195911413968,4.1006523765144465,0.8155686759933056,1993,1,1.1079166666666667,2.561427091403862,1.1264999999999998,-1.6496523154312603
1993-02-01,1.108,143.1,2.585735960866527,-4.40034512510784,-4.317789291882546,5.123339658444026,1.8175742603797396,1993,2,1.1079166666666667,2.561427091403862,1.1264999999999998,-1.6496523154312603
1993-03-01,1.098,143.6,2.5534769916434543,-3.34507042253519,-5.181347150259052,3.780718336483946,0.6730784420070579,1993,3,1.1079166666666667,2.561427091403862,1.1264999999999998,-1.6496523154312603
1993-04-01,1.112,144.0,2.578851555555556,-0.44762757385854446,-3.639514731369131,3.0583873957368057,-0.16218721037996042,1993,4,1.1079166666666667,2.561427091403862,1.1264999999999998,-1.6496523154312603
1993-05-01,1.129,144.2,2.6146449930651876,1.8953068592057587,-2.5884383088869756,-0.6161971830985769,-3.717633470727255,1993,5,1.1079166666666667,2.561427091403862,1.1264999999999998,-1.6496523154312603
1993-06-01,1.13,144.4,2.613336288088642,2.914389799635675,-0.5281690140845119,-4.156064461407983,-6.943768957682838,1993,6,1.1079166666666667,2.561427091403862,1.1264999999999998,-1.6496523154312603
1993-07-01,1.109,144.4,2.5647698614958445,-0.26978417266187993,-0.71620411817368,-5.536626916524701,-8.087923003959297,1993,7,1.1079166666666667,2.561427091403862,1.1264999999999998,-1.6496523154312603
1993-08-01,1.097,144.8,2.530009281767956,-2.834366696191326,-0.9927797833935159,-5.267702936096718,-7.819194362541615,1993,8,1.1079166666666667,2.561427091403862,1.1264999999999998,-1.6496523154312603
1993-09-01,1.085,145.1,2.4971600275671952,-3.9823008849557473,-1.1839708561020124,-6.303972366148525,-8.757762200804864,1993,9,1.1079166666666667,2.561427091403862,1.1264999999999998,-1.6496523154312603
1993-10-01,1.127,145.7,2.583142786547701,1.6230838593327412,1.348920863309333,-2.3396880415944454,-4.953793852423416,1993,10,1.1079166666666667,2.561427091403862,1.1264999999999998,-1.6496523154312603
1993-11-01,1.113,145.8,2.5493043621399174,1.4585232452142272,-1.417183348095663,-3.9689387402933596,-6.471805906184214,1993,11,1.1079166666666667,2.561427091403862,1.1264999999999998,-1.6496523154312603
1993-12-01,1.07,145.8,2.450813717421125,-1.3824884792626668,-5.309734513274322,-5.809859154929564,-8.329348519098112,1993,12,1.1079166666666667,2.561427091403862,1.1264999999999998,-1.6496523154312603
1994-01-01,1.043,146.2,2.3824345827633375,-7.453416149068326,-5.951307484220026,-6.62488809310654,-8.924138454699005,1994,1,1.1118333333333335,2.504274535835622,1.1079166666666667,0.35351635953366767
1994-02-01,1.051,146.7,2.3925259168370827,-5.570530098831994,-4.193254329990892,-5.144404332129982,-7.472149011096096,1994,2,1.1118333333333335,2.504274535835622,1.1079166666666667,0.35351635953366767
1994-03-01,1.045,147.2,2.370786956521739,-2.336448598130858,-3.686635944700467,-4.826958105646639,-7.154559673715067,1994,3,1.1118333333333335,2.504274535835622,1.1079166666666667,0.35351635953366767
1994-04-01,1.064,147.4,2.4106168792401625,2.0134228187919545,-5.590062111801242,-4.316546762589935,-6.523627773493579,1994,4,1.1118333333333335,2.504274535835622,1.1079166666666667,0.35351635953366767
1994-05-01,1.08,147.5,2.44520786440678,2.7592768791627087,-2.96495956873315,-4.340124003542956,-6.480311059734889,1994,5,1.1118333333333335,2.504274535835622,1.1079166666666667,0.35351635953366767
1994-06-01,1.106,148.0,2.495614270270271,5.8373205741626855,3.364485981308407,-2.123893805309718,-4.504663955991351,1994,6,1.1118333333333335,2.504274535835622,1.1079166666666667,0.35351635953366767
1994-07-01,1.136,148.4,2.556398059299191,6.766917293233066,8.916586768935764,2.4346257889990897,-0.32641533738901884,1994,7,1.1118333333333335,2.504274535835622,1.1079166666666667,0.35351635953366767
1994-08-01,1.182,149.0,2.6492031140939596,9.444444444444432,12.464319695528058,7.748404740200554,4.711201385107633,1994,8,1.1118333333333335,2.504274535835622,1.1079166666666667,0.35351635953366767
1994-09-01,1.177,149.4,2.630933761713521,6.419529837251359,12.631578947368439,8.479262672811071,5.357034898426272,1994,9,1.1118333333333335,2.504274535835622,1.1079166666666667,0.35351635953366767
1994-10-01,1.152,149.5,2.573329123745819,1.4084507042253502,8.270676691729317,2.2182786157941337,-0.3799117436708688,1994,10,1.1118333333333335,2.504274535835622,1.1079166666666667,0.35351635953366767
1994-11-01,1.163,149.7,2.5944300334001342,-1.6074450084602288,7.685185185185173,4.492362982929032,1.7701170535140642,1994,11,1.1118333333333335,2.504274535835622,1.1079166666666667,0.35351635953366767
1994-12-01,1.143,149.7,2.549813867735471,-2.8887000849617706,3.345388788426762,6.822429906542049,4.039480830820508,1994,12,1.1118333333333335,2.504274535835622,1.1079166666666667,0.35351635953366767
1995-01-01,1.129,150.3,2.508528330006653,-1.996527777777768,-0.6161971830985769,8.245445829338461,5.2926425831622215,1995,1,1.1471666666666667,2.514170120761662,1.1118333333333335,3.1779343426772577
1995-02-01,1.12,150.9,2.478636447978794,-3.6973344797936347,-5.245346869712342,6.565176022835417,3.599147266732605,1995,2,1.1471666666666667,2.514170120761662,1.1118333333333335,3.1779343426772577
1995-03-01,1.115,151.4,2.459421928665786,-2.4496937882764636,-5.267629566694987,6.698564593301448,3.7386308331173845,1995,3,1.1471666666666667,2.514170120761662,1.1118333333333335,3.1779343426772577
1995-04-01,1.14,151.9,2.506288874259381,0.9743135518157642,-1.041666666666663,7.1428571428571175,3.96877645067244,1995,4,1.1471666666666667,2.514170120761662,1.1118333333333335,3.1779343426772577
1995-05-01,1.2,152.2,2.6329986859395533,7.14285714285714,3.181427343078247,11.111111111111093,7.679953277850782,1995,5,1.1471666666666667,2.514170120761662,1.1118333333333335,3.1779343426772577
1995-06-01,1.226,152.5,2.684755095081967,9.955156950672638,7.261592300962372,10.849909584086781,7.578928645539951,1995,6,1.1471666666666667,2.514170120761662,1.1118333333333335,3.1779343426772577
1995-07-01,1.195,152.5,2.6168697704918036,4.824561403508776,5.845881310894607,5.193661971830998,2.3655045024244092,1995,7,1.1471666666666667,2.514170120761662,1.1118333333333335,3.1779343426772577
1995-08-01,1.164,152.9,2.5423160758665793,-3.0000000000000027,3.9285714285714146,-1.5228426395939132,-4.034686417916888,1995,8,1.1471666666666667,2.514170120761662,1.1118333333333335,3.1779343426772577
1995-09-01,1.148,153.2,2.5024601566579636,-6.36215334420881,2.959641255605372,-2.4638912489379883,-4.8831942075152295,1995,9,1.1471666666666667,2.514170120761662,1.1118333333333335,3.1779343426772577
1995-10-01,1.127,153.7,2.448691633051399,-5.690376569037658,-1.140350877192975,-2.170138888888884,-4.843433727318713,1995,10,1.1471666666666667,2.514170120761662,1.1118333333333335,3.1779343426772577
1995-11-01,1.101,153.6,2.3937575,-5.41237113402061,-8.250000000000002,-5.331040412725718,-7.734744464746369,1995,11,1.1471666666666667,2.514170120761662,1.1118333333333335,3.1779343426772577
1995-12-01,1.101,153.5,2.395316951140065,-4.094076655052259,-10.195758564437195,-3.6745406824147064,-6.059144887019419,1995,12,1.1471666666666667,2.514170120761662,1.1118333333333335,3.1779343426772577
1996-01-01,1.129,154.4,2.44191585492228,0.17746228926354135,-5.523012552301266,0.0,-2.6554404145077593,1996,1,1.2309166666666667,2.6202827302409157,1.1471666666666667,7.300595670492527
1996-02-01,1.124,154.9,2.423254021949645,2.0890099909173676,-3.4364261168384758,0.3571428571428559,-2.234390851240442,1996,2,1.2309166666666667,2.6202827302409157,1.1471666666666667,7.300595670492527
1996-03-01,1.162,155.7,2.4923071547848425,5.540417801998188,1.2195121951219523,4.215246636771286,1.33711201546034,1996,3,1.2309166666666667,2.6202827302409157,1.1471666666666667,7.300595670492527
1996-04-01,1.251,156.3,2.672897965451055,10.806023029229394,11.002661934338942,9.736842105263154,6.647641175876329,1996,4,1.2309166666666667,2.6202827302409157,1.1471666666666667,7.300595670492527
1996-05-01,1.323,156.6,2.821318620689655,17.704626334519546,20.163487738419626,10.250000000000004,7.152298850574712,1996,5,1.2309166666666667,2.6202827302409157,1.1471666666666667,7.300595670492527
1996-06-01,1.299,156.7,2.7683704403318443,11.790017211703962,17.983651226158038,5.954323001631323,3.1144496346444006,1996,6,1.2309166666666667,2.6202827302409157,1.1471666666666667,7.300595670492527
1996-07-01,1.272,157.0,2.7056493248407643,1.6786570743405393,12.666076173604957,6.443514644351467,3.3925858806598486,1996,7,1.2309166666666667,2.6202827302409157,1.1471666666666667,7.300595670492527
1996-08-01,1.24,157.3,2.6325523204068655,-6.273620559334847,10.320284697508875,6.529209621993126,3.5493715906087075,1996,8,1.2309166666666667,2.6202827302409157,1.1471666666666667,7.300595670492527
1996-09-01,1.234,157.8,2.611513105196451,-5.003849114703618,6.196213425129105,7.491289198606288,4.357829564172877,1996,9,1.2309166666666667,2.6202827302409157,1.1471666666666667,7.300595670492527
1996-10-01,1.227,158.3,2.5884971825647507,-3.5377358490566,-1.9184652278177339,8.873114463176579,5.709397934240301,1996,10,1.2309166666666667,2.6202827302409157,1.1471666666666667,7.300595670492527
1996-11-01,1.25,158.6,2.6320302648171503,0.8064516129032251,-5.5177626606197965,13.533151680290656,9.953922434379848,1996,11,1.2309166666666667,2.6202827302409157,1.1471666666666667,7.300595670492527
1996-12-01,1.26,158.6,2.6530865069356873,2.1069692058346856,-3.002309468822162,14.441416893732972,10.761396552257319,1996,12,1.2309166666666667,2.6202827302409157,1.1471666666666667,7.300595670492527
1997-01-01,1.261,159.1,2.6468477184160903,2.770986145069254,-0.8647798742138502,11.691762621789191,8.392257377776557,1997,1,1.2336666666666667,2.566757278759479,1.2309166666666667,0.22341073725542504
1997-02-01,1.255,159.6,2.6260010025062654,0.40000000000000036,1.2096774193548265,11.654804270462616,8.366724194828713,1997,2,1.2336666666666667,2.566757278759479,1.2309166666666667,0.22341073725542504
1997-03-01,1.235,160.0,2.577692,-1.984126984126977,0.08103727714749986,6.282271944922568,3.4259358864027423,1997,3,1.2336666666666667,2.566757278759479,1.2309166666666667,0.22341073725542504
1997-04-01,1.231,160.2,2.566135530586767,-2.3790642347343183,0.32599837000815146,-1.5987210231814375,-3.9942577772987153,1997,4,1.2336666666666667,2.566757278759479,1.2309166666666667,0.22341073725542504
1997-05-01,1.226,160.1,2.557308881948782,-2.3107569721115495,-1.9199999999999995,-7.331821617535905,-9.35767186324873,1997,5,1.2336666666666667,2.566757278759479,1.2309166666666667,0.22341073725542504
1997-06-01,1.229,160.3,2.560368109794136,-0.4858299595141724,-2.4603174603174516,-5.388760585065421,-7.51352953012947,1997,6,1.2336666666666667,2.566757278759479,1.2309166666666667,0.22341073725542504
1997-07-01,1.205,160.5,2.5072408722741435,-2.1121039805036546,-4.440919904837415,-5.267295597484267,-7.33311781186935,1997,7,1.2336666666666667,2.566757278759479,1.2309166666666667,0.22341073725542504
1997-08-01,1.253,160.8,2.602250348258706,2.2022838499184294,-0.1593625498008011,1.0483870967741948,-1.1510491895361907,1997,8,1.2336666666666667,2.566757278759479,1.2309166666666667,0.22341073725542504
1997-09-01,1.277,161.2,2.645513052109181,3.9056143205858262,3.4008097165991735,3.4846029173419613,1.3019251883161553,1997,9,1.2336666666666667,2.566757278759479,1.2309166666666667,0.22341073725542504
1997-10-01,1.242,161.6,2.5666360396039605,3.070539419087126,0.8935824532900094,1.2224938875305513,-0.8445496138856035,1997,10,1.2336666666666667,2.566757278759479,1.2309166666666667,0.22341073725542504
1997-11-01,1.213,161.5,2.5082586749226006,-3.192338387869098,-1.0603588907014627,-2.959999999999996,-4.702513931888552,1997,11,1.2336666666666667,2.566757278759479,1.2309166666666667,0.22341073725542504
1997-12-01,1.177,161.3,2.4368351146931184,-7.830853563038365,-4.231082180634671,-6.587301587301586,-8.150936340644954,1997,12,1.2336666666666667,2.566757278759479,1.2309166666666667,0.22341073725542504
1998-01-01,1.131,161.6,2.337250693069307,-8.937198067632846,-6.141078838174274,-10.309278350515461,-11.696820455241397,1998,1,1.0593333333333332,2.1705412132656674,1.2336666666666667,-14.13131586057823
1998-02-01,1.082,161.9,2.231847214329833,-10.799670239076665,-13.64724660814045,-13.784860557768909,-15.00965870920271,1998,2,1.0593333333333332,2.1705412132656674,1.2336666666666667,-14.13131586057823
1998-03-01,1.041,162.2,2.1433047595561034,-11.554800339847082,-18.480814408770552,-15.708502024291516,-16.851789912987915,1998,3,1.0593333333333332,2.1705412132656674,1.2336666666666667,-14.13131586057823
1998-04-01,1.052,162.5,2.1619538707692305,-6.984969053934565,-15.297906602254429,-14.541023558082866,-15.75059676310694,1998,4,1.0593333333333332,2.1705412132656674,1.2336666666666667,-14.13131586057823
1998-05-01,1.092,162.8,2.2400220147420145,0.9242144177449285,-9.97526793075021,-10.929853181076666,-12.40706077573941,1998,5,1.0593333333333332,2.1705412132656674,1.2336666666666667,-14.13131586057823
1998-06-01,1.094,163.0,2.24137109202454,5.091258405379451,-7.0518266779948995,-10.984540276647682,-12.459029486789097,1998,6,1.0593333333333332,2.1705412132656674,1.2336666666666667,-14.13131586057823
1998-07-01,1.079,163.2,2.2079301960784314,2.5665399239543696,-4.597701149425292,-10.456431535269717,-11.937850866487675,1998,7,1.0593333333333332,2.1705412132656674,1.2336666666666667,-14.13131586057823
1998-08-01,1.052,163.4,2.150045924112607,-3.663003663003661,-2.7726432532347522,-16.041500399042285,-17.377437357197067,1998,8,1.0593333333333332,2.1705412132656674,1.2336666666666667,-14.13131586057823
1998-09-01,1.033,163.6,2.1086333496332514,-5.575868372943338,-0.7684918347742542,-19.10728269381363,-20.29397292324425,1998,9,1.0593333333333332,2.1705412132656674,1.2336666666666667,-14.13131586057823
1998-10-01,1.042,164.0,2.121816975609756,-3.429101019462455,-0.9505703422053258,-16.103059581320444,-17.330819685008446,1998,10,1.0593333333333332,2.1705412132656674,1.2336666666666667,-14.13131586057823
1998-11-01,1.028,164.0,2.0933088780487807,-2.281368821292773,-5.860805860805862,-15.251442704039576,-16.54334144330725,1998,11,1.0593333333333332,2.1705412132656674,1.2336666666666667,-14.13131586057823
1998-12-01,0.986,163.9,2.0090095912141552,-4.549854791868335,-9.872029250457048,-16.227697536108753,-17.556605323821472,1998,12,1.0593333333333332,2.1705412132656674,1.2336666666666667,-14.13131586057823
1999-01-01,0.972,164.3,1.9756624710894704,-6.717850287907878,-9.916589434661727,-14.058355437665782,-15.470664873565376,1999,1,1.1650833333333332,2.3339994080968407,1.0593333333333332,9.982693517935814
1999-02-01,0.955,164.5,1.9387486930091185,-7.101167315175106,-9.220532319391639,-11.737523105360449,-13.132553135306113,1999,2,1.1650833333333332,2.3339994080968407,1.0593333333333332,9.982693517935814
1999-03-01,0.991,165.0,2.0057359515151516,0.5070993914807254,-4.065827686350431,-4.803073967339088,-6.418536954559995,1999,3,1.1650833333333332,2.3339994080968407,1.0593333333333332,9.982693517935814
1999-04-01,1.177,166.2,2.364990998796631,21.09053497942388,12.955854126679455,11.882129277566534,9.391371886910749,1999,4,1.1650833333333332,2.3339994080968407,1.0593333333333332,9.982693517935814
1999-05-01,1.178,166.2,2.3670003369434416,23.35078534031414,14.591439688715946,7.87545787545787,5.66861938703096,1999,5,1.1650833333333332,2.3339994080968407,1.0593333333333332,9.982693517935814
1999-06-01,1.148,166.2,2.3067201925391094,15.84258324924317,16.430020283975644,4.936014625228502,2.915585944117005,1999,6,1.1650833333333332,2.3339994080968407,1.0593333333333332,9.982693517935814
1999-07-01,1.189,166.7,2.3819371805638876,1.0195412064570863,22.325102880658456,10.194624652455996,7.8810002596329864,1999,7,1.1650833333333332,2.3339994080968407,1.0593333333333332,9.982693517935814
1999-08-01,1.255,167.1,2.5081374027528422,6.536502546689293,31.413612565445014,19.296577946768046,16.655061858180133,1999,8,1.1650833333333332,2.3339994080968407,1.0593333333333332,9.982693517935814
1999-09-01,1.28,167.9,2.545911614055986,11.498257839721271,29.16246215943492,23.91093901258472,20.737520086115914,1999,9,1.1650833333333332,2.3339994080968407,1.0593333333333332,9.982693517935814
1999-10-01,1.274,168.2,2.5294580737217602,7.148864592094184,8.241291418861518,22.26487523992322,19.211887867701627,1999,10,1.1650833333333332,2.3339994080968407,1.0593333333333332,9.982693517935814
1999-11-01,1.264,168.3,2.5081124658348184,0.7171314741035939,7.300509337860794,22.957198443579774,19.815689511271994,1999,11,1.1650833333333332,2.3339994080968407,1.0593333333333332,9.982693517935814
1999-12-01,1.298,168.3,2.575577516339869,1.4062500000000089,13.066202090592348,31.643002028397582,28.20135491654401,1999,12,1.1650833333333332,2.3339994080968407,1.0593333333333332,9.982693517935814
2000-01-01,1.301,168.8,2.573883601895734,2.119309262166391,9.419680403700582,33.84773662551439,30.27952089793846,2000,1,1.51,2.9273759545126143,1.1650833333333332,29.60446320005723
2000-02-01,1.369,169.8,2.6924634157832745,8.306962025316444,9.08366533864542,43.35078534031413,38.876349755486906,2000,2,1.51,2.9273759545126143,1.1650833333333332,29.60446320005723
2000-03-01,1.541,171.2,3.005958130841121,18.721109399075498,20.390624999999996,55.49949545913218,49.868088497411264,2000,3,1.51,2.9273759545126143,1.1650833333333332,29.60446320005723
2000-04-01,1.506,171.3,2.9359702977232924,15.757109915449652,18.210361067503932,27.952421410365336,24.14297979219331,2000,4,1.51,2.9273759545126143,1.1650833333333332,29.60446320005723
2000-05-01,1.498,171.5,2.9169684897959183,9.422936449963482,18.51265822784809,27.164685908319196,23.234815148470254,2000,5,1.51,2.9273759545126143,1.1650833333333332,29.60446320005723
2000-06-01,1.617,172.4,3.1322528074245937,4.931862426995459,24.576271186440678,40.85365853658538,35.78815573538565,2000,6,1.51,2.9273759545126143,1.1650833333333332,29.60446320005723
2000-07-01,1.593,172.8,3.07862,5.776892430278879,22.444273635664878,33.97813288477711,29.248580740117713,2000,7,1.51,2.9273759545126143,1.1650833333333332,29.60446320005723
2000-08-01,1.51,172.8,2.9182148148148146,0.8010680907877266,10.299488677867053,20.318725099601597,16.34987826471892,2000,8,1.51,2.9273759545126143,1.1650833333333332,29.60446320005723
2000-09-01,1.582,173.7,3.0415202302820963,-2.164502164502158,2.660609993510721,23.593750000000014,19.466842976396116,2000,9,1.51,2.9273759545126143,1.1650833333333332,29.60446320005723
2000-10-01,1.559,174.0,2.992133149425287,-2.1343377275580666,3.5192563081009265,22.37048665620094,18.29147043432755,2000,10,1.51,2.9273759545126143,1.1650833333333332,29.60446320005723
2000-11-01,1.555,174.1,2.9827418724870762,2.98013245033113,3.8050734312416568,23.02215189873418,18.9237688946408,2000,11,1.51,2.9273759545126143,1.1650833333333332,29.60446320005723
2000-12-01,1.489,174.0,2.857784643678161,-5.878634639696589,-7.915893630179339,14.714946070878288,10.95704266510813,2000,12,1.51,2.9273759545126143,1.1650833333333332,29.60446320005723
2001-01-01,1.472,175.1,2.8074091604797258,-5.580500320718407,-7.595731324544886,13.143735588009232,9.07288730585929,2001,1,1.461,2.75524267000072,1.51,-3.2450331125827736
2001-02-01,1.484,175.8,2.81902598407281,-4.565916398713821,-1.7218543046357615,8.400292184075964,4.70062350885152,2001,2,1.461,2.75524267000072,1.51,-3.2450331125827736
2001-03-01,1.447,176.2,2.742500249716232,-2.820685023505709,-8.53350189633375,-6.099935107073318,-8.76452264660017,2001,3,1.461,2.75524267000072,1.51,-3.2450331125827736
2001-04-01,1.564,176.9,2.952520791407575,6.25,0.3207184092366866,3.8512616201859196,0.5637146158159911,2001,4,1.461,2.75524267000072,1.51,-3.2450331125827736
2001-05-01,1.729,177.7,3.2493134946539115,16.509433962264165,11.18971061093248,15.420560747663558,11.393506855510992,2001,5,1.461,2.75524267000072,1.51,-3.2450331125827736
2001-06-01,1.64,178.0,3.076861123595506,13.337940566689689,10.141034251175274,1.4223871366728424,-1.7684295372898728,2001,6,1.461,2.75524267000072,1.51,-3.2450331125827736
2001-07-01,1.482,177.5,2.7882640225352113,-5.242966751918166,0.6793478260869623,-6.9679849340866244,-9.431367868226303,2001,7,1.461,2.75524267000072,1.51,-3.2450331125827736
2001-08-01,1.427,177.5,2.684785938028169,-17.466743782533257,-3.8409703504043047,-5.496688741721856,-7.999029941236813,2001,8,1.461,2.75524267000072,1.51,-3.2450331125827736
2001-09-01,1.531,178.3,2.8675295120583284,-6.646341463414629,5.805114029025549,-3.2237673830594282,-5.720518196508284,2001,9,1.461,2.75524267000072,1.51,-3.2450331125827736
2001-10-01,1.362,177.7,2.5596095891952735,-8.097165991902822,-12.915601023017897,-12.636305323925578,-14.455358054941192,2001,10,1.461,2.75524267000072,1.51,-3.2450331125827736
2001-11-01,1.263,177.4,2.3775725817361892,-11.492641906096711,-26.95199537304801,-18.778135048231515,-20.289026560863054,2001,11,1.461,2.75524267000072,1.51,-3.2450331125827736
2001-12-01,1.131,176.7,2.1375195925297112,-26.12671456564336,-31.036585365853654,-24.04298186702485,-25.20361542083942,2001,12,1.461,2.75524267000072,1.51,-3.2450331125827736
2002-01-01,1.139,177.1,2.1477771202710336,-16.37298091042585,-23.144399460188936,-22.622282608695656,-23.496113409275022,2002,1,1.3575,2.5190226891355625,1.461,-7.0841889117043255
2002-02-01,1.13,177.8,2.1224170978627668,-10.530482977038801,-20.81289418360197,-23.85444743935311,-24.710977839360382,2002,2,1.3575,2.5190226891355625,1.461,-7.0841889117043255
2002-03-01,1.241,178.8,2.3178659507829975,9.725906277630415,-18.941868060091426,-14.236351071181751,-15.483473482898368,2002,3,1.3575,2.5190226891355625,1.461,-7.0841889117043255
2002-04-01,1.407,179.8,2.613295127919911,23.529411764705888,3.3039647577092435,-10.038363171355503,-11.48935731375299,2002,4,1.3575,2.5190226891355625,1.461,-7.0841889117043255
2002-05-01,1.421,179.8,2.639298064516129,25.752212389380546,12.509897070467147,-17.813765182186238,-18.773671150581173,2002,5,1.3575,2.5190226891355625,1.461,-7.0841889117043255
2002-06-01,1.404,179.9,2.606273529738744,13.134568896051558,24.13793103448274,-14.390243902439027,-15.294404750606716,2002,6,1.3575,2.5190226891355625,1.461,-7.0841889117043255
2002-07-01,1.412,180.1,2.618213348139922,0.3553660270078085,23.968393327480243,-4.723346828609987,-6.098801010984312,2002,7,1.3575,2.5190226891355625,1.461,-7.0841889117043255
2002-08-01,1.423,180.7,2.6298488987271726,0.14074595355384467,25.92920353982302,-0.2803083391730854,-2.0462353636038766,2002,8,1.3575,2.5190226891355625,1.461,-7.0841889117043255
2002-09-01,1.422,181.0,2.623644994475138,1.2820512820512775,14.585012087026584,-7.119529719137818,-8.505039496808141,2002,9,1.3575,2.5190226891355625,1.461,-7.0841889117043255
2002-10-01,1.449,181.3,2.66903722007722,2.620396600566588,2.9850746268656803,6.38766519823788,4.275168812613717,2002,10,1.3575,2.5190226891355625,1.461,-7.0841889117043255
2002-11-01,1.448,181.3,2.6671952344180916,1.7568517217146917,1.9000703729767698,14.647664291369766,12.181443162101457,2002,11,1.3575,2.5190226891355625,1.461,-7.0841889117043255
2002-12-01,1.394,180.9,2.5734056826976226,-1.9690576652601988,-0.7122507122507171,23.253757736516345,20.392144787409826,2002,12,1.3575,2.5190226891355625,1.461,-7.0841889117043255
2003-01-01,1.473,181.7,2.707271854705559,1.6563146997929712,4.320113314447593,29.323968393327494,26.049943877040715,2003,1,1.5907499999999999,2.8875016221652445,1.3575,17.182320441988953
2003-02-01,1.641,183.1,2.992983244128891,13.32872928176796,15.319747013352082,45.22123893805312,41.01767494913076,2003,2,1.5907499999999999,2.8875016221652445,1.3575,17.182320441988953
2003-03-01,1.748,184.2,3.169099326818676,25.394548063127708,22.925457102672308,40.85414987912972,36.72487512697287,2003,3,1.5907499999999999,2.8875016221652445,1.3575,17.182320441988953
2003-04-01,1.659,183.8,3.0142892709466813,12.627291242362526,14.492753623188403,17.910447761194035,15.344387962256189,2003,4,1.5907499999999999,2.8875016221652445,1.3575,17.182320441988953
2003-05-01,1.542,183.5,2.806288741144414,-6.032906764168189,6.491712707182318,8.515130190007048,6.327086692987827,2003,5,1.5907499999999999,2.8875016221652445,1.3575,17.182320441988953
2003-06-01,1.514,183.7,2.7523316712030486,-13.38672768878718,8.608321377331428,7.834757834757844,5.604098717871175,2003,6,1.5907499999999999,2.8875016221652445,1.3575,17.182320441988953
2003-07-01,1.524,183.9,2.767497814029364,-8.137432188065096,3.462321792260692,7.932011331444766,5.70176857418816,2003,7,1.5907499999999999,2.8875016221652445,1.3575,17.182320441988953
2003-08-01,1.628,184.6,2.9451454821235106,5.577172503242522,-0.792199878123101,14.406184118060427,11.98915205922817,2003,8,1.5907499999999999,2.8875016221652445,1.3575,17.182320441988953
2003-09-01,1.728,185.2,3.11592362850972,14.134742404227207,-1.1441647597253968,21.518987341772156,18.763157175274102,2003,9,1.5907499999999999,2.8875016221652445,1.3575,17.182320441988953
2003-10-01,1.603,185.0,2.8936489513513513,5.183727034120733,-3.3755274261603407,10.6280193236715,8.41545893719806,2003,10,1.5907499999999999,2.8875016221652445,1.3575,17.182320441988953
2003-11-01,1.535,184.5,2.7784082384823847,-5.712530712530706,-0.45395590142672804,6.008287292817682,4.169661171749839,2003,11,1.5907499999999999,2.8875016221652445,1.3575,17.182320441988953
2003-12-01,1.494,184.3,2.707131242539338,-13.541666666666663,-1.3210039630118908,7.173601147776187,5.196443014827534,2003,12,1.5907499999999999,2.8875016221652445,1.3575,17.182320441988953
2004-01-01,1.592,185.2,2.8706888984881216,-0.6862133499688006,4.461942257217855,8.078750848608273,6.036225859568711,2004,1,1.8801666666666668,3.322421772869436,1.5907499999999999,18.193724134318213
2004-02-01,1.672,186.2,2.9987526530612247,8.925081433224747,2.7027027027026973,1.8890920170627545,0.19276449153704522,2004,2,1.8801666666666668,3.322421772869436,1.5907499999999999,18.193724134318213
2004-03-01,1.766,187.4,3.1470610032017077,18.206157965194116,2.19907407407407,1.0297482837528626,-0.6954128395556314,2004,3,1.8801666666666668,3.322421772869436,1.5907499999999999,18.193724134318213
2004-04-01,1.833,188.0,3.256032,15.138190954773867,14.34809731752964,10.488245931283902,8.01989150090414,2004,4,1.8801666666666668,3.322421772869436,1.5907499999999999,18.193724134318213
2004-05-01,2.009,189.1,3.547908873611845,20.155502392344495,30.879478827361574,30.285343709468204,26.427078639277713,2004,5,1.8801666666666668,3.322421772869436,1.5907499999999999,18.193724134318213
2004-06-01,2.041,189.7,3.5930207274644173,15.57191392978481,36.613119143239615,34.808454425363266,30.544612956980654,2004,6,1.8801666666666668,3.322421772869436,1.5907499999999999,18.193724134318213
2004-07-01,1.939,189.4,3.418864456177402,5.78286961265686,21.796482412060293,27.230971128608928,23.536301956447623,2004,7,1.8801666666666668,3.322421772869436,1.5907499999999999,18.193724134318213
2004-08-01,1.898,189.5,3.3448068390501318,-5.525136884021897,13.516746411483261,16.584766584766598,13.570173675714559,2004,8,1.8801666666666668,3.322421772869436,1.5907499999999999,18.193724134318213
2004-09-01,1.891,189.9,3.325451458662454,-7.349338559529639,7.078142695356737,9.432870370370372,6.7244212353480215,2004,9,1.8801666666666668,3.322421772869436,1.5907499999999999,18.193724134318213
2004-10-01,2.029,190.9,3.5494426820324776,4.6415678184631215,10.692853246044741,26.575171553337483,22.66320972953084,2004,10,1.8801666666666668,3.322421772869436,1.5907499999999999,18.193724134318213
2004-11-01,2.01,191.0,3.514363979057591,5.900948366701786,0.04977600796416404,30.944625407166114,26.488394699592387,2004,11,1.8801666666666668,3.322421772869436,1.5907499999999999,18.193724134318213
2004-12-01,1.882,190.3,3.3026677036258536,-0.4759386567953494,-7.79029887310142,25.970548862115116,21.99880270776573,2004,12,1.8801666666666668,3.322421772869436,1.5907499999999999,18.193724134318213
2005-01-01,1.823,190.7,3.192420010487677,-10.152784622966982,-5.98246518824137,14.510050251256267,11.20745310190172,2005,1,2.2953333333333332,3.9195542137464425,1.8801666666666668,22.081375764559862
2005-02-01,1.918,191.8,3.3395199999999994,-4.577114427860685,1.0537407797681864,14.712918660287077,11.363636363636331,2005,2,2.2953333333333332,3.9195542137464425,1.8801666666666668,22.081375764559862
2005-03-01,2.065,193.3,3.567567925504397,9.723698193411279,9.201480698043362,16.930917327293304,13.361892949481447,2005,3,2.2953333333333332,3.9195542137464425,1.8801666666666668,22.081375764559862
2005-04-01,2.283,194.6,3.917843864337102,25.23313219967087,12.51848201084278,24.549918166939435,20.32571744801961,2005,4,2.2953333333333332,3.9195542137464425,1.8801666666666668,22.081375764559862
2005-05-01,2.216,194.4,3.8067779423868315,15.537017726798762,10.248756218905486,10.3036336485814,7.296384377298071,2005,5,2.2953333333333332,3.9195542137464425,1.8801666666666668,22.081375764559862
2005-06-01,2.176,194.5,3.7361416555269926,5.375302663438264,15.62167906482468,6.614404703576682,3.983303713462716,2005,6,2.2953333333333332,3.9195542137464425,1.8801666666666668,22.081375764559862
2005-07-01,2.316,195.4,3.958202824974411,1.4454664914586024,27.043335161821158,19.44301186178441,15.775365642896455,2005,7,2.2953333333333332,3.9195542137464425,1.8801666666666668,22.081375764559862
2005-08-01,2.506,196.4,4.261118696537678,13.086642599277965,30.656934306569326,32.03371970495257,27.395060509615643,2005,8,2.2953333333333332,3.9195542137464425,1.8801666666666668,22.081375764559862
2005-09-01,2.927,198.8,4.916888853118712,34.51286764705881,41.74334140435836,54.785827604442105,47.85628099639614,2005,9,2.2953333333333332,3.9195542137464425,1.8801666666666668,22.081375764559862
2005-10-01,2.785,199.2,4.668957429718876,20.2504317789292,21.988611476127918,37.259733859043884,31.54057828158372,2005,10,2.2953333333333332,3.9195542137464425,1.8801666666666668,22.081375764559862
2005-11-01,2.343,197.6,3.9597648582995952,-6.504389465283311,5.731046931407935,16.567164179104488,12.673726509154658,2005,11,2.2953333333333332,3.9195542137464425,1.8801666666666668,22.081375764559862
2005-12-01,2.186,196.8,3.70944650406504,-25.316023231978136,0.4595588235293935,16.15302869287991,12.316673578531745,2005,12,2.2953333333333332,3.9195542137464425,1.8801666666666668,22.081375764559862
2006-01-01,2.315,198.3,3.898632778618255,-16.876122082585287,-0.043177892918822014,26.988480526604498,22.121549351606017,2006,1,2.5889166666666665,4.286040152649143,2.2953333333333332,12.790444379901245
2006-02-01,2.31,198.7,3.8823810770005034,-1.4084507042253502,-7.821229050279321,20.43795620437956,16.255661801711142,2006,2,2.5889166666666665,4.286040152649143,2.2953333333333332,12.790444379901245
2006-03-01,2.401,199.8,4.013106866866866,9.83531564501372,-17.970618380594473,16.271186440677955,12.488590285200441,2006,3,2.5889166666666665,4.286040152649143,2.2953333333333332,12.790444379901245
2006-04-01,2.757,201.5,4.569258878411911,19.092872570194388,-1.005385996409336,20.762155059132724,16.626875307728174,2006,4,2.5889166666666665,4.286040152649143,2.2953333333333332,12.790444379901245
2006-05-01,2.947,202.5,4.860032316049383,27.575757575757564,25.778915919761005,32.98736462093861,27.66787003610107,2006,5,2.5889166666666665,4.286040152649143,2.2953333333333332,12.790444379901245
2006-06-01,2.917,202.9,4.801074342040414,21.49104539775093,33.44007319304665,34.05330882352939,28.503541479430595,2006,6,2.5889166666666665,4.286040152649143,2.2953333333333332,12.790444379901245
2006-07-01,2.999,203.5,4.921484265356265,8.77765687341312,29.54643628509721,29.490500863557866,24.33633350731799,2006,7,2.5889166666666665,4.286040152649143,2.2953333333333332,12.790444379901245
2006-08-01,2.985,203.9,4.888900049043649,1.2894468951476057,29.220779220779214,19.114126097366334,14.732782567546575,2006,8,2.5889166666666665,4.286040152649143,2.2953333333333332,12.790444379901245
2006-09-01,2.589,202.9,4.261220936421882,-11.244429208090502,7.830070803831735,-11.54765971984968,-13.335016029108504,2006,9,2.5889166666666665,4.286040152649143,2.2953333333333332,12.790444379901245
2006-10-01,2.272,201.8,3.759856015857284,-24.241413804601542,-17.591585056220538,-18.420107719928204,-19.47118660956243,2006,10,2.5889166666666665,4.286040152649143,2.2953333333333332,12.790444379901245
2006-11-01,2.241,201.5,3.7140765856079403,-24.92462311557788,-23.956565999321345,-4.353393085787449,-6.204617735739959,2006,11,2.5889166666666665,4.286040152649143,2.2953333333333332,12.790444379901245
2006-12-01,2.334,201.8,3.8624577205153616,-9.849362688296637,-19.986287281453542,6.770356816102474,4.124906944543949,2006,12,2.5889166666666665,4.286040152649143,2.2953333333333332,12.790444379901245
2007-01-01,2.274,202.416,3.7517135404315862,0.08802816901409827,-24.17472490830277,-1.7710583153347725,-3.7684810683487724,2007,1,2.8005833333333334,4.506775844903924,2.5889166666666665,8.175877941223808
2007-02-01,2.285,203.499,3.7497988687905104,1.9634091923248498,-23.450586264656604,-1.0822510822510734,-3.414971523414312,2007,2,2.8005833333333334,4.506775844903924,2.5889166666666665,8.175877941223808
2007-03-01,2.592,205.352,4.21521866843274,11.053984575835486,0.11587485515642815,7.955018742190756,5.036292535206477,2007,3,2.8005833333333334,4.506775844903924,2.5889166666666665,8.175877941223808
2007-04-01,2.86,206.686,4.621032484057943,25.769569041336847,25.880281690140848,3.7359448676097085,1.1330854088973386,2007,4,2.8005833333333334,4.506775844903924,2.5889166666666665,8.175877941223808
2007-05-01,3.13,207.949,5.026567860388845,36.98030634573304,39.669790272199904,6.209704784526626,3.426634505896353,2007,5,2.8005833333333334,4.506775844903924,2.5889166666666665,8.175877941223808
2007-06-01,3.052,208.352,4.8918249116879124,17.746913580246915,30.762639245929723,4.628042509427499,1.8902137976253508,2007,6,2.8005833333333334,4.506775844903924,2.5889166666666665,8.175877941223808
2007-07-01,2.961,208.299,4.747175320092751,3.531468531468529,30.21108179419525,-1.2670890296765713,-3.5417962522104385,2007,7,2.8005833333333334,4.506775844903924,2.5889166666666665,8.175877941223808
2007-08-01,2.782,207.917,4.468391059894093,-11.118210862619804,21.75054704595185,-6.800670016750409,-8.601300597908823,2007,8,2.8005833333333334,4.506775844903924,2.5889166666666665,8.175877941223808
2007-09-01,2.789,208.49,4.467322787663677,-8.6173001310616,7.600308641975317,7.724990343762084,4.836685408169816,2007,9,2.8005833333333334,4.506775844903924,2.5889166666666665,8.175877941223808
2007-10-01,2.793,208.936,4.464180112570356,-5.673758865248213,-2.3426573426573283,22.931338028169023,18.73274119388,2007,10,2.8005833333333334,4.506775844903924,2.5889166666666665,8.175877941223808
2007-11-01,3.069,210.177,4.876359868111163,10.316319194823876,-1.94888178913738,36.947791164658625,31.29400419493433,2007,11,2.8005833333333334,4.506775844903924,2.5889166666666665,8.175877941223808
2007-12-01,3.02,210.036,4.801724656725513,8.282538544281092,-1.0484927916120546,29.391602399314486,24.3178567682762,2007,12,2.8005833333333334,4.506775844903924,2.5889166666666665,8.175877941223808
2008-01-01,3.047,211.08,4.820692363085087,9.094163981382032,2.9044241810199267,33.99296394019349,28.49308219119864,2008,1,3.26625,5.053230629711473,2.8005833333333334,16.62748832088552
2008-02-01,3.033,211.693,4.784647654858686,-1.1730205278592365,9.022286125089863,32.73522975929977,27.597447817300246,2008,2,3.26625,5.053230629711473,2.8005833333333334,16.62748832088552
2008-03-01,3.258,213.528,5.095423625941328,7.880794701986749,16.81606310505557,25.694444444444443,20.881596584783036,2008,3,3.26625,5.053230629711473,2.8005833333333334,16.62748832088552
2008-04-01,3.441,214.823,5.349189016073697,12.93075155891039,23.20085929108484,20.31468531468532,15.757442401190968,2008,4,3.26625,5.053230629711473,2.8005833333333334,16.62748832088552
2008-05-01,3.764,216.632,5.802445289707891,24.10154962083746,22.645812968393606,20.255591054313093,15.43553078101738,2008,5,3.26625,5.053230629711473,2.8005833333333334,16.62748832088552
2008-06-01,4.065,218.815,6.203938852455272,24.769797421731134,34.602649006622535,33.191349934469216,26.822585935820364,2008,6,3.26625,5.053230629711473,2.8005833333333334,16.62748832088552
2008-07-01,4.09,219.964,6.2094873706606535,18.860796280151114,34.23039054808006,38.129010469436,30.80383495377903,2008,7,3.26625,5.053230629711473,2.8005833333333334,16.62748832088552
2008-08-01,3.786,219.086,5.770986151556923,0.584484590860801,24.8269040553907,36.08914450035945,29.15132257232884,2008,8,3.26625,5.053230629711473,2.8005833333333334,16.62748832088552
2008-09-01,3.698,218.783,5.644654730943447,-9.02829028290284,13.505217925107416,32.592326998924335,26.354306577776796,2008,9,3.26625,5.053230629711473,2.8005833333333334,16.62748832088552
2008-10-01,3.173,216.573,4.8927137547154995,-22.42053789731051,-7.788433594885202,13.605442176870742,9.599380655329437,2008,10,3.26625,5.053230629711473,2.8005833333333334,16.62748832088552
2008-11-01,2.151,212.425,3.381573505943274,-43.18541996830428,-42.853347502656746,-29.912023460410563,-30.653733575797148,2008,11,3.26625,5.053230629711473,2.8005833333333334,16.62748832088552
2008-12-01,1.689,210.228,2.6830152405959242,-54.32666306111411,-58.45018450184503,-44.072847682119196,-44.123925622474594,2008,12,3.26625,5.053230629711473,2.8005833333333334,16.62748832088552
2009-01-01,1.787,211.143,2.8263888644189006,-43.68105893476206,-56.308068459657704,-41.35214965539876,-41.36964876534657,2009,1,2.3501666666666665,3.654588503099688,3.26625,-28.04694476336268
2009-02-01,1.928,212.193,3.034310538047909,-10.3672710367271,-49.0755414685684,-36.432575008242665,-36.58236181787294,2009,2,2.3501666666666665,3.654588503099688,3.26625,-28.04694476336268
2009-03-01,1.949,212.709,3.059919646089258,15.393724097098872,-47.29583558680368,-40.1780233271946,-39.94768893187034,2009,3,2.3501666666666665,3.654588503099688,3.26625,-28.04694476336268
2009-04-01,2.056,213.24,3.2198710936034516,15.05316172355904,-35.20327765521588,-40.24992734670153,-39.80636907897422,2009,4,2.3501666666666665,3.654588503099688,3.26625,-28.04694476336268
2009-05-01,2.265,213.856,3.536965434685022,17.4792531120332,5.299860529986078,-39.82465462274176,-39.04353667997994,2009,5,2.3501666666666665,3.654588503099688,3.26625,-28.04694476336268
2009-06-01,2.631,215.693,4.073510554352714,34.9923037455105,55.772646536412054,-35.27675276752768,-34.33993062745,2009,6,2.3501666666666665,3.654588503099688,3.26625,-28.04694476336268
2009-07-01,2.543,215.351,3.9435151729037714,23.68677042801557,42.30554001119196,-37.82396088019559,-36.492097696557444,2009,7,2.3501666666666665,3.654588503099688,3.26625,-28.04694476336268
2009-08-01,2.627,215.834,4.064660359350241,15.982339955849877,36.255186721991684,-30.612783940834664,-29.56731739420899,2009,8,2.3501666666666665,3.654588503099688,3.26625,-28.04694476336268
2009-09-01,2.574,215.969,3.9801658941792573,-2.166476624857472,32.06772703950742,-30.394808004326666,-29.48787686941461,2009,9,2.3501666666666665,3.654588503099688,3.26625,-28.04694476336268
2009-10-01,2.561,216.177,3.9562537735281738,0.7078254030672415,24.56225680933852,-19.287740308855973,-19.139888988698438,2009,10,2.3501666666666665,3.654588503099688,3.26625,-28.04694476336268
2009-11-01,2.66,216.33,4.106283548282716,1.2561857632280349,17.439293598233995,23.663412366341262,21.431148578190886,2009,11,2.3501666666666665,3.654588503099688,3.26625,-28.04694476336268
2009-12-01,2.621,215.949,4.05321715775484,1.8259518259518215,-0.3800836183960432,55.1805802249852,51.069479458289656,2009,12,2.3501666666666665,3.654588503099688,3.26625,-28.04694476336268
2010-01-01,2.731,216.687,4.20894152394929,6.638032018742668,7.3928430987023175,52.82596530498041,48.915868475679105,2010,1,2.7875,4.268813317858926,2.3501666666666665,18.608609318488067
2010-02-01,2.659,216.741,4.096956127359382,-0.03759398496241406,1.2181195279786783,37.9149377593361,35.020989974055674,2010,2,2.7875,4.268813317858926,2.3501666666666665,18.608609318488067
2010-03-01,2.78,217.631,4.265874622641076,6.066386875238461,8.003108003107995,42.637249871729075,39.41132827109017,2010,3,2.7875,4.268813317858926,2.3501666666666665,18.608609318488067
2010-04-01,2.858,218.009,4.377960616304832,4.650311241303551,11.597032409215146,39.00778210116731,35.96695299392649,2010,4,2.7875,4.268813317858926,2.3501666666666665,18.608609318488067
2010-05-01,2.869,218.178,4.391406502947135,7.897705904475383,7.857142857142851,26.66666666666666,24.15746164446766,2010,5,2.7875,4.268813317858926,2.3501666666666665,18.608609318488067
2010-06-01,2.736,217.965,4.191923804280504,-1.5827338129496216,4.387638305990094,3.9908779931585148,2.90690912292495,2010,6,2.7875,4.268813317858926,2.3501666666666665,18.608609318488067
2010-07-01,2.736,218.011,4.191039314530001,-4.268719384184738,0.18308311973638247,7.589461266220998,6.276738665213943,2010,7,2.7875,4.268813317858926,2.3501666666666665,18.608609318488067
2010-08-01,2.745,218.312,4.199028179852688,-4.322063436737544,3.234298608499442,4.491815759421414,3.305757643276408,2010,8,2.7875,4.268813317858926,2.3501666666666665,18.608609318488067
2010-09-01,2.704,218.439,4.133905612093079,-1.1695906432748537,-2.7338129496402797,5.050505050505061,3.8626459801250013,2010,9,2.7875,4.268813317858926,2.3501666666666665,18.608609318488067
2010-10-01,2.795,218.711,4.267713283739729,2.1564327485380064,-2.2043386983904845,9.137055837563457,7.872586745965915,2010,10,2.7875,4.268813317858926,2.3501666666666665,18.608609318488067
2010-11-01,2.852,218.803,4.352916111753495,3.897996357012734,-0.5925409550366134,7.218045112781946,6.006223403006916,2010,11,2.7875,4.268813317858926,2.3501666666666665,18.608609318488067
2010-12-01,2.985,219.179,4.548094114855894,10.392011834319526,9.100877192982448,13.887829072872936,12.209485399868791,2010,12,2.7875,4.268813317858926,2.3501666666666665,18.608609318488067
2011-01-01,3.091,220.223,4.687274408213493,10.59033989266549,12.975146198830402,13.18198462101796,11.364683532485342,2011,1,3.526666666666667,5.234053403269438,2.7875,26.517189835575493
2011-02-01,3.167,221.309,4.778956047878758,11.044880785413746,15.37340619307832,19.10492666415946,16.646502899188874,2011,2,3.526666666666667,5.234053403269438,2.7875,26.517189835575493
2011-03-01,3.546,223.467,5.299188658728134,18.79396984924624,31.139053254437865,27.553956834532368,24.22279432693022,2011,3,3.526666666666667,5.234053403269438,2.7875,26.517189835575493
2011-04-01,3.816,224.906,5.666193129574133,23.455192494338384,36.52951699463327,33.519944016794945,29.425402057559367,2011,4,3.526666666666667,5.234053403269438,2.7875,26.517189835575493
2011-05-01,3.933,225.964,5.812577295498397,24.186927691821914,37.90322580645162,37.08609271523178,32.36254242456247,2011,5,3.526666666666667,5.234053403269438,2.7875,26.517189835575493
2011-06-01,3.702,225.722,5.477048333791123,4.399323181049075,24.020100502512577,35.30701754385963,30.657153839445716,2011,6,3.526666666666667,5.234053403269438,2.7875,26.517189835575493
2011-07-01,3.654,225.922,5.401247368560831,-4.245283018867918,18.21417017146554,33.55263157894734,28.876084503314846,2011,7,3.526666666666667,5.234053403269438,2.7875,26.517189835575493
2011-08-01,3.63,226.545,5.351015294974509,-7.704042715484361,14.619513735396271,32.24043715846994,27.434612624158095,2011,8,3.526666666666667,5.234053403269438,2.7875,26.517189835575493
2011-09-01,3.612,226.889,5.316408569829299,-2.4311183144246296,1.861252115059231,33.57988165680472,28.60498203628543,2011,9,3.526666666666667,5.234053403269438,2.7875,26.517189835575493
2011-10-01,3.468,226.421,5.115009367505665,-5.090311986863705,-9.11949685534591,24.078711985688738,19.853631849969624,2011,10,3.526666666666667,5.234053403269438,2.7875,26.517189835575493
2011-11-01,3.423,226.23,5.052900570216152,-5.70247933884297,-12.967200610221196,20.021037868162693,16.080816640885832,2011,11,3.526666666666667,5.234053403269438,2.7875,26.517189835575493
2011-12-01,3.278,225.672,4.850821794462759,-9.246954595791813,-11.453268503511616,9.815745393634856,6.656143693641581,2011,12,3.526666666666667,5.234053403269438,2.7875,26.517189835575493
2012-01-01,3.399,226.665,5.007843504731652,-1.9896193771626325,-6.978653530377665,9.964412811387891,6.839136534366919,2012,1,3.644083333333333,5.299727385699274,3.526666666666667,3.329395085066156
2012-02-01,3.572,227.663,5.239659250734638,4.35290680689453,-1.5977961432506849,12.788127565519435,9.640247749513687,2012,2,3.644083333333333,5.299727385699274,3.526666666666667,3.329395085066156
2012-03-01,3.868,229.392,5.631087117249075,17.998779743746173,7.087486157253586,9.080654258319232,6.263193856559179,2012,3,3.644083333333333,5.299727385699274,3.526666666666667,3.329395085066156
2012-04-01,3.927,230.085,5.699760975291739,15.533980582524265,13.235294117647056,2.9088050314465486,0.5924232540257535,2012,4,3.644083333333333,5.299727385699274,3.526666666666667,3.329395085066156
2012-05-01,3.792,229.815,5.510284289537236,6.159014557670761,10.780017528483787,-3.585049580472921,-5.200670728203038,2012,5,3.644083333333333,5.299727385699274,3.526666666666667,3.329395085066156
2012-06-01,3.552,229.478,5.169112089176304,-8.169596690796277,8.358755338621116,-4.051863857374394,-5.622302850880089,2012,6,3.644083333333333,5.299727385699274,3.526666666666667,3.329395085066156
2012-07-01,3.451,229.104,5.030328374886515,-12.121212121212121,1.5298617240364853,-5.5555555555555465,-6.867283950617287,2012,7,3.644083333333333,5.299727385699274,3.526666666666667,3.329395085066156
2012-08-01,3.707,230.379,5.373580335013173,-2.2415611814346037,3.779395296752508,2.1212121212121238,0.4216964219828867,2012,8,3.644083333333333,5.299727385699274,3.526666666666667,3.329395085066156
2012-09-01,3.856,231.407,5.564736209362724,8.558558558558559,-0.31023784901758056,6.755260243632333,4.670966052960801,2012,9,3.644083333333333,5.299727385699274,3.526666666666667,3.329395085066156
2012-10-01,3.786,231.317,5.465842424032821,9.707331208345416,-3.59052711993888,9.169550173010377,6.858893724729187,2012,10,3.644083333333333,5.299727385699274,3.526666666666667,3.329395085066156
2012-11-01,3.488,230.221,5.0595930692682245,-5.907742109522518,-8.016877637130793,1.8989190768331943,0.13244865912305226,2012,11,3.644083333333333,5.299727385699274,3.526666666666667,3.329395085066156
2012-12-01,3.331,229.601,4.84490098910719,-13.615145228215763,-6.221846846846846,1.6168395363026278,-0.1220577792061528,2012,12,3.644083333333333,5.299727385699274,3.526666666666667,3.329395085066156
2013-01-01,3.351,230.28,4.859619385096404,-11.48969889064977,-2.897710808461318,-1.4121800529567574,-2.959839290009736,2013,1,3.526,5.054547075125943,3.644083333333333,-3.240412540876758
2013-02-01,3.693,232.166,5.312081596788505,5.877293577981657,-0.3776638791475495,3.3874580067189353,1.3821957228175252,2013,2,3.526,5.054547075125943,3.644083333333333,-3.240412540876758
2013-03-01,3.735,232.773,5.358485391346934,12.128489942960075,-3.137966804979253,-3.4384694932781845,-4.841014181206871,2013,3,3.526,5.054547075125943,3.644083333333333,-3.240412540876758
2013-04-01,3.59,232.531,5.1558187080432285,7.1321993434795505,-5.176967776016905,-8.581614463967412,-9.543246981873121,2013,4,3.526,5.054547075125943,3.644083333333333,-3.240412540876758
2013-05-01,3.623,232.945,5.1939646526004,-1.8954779312212233,3.870412844036708,-4.456751054852315,-5.7405320726818925,2013,5,3.526,5.054547075125943,3.644083333333333,-3.240412540876758
2013-06-01,3.633,233.504,5.195832259832809,-2.7309236947791082,9.066346442509765,2.2804054054053946,0.5169199312287098,2013,6,3.526,5.054547075125943,3.644083333333333,-3.240412540876758
2013-07-01,3.628,233.596,5.186637853387901,1.0584958217270346,8.266189197254548,5.1289481309765295,3.1073414467681193,2013,7,3.526,5.054547075125943,3.644083333333333,-3.240412540876758
2013-08-01,3.6,233.877,5.140425095242371,-0.6348330113165934,-2.5182778229081992,-2.886431076342044,-4.338917913846185,2013,8,3.526,5.054547075125943,3.644083333333333,-3.240412540876758
2013-09-01,3.556,234.149,5.071699268414557,-2.1194605009633882,-4.792503346720212,-7.780082987551862,-8.860023591390153,2013,9,3.526,5.054547075125943,3.644083333333333,-3.240412540876758
2013-10-01,3.375,233.546,4.825978608068646,-6.973539140022056,-5.988857938718661,-10.855784469096674,-11.706590975816479,2013,10,3.526,5.054547075125943,3.644083333333333,-3.240412540876758
2013-11-01,3.251,233.069,4.658182563961746,-9.69444444444445,-10.267733922163957,-6.794724770642202,-7.933651971828148,2013,11,3.526,5.054547075125943,3.644083333333333,-3.240412540876758
2013-12-01,3.277,233.049,4.695839518727821,-7.84589426321709,-9.799064134324242,-1.6211347943560495,-3.0766670095943027,2013,12,3.526,5.054547075125943,3.644083333333333,-3.240412540876758
2014-01-01,3.32,233.916,4.7398238683972025,-1.6296296296296364,-8.489525909592066,-0.9250969859743385,-2.465121385156077,2014,1,3.36725,4.748529693440465,3.526,-4.502268859897896
2014-02-01,3.364,234.781,4.784946516115018,3.475853583512767,-6.555555555555559,-8.908746276739787,-9.923324238697194,2014,2,3.36725,4.748529693440465,3.526,-4.502268859897896
2014-03-01,3.532,236.293,4.9917621935478405,7.781507476350313,-0.6749156355455588,-5.4350736278447105,-6.843784596134029,2014,3,3.36725,4.748529693440465,3.526,-4.502268859897896
2014-04-01,3.659,237.072,5.154258486873186,10.210843373493983,8.414814814814807,1.9220055710306383,-0.03026136600979834,2014,4,3.36725,4.748529693440465,3.526,-4.502268859897896
2014-05-01,3.691,237.9,5.18123931063472,9.720570749108193,13.534297139341733,1.8768975986751313,-0.24500247531158426,2014,5,3.36725,4.748529693440465,3.526,-4.502268859897896
2014-06-01,3.695,238.343,5.1772136794451695,4.614949037372584,12.75556911809581,1.7065785851912985,-0.35833682568187086,2014,6,3.36725,4.748529693440465,3.526,-4.502268859897896
2014-07-01,3.633,238.25,5.092329972717734,-0.7105766602896857,9.427710843373504,0.1378169790518191,-1.8182854353049782,2014,7,3.36725,4.748529693440465,3.526,-4.502268859897896
2014-08-01,3.481,237.852,4.8874380370987,-5.689515036575454,3.478002378121281,-3.3055555555555616,-4.921520175010796,2014,8,3.36725,4.748529693440465,3.526,-4.502268859897896
2014-09-01,3.403,238.031,4.774330469560687,-7.902571041948569,-3.6523216308040785,-4.302587176602923,-5.86329715379258,2014,9,3.36725,4.748529693440465,3.526,-4.502268859897896
2014-10-01,3.182,237.433,4.475516309864257,-12.413982934214152,-13.036348729160974,-5.718518518518523,-7.261994440224928,2014,10,3.36725,4.748529693440465,3.526,-4.502268859897896
2014-11-01,2.887,236.151,4.082639599239469,-17.064062051134734,-21.782714711460304,-11.19655490618271,-12.355526148223406,2014,11,3.36725,4.748529693440465,3.526,-4.502268859897896
2014-12-01,2.56,234.812,3.640857877791595,-24.772259770790484,-30.717185385656286,-21.87976808056149,-22.466305262962592,2014,12,3.36725,4.748529693440465,3.526,-4.502268859897896
2015-01-01,2.11,233.707,3.0150518384130556,-33.689503456945324,-41.92127718139279,-36.44578313253012,-36.38894773040139,2015,1,2.44775,3.4473440938955857,3.36725,-27.30714975128071
2015-02-01,2.249,234.722,3.1997769616823306,-22.09906477312088,-35.392128698649806,-33.145065398335305,-33.128260662769414,2015,2,2.44775,3.4473440938955857,3.36725,-27.30714975128071
2015-03-01,2.483,236.119,3.5118004734900623,-3.0078124999999956,-27.034969144872168,-29.699886749716875,-29.64808143245926,2015,3,2.44775,3.4473440938955857,3.36725,-27.30714975128071
2015-04-01,2.485,236.599,3.50749884826225,17.77251184834123,-21.90446260213702,-32.085269199234766,-31.949496572686197,2015,4,2.44775,3.4473440938955857,3.36725,-27.30714975128071
2015-05-01,2.775,237.805,3.8969609554046376,23.388172521120488,-3.879459646692074,-24.817122730967213,-24.787088150783642,2015,5,2.44775,3.4473440938955857,3.36725,-27.30714975128071
2015-06-01,2.832,238.638,3.963124330576018,14.05557792992347,10.624999999999996,-23.35588633288227,-23.450632406566275,2015,6,2.44775,3.4473440938955857,3.36725,-27.30714975128071
2015-07-01,2.832,238.654,3.9628586321620416,13.963782696177063,34.218009478673,-22.047894302229565,-22.17985375273911,2015,7,2.44775,3.4473440938955857,3.36725,-27.30714975128071
2015-08-01,2.679,238.316,3.754080330317729,-3.4594594594594574,19.119608714984416,-23.03935650675094,-23.18919847531733,2015,8,2.44775,3.4473440938955857,3.36725,-27.30714975128071
2015-09-01,2.394,237.945,3.359940692176764,-15.466101694915245,-3.584373741441804,-29.650308551278282,-29.624882198698522,2015,9,2.44775,3.4473440938955857,3.36725,-27.30714975128071
2015-10-01,2.289,237.838,3.2140201649862514,-19.17372881355931,-7.887323943661961,-28.064110622250148,-28.18660591399491,2015,10,2.44775,3.4473440938955857,3.36725,-27.30714975128071
2015-11-01,2.185,237.336,3.074481410321232,-18.43971631205673,-21.261261261261254,-24.31589885694493,-24.693783627289577,2015,11,2.44775,3.4473440938955857,3.36725,-27.30714975128071
2015-12-01,2.06,236.525,2.9085344889546563,-13.951545530492904,-27.25988700564971,-19.53125,-20.114033928760165,2015,12,2.44775,3.4473440938955857,3.36725,-27.30714975128071
2016-01-01,1.967,236.916,2.7726434010366545,-14.067278287461772,-30.54378531073446,-6.77725118483411,-8.039942606890316,2016,1,2.14175,2.978892727951914,2.44775,-12.501276682667761
2016-02-01,1.767,237.111,2.488679074357579,-19.130434782608706,-34.04255319148937,-21.431747443308147,-22.22335793526312,2016,2,2.14175,2.978892727951914,2.44775,-12.501276682667761
2016-03-01,1.958,238.132,2.7458637058438176,-4.951456310679614,-18.21219715956559,-21.14377768828031,-21.8103725831852,2016,3,2.14175,2.978892727951914,2.44775,-12.501276682667761
2016-04-01,2.134,239.261,2.9785613535009885,8.490086426029485,-6.771515945827888,-14.12474849094567,-15.08019011961521,2016,4,2.14175,2.978892727951914,2.44775,-12.501276682667761
2016-05-01,2.264,240.229,3.147277506046314,28.12676853423881,3.6155606407322516,-18.414414414414416,-19.237643331237354,2016,5,2.14175,2.978892727951914,2.44775,-12.501276682667761
2016-06-01,2.363,241.018,3.2741478893692584,20.684371807967317,14.70873786407767,-16.560734463276827,-17.384678948657182,2016,6,2.14175,2.978892727951914,2.44775,-12.501276682667761
2016-07-01,2.225,240.628,3.087933241351797,4.264292408622317,13.116420945602435,-21.433615819209027,-22.078137829834876,2016,7,2.14175,2.978892727951914,2.44775,-12.501276682667761
2016-08-01,2.155,240.849,2.9880404734916897,-4.814487632508834,21.95812110922466,-19.55953714072415,-20.40552650510824,2016,8,2.14175,2.978892727951914,2.44775,-12.501276682667761
2016-09-01,2.208,241.428,3.0541859933396296,-6.559458315700373,12.768130745658857,-7.769423558897238,-9.100002852700618,2016,9,2.14175,2.978892727951914,2.44775,-12.501276682667761
2016-10-01,2.243,241.729,3.0987359232859935,0.8089887640449378,5.107778819119035,-2.009611183923121,-3.5869171872713213,2016,10,2.14175,2.978892727951914,2.44775,-12.501276682667761
2016-11-01,2.187,241.353,3.0260780847969566,1.4849187935034758,-3.40106007067138,0.09153318077801398,-1.5743573976990888,2016,11,2.14175,2.978892727951914,2.44775,-12.501276682667761
2016-12-01,2.23,241.432,3.084566089002286,0.9963768115941907,-5.628438425730009,8.252427184466015,6.052243860821349,2016,12,2.14175,2.978892727951914,2.44775,-12.501276682667761
2017-01-01,2.351,242.839,3.2330933334431453,4.814979937583597,5.662921348314609,19.522114895780373,16.606893343526785,2017,1,2.4075,3.2795078961310082,2.14175,12.408077506711802
2017-02-01,2.299,243.603,3.1516674589393396,5.1211705532693275,6.682134570765674,30.107526881720425,26.640171945549174,2017,2,2.4075,3.2795078961310082,2.14175,12.408077506711802
2017-03-01,2.323,243.801,3.1819824200885147,4.170403587443938,5.208333333333326,18.641470888661903,15.882751693630603,2017,3,2.4075,3.2795078961310082,2.14175,12.408077506711802
2017-04-01,2.418,244.524,3.3023177111449185,2.8498511271799254,7.8020508247882425,13.308341143392699,10.869554768894996,2017,4,2.4075,3.2795078961310082,2.14175,12.408077506711802
2017-05-01,2.386,244.733,3.2558317513371717,3.784254023488476,9.099222679469609,5.388692579505316,3.4491475595117116,2017,5,2.4075,3.2795078961310082,2.14175,12.408077506711802
2017-06-01,2.337,244.955,3.186078357249291,0.602668962548436,4.7982062780269175,-1.10029623360135,-2.689845880386721,2017,6,2.4075,3.2795078961310082,2.14175,12.408077506711802
2017-07-01,2.281,244.786,3.1118794048679255,-5.665839536807282,-2.9774564015312532,2.516853932584273,0.7754754278834763,2017,7,2.4075,3.2795078961310082,2.14175,12.408077506711802
2017-08-01,2.374,245.519,3.2290863354770916,-0.5029337803855838,3.2622879512831826,10.16241299303946,8.067021317945077,2017,8,2.4075,3.2795078961310082,2.14175,12.408077506711802
2017-09-01,2.63,246.819,3.5584527933424894,12.53744116388531,13.215669393026253,19.11231884057969,16.51067751284736,2017,9,2.4075,3.2795078961310082,2.14175,12.408077506711802
2017-10-01,2.484,246.663,3.3630368883861785,8.899605436212177,2.7295285359801413,10.744538564422657,8.529315554579831,2017,10,2.4075,3.2795078961310082,2.14175,12.408077506711802
2017-11-01,2.548,246.669,3.449601271339325,7.329401853411954,6.789606035205353,16.506630086877006,13.995778518411427,2017,11,2.4075,3.2795078961310082,2.14175,12.408077506711802
2017-12-01,2.459,246.524,3.3310670279567103,-6.501901140684407,5.220367993153618,10.26905829596414,7.991429972380848,2017,12,2.4075,3.2795078961310082,2.14175,12.408077506711802
2018-01-01,2.539,247.867,3.4208028015024188,2.214170692431572,11.310828583954402,7.996597192683974,5.805878417353605,2018,1,2.735333333333333,3.636982106826238,2.4075,13.617168570439574
2018-02-01,2.575,248.991,3.45364450923929,1.0596546310832178,8.46672283066554,12.005219660722055,9.581501038233831,2018,2,2.735333333333333,3.636982106826238,2.4075,13.617168570439574
2018-03-01,2.572,249.554,3.4418384157336686,4.595363969093125,-2.205323193916342,10.718897976754205,8.166481184956552,2018,3,2.735333333333333,3.636982106826238,2.4075,13.617168570439574
2018-04-01,2.737,250.546,3.648138960510246,7.798345805435214,10.185185185185187,13.192721257237384,10.472076874924019,2018,4,2.735333333333333,3.636982106826238,2.4075,13.617168570439574
2018-05-01,2.907,251.588,3.8586834984180487,12.89320388349513,14.089481946624804,21.835708298407376,18.516059585489497,2018,5,2.735333333333333,3.636982106826238,2.4075,13.617168570439574
2018-06-01,2.914,251.989,3.861819873089699,13.297045101088646,18.50345668971127,24.689773213521615,21.20919324858699,2018,6,2.735333333333333,3.636982106826238,2.4075,13.617168570439574
2018-07-01,2.873,252.006,3.8072271930033414,4.968944099378891,13.154785348562426,25.953529153879874,22.344946499137496,2018,7,2.735333333333333,3.636982106826238,2.4075,13.617168570439574
2018-08-01,2.862,252.146,3.7905444623353137,-1.5479876160990669,11.145631067961158,20.556023588879533,17.38752292528183,2018,8,2.735333333333333,3.636982106826238,2.4075,13.617168570439574
2018-09-01,2.873,252.439,3.8006967861542793,-1.4070006863417972,11.702954898911354,9.239543726235745,6.807565166102636,2018,9,2.735333333333333,3.636982106826238,2.4075,13.617168570439574
2018-10-01,2.887,252.885,3.8124816576704825,0.4872955099199272,5.480453050785528,16.22383252818036,13.364253328186937,2018,10,2.735333333333333,3.636982106826238,2.4075,13.617168570439574
2018-11-01,2.671,252.038,3.53909248605369,-6.673654786862349,-8.11833505331958,4.827315541601251,2.594248078985073,2018,11,2.735333333333333,3.636982106826238,2.4075,13.617168570439574
2018-12-01,2.414,251.233,3.2088146382043763,-15.97633136094675,-17.15854495538778,-1.8300122000813324,-3.6700669403018304,2018,12,2.735333333333333,3.636982106826238,2.4075,13.617168570439574
2019-01-01,2.289,251.712,3.0368680396643786,-20.713543470730855,-20.327184128089105,-9.846396218983855,-11.223528046381858,2019,1,2.63625,3.4426579190311446,2.735333333333333,-3.622349500365585
2019-02-01,2.353,252.776,3.108637908662215,-11.905653313365772,-17.784765897973443,-8.621359223300972,-9.989638471883922,2019,2,2.63625,3.4426579190311446,2.735333333333333,-3.622349500365585
2019-03-01,2.564,254.202,3.368395716792157,6.213753106876552,-10.755308040375922,-0.3110419906687367,-2.1338218146959798,2019,3,2.63625,3.4426579190311446,2.735333333333333,-3.622349500365585
2019-04-01,2.835,255.548,3.704798785355393,23.853211009174302,-1.8011776931070367,3.5805626598465423,1.5531158614972895,2019,4,2.63625,3.4426579190311446,2.735333333333333,-3.622349500365585
2019-05-01,2.901,256.092,3.7829949861768424,23.289417764555864,8.61100711344065,-0.20639834881321928,-1.9615112841526505,2019,5,2.63625,3.4426579190311446,2.735333333333333,-3.622349500365585
2019-06-01,2.752,256.143,3.5879797769214856,7.332293291731662,14.001657000828494,-5.559368565545652,-7.090959836744637,2019,6,2.63625,3.4426579190311446,2.735333333333333,-3.622349500365585
2019-07-01,2.776,256.571,3.6132327971594598,-2.0811287477954243,21.275666229794645,-3.376261747302489,-5.0954247280118,2019,7,2.63625,3.4426579190311446,2.735333333333333,-3.622349500365585
2019-08-01,2.655,256.558,3.455914685957951,-8.479834539813858,12.834679133021654,-7.232704402515733,-8.828013487307862,2019,8,2.63625,3.4426579190311446,2.735333333333333,-3.622349500365585
2019-09-01,2.63,256.759,3.42069317920696,-4.433139534883712,2.574102964118552,-8.458057779324758,-9.998261590654922,2019,9,2.63625,3.4426579190311446,2.735333333333333,-3.622349500365585
2019-10-01,2.673,257.346,3.468690774288312,-3.7103746397694426,-5.714285714285716,-7.412538967786631,-9.017509177794569,2019,10,2.63625,3.4426579190311446,2.735333333333333,-3.622349500365585
2019-11-01,2.62,257.208,3.4017380485832476,-1.3182674199623268,-9.6863150637711,-1.9093972295020523,-3.881063804116658,2019,11,2.63625,3.4426579190311446,2.735333333333333,-3.622349500365585
2019-12-01,2.587,256.974,3.3619503296053304,-1.6349809885931488,-5.995639534883701,7.166528583264298,4.772344577892085,2019,12,2.63625,3.4426579190311446,2.735333333333333,-3.622349500365585
2020-01-01,2.567,257.971,3.3230664842172186,-3.965581743359514,-7.5288184438040195,12.14504150283966,9.424131730941765,2020,1,2.1744166666666667,2.805390381466198,2.63625,-17.51857120278173
2020-02-01,2.465,258.678,3.182302631070288,-5.916030534351158,-7.156308851224102,4.759881002974908,2.369678443501133,2020,2,2.1744166666666667,2.805390381466198,2.63625,-17.51857120278173
2020-03-01,2.267,258.115,2.9330693063169515,-12.369540007730972,-13.80228136882129,-11.583463338533551,-12.923850018719962,2020,3,2.1744166666666667,2.805390381466198,2.63625,-17.51857120278173
2020-04-01,1.876,256.389,2.4435289813525536,-26.918582002337367,-29.816685372240936,-33.827160493827165,-34.04421878425574,2020,4,2.1744166666666667,2.805390381466198,2.63625,-17.51857120278173
2020-05-01,1.879,256.394,2.4473888156509123,-23.772819472616625,-28.282442748091608,-35.22923129955188,-35.30552314783044,2020,5,2.1744166666666667,2.805390381466198,2.63625,-17.51857120278173
2020-06-01,2.076,257.797,2.6892646229397545,-8.425231583590643,-19.752609199845384,-24.563953488372082,-25.047943685815188,2020,6,2.1744166666666667,2.805390381466198,2.63625,-17.51857120278173
2020-07-01,2.176,259.101,2.804618862914462,15.991471215351826,-15.2317880794702,-21.613832853025926,-22.379237088755776,2020,7,2.1744166666666667,2.805390381466198,2.63625,-17.51857120278173
2020-08-01,2.177,259.918,2.7970879431205224,15.859499733901018,-11.683569979716014,-18.00376647834274,-19.063744412278716,2020,8,2.1744166666666667,2.805390381466198,2.63625,-17.51857120278173
2020-09-01,2.193,260.28,2.8137265099124025,5.635838150289008,-3.2642258491398235,-16.615969581749045,-17.74396701183455,2020,9,2.1744166666666667,2.805390381466198,2.63625,-17.51857120278173
2020-10-01,2.159,260.388,2.7689538995652643,-0.7812500000000111,15.085287846481865,-19.229330340441464,-20.172939020965806,2020,10,2.1744166666666667,2.805390381466198,2.63625,-17.51857120278173
2020-11-01,2.09,260.229,2.682097998301496,-3.9963252181901776,11.229377328366152,-20.22900763358779,-21.155069555736862,2020,11,2.1744166666666667,2.805390381466198,2.63625,-17.51857120278173
2020-12-01,2.168,260.474,2.7795785222325455,-1.1399908800729608,4.4315992292870865,-16.196366447622733,-17.322439366352903,2020,12,2.1744166666666667,2.805390381466198,2.63625,-17.51857120278173
2021-01-01,2.326,261.582,2.969517596776537,7.7350625289486,6.893382352941169,-9.38839111803662,-10.639236052599287,2021,1,3.0505,3.7522747767077775,2.1744166666666667,40.290499367646504
2021-02-01,2.496,263.014,3.1692008486240275,19.425837320574168,14.653192466697295,1.2576064908722095,-0.411707620712809,2021,2,3.0505,3.7522747767077775,2.1744166666666667,40.290499367646504
2021-03-01,2.791,264.877,3.5188409412670785,28.736162361623595,27.268581851345175,23.114247904719896,19.97128515472002,2021,3,3.0505,3.7522747767077775,2.1744166666666667,40.290499367646504
2021-04-01,2.839,267.054,3.5501798437769145,22.05503009458296,31.496062992125996,51.33262260127933,45.28904182719382,2021,4,3.0505,3.7522747767077775,2.1744166666666667,40.290499367646504
2021-05-01,2.972,269.195,3.6869382566540985,19.070512820512818,42.20095693779906,58.16923895689197,50.647834666741055,2021,5,3.0505,3.7522747767077775,2.1744166666666667,40.290499367646504
2021-06-01,3.154,271.696,3.8767026676874146,13.006091006807585,45.47970479704795,51.92678227360308,44.154749020184504,2021,6,3.0505,3.7522747767077775,2.1744166666666667,40.290499367646504
2021-07-01,3.233,273.003,3.954780042710153,13.878126100739706,38.993981083405,48.57536764705881,41.00953591250127,2021,7,3.0505,3.7522747767077775,2.1744166666666667,40.290499367646504
2021-08-01,3.255,273.567,3.9734827665617565,9.522207267833105,30.408653846153832,49.5176848874598,42.05784184707506,2021,8,3.0505,3.7522747767077775,2.1744166666666667,40.290499367646504
2021-09-01,3.265,274.31,3.9748943895592577,3.5193405199746453,16.9831601576496,48.8828089375285,41.267972404432605,2021,9,3.0505,3.7522747767077775,2.1744166666666667,40.290499367646504
2021-10-01,3.385,276.589,4.087029925268178,4.701515620167007,19.232123987319483,56.78554886521538,47.60194909383853,2021,10,3.0505,3.7522747767077775,2.1744166666666667,40.290499367646504
2021-11-01,3.482,277.948,4.1835914055866565,6.973886328725043,17.160161507402428,66.60287081339715,55.98204868860191,2021,11,3.0505,3.7522747767077775,2.1744166666666667,40.290499367646504
2021-12-01,3.408,278.802,4.082138636021262,4.3797856049004436,8.053265694356382,57.19557195571954,46.86178510051609,2021,12,3.0505,3.7522747767077775,2.1744166666666667,40.290499367646504
2022-01-01,3.413,281.148,4.054014881841592,0.8271787296898037,5.567584287039895,46.73258813413583,36.520992037302506,2022,1,4.093666666666667,4.6695483000131395,3.0505,34.196579795661904
2022-02-01,3.592,283.716,4.2280152828885225,3.159103963239507,10.353302611367132,43.91025641025641,33.4095087322787,2022,2,4.093666666666667,4.6695483000131395,3.0505,34.196579795661904
2022-03-01,4.312,287.504,5.008629528632645,26.52582159624415,32.067381316998464,54.496596202078116,42.33748021668515,2022,3,4.093666666666667,4.6695483000131395,3.0505,34.196579795661904
2022-04-01,4.271,289.109,4.933464513384226,25.13917374743628,26.174298375184634,50.44029587883057,38.963791426850136,2022,4,4.093666666666667,4.6695483000131395,3.0505,34.196579795661904
2022-05-01,4.604,292.296,5.2601301694173035,28.173719376391993,32.22286042504307,54.91251682368776,42.66933165815689,2022,5,4.093666666666667,4.6695483000131395,3.0505,34.196579795661904
2022-06-01,5.058,296.311,5.700528215287317,17.300556586270854,48.41549295774647,60.367786937222576,47.04579391144992,2022,6,4.093666666666667,4.6695483000131395,3.0505,34.196579795661904
2022-07-01,4.667,296.276,5.260480038882663,9.271833294310472,36.74186932317609,44.35508815341787,33.015742520985626,2022,7,4.093666666666667,4.6695483000131395,3.0505,34.196579795661904
2022-08-01,4.101,296.171,4.624143322607547,-10.92528236316247,14.170378619153666,25.990783410138253,16.375069284843157,2022,8,4.093666666666667,4.6695483000131395,3.0505,34.196579795661904
2022-09-01,3.881,296.808,4.366687259103529,-23.27006722024516,-9.995361781076074,18.866768759571208,9.856686270039837,2022,9,4.093666666666667,4.6695483000131395,3.0505,34.196579795661904
2022-10-01,4.016,298.012,4.500326268740856,-13.949003642596958,-5.970498712245376,18.641063515509604,10.112388483320412,2022,10,4.093666666666667,4.6695483000131395,3.0505,34.196579795661904
2022-11-01,3.853,297.711,4.322033972543842,-6.047305535235303,-16.311902693310167,10.654796094198726,3.309179925465777,2022,11,4.093666666666667,4.6695483000131395,3.0505,34.196579795661904
2022-12-01,3.356,296.797,3.7761261468276293,-13.527441381087346,-33.64966389877422,-1.5258215962441368,-7.496376690721451,2022,12,4.093666666666667,4.6695483000131395,3.0505,34.196579795661904
2023-01-01,3.452,299.17,3.8533352408329713,-14.043824701195218,-26.03385472466252,1.1426897157925664,-4.950145642224668,2023,1,3.657916666666667,4.0085086517075,4.093666666666667,-10.644491490920927
2023-02-01,3.514,300.84,3.900768940300492,-8.798338956657158,-14.31358205315777,-2.171492204899783,-7.739951743137041,2023,2,3.657916666666667,4.0085086517075,4.093666666666667,-10.644491490920927
2023-03-01,3.551,301.836,3.9288340423276216,5.810488676996428,-8.502963153826325,-17.64842300556586,-21.558701439828944,2023,3,3.657916666666667,4.0085086517075,4.093666666666667,-10.644491490920927
2023-04-01,3.735,303.363,4.1116112380217755,8.198146002317497,-6.997011952191235,-12.549754155935378,-16.658745048896296,2023,4,3.657916666666667,4.0085086517075,4.093666666666667,-10.644491490920927
2023-05-01,3.685,304.127,4.046379045596083,4.866249288560054,-4.360238774980541,-19.960903562119892,-23.074545395816216,2023,5,3.657916666666667,4.0085086517075,4.093666666666667,-10.644491490920927
2023-06-01,3.712,305.109,4.062908088584736,4.533934103069548,10.607866507747321,-26.61130881771451,-28.727515501298896,2023,6,3.657916666666667,4.0085086517075,4.093666666666667,-10.644491490920927
2023-07-01,3.732,305.691,4.0770217768923525,-0.08032128514054993,8.111239860950171,-20.034283265481033,-22.49715336324476,2023,7,3.657916666666667,4.0085086517075,4.093666666666667,-10.644491490920927
2023-08-01,3.955,307.026,4.301851178727534,7.327001356852114,12.549800796812761,-3.560107290904657,-6.969769779935642,2023,8,3.657916666666667,4.0085086517075,4.093666666666667,-10.644491490920927
2023-09-01,3.988,307.789,4.326992114727947,7.43534482758621,12.3063925654745,2.7570213862406545,-0.9090448209412405,2023,9,3.657916666666667,4.0085086517075,4.093666666666667,-10.644491490920927
2023-10-01,3.782,307.671,4.105055283078354,1.3397642015005262,1.258366800535482,-5.826693227091628,-8.783162865502515,2023,10,3.657916666666667,4.0085086517075,4.093666666666667,-10.644491490920927
2023-11-01,3.5,307.051,3.806637985220696,-11.504424778761068,-5.02035278154681,-9.161692187905535,-11.924848129312526,2023,11,3.657916666666667,4.0085086517075,4.093666666666667,-10.644491490920927
2023-12-01,3.289,306.746,3.5807088861794454,-17.52758274824473,-11.39547413793104,-1.9964243146603056,-5.175072363839228,2023,12,3.657916666666667,4.0085086517075,4.093666666666667,-10.644491490920927
2024-01-01,3.221,308.417,3.487678668815273,-14.833421470121632,-13.692390139335476,-6.6917728852838865,-9.489352707828624,2024,1,3.44875,3.6716604090409284,3.657916666666667,-5.71819113794283
2024-02-01,3.359,310.326,3.6147302127440173,-4.028571428571426,-15.069532237673833,-4.410927717700619,-7.332880566220867,2024,2,3.44875,3.6716604090409284,3.657916666666667,-5.71819113794283
2024-03-01,3.581,312.332,3.828881164914258,8.878078443295824,-10.205616850551657,0.844832441565746,-2.5440849966303802,2024,3,3.44875,3.6716604090409284,3.657916666666667,-5.71819113794283
2024-04-01,3.776,313.548,4.02172156097312,17.230673703818677,-0.15864621893179054,1.0977242302543377,-2.1862396964335673,2024,4,3.44875,3.6716604090409284,3.657916666666667,-5.71819113794283
2024-05-01,3.755,314.069,3.992720580509378,11.789222983030667,7.285714285714273,1.8995929443690551,-1.3260859766735078,2024,5,3.44875,3.6716604090409284,3.657916666666667,-5.71819113794283
2024-06-01,3.601,314.175,3.8276793252168377,0.5585032113934574,9.486166007905128,-2.9903017241379337,-5.789664896156621,2024,6,3.44875,3.6716604090409284,3.657916666666667,-5.71819113794283
2024-07-01,3.622,314.54,3.845533617345965,-4.078389830508478,12.449549829245576,-2.9474812433011865,-5.67787400249885,2024,7,3.44875,3.6716604090409284,3.657916666666667,-5.71819113794283
2024-08-01,3.521,314.796,3.735260270143204,-6.231691078561918,4.822863947603451,-10.973451327433636,-13.170862613427847,2024,8,3.44875,3.6716604090409284,3.657916666666667,-5.71819113794283
2024-09-01,3.344,315.301,3.541807631437896,-7.136906414884758,-6.618263055012575,-16.14844533600803,-18.146196306147377,2024,9,3.44875,3.6716604090409284,3.657916666666667,-5.71819113794283
2024-10-01,3.279,315.664,3.4689689289877848,-9.469906129210381,-13.16207627118644,-13.299841353781073,-15.49519580680463,2024,10,3.44875,3.6716604090409284,3.657916666666667,-5.71819113794283
2024-11-01,3.181,315.493,3.367115314761342,-9.656347628514627,-15.286284953395468,-9.114285714285709,-11.54621669215209,2024,11,3.44875,3.6716604090409284,3.657916666666667,-5.71819113794283
2024-12-01,3.145,315.605,3.3278276326420677,-5.950956937799035,-12.66314912524299,-4.378230465186994,-7.062323734650144,2024,12,3.44875,3.6716604090409284,3.657916666666667,-5.71819113794283
2025-01-01,3.211,317.671,3.3755674014939987,-2.073802988716078,-11.34732192159028,-0.3104625892579982,-3.214495312418142,2025,1,3.2568333333333332,3.380163695534533,3.44875,-5.564818170834851
2025-02-01,3.261,319.082,3.412970559291969,2.5149324111914506,-7.384265833570003,-2.9175349806489947,-5.581596456098681,2025,2,3.2568333333333332,3.380163695534533,3.44875,-5.564818170834851
2025-03-01,3.232,319.799,3.3750351439497934,2.7662957074721772,-3.349282296650713,-9.745881038815963,-11.853228173369745,2025,3,3.2568333333333332,3.380163695534533,3.44875,-5.564818170834851
2025-04-01,3.33,320.795,3.4665757259308903,3.7060105886016936,1.5553522415370669,-11.81144067796609,-13.803686471718423,2025,4,3.2568333333333332,3.380163695534533,3.44875,-5.564818170834851
2025-05-01,3.306,321.465,3.434418403247632,1.3799448022079108,3.9295818924866444,-11.957390146471369,-13.983001464893885,2025,5,3.2568333333333332,3.380163695534533,3.44875,-5.564818170834851
2025-06-01,3.306,322.561,3.422748912608778,2.289603960396036,5.119236883942757,-8.192168841988334,-10.579005663833152,2025,6,3.2568333333333332,3.380163695534533,3.44875,-5.564818170834851
2025-07-01,3.285,323.048,3.3958802407072635,-1.3513513513513487,2.3045780130800386,-9.304251794588614,-11.692873379404611,2025,7,3.2568333333333332,3.380163695534533,3.44875,-5.564818170834851
2025-08-01,3.295,323.976,3.39646097241771,-0.33272837265577726,1.0426249616682037,-6.4186310707185505,-9.070299610273336,2025,8,3.2568333333333332,3.380163695534533,3.44875,-5.564818170834851
2025-09-01,3.339,324.8,3.4330841379310346,0.9981851179673207,3.310643564356419,-0.14952153110047162,-3.069717636322389,2025,9,3.2568333333333332,3.380163695534533,3.44875,-5.564818170834851
2025-10-01,3.239,,,-1.4003044140030507,-2.7327327327327344,-1.2198841110094505,,2025,10,3.2568333333333332,3.380163695534533,3.44875,-5.564818170834851
2025-11-01,3.228,324.122,3.325899062698614,-2.0333839150227573,-2.3593466424682297,1.4775227915749811,-1.2240819873925002,2025,11,3.2568333333333332,3.380163695534533,3.44875,-5.564818170834851
2025-12-01,3.05,324.054,3.143160090602184,-8.655286013776585,-7.743496672716277,-3.020667726550086,-5.549191918130402,2025,12,3.2568333333333332,3.380163695534533,3.44875,-5.564818170834851
2026-01-01,2.961,325.252,3.040202280078216,-8.582895955541836,-9.86301369863014,-7.785736530675802,-9.935074063914495,2026,1,3.8296666666666668,3.8606027545448547,3.2568333333333332,17.588659741057278
2026-02-01,3.065,326.785,3.1322211239805986,-5.049566294919461,-6.980273141122916,-6.010426249616685,-8.225955379164262,2026,2,3.8296666666666668,3.8606027545448547,3.2568333333333332,17.588659741057278
2026-03-01,3.843,330.213,3.8865142680633404,26.0,15.094339622641506,18.904702970297027,15.154779203720059,2026,3,3.8296666666666668,3.8606027545448547,3.2568333333333332,17.588659741057278
2026-04-01,4.263,333.02,4.274930562728965,43.97163120567376,31.614695893794377,28.01801801801802,23.318539697585994,2026,4,3.8296666666666668,3.8606027545448547,3.2568333333333332,17.588659741057278
2026-05-01,4.651,335.123,4.634748292418008,51.745513866231654,44.08302354399007,40.68360556563822,34.95001913672859,2026,5,3.8296666666666668,3.8606027545448547,3.2568333333333332,17.588659741057278
2026-06-01,4.195,333.952,4.195,9.159510798855063,37.5409836065574,26.89050211736237,22.562306120276343,2026,6,3.8296666666666668,3.8606027545448547,3.2568333333333332,17.588659741057278
