bioguide_id,lis_id,govtrack_id,fec_ids,display_name,first_name,middle_name,last_name,suffix,nickname,term_number,term_start,term_end,state,senate_class,party_raw,caucus_raw,aligned_party,term_how,term_end_type,state_rank,source_file,seat_id
B000201,,401200,,Edward Lewis Bob Bartlett,Edward,Lewis,Bartlett,,Bob,8,1959-01-07,1961-01-03,AK,2,Democrat,,D,,,,legislators-historical.json,AK_CLASS_2
B000201,,401200,,Edward Lewis Bob Bartlett,Edward,Lewis,Bartlett,,Bob,9,1961-01-03,1967-01-03,AK,2,Democrat,,D,,,,legislators-historical.json,AK_CLASS_2
B000201,,401200,,Edward Lewis Bob Bartlett,Edward,Lewis,Bartlett,,Bob,10,1967-01-10,1968-12-11,AK,2,Democrat,,D,,,,legislators-historical.json,AK_CLASS_2
S000888,S090,300094,S2AK00010,Ted F. Stevens,Ted,F.,Stevens,,,1,1968-12-24,1973-01-03,AK,2,Republican,,R,appointment,,,legislators-historical.json,AK_CLASS_2
S000888,S090,300094,S2AK00010,Ted F. Stevens,Ted,F.,Stevens,,,2,1973-01-03,1979-01-03,AK,2,Republican,,R,,,,legislators-historical.json,AK_CLASS_2
S000888,S090,300094,S2AK00010,Ted F. Stevens,Ted,F.,Stevens,,,3,1979-01-15,1985-01-03,AK,2,Republican,,R,,,,legislators-historical.json,AK_CLASS_2
S000888,S090,300094,S2AK00010,Ted F. Stevens,Ted,F.,Stevens,,,4,1985-01-03,1991-01-03,AK,2,Republican,,R,,,,legislators-historical.json,AK_CLASS_2
S000888,S090,300094,S2AK00010,Ted F. Stevens,Ted,F.,Stevens,,,5,1991-01-03,1997-01-03,AK,2,Republican,,R,,,,legislators-historical.json,AK_CLASS_2
S000888,S090,300094,S2AK00010,Ted F. Stevens,Ted,F.,Stevens,,,6,1997-01-07,2003-01-03,AK,2,Republican,,R,,,,legislators-historical.json,AK_CLASS_2
S000888,S090,300094,S2AK00010,Ted F. Stevens,Ted,F.,Stevens,,,7,2003-01-07,2009-01-03,AK,2,Republican,,R,,,,legislators-historical.json,AK_CLASS_2
B001265,S319,412326,S8AK00090,Mark Begich,Mark,,Begich,,,1,2009-01-06,2015-01-03,AK,2,Democrat,,D,,,junior,legislators-historical.json,AK_CLASS_2
S001198,S383,412665,S4AK00214,Dan Sullivan,Dan,,Sullivan,,,1,2015-01-06,2021-01-03,AK,2,Republican,,R,,,junior,legislators-current.json,AK_CLASS_2
S001198,S383,412665,S4AK00214,Dan Sullivan,Dan,,Sullivan,,,2,2021-01-03,2027-01-03,AK,2,Republican,,R,,,junior,legislators-current.json,AK_CLASS_2
G000508,,404853,,Ernest Gruening,Ernest,,Gruening,,,1,1959-01-07,1963-01-03,AK,3,Democrat,,D,,,,legislators-historical.json,AK_CLASS_3
G000508,,404853,,Ernest Gruening,Ernest,,Gruening,,,2,1963-01-09,1969-01-03,AK,3,Democrat,,D,,,,legislators-historical.json,AK_CLASS_3
G000388,,404738,,Maurice Robert Mike Gravel,Maurice,Robert,Gravel,,Mike,1,1969-01-03,1975-01-03,AK,3,Democrat,,D,,,,legislators-historical.json,AK_CLASS_3
G000388,,404738,,Maurice Robert Mike Gravel,Maurice,Robert,Gravel,,Mike,2,1975-01-14,1981-01-03,AK,3,Democrat,,D,,,,legislators-historical.json,AK_CLASS_3
M001085,S157,300150,S0AK00063,Frank H. Murkowski,Frank,H.,Murkowski,,,1,1981-01-05,1987-01-03,AK,3,Republican,,R,,,,legislators-historical.json,AK_CLASS_3
M001085,S157,300150,S0AK00063,Frank H. Murkowski,Frank,H.,Murkowski,,,2,1987-01-06,1993-01-03,AK,3,Republican,,R,,,,legislators-historical.json,AK_CLASS_3
M001085,S157,300150,S0AK00063,Frank H. Murkowski,Frank,H.,Murkowski,,,3,1993-01-05,1999-01-03,AK,3,Republican,,R,,,,legislators-historical.json,AK_CLASS_3
M001085,S157,300150,S0AK00063,Frank H. Murkowski,Frank,H.,Murkowski,,,4,1999-01-06,2002-12-19,AK,3,Republican,,R,,,,legislators-historical.json,AK_CLASS_3
M001153,S288,300075,S4AK00099,Lisa Murkowski,Lisa,A.,Murkowski,,,1,2003-01-07,2005-01-03,AK,3,Republican,,R,appointment,,,legislators-current.json,AK_CLASS_3
M001153,S288,300075,S4AK00099,Lisa Murkowski,Lisa,A.,Murkowski,,,2,2005-01-04,2011-01-03,AK,3,Republican,,R,,,,legislators-current.json,AK_CLASS_3
M001153,S288,300075,S4AK00099,Lisa Murkowski,Lisa,A.,Murkowski,,,3,2011-01-05,2017-01-03,AK,3,Republican,,R,,,senior,legislators-current.json,AK_CLASS_3
M001153,S288,300075,S4AK00099,Lisa Murkowski,Lisa,A.,Murkowski,,,4,2017-01-03,2023-01-03,AK,3,Republican,,R,,,senior,legislators-current.json,AK_CLASS_3
M001153,S288,300075,S4AK00099,Lisa Murkowski,Lisa,A.,Murkowski,,,5,2023-01-03,2029-01-03,AK,3,Republican,,R,,,senior,legislators-current.json,AK_CLASS_3
K000217,,406377,,William Rufus de Vane King,William,Rufus de Vane,King,,,4,1819-12-14,1823-03-03,AL,2,Republican,,R,,,,legislators-historical.json,AL_CLASS_2
K000217,,406377,,William Rufus de Vane King,William,Rufus de Vane,King,,,5,1823-12-01,1829-03-03,AL,2,Jackson,,Other,,,,legislators-historical.json,AL_CLASS_2
K000217,,406377,,William Rufus de Vane King,William,Rufus de Vane,King,,,6,1829-12-07,1835-03-03,AL,2,Jackson,,Other,,,,legislators-historical.json,AL_CLASS_2
K000217,,406377,,William Rufus de Vane King,William,Rufus de Vane,King,,,7,1835-12-07,1841-03-03,AL,2,Democrat,,D,,,,legislators-historical.json,AL_CLASS_2
K000217,,406377,,William Rufus de Vane King,William,Rufus de Vane,King,,,8,1841-05-31,1844-04-15,AL,2,Democrat,,D,,,,legislators-historical.json,AL_CLASS_2
L000278,,406776,,Dixon Hall Lewis,Dixon,Hall,Lewis,,,9,1844-04-22,1847-03-03,AL,2,Democrat,,D,,,,legislators-historical.json,AL_CLASS_2
L000278,,406776,,Dixon Hall Lewis,Dixon,Hall,Lewis,,,10,1847-12-06,1848-10-25,AL,2,Democrat,,D,,,,legislators-historical.json,AL_CLASS_2
F000174,,404129,,Benjamin Fitzpatrick,Benjamin,,Fitzpatrick,,,1,1848-11-25,1849-11-30,AL,2,Democrat,,D,,,,legislators-historical.json,AL_CLASS_2
C000501,,402638,,Jeremiah Clemens,Jeremiah,,Clemens,,,1,1849-11-30,1853-03-03,AL,2,Democrat,,D,,,,legislators-historical.json,AL_CLASS_2
C000480,,402618,,Clement Claiborne Clay Jr.,Clement,Claiborne,Clay,Jr.,,1,1853-12-05,1859-03-03,AL,2,Democrat,,D,,,,legislators-historical.json,AL_CLASS_2
C000480,,402618,,Clement Claiborne Clay Jr.,Clement,Claiborne,Clay,Jr.,,2,1859-12-05,1861-12-31,AL,2,Democrat,,D,,,,legislators-historical.json,AL_CLASS_2
W000159,,411332,,Willard Warner,Willard,,Warner,,,1,1868-01-01,1871-03-03,AL,2,Republican,,R,,,,legislators-historical.json,AL_CLASS_2
G000266,,404628,,George Goldthwaite,George,,Goldthwaite,,,1,1871-03-04,1877-03-03,AL,2,Democrat,,D,,,,legislators-historical.json,AL_CLASS_2
M000954,,407922,,John Tyler Morgan,John,Tyler,Morgan,,,1,1877-10-15,1883-03-03,AL,2,Democrat,,D,,,,legislators-historical.json,AL_CLASS_2
M000954,,407922,,John Tyler Morgan,John,Tyler,Morgan,,,2,1883-12-03,1889-03-03,AL,2,Democrat,,D,,,,legislators-historical.json,AL_CLASS_2
M000954,,407922,,John Tyler Morgan,John,Tyler,Morgan,,,3,1889-12-02,1895-03-03,AL,2,Democrat,,D,,,,legislators-historical.json,AL_CLASS_2
M000954,,407922,,John Tyler Morgan,John,Tyler,Morgan,,,4,1895-12-02,1901-03-03,AL,2,Democrat,,D,,,,legislators-historical.json,AL_CLASS_2
M000954,,407922,,John Tyler Morgan,John,Tyler,Morgan,,,5,1901-12-02,1907-03-03,AL,2,Democrat,,D,,,,legislators-historical.json,AL_CLASS_2
B000110,,401111,,John Hollis Bankhead,John,Hollis,Bankhead,,,11,1907-12-02,1913-03-03,AL,2,Democrat,,D,,,,legislators-historical.json,AL_CLASS_2
B000110,,401111,,John Hollis Bankhead,John,Hollis,Bankhead,,,12,1913-04-07,1919-03-03,AL,2,Democrat,,D,,,,legislators-historical.json,AL_CLASS_2
B000110,,401111,,John Hollis Bankhead,John,Hollis,Bankhead,,,13,1919-05-19,1920-03-01,AL,2,Democrat,,D,,,,legislators-historical.json,AL_CLASS_2
C000657,,402784,,Braxton Bragg Comer,Braxton,Bragg,Comer,,,1,1920-03-05,1920-11-02,AL,2,Democrat,,D,appointment,,,legislators-historical.json,AL_CLASS_2
H000446,,405311,,James Thomas Heflin,James,Thomas,Heflin,,,10,1920-11-03,1925-03-03,AL,2,Democrat,,D,,,,legislators-historical.json,AL_CLASS_2
H000446,,405311,,James Thomas Heflin,James,Thomas,Heflin,,,11,1925-12-07,1931-03-03,AL,2,Democrat,,D,,,,legislators-historical.json,AL_CLASS_2
B000111,,401112,,John Hollis Bankhead II,John,Hollis,Bankhead,II,,1,1931-12-07,1937-01-03,AL,2,Democrat,,D,,,,legislators-historical.json,AL_CLASS_2
B000111,,401112,,John Hollis Bankhead II,John,Hollis,Bankhead,II,,2,1937-01-05,1943-01-03,AL,2,Democrat,,D,,,,legislators-historical.json,AL_CLASS_2
B000111,,401112,,John Hollis Bankhead II,John,Hollis,Bankhead,II,,3,1943-01-06,1946-06-12,AL,2,Democrat,,D,,,,legislators-historical.json,AL_CLASS_2
S001117,,410569,,George Robinson Swift,George,Robinson,Swift,,,1,1946-06-15,1946-11-05,AL,2,Democrat,,D,appointment,,,legislators-historical.json,AL_CLASS_2
S000701,,410172,,John Jackson Sparkman,John,Jackson,Sparkman,,,6,1946-11-06,1949-01-03,AL,2,Democrat,,D,,,,legislators-historical.json,AL_CLASS_2
S000701,,410172,,John Jackson Sparkman,John,Jackson,Sparkman,,,7,1949-01-03,1955-01-03,AL,2,Democrat,,D,,,,legislators-historical.json,AL_CLASS_2
S000701,,410172,,John Jackson Sparkman,John,Jackson,Sparkman,,,8,1955-01-05,1961-01-03,AL,2,Democrat,,D,,,,legislators-historical.json,AL_CLASS_2
S000701,,410172,,John Jackson Sparkman,John,Jackson,Sparkman,,,9,1961-01-03,1967-01-03,AL,2,Democrat,,D,,,,legislators-historical.json,AL_CLASS_2
S000701,,410172,,John Jackson Sparkman,John,Jackson,Sparkman,,,10,1967-01-10,1973-01-03,AL,2,Democrat,,D,,,,legislators-historical.json,AL_CLASS_2
S000701,,410172,,John Jackson Sparkman,John,Jackson,Sparkman,,,11,1973-01-03,1979-01-03,AL,2,Democrat,,D,,,,legislators-historical.json,AL_CLASS_2
H000445,S130,405310,,Howell Thomas Heflin,Howell,Thomas,Heflin,,,1,1979-01-15,1985-01-03,AL,2,Democrat,,D,,,,legislators-historical.json,AL_CLASS_2
H000445,S130,405310,,Howell Thomas Heflin,Howell,Thomas,Heflin,,,2,1985-01-03,1991-01-03,AL,2,Democrat,,D,,,,legislators-historical.json,AL_CLASS_2
H000445,S130,405310,,Howell Thomas Heflin,Howell,Thomas,Heflin,,,3,1991-01-03,1997-01-03,AL,2,Democrat,,D,,,,legislators-historical.json,AL_CLASS_2
S001141,S261,300088,S6AL00195,Jeff Sessions,Jefferson,B.,Sessions,,Jeff,1,1997-01-07,2003-01-03,AL,2,Republican,,R,,,,legislators-historical.json,AL_CLASS_2
S001141,S261,300088,S6AL00195,Jeff Sessions,Jefferson,B.,Sessions,,Jeff,2,2003-01-07,2009-01-03,AL,2,Republican,,R,,,,legislators-historical.json,AL_CLASS_2
S001141,S261,300088,S6AL00195,Jeff Sessions,Jefferson,B.,Sessions,,Jeff,3,2009-01-06,2015-01-03,AL,2,Republican,,R,,,junior,legislators-historical.json,AL_CLASS_2
S001141,S261,300088,S6AL00195,Jeff Sessions,Jefferson,B.,Sessions,,Jeff,4,2015-01-06,2017-02-08,AL,2,Republican,,R,,,junior,legislators-historical.json,AL_CLASS_2
S001202,S392,412734,S8AL00308,Luther Strange,Luther,,Strange,,,1,2017-02-09,2018-01-03,AL,2,Republican,,R,appointment,,junior,legislators-historical.json,AL_CLASS_2
J000300,S393,412741,S0AL00156,Doug Jones,Doug,,Jones,,,1,2018-01-03,2021-01-03,AL,2,Democrat,,D,,,junior,legislators-historical.json,AL_CLASS_2
T000278,S412,456796,S0AL00230,Tommy Tuberville,Tommy,Hawley,Tuberville,,,1,2021-01-03,2027-01-03,AL,2,Republican,,R,,,senior,legislators-current.json,AL_CLASS_2
W000061,,411240,,John Williams Walker,John,Williams,Walker,,,1,1819-12-14,1822-12-12,AL,3,Republican,,R,,,,legislators-historical.json,AL_CLASS_3
K000079,,406248,,William Kelly,William,,Kelly,,,1,1822-12-12,1825-03-03,AL,3,Republican,,R,,,,legislators-historical.json,AL_CLASS_3
C000284,,402427,,Henry H. Chambers,Henry,H.,Chambers,,,1,1825-12-05,1826-01-24,AL,3,Jackson,,Other,,,,legislators-historical.json,AL_CLASS_3
P000322,,408721,,Israel Pickens,Israel,,Pickens,,,4,1826-02-17,1826-11-27,AL,3,Jackson,,Other,,,,legislators-historical.json,AL_CLASS_3
M000519,,407513,,John McKinley,John,,McKinley,,,1,1826-11-27,1831-03-03,AL,3,Jackson,,Other,,,,legislators-historical.json,AL_CLASS_3
M000898,,407870,,Gabriel Moore,Gabriel,,Moore,,,5,1831-12-05,1837-03-03,AL,3,Jackson,,Other,,,,legislators-historical.json,AL_CLASS_3
M000519,,407513,,John McKinley,John,,McKinley,,,3,1837-03-04,1837-04-22,AL,3,Democrat,,D,,,,legislators-historical.json,AL_CLASS_3
C000481,,402619,,Clement Comer Clay,Clement,Comer,Clay,,,4,1837-06-19,1841-11-15,AL,3,Democrat,,D,,,,legislators-historical.json,AL_CLASS_3
B000030,,401035,,Arthur Pendleton Bagby,Arthur,Pendleton,Bagby,,,1,1841-11-24,1843-03-03,AL,3,Democrat,,D,,,,legislators-historical.json,AL_CLASS_3
B000030,,401035,,Arthur Pendleton Bagby,Arthur,Pendleton,Bagby,,,2,1843-12-04,1848-06-16,AL,3,Democrat,,D,,,,legislators-historical.json,AL_CLASS_3
K000217,,406377,,William Rufus de Vane King,William,Rufus de Vane,King,,,9,1848-07-01,1849-03-03,AL,3,Democrat,,D,,,,legislators-historical.json,AL_CLASS_3
K000217,,406377,,William Rufus de Vane King,William,Rufus de Vane,King,,,10,1849-03-05,1852-12-20,AL,3,Democrat,,D,,,,legislators-historical.json,AL_CLASS_3
F000174,,404129,,Benjamin Fitzpatrick,Benjamin,,Fitzpatrick,,,2,1853-12-05,1855-03-03,AL,3,Democrat,,D,,,,legislators-historical.json,AL_CLASS_3
F000174,,404129,,Benjamin Fitzpatrick,Benjamin,,Fitzpatrick,,,3,1855-12-03,1861-03-03,AL,3,Democrat,,D,,,,legislators-historical.json,AL_CLASS_3
S000723,,410192,,George Eliphaz Spencer,George,Eliphaz,Spencer,,,1,1868-01-01,1873-03-03,AL,3,Republican,,R,,,,legislators-historical.json,AL_CLASS_3
S000723,,410192,,George Eliphaz Spencer,George,Eliphaz,Spencer,,,2,1873-12-01,1879-03-03,AL,3,Republican,,R,,,,legislators-historical.json,AL_CLASS_3
H000822,,405669,,George Smith Houston,George,Smith,Houston,,,10,1879-03-18,1879-12-31,AL,3,Democrat,,D,,,,legislators-historical.json,AL_CLASS_3
P000557,,408940,,Luke Pryor,Luke,,Pryor,,,1,1880-01-07,1880-11-23,AL,3,Democrat,,D,,,,legislators-historical.json,AL_CLASS_3
P000561,,408944,,James Lawrence Pugh,James,Lawrence,Pugh,,,2,1880-11-24,1885-03-03,AL,3,Democrat,,D,,,,legislators-historical.json,AL_CLASS_3
P000561,,408944,,James Lawrence Pugh,James,Lawrence,Pugh,,,3,1885-12-07,1891-03-03,AL,3,Democrat,,D,,,,legislators-historical.json,AL_CLASS_3
P000561,,408944,,James Lawrence Pugh,James,Lawrence,Pugh,,,4,1891-12-07,1897-03-03,AL,3,Democrat,,D,,,,legislators-historical.json,AL_CLASS_3
P000279,,408679,,Edmund Winston Pettus,Edmund,Winston,Pettus,,,1,1897-03-15,1903-03-03,AL,3,Democrat,,D,,,,legislators-historical.json,AL_CLASS_3
P000279,,408679,,Edmund Winston Pettus,Edmund,Winston,Pettus,,,2,1903-11-09,1907-07-27,AL,3,Democrat,,D,,,,legislators-historical.json,AL_CLASS_3
J000193,,406088,,Joseph Forney Johnston,Joseph,Forney,Johnston,,,1,1907-12-02,1909-03-03,AL,3,Democrat,,D,,,,legislators-historical.json,AL_CLASS_3
J000193,,406088,,Joseph Forney Johnston,Joseph,Forney,Johnston,,,2,1909-03-15,1913-08-08,AL,3,Democrat,,D,,,,legislators-historical.json,AL_CLASS_3
W000368,,411529,,Francis Shelley Frank White,Francis,Shelley,White,,Frank,1,1914-05-11,1915-03-03,AL,3,Democrat,,D,,,,legislators-historical.json,AL_CLASS_3
U000013,,411037,,Oscar Wilder Underwood,Oscar,Wilder,Underwood,,,11,1915-12-06,1921-03-03,AL,3,Democrat,,D,,,,legislators-historical.json,AL_CLASS_3
U000013,,411037,,Oscar Wilder Underwood,Oscar,Wilder,Underwood,,,12,1921-04-11,1927-03-04,AL,3,Democrat,,D,,,,legislators-historical.json,AL_CLASS_3
B000499,,401479,,Hugo Lafayette Black,Hugo,Lafayette,Black,,,1,1927-12-05,1933-03-03,AL,3,Democrat,,D,,,,legislators-historical.json,AL_CLASS_3
B000499,,401479,,Hugo Lafayette Black,Hugo,Lafayette,Black,,,2,1933-03-09,1937-08-19,AL,3,Democrat,,D,,,,legislators-historical.json,AL_CLASS_3
G000391,,404741,,Dixie Bibb Graves,Dixie,Bibb,Graves,,,1,1937-08-20,1938-01-10,AL,3,Democrat,,D,appointment,,,legislators-historical.json,AL_CLASS_3
H000598,,405460,,Joseph Lister Hill,Joseph,Lister,Hill,,,9,1938-01-11,1939-01-03,AL,3,Democrat,,D,appointment,,,legislators-historical.json,AL_CLASS_3
H000598,,405460,,Joseph Lister Hill,Joseph,Lister,Hill,,,10,1939-01-03,1945-01-03,AL,3,Democrat,,D,,,,legislators-historical.json,AL_CLASS_3
H000598,,405460,,Joseph Lister Hill,Joseph,Lister,Hill,,,11,1945-01-03,1951-01-03,AL,3,Democrat,,D,,,,legislators-historical.json,AL_CLASS_3
H000598,,405460,,Joseph Lister Hill,Joseph,Lister,Hill,,,12,1951-01-03,1957-01-03,AL,3,Democrat,,D,,,,legislators-historical.json,AL_CLASS_3
H000598,,405460,,Joseph Lister Hill,Joseph,Lister,Hill,,,13,1957-01-03,1963-01-03,AL,3,Democrat,,D,,,,legislators-historical.json,AL_CLASS_3
H000598,,405460,,Joseph Lister Hill,Joseph,Lister,Hill,,,14,1963-01-09,1969-01-02,AL,3,Democrat,,D,,,,legislators-historical.json,AL_CLASS_3
A000127,,400783,,James Browning Allen,James,Browning,Allen,,,1,1969-01-03,1975-01-03,AL,3,Democrat,,D,,,,legislators-historical.json,AL_CLASS_3
A000127,,400783,,James Browning Allen,James,Browning,Allen,,,2,1975-01-14,1978-06-01,AL,3,Democrat,,D,,,,legislators-historical.json,AL_CLASS_3
A000139,,400795,,Maryon Pittman Allen,Maryon,Pittman,Allen,,,1,1978-06-08,1978-11-07,AL,3,Democrat,,D,appointment,,,legislators-historical.json,AL_CLASS_3
S000907,,410368,,Donald Wilbur Stewart,Donald,Wilbur,Stewart,,,1,1978-11-08,1981-01-03,AL,3,Democrat,,D,,,,legislators-historical.json,AL_CLASS_3
D000259,,403397,,Jeremiah Andrew Denton Jr.,Jeremiah,Andrew,Denton,Jr.,,1,1981-01-05,1987-01-03,AL,3,Republican,,R,,,,legislators-historical.json,AL_CLASS_3
S000320,S184,300089,S6AL00013,Richard C. Shelby,Richard,C.,Shelby,,,5,1987-01-06,1993-01-03,AL,3,Democrat,,D,,,,legislators-historical.json,AL_CLASS_3
S000320,S184,300089,S6AL00013,Richard C. Shelby,Richard,C.,Shelby,,,6,1993-01-05,1999-01-03,AL,3,Republican,,R,,,,legislators-historical.json,AL_CLASS_3
S000320,S184,300089,S6AL00013,Richard C. Shelby,Richard,C.,Shelby,,,7,1999-01-06,2005-01-03,AL,3,Republican,,R,,,,legislators-historical.json,AL_CLASS_3
S000320,S184,300089,S6AL00013,Richard C. Shelby,Richard,C.,Shelby,,,8,2005-01-04,2011-01-03,AL,3,Republican,,R,,,,legislators-historical.json,AL_CLASS_3
S000320,S184,300089,S6AL00013,Richard C. Shelby,Richard,C.,Shelby,,,9,2011-01-05,2017-01-03,AL,3,Republican,,R,,,senior,legislators-historical.json,AL_CLASS_3
S000320,S184,300089,S6AL00013,Richard C. Shelby,Richard,C.,Shelby,,,10,2017-01-03,2023-01-03,AL,3,Republican,,R,,,senior,legislators-historical.json,AL_CLASS_3
B001319,S416,456874,S2AL00145,Katie Boyd Britt,Katie,Elizabeth,Britt,,,1,2023-01-03,2029-01-03,AL,3,Republican,,R,,,junior,legislators-current.json,AL_CLASS_3
F000425,,404366,,William Savin Fulton,William,Savin,Fulton,,,1,1836-09-18,1841-03-03,AR,2,Democrat,,D,,,,legislators-historical.json,AR_CLASS_2
F000425,,404366,,William Savin Fulton,William,Savin,Fulton,,,2,1841-05-31,1844-08-15,AR,2,Democrat,,D,,,,legislators-historical.json,AR_CLASS_2
A000311,,400955,,Chester Ashley,Chester,,Ashley,,,1,1844-11-08,1847-03-03,AR,2,Democrat,,D,,,,legislators-historical.json,AR_CLASS_2
A000311,,400955,,Chester Ashley,Chester,,Ashley,,,2,1847-12-06,1848-04-29,AR,2,Democrat,,D,,,,legislators-historical.json,AR_CLASS_2
S000216,,409721,,William King Sebastian,William,King,Sebastian,,,1,1848-05-12,1853-03-03,AR,2,Democrat,,D,,,,legislators-historical.json,AR_CLASS_2
S000216,,409721,,William King Sebastian,William,King,Sebastian,,,2,1853-12-05,1859-03-03,AR,2,Democrat,,D,,,,legislators-historical.json,AR_CLASS_2
S000216,,409721,,William King Sebastian,William,King,Sebastian,,,3,1859-12-05,1861-07-11,AR,2,Democrat,,D,,,,legislators-historical.json,AR_CLASS_2
M000408,,407408,,Alexander McDonald,Alexander,,McDonald,,,1,1868-01-01,1871-03-03,AR,2,Republican,,R,,,,legislators-historical.json,AR_CLASS_2
C000498,,402635,,Powell Clayton,Powell,,Clayton,,,1,1871-03-04,1877-03-03,AR,2,Republican,,R,,,,legislators-historical.json,AR_CLASS_2
G000065,,404438,,Augustus Hill Garland,Augustus,Hill,Garland,,,1,1877-10-15,1883-03-03,AR,2,Democrat,,D,,,,legislators-historical.json,AR_CLASS_2
G000065,,404438,,Augustus Hill Garland,Augustus,Hill,Garland,,,2,1883-12-03,1885-03-06,AR,2,Democrat,,D,,,,legislators-historical.json,AR_CLASS_2
B000418,,401405,,James Henderson Berry,James,Henderson,Berry,,,1,1885-03-20,1889-03-03,AR,2,Democrat,,D,,,,legislators-historical.json,AR_CLASS_2
B000418,,401405,,James Henderson Berry,James,Henderson,Berry,,,2,1889-12-02,1895-03-03,AR,2,Democrat,,D,,,,legislators-historical.json,AR_CLASS_2
B000418,,401405,,James Henderson Berry,James,Henderson,Berry,,,3,1895-12-02,1901-03-03,AR,2,Democrat,,D,,,,legislators-historical.json,AR_CLASS_2
B000418,,401405,,James Henderson Berry,James,Henderson,Berry,,,4,1901-12-02,1907-03-03,AR,2,Democrat,,D,,,,legislators-historical.json,AR_CLASS_2
D000112,,403248,,Jeff Davis,Jeff,,Davis,,,1,1907-03-04,1913-01-03,AR,2,Democrat,,D,,,,legislators-historical.json,AR_CLASS_2
H000457,,405322,,John Netherland Heiskell,John,Netherland,Heiskell,,,1,1913-01-06,1913-01-29,AR,2,Democrat,,D,appointment,,,legislators-historical.json,AR_CLASS_2
K000023,,406194,,William Marmaduke Kavanaugh,William,Marmaduke,Kavanaugh,,,1,1913-01-29,1913-03-03,AR,2,Democrat,,D,,,,legislators-historical.json,AR_CLASS_2
R000347,,409318,,Joseph Taylor Robinson,Joseph,Taylor,Robinson,,,6,1913-03-10,1919-03-03,AR,2,Democrat,,D,,,,legislators-historical.json,AR_CLASS_2
R000347,,409318,,Joseph Taylor Robinson,Joseph,Taylor,Robinson,,,7,1919-03-04,1925-03-03,AR,2,Democrat,,D,,,,legislators-historical.json,AR_CLASS_2
R000347,,409318,,Joseph Taylor Robinson,Joseph,Taylor,Robinson,,,8,1925-03-04,1931-03-03,AR,2,Democrat,,D,,,,legislators-historical.json,AR_CLASS_2
R000347,,409318,,Joseph Taylor Robinson,Joseph,Taylor,Robinson,,,9,1931-12-09,1936-06-20,AR,2,Democrat,,D,,,,legislators-historical.json,AR_CLASS_2
R000347,,409318,,Joseph Taylor Robinson,Joseph,Taylor,Robinson,,,10,1937-01-05,1937-07-14,AR,2,Democrat,,D,,,,legislators-historical.json,AR_CLASS_2
M000738,,407716,,John Elvis Miller,John,Elvis,Miller,,,5,1937-11-15,1941-03-31,AR,2,Democrat,,D,,,,legislators-historical.json,AR_CLASS_2
S000724,,410193,,George Lloyd Spencer,George,Lloyd,Spencer,,,1,1941-04-01,1943-01-03,AR,2,Democrat,,D,appointment,,,legislators-historical.json,AR_CLASS_2
M000332,,407342,,John Little McClellan,John,Little,McClellan,,,3,1943-01-06,1949-01-03,AR,2,Democrat,,D,,,,legislators-historical.json,AR_CLASS_2
M000332,,407342,,John Little McClellan,John,Little,McClellan,,,4,1949-01-03,1955-01-03,AR,2,Democrat,,D,,,,legislators-historical.json,AR_CLASS_2
M000332,,407342,,John Little McClellan,John,Little,McClellan,,,5,1955-01-05,1961-01-03,AR,2,Democrat,,D,,,,legislators-historical.json,AR_CLASS_2
M000332,,407342,,John Little McClellan,John,Little,McClellan,,,6,1961-01-03,1967-01-03,AR,2,Democrat,,D,,,,legislators-historical.json,AR_CLASS_2
M000332,,407342,,John Little McClellan,John,Little,McClellan,,,7,1967-01-10,1973-01-03,AR,2,Democrat,,D,,,,legislators-historical.json,AR_CLASS_2
M000332,,407342,,John Little McClellan,John,Little,McClellan,,,8,1973-01-03,1977-11-28,AR,2,Democrat,,D,,,,legislators-historical.json,AR_CLASS_2
H000675,,405529,,Kaneaster Hodges Jr.,Kaneaster,,Hodges,Jr.,,1,1977-12-10,1979-01-03,AR,2,Democrat,,D,appointment,,,legislators-historical.json,AR_CLASS_2
P000556,S125,408939,,David Hampton Pryor,David,Hampton,Pryor,,,5,1979-01-15,1985-01-03,AR,2,Democrat,,D,,,,legislators-historical.json,AR_CLASS_2
P000556,S125,408939,,David Hampton Pryor,David,Hampton,Pryor,,,6,1985-01-03,1991-01-03,AR,2,Democrat,,D,,,,legislators-historical.json,AR_CLASS_2
P000556,S125,408939,,David Hampton Pryor,David,Hampton,Pryor,,,7,1991-01-03,1997-01-03,AR,2,Democrat,,D,,,,legislators-historical.json,AR_CLASS_2
H001015,S256,300151,H2AR03069|S6AR00124,Tim Hutchinson,Tim,,Hutchinson,,,3,1997-01-07,2003-01-03,AR,2,Republican,,R,,,,legislators-historical.json,AR_CLASS_2
P000590,S295,300080,S0AR00028,Mark L. Pryor,Mark,,Pryor,,,1,2003-01-07,2009-01-03,AR,2,Democrat,,D,,,,legislators-historical.json,AR_CLASS_2
P000590,S295,300080,S0AR00028,Mark L. Pryor,Mark,,Pryor,,,2,2009-01-06,2015-01-03,AR,2,Democrat,,D,,,senior,legislators-historical.json,AR_CLASS_2
C001095,S374,412508,H2AR04083|S4AR00103,Tom Cotton,Tom,,Cotton,,,2,2015-01-06,2021-01-03,AR,2,Republican,,R,,,junior,legislators-current.json,AR_CLASS_2
C001095,S374,412508,H2AR04083|S4AR00103,Tom Cotton,Tom,,Cotton,,,3,2021-01-03,2027-01-03,AR,2,Republican,,R,,,junior,legislators-current.json,AR_CLASS_2
S000256,,409757,,Ambrose Hundley Sevier,Ambrose,Hundley,Sevier,,,6,1836-09-18,1837-03-03,AR,3,Democrat,,D,,,,legislators-historical.json,AR_CLASS_3
S000256,,409757,,Ambrose Hundley Sevier,Ambrose,Hundley,Sevier,,,7,1837-09-04,1843-03-03,AR,3,Democrat,,D,,,,legislators-historical.json,AR_CLASS_3
S000256,,409757,,Ambrose Hundley Sevier,Ambrose,Hundley,Sevier,,,8,1843-12-04,1848-03-15,AR,3,Democrat,,D,,,,legislators-historical.json,AR_CLASS_3
B000642,,401607,,Solon Borland,Solon,,Borland,,,1,1848-03-30,1849-03-03,AR,3,Democrat,,D,,,,legislators-historical.json,AR_CLASS_3
B000642,,401607,,Solon Borland,Solon,,Borland,,,2,1849-03-05,1853-04-11,AR,3,Democrat,,D,,,,legislators-historical.json,AR_CLASS_3
J000172,,406069,,Robert Ward Johnson,Robert,Ward,Johnson,,,4,1853-12-05,1855-03-03,AR,3,Democrat,,D,,,,legislators-historical.json,AR_CLASS_3
J000172,,406069,,Robert Ward Johnson,Robert,Ward,Johnson,,,5,1855-12-03,1861-03-03,AR,3,Democrat,,D,,,,legislators-historical.json,AR_CLASS_3
M000801,,407777,,Charles Burton Mitchel,Charles,Burton,Mitchel,,,1,1861-07-04,1861-12-31,AR,3,Democrat,,D,,,,legislators-historical.json,AR_CLASS_3
R000195,,409171,,Benjamin Franklin Rice,Benjamin,Franklin,Rice,,,1,1868-01-01,1873-03-03,AR,3,Republican,,R,,,,legislators-historical.json,AR_CLASS_3
D000441,,403551,,Stephen Wallace Dorsey,Stephen,Wallace,Dorsey,,,1,1873-12-01,1879-03-03,AR,3,Republican,,R,,,,legislators-historical.json,AR_CLASS_3
W000057,,411236,,James David Walker,James,David,Walker,,,1,1879-03-18,1885-03-03,AR,3,Democrat,,D,,,,legislators-historical.json,AR_CLASS_3
J000231,,406124,,James Kimbrough Jones,James,Kimbrough,Jones,,,3,1885-12-07,1891-03-03,AR,3,Democrat,,D,,,,legislators-historical.json,AR_CLASS_3
J000231,,406124,,James Kimbrough Jones,James,Kimbrough,Jones,,,4,1891-12-07,1897-03-03,AR,3,Democrat,,D,,,,legislators-historical.json,AR_CLASS_3
J000231,,406124,,James Kimbrough Jones,James,Kimbrough,Jones,,,5,1897-03-15,1903-03-03,AR,3,Democrat,,D,,,,legislators-historical.json,AR_CLASS_3
C000463,,402601,,James Paul Clarke,James,Paul,Clarke,,,1,1903-11-09,1909-03-03,AR,3,Democrat,,D,,,,legislators-historical.json,AR_CLASS_3
C000463,,402601,,James Paul Clarke,James,Paul,Clarke,,,2,1909-03-15,1915-03-03,AR,3,Democrat,,D,,,,legislators-historical.json,AR_CLASS_3
C000463,,402601,,James Paul Clarke,James,Paul,Clarke,,,3,1915-12-06,1916-10-01,AR,3,Democrat,,D,,,,legislators-historical.json,AR_CLASS_3
K000233,,406392,,William Fosgate Kirby,William,Fosgate,Kirby,,,1,1916-11-08,1921-03-03,AR,3,Democrat,,D,,,,legislators-historical.json,AR_CLASS_3
C000139,,402289,,Thaddeus Horatius Caraway,Thaddeus,Horatius,Caraway,,,5,1921-04-11,1927-03-04,AR,3,Democrat,,D,,,,legislators-historical.json,AR_CLASS_3
C000139,,402289,,Thaddeus Horatius Caraway,Thaddeus,Horatius,Caraway,,,6,1927-12-05,1931-11-06,AR,3,Democrat,,D,,,,legislators-historical.json,AR_CLASS_3
C000138,,402288,,Hattie Wyatt Caraway,Hattie,Wyatt,Caraway,,,1,1931-11-13,1933-03-03,AR,3,Democrat,,D,appointment,,,legislators-historical.json,AR_CLASS_3
C000138,,402288,,Hattie Wyatt Caraway,Hattie,Wyatt,Caraway,,,2,1933-03-09,1939-01-03,AR,3,Democrat,,D,,,,legislators-historical.json,AR_CLASS_3
C000138,,402288,,Hattie Wyatt Caraway,Hattie,Wyatt,Caraway,,,3,1939-01-03,1945-01-03,AR,3,Democrat,,D,,,,legislators-historical.json,AR_CLASS_3
F000401,,404343,,James William Fulbright,James,William,Fulbright,,,2,1945-01-03,1951-01-03,AR,3,Democrat,,D,,,,legislators-historical.json,AR_CLASS_3
F000401,,404343,,James William Fulbright,James,William,Fulbright,,,3,1951-01-03,1957-01-03,AR,3,Democrat,,D,,,,legislators-historical.json,AR_CLASS_3
F000401,,404343,,James William Fulbright,James,William,Fulbright,,,4,1957-01-03,1963-01-03,AR,3,Democrat,,D,,,,legislators-historical.json,AR_CLASS_3
F000401,,404343,,James William Fulbright,James,William,Fulbright,,,5,1963-01-09,1969-01-03,AR,3,Democrat,,D,,,,legislators-historical.json,AR_CLASS_3
F000401,,404343,,James William Fulbright,James,William,Fulbright,,,6,1969-01-03,1975-01-03,AR,3,Democrat,,D,,,,legislators-historical.json,AR_CLASS_3
B001057,S014,402004,,Dale Bumpers,Dale,,Bumpers,,,1,1975-01-14,1981-01-03,AR,3,Democrat,,D,,,,legislators-historical.json,AR_CLASS_3
B001057,S014,402004,,Dale Bumpers,Dale,,Bumpers,,,2,1981-01-05,1987-01-03,AR,3,Democrat,,D,,,,legislators-historical.json,AR_CLASS_3
B001057,S014,402004,,Dale Bumpers,Dale,,Bumpers,,,3,1987-01-06,1993-01-03,AR,3,Democrat,,D,,,,legislators-historical.json,AR_CLASS_3
B001057,S014,402004,,Dale Bumpers,Dale,,Bumpers,,,4,1993-01-05,1999-01-03,AR,3,Democrat,,D,,,,legislators-historical.json,AR_CLASS_3
L000035,S269,300068,S8AR00112|H2AR01022,Blanche Lambert Lincoln,Blanche,Lambert,Lincoln,,,3,1999-01-06,2005-01-03,AR,3,Democrat,,D,,,,legislators-historical.json,AR_CLASS_3
L000035,S269,300068,S8AR00112|H2AR01022,Blanche Lambert Lincoln,Blanche,Lambert,Lincoln,,,4,2005-01-04,2011-01-03,AR,3,Democrat,,D,,,,legislators-historical.json,AR_CLASS_3
B001236,S343,400040,H2AR03176|S0AR00150,John Boozman,John,,Boozman,,,6,2011-01-05,2017-01-03,AR,3,Republican,,R,,,senior,legislators-current.json,AR_CLASS_3
B001236,S343,400040,H2AR03176|S0AR00150,John Boozman,John,,Boozman,,,7,2017-01-03,2023-01-03,AR,3,Republican,,R,,,senior,legislators-current.json,AR_CLASS_3
B001236,S343,400040,H2AR03176|S0AR00150,John Boozman,John,,Boozman,,,8,2023-01-03,2029-01-03,AR,3,Republican,,R,,,senior,legislators-current.json,AR_CLASS_3
A000319,,400965,,Henry Fountain Ashurst,Henry,Fountain,Ashurst,,,1,1912-03-27,1917-03-03,AZ,1,Democrat,,D,,,,legislators-historical.json,AZ_CLASS_1
A000319,,400965,,Henry Fountain Ashurst,Henry,Fountain,Ashurst,,,2,1917-04-02,1923-03-03,AZ,1,Democrat,,D,,,,legislators-historical.json,AZ_CLASS_1
A000319,,400965,,Henry Fountain Ashurst,Henry,Fountain,Ashurst,,,3,1923-12-03,1929-03-03,AZ,1,Democrat,,D,,,,legislators-historical.json,AZ_CLASS_1
A000319,,400965,,Henry Fountain Ashurst,Henry,Fountain,Ashurst,,,4,1929-04-15,1935-01-03,AZ,1,Democrat,,D,,,,legislators-historical.json,AZ_CLASS_1
A000319,,400965,,Henry Fountain Ashurst,Henry,Fountain,Ashurst,,,5,1935-01-03,1941-01-03,AZ,1,Democrat,,D,,,,legislators-historical.json,AZ_CLASS_1
M000438,,407437,,Ernest William McFarland,Ernest,William,McFarland,,,1,1941-01-03,1947-01-03,AZ,1,Democrat,,D,,,,legislators-historical.json,AZ_CLASS_1
M000438,,407437,,Ernest William McFarland,Ernest,William,McFarland,,,2,1947-01-03,1953-01-03,AZ,1,Democrat,,D,,,,legislators-historical.json,AZ_CLASS_1
G000267,,404629,,Barry Morris Goldwater,Barry,Morris,Goldwater,,,1,1953-01-03,1959-01-03,AZ,1,Republican,,R,,,,legislators-historical.json,AZ_CLASS_1
G000267,,404629,,Barry Morris Goldwater,Barry,Morris,Goldwater,,,2,1959-01-07,1965-01-03,AZ,1,Republican,,R,,,,legislators-historical.json,AZ_CLASS_1
F000013,,403975,,Paul Jones Fannin,Paul,Jones,Fannin,,,1,1965-01-04,1971-01-03,AZ,1,Republican,,R,,,,legislators-historical.json,AZ_CLASS_1
F000013,,403975,,Paul Jones Fannin,Paul,Jones,Fannin,,,2,1971-01-21,1977-01-03,AZ,1,Republican,,R,,,,legislators-historical.json,AZ_CLASS_1
D000185,S102,403346,,Dennis Webster DeConcini,Dennis,Webster,DeConcini,,,1,1977-01-04,1983-01-03,AZ,1,Democrat,,D,,,,legislators-historical.json,AZ_CLASS_1
D000185,S102,403346,,Dennis Webster DeConcini,Dennis,Webster,DeConcini,,,2,1983-01-03,1989-01-03,AZ,1,Democrat,,D,,,,legislators-historical.json,AZ_CLASS_1
D000185,S102,403346,,Dennis Webster DeConcini,Dennis,Webster,DeConcini,,,3,1989-01-03,1995-01-03,AZ,1,Democrat,,D,,,,legislators-historical.json,AZ_CLASS_1
K000352,S243,300062,S4AZ00030,Jon Kyl,Jon,,Kyl,,,5,1995-01-04,2001-01-03,AZ,1,Republican,,R,,,,legislators-historical.json,AZ_CLASS_1
K000352,S243,300062,S4AZ00030,Jon Kyl,Jon,,Kyl,,,6,2001-01-03,2007-01-03,AZ,1,Republican,,R,,,,legislators-historical.json,AZ_CLASS_1
K000352,S243,300062,S4AZ00030,Jon Kyl,Jon,,Kyl,,,7,2007-01-04,2013-01-03,AZ,1,Republican,,R,,,,legislators-historical.json,AZ_CLASS_1
F000444,S358,400134,H0AZ01184|S2AZ00141,Jeff Flake,Jeff,,Flake,,,7,2013-01-03,2019-01-03,AZ,1,Republican,,R,,,senior,legislators-historical.json,AZ_CLASS_1
S001191,S403,412509,H2AZ09019|S8AZ00197,Kyrsten Sinema,Kyrsten,,Sinema,,,4,2019-01-03,2025-01-03,AZ,1,Independent,Democrat,D,,,senior,legislators-historical.json,AZ_CLASS_1
G000574,S432,412612,H4AZ07043|S4AZ00139,Ruben Gallego,Ruben,,Gallego,,,6,2025-01-03,2031-01-03,AZ,1,Democrat,,D,,,junior,legislators-current.json,AZ_CLASS_1
S000589,,410069,,Marcus Aurelius Smith,Marcus,Aurelius,Smith,,,9,1912-03-27,1915-03-03,AZ,3,Democrat,,D,,,,legislators-historical.json,AZ_CLASS_3
S000589,,410069,,Marcus Aurelius Smith,Marcus,Aurelius,Smith,,,10,1915-12-06,1921-03-03,AZ,3,Democrat,,D,,,,legislators-historical.json,AZ_CLASS_3
C000066,,402224,,Ralph Henry Cameron,Ralph,Henry,Cameron,,,3,1921-04-11,1927-03-04,AZ,3,Republican,,R,,,,legislators-historical.json,AZ_CLASS_3
H000385,,405253,,Carl Trumbull Hayden,Carl,Trumbull,Hayden,,,9,1927-12-05,1933-03-03,AZ,3,Democrat,,D,,,,legislators-historical.json,AZ_CLASS_3
H000385,,405253,,Carl Trumbull Hayden,Carl,Trumbull,Hayden,,,10,1933-03-09,1939-01-03,AZ,3,Democrat,,D,,,,legislators-historical.json,AZ_CLASS_3
H000385,,405253,,Carl Trumbull Hayden,Carl,Trumbull,Hayden,,,11,1939-01-03,1945-01-03,AZ,3,Democrat,,D,,,,legislators-historical.json,AZ_CLASS_3
H000385,,405253,,Carl Trumbull Hayden,Carl,Trumbull,Hayden,,,12,1945-01-03,1951-01-03,AZ,3,Democrat,,D,,,,legislators-historical.json,AZ_CLASS_3
H000385,,405253,,Carl Trumbull Hayden,Carl,Trumbull,Hayden,,,13,1951-01-03,1957-01-03,AZ,3,Democrat,,D,,,,legislators-historical.json,AZ_CLASS_3
H000385,,405253,,Carl Trumbull Hayden,Carl,Trumbull,Hayden,,,14,1957-01-03,1963-01-03,AZ,3,Democrat,,D,,,,legislators-historical.json,AZ_CLASS_3
H000385,,405253,,Carl Trumbull Hayden,Carl,Trumbull,Hayden,,,15,1963-01-09,1969-01-03,AZ,3,Democrat,,D,,,,legislators-historical.json,AZ_CLASS_3
G000267,,404629,,Barry Morris Goldwater,Barry,Morris,Goldwater,,,3,1969-01-03,1975-01-03,AZ,3,Republican,,R,,,,legislators-historical.json,AZ_CLASS_3
G000267,,404629,,Barry Morris Goldwater,Barry,Morris,Goldwater,,,4,1975-01-14,1981-01-03,AZ,3,Republican,,R,,,,legislators-historical.json,AZ_CLASS_3
G000267,,404629,,Barry Morris Goldwater,Barry,Morris,Goldwater,,,5,1981-01-05,1987-01-03,AZ,3,Republican,,R,,,,legislators-historical.json,AZ_CLASS_3
M000303,S197,300071,S6AZ00019|P80002801,John McCain,John,S.,McCain,,,3,1987-01-06,1993-01-03,AZ,3,Republican,,R,,,,legislators-historical.json,AZ_CLASS_3
M000303,S197,300071,S6AZ00019|P80002801,John McCain,John,S.,McCain,,,4,1993-01-05,1999-01-03,AZ,3,Republican,,R,,,,legislators-historical.json,AZ_CLASS_3
M000303,S197,300071,S6AZ00019|P80002801,John McCain,John,S.,McCain,,,5,1999-01-06,2005-01-03,AZ,3,Republican,,R,,,,legislators-historical.json,AZ_CLASS_3
M000303,S197,300071,S6AZ00019|P80002801,John McCain,John,S.,McCain,,,6,2005-01-04,2011-01-03,AZ,3,Republican,,R,,,,legislators-historical.json,AZ_CLASS_3
M000303,S197,300071,S6AZ00019|P80002801,John McCain,John,S.,McCain,,,7,2011-01-05,2017-01-03,AZ,3,Republican,,R,,,senior,legislators-historical.json,AZ_CLASS_3
M000303,S197,300071,S6AZ00019|P80002801,John McCain,John,S.,McCain,,,8,2017-01-03,2018-08-25,AZ,3,Republican,,R,,,senior,legislators-historical.json,AZ_CLASS_3
K000352,S243,300062,S4AZ00030,Jon Kyl,Jon,,Kyl,,,8,2018-09-05,2018-12-31,AZ,3,Republican,,R,appointment,,junior,legislators-historical.json,AZ_CLASS_3
M001197,S400,412611,S8AZ00221|H2AZ08102,Martha McSally,Martha,,McSally,,,3,2019-01-03,2020-12-02,AZ,3,Republican,,R,appointment,special-election,junior,legislators-historical.json,AZ_CLASS_3
K000377,S406,456794,S0AZ00350,Mark Kelly,Mark,,Kelly,,,1,2020-12-02,2023-01-03,AZ,3,Democrat,,D,special-election,,junior,legislators-current.json,AZ_CLASS_3
K000377,S406,456794,S0AZ00350,Mark Kelly,Mark,,Kelly,,,2,2023-01-03,2029-01-03,AZ,3,Democrat,,D,,,senior,legislators-current.json,AZ_CLASS_3
F000374,,404319,,John Charles Frémont,John,Charles,Frémont,,,1,1850-01-01,1851-03-03,CA,1,Democrat,,D,,,,legislators-historical.json,CA_CLASS_1
W000274,,411439,,John B. Weller,John,B.,Weller,,,4,1852-01-01,1857-03-03,CA,1,Democrat,,D,,,,legislators-historical.json,CA_CLASS_1
B000857,,401814,,David Colbreth Broderick,David,Colbreth,Broderick,,,1,1857-03-04,1859-09-16,CA,1,Democrat,,D,,,,legislators-historical.json,CA_CLASS_1
H000353,,405222,,Henry Peter Haun,Henry,Peter,Haun,,,1,1859-11-03,1860-03-04,CA,1,Democrat,,D,,,,legislators-historical.json,CA_CLASS_1
L000110,,406617,,Milton Slocum Latham,Milton,Slocum,Latham,,,2,1860-03-05,1863-03-03,CA,1,Democrat,,D,,,,legislators-historical.json,CA_CLASS_1
C000695,,402820,,John Conness,John,,Conness,,,1,1863-12-07,1869-03-03,CA,1,Republican,,R,,,,legislators-historical.json,CA_CLASS_1
C000236,,402381,,Eugene Casserly,Eugene,,Casserly,,,1,1869-03-04,1873-11-29,CA,1,Democrat,,D,,,,legislators-historical.json,CA_CLASS_1
H000016,,404901,,John Sharpenstein Hager,John,Sharpenstein,Hager,,,1,1873-12-23,1875-03-03,CA,1,Democrat,,D,,,,legislators-historical.json,CA_CLASS_1
B000630,,401595,,Newton Booth,Newton,,Booth,,,1,1875-12-06,1881-03-03,CA,1,Republican,,R,,,,legislators-historical.json,CA_CLASS_1
M000740,,407717,,John Franklin Miller,John,Franklin,Miller,,,1,1881-03-04,1886-03-08,CA,1,Republican,,R,,,,legislators-historical.json,CA_CLASS_1
H000428,,405294,,George Hearst,George,,Hearst,,,1,1886-03-23,1886-08-04,CA,1,Democrat,,D,,,,legislators-historical.json,CA_CLASS_1
W000486,,411643,,Abram Pease Williams,Abram,Pease,Williams,,,1,1886-08-04,1887-03-03,CA,1,Republican,,R,,,,legislators-historical.json,CA_CLASS_1
H000428,,405294,,George Hearst,George,,Hearst,,,2,1887-03-04,1891-02-28,CA,1,Democrat,,D,,,,legislators-historical.json,CA_CLASS_1
F000068,,404026,,Charles Norton Felton,Charles,Norton,Felton,,,3,1891-03-19,1893-03-03,CA,1,Republican,,R,,,,legislators-historical.json,CA_CLASS_1
W000394,,411554,,Stephen Mallory White,Stephen,Mallory,White,,,1,1893-08-07,1899-03-03,CA,1,Democrat,,D,,,,legislators-historical.json,CA_CLASS_1
B000138,,401139,,Thomas Robert Bard,Thomas,Robert,Bard,,,1,1900-02-07,1905-03-03,CA,1,Republican,,R,,,,legislators-historical.json,CA_CLASS_1
F000207,,404162,,Frank Putnam Flint,Frank,Putnam,Flint,,,1,1905-12-04,1911-03-03,CA,1,Republican,,R,,,,legislators-historical.json,CA_CLASS_1
W000743,,411892,,John Downey Works,John,Downey,Works,,,1,1911-04-04,1917-03-03,CA,1,Republican,,R,,,,legislators-historical.json,CA_CLASS_1
J000140,,406039,,Hiram Warren Johnson,Hiram,Warren,Johnson,,,1,1917-04-02,1923-03-03,CA,1,Republican,,R,,,,legislators-historical.json,CA_CLASS_1
J000140,,406039,,Hiram Warren Johnson,Hiram,Warren,Johnson,,,2,1923-12-03,1929-03-03,CA,1,Republican,,R,,,,legislators-historical.json,CA_CLASS_1
J000140,,406039,,Hiram Warren Johnson,Hiram,Warren,Johnson,,,3,1929-04-15,1935-01-03,CA,1,Republican,,R,,,,legislators-historical.json,CA_CLASS_1
J000140,,406039,,Hiram Warren Johnson,Hiram,Warren,Johnson,,,4,1935-01-03,1941-01-03,CA,1,Republican,,R,,,,legislators-historical.json,CA_CLASS_1
J000140,,406039,,Hiram Warren Johnson,Hiram,Warren,Johnson,,,5,1941-01-03,1945-08-06,CA,1,Republican,,R,,,,legislators-historical.json,CA_CLASS_1
K000292,,406448,,William Fife Knowland,William,Fife,Knowland,,,1,1945-08-26,1947-01-03,CA,1,Republican,,R,appointment,,,legislators-historical.json,CA_CLASS_1
K000292,,406448,,William Fife Knowland,William,Fife,Knowland,,,2,1947-01-03,1953-01-03,CA,1,Republican,,R,,,,legislators-historical.json,CA_CLASS_1
K000292,,406448,,William Fife Knowland,William,Fife,Knowland,,,3,1953-01-03,1959-01-03,CA,1,Republican,,R,,,,legislators-historical.json,CA_CLASS_1
E000181,,403870,,Clair Engle,Clair,,Engle,,,9,1959-01-03,1964-07-30,CA,1,Democrat,,D,,,,legislators-historical.json,CA_CLASS_1
S000016,,409536,,Pierre Emil George Salinger,Pierre,Emil George,Salinger,,,1,1964-08-04,1964-12-31,CA,1,Democrat,,D,appointment,,,legislators-historical.json,CA_CLASS_1
M001092,,408056,,George Lloyd Murphy,George,Lloyd,Murphy,,,1,1965-01-04,1971-01-03,CA,1,Republican,,R,,,,legislators-historical.json,CA_CLASS_1
T000410,,410979,,John Varick Tunney,John,Varick,Tunney,,,4,1971-01-21,1977-01-03,CA,1,Democrat,,D,,,,legislators-historical.json,CA_CLASS_1
H000384,,405252,,Samuel Ichiye Hayakawa,Samuel,Ichiye,Hayakawa,,,1,1977-01-04,1983-01-03,CA,1,Republican,,R,,,,legislators-historical.json,CA_CLASS_1
W000607,S165,411762,,Pete Wilson,Pete,,Wilson,,,1,1983-01-03,1989-01-03,CA,1,Republican,,R,,,,legislators-historical.json,CA_CLASS_1
W000607,S165,411762,,Pete Wilson,Pete,,Wilson,,,2,1989-01-03,1991-01-07,CA,1,Republican,,R,,,,legislators-historical.json,CA_CLASS_1
S000269,S218,409770,,John Seymour,John,,Seymour,,,1,1991-01-07,1992-11-03,CA,1,Republican,,R,appointment,,,legislators-historical.json,CA_CLASS_1
F000062,S221,300043,S0CA00199,Dianne Feinstein,Dianne,,Feinstein,,,1,1992-11-04,1995-01-03,CA,1,Democrat,,D,,,,legislators-historical.json,CA_CLASS_1
F000062,S221,300043,S0CA00199,Dianne Feinstein,Dianne,,Feinstein,,,2,1995-01-04,2001-01-03,CA,1,Democrat,,D,,,,legislators-historical.json,CA_CLASS_1
F000062,S221,300043,S0CA00199,Dianne Feinstein,Dianne,,Feinstein,,,3,2001-01-03,2007-01-03,CA,1,Democrat,,D,,,,legislators-historical.json,CA_CLASS_1
F000062,S221,300043,S0CA00199,Dianne Feinstein,Dianne,,Feinstein,,,4,2007-01-04,2013-01-03,CA,1,Democrat,,D,,,,legislators-historical.json,CA_CLASS_1
F000062,S221,300043,S0CA00199,Dianne Feinstein,Dianne,,Feinstein,,,5,2013-01-03,2019-01-03,CA,1,Democrat,,D,,,senior,legislators-historical.json,CA_CLASS_1
F000062,S221,300043,S0CA00199,Dianne Feinstein,Dianne,,Feinstein,,,6,2019-01-03,2023-09-28,CA,1,Democrat,,D,,,senior,legislators-historical.json,CA_CLASS_1
B001320,S424,456954,,Laphonza R. Butler,Laphonza,Romanique,Butler,,,1,2023-10-03,2024-12-08,CA,1,Democrat,,D,appointment,special-election,junior,legislators-historical.json,CA_CLASS_1
S001150,S427,400361,H0CA27085|S4CA00555,Adam B. Schiff,Adam,B.,Schiff,,,13,2024-12-09,2025-01-03,CA,1,Democrat,,D,special-election,,junior,legislators-current.json,CA_CLASS_1
S001150,S427,400361,H0CA27085|S4CA00555,Adam B. Schiff,Adam,B.,Schiff,,,14,2025-01-03,2031-01-03,CA,1,Democrat,,D,,,junior,legislators-current.json,CA_CLASS_1
G000540,,404883,,William McKendree Gwin,William,McKendree,Gwin,,,2,1850-09-10,1855-03-03,CA,3,Democrat,,D,,,,legislators-historical.json,CA_CLASS_3
G000540,,404883,,William McKendree Gwin,William,McKendree,Gwin,,,3,1857-12-07,1861-03-03,CA,3,Democrat,,D,,,,legislators-historical.json,CA_CLASS_3
M000416,,407416,,James Alexander McDougall,James,Alexander,McDougall,,,2,1861-07-04,1867-03-03,CA,3,Democrat,,D,,,,legislators-historical.json,CA_CLASS_3
C000607,,402736,,Cornelius Cole,Cornelius,,Cole,,,2,1867-03-04,1873-03-03,CA,3,Republican,,R,,,,legislators-historical.json,CA_CLASS_3
S000065,,409577,,Aaron Augustus Sargent,Aaron,Augustus,Sargent,,,4,1873-12-01,1879-03-03,CA,3,Republican,,R,,,,legislators-historical.json,CA_CLASS_3
F000020,,403982,,James Thompson Farley,James,Thompson,Farley,,,1,1879-03-18,1885-03-03,CA,3,Democrat,,D,,,,legislators-historical.json,CA_CLASS_3
S000793,,410259,,Leland Stanford,Leland,,Stanford,,,1,1885-12-07,1891-03-03,CA,3,Republican,,R,,,,legislators-historical.json,CA_CLASS_3
S000793,,410259,,Leland Stanford,Leland,,Stanford,,,2,1891-12-07,1893-06-21,CA,3,Republican,,R,,,,legislators-historical.json,CA_CLASS_3
P000232,,408635,,George Clement Perkins,George,Clement,Perkins,,,1,1893-07-26,1897-03-03,CA,3,Republican,,R,,,,legislators-historical.json,CA_CLASS_3
P000232,,408635,,George Clement Perkins,George,Clement,Perkins,,,2,1897-03-15,1903-03-03,CA,3,Republican,,R,,,,legislators-historical.json,CA_CLASS_3
P000232,,408635,,George Clement Perkins,George,Clement,Perkins,,,3,1903-11-09,1909-03-03,CA,3,Republican,,R,,,,legislators-historical.json,CA_CLASS_3
P000232,,408635,,George Clement Perkins,George,Clement,Perkins,,,4,1909-03-15,1915-03-03,CA,3,Republican,,R,,,,legislators-historical.json,CA_CLASS_3
P000290,,408690,,James Duval Phelan,James,Duval,Phelan,,,1,1915-12-06,1921-03-03,CA,3,Democrat,,D,,,,legislators-historical.json,CA_CLASS_3
S000380,,409874,,Samuel Morgan Shortridge,Samuel,Morgan,Shortridge,,,1,1921-04-11,1927-03-04,CA,3,Republican,,R,,,,legislators-historical.json,CA_CLASS_3
S000380,,409874,,Samuel Morgan Shortridge,Samuel,Morgan,Shortridge,,,2,1927-12-05,1933-03-03,CA,3,Republican,,R,,,,legislators-historical.json,CA_CLASS_3
M000293,,407308,,William Gibbs McAdoo,William,Gibbs,McAdoo,,,1,1933-03-04,1938-11-08,CA,3,Democrat,,D,,,,legislators-historical.json,CA_CLASS_3
S000973,,410432,,Thomas More Storke,Thomas,More,Storke,,,1,1938-11-09,1939-01-03,CA,3,Democrat,,D,appointment,,,legislators-historical.json,CA_CLASS_3
D000469,,403579,,Sheridan Downey,Sheridan,,Downey,,,1,1939-01-03,1945-01-03,CA,3,Democrat,,D,,,,legislators-historical.json,CA_CLASS_3
D000469,,403579,,Sheridan Downey,Sheridan,,Downey,,,2,1945-01-03,1950-11-30,CA,3,Democrat,,D,,,,legislators-historical.json,CA_CLASS_3
N000116,,408200,,Richard Milhous Nixon,Richard,Milhous,Nixon,,,3,1950-12-01,1951-01-03,CA,3,Republican,,R,,,,legislators-historical.json,CA_CLASS_3
N000116,,408200,,Richard Milhous Nixon,Richard,Milhous,Nixon,,,4,1951-01-03,1953-01-01,CA,3,Republican,,R,,,,legislators-historical.json,CA_CLASS_3
K000335,,406489,,Thomas Henry Kuchel,Thomas,Henry,Kuchel,,,1,1953-01-02,1957-01-03,CA,3,Republican,,R,appointment,,,legislators-historical.json,CA_CLASS_3
K000335,,406489,,Thomas Henry Kuchel,Thomas,Henry,Kuchel,,,2,1957-01-03,1963-01-03,CA,3,Republican,,R,,,,legislators-historical.json,CA_CLASS_3
K000335,,406489,,Thomas Henry Kuchel,Thomas,Henry,Kuchel,,,3,1963-01-09,1969-01-03,CA,3,Republican,,R,,,,legislators-historical.json,CA_CLASS_3
C000877,S023,402990,,Alan Cranston,Alan,,Cranston,,,1,1969-01-03,1975-01-03,CA,3,Democrat,,D,,,,legislators-historical.json,CA_CLASS_3
C000877,S023,402990,,Alan Cranston,Alan,,Cranston,,,2,1975-01-14,1981-01-03,CA,3,Democrat,,D,,,,legislators-historical.json,CA_CLASS_3
C000877,S023,402990,,Alan Cranston,Alan,,Cranston,,,3,1981-01-05,1987-01-03,CA,3,Democrat,,D,,,,legislators-historical.json,CA_CLASS_3
C000877,S023,402990,,Alan Cranston,Alan,,Cranston,,,4,1987-01-06,1993-01-03,CA,3,Democrat,,D,,,,legislators-historical.json,CA_CLASS_3
B000711,S223,300011,S2CA00286|H2CA06028|P80003247,Barbara Boxer,Barbara,,Boxer,,,6,1993-01-05,1999-01-03,CA,3,Democrat,,D,,,,legislators-historical.json,CA_CLASS_3
B000711,S223,300011,S2CA00286|H2CA06028|P80003247,Barbara Boxer,Barbara,,Boxer,,,7,1999-01-06,2005-01-03,CA,3,Democrat,,D,,,,legislators-historical.json,CA_CLASS_3
B000711,S223,300011,S2CA00286|H2CA06028|P80003247,Barbara Boxer,Barbara,,Boxer,,,8,2005-01-04,2011-01-03,CA,3,Democrat,,D,,,,legislators-historical.json,CA_CLASS_3
B000711,S223,300011,S2CA00286|H2CA06028|P80003247,Barbara Boxer,Barbara,,Boxer,,,9,2011-01-05,2017-01-03,CA,3,Democrat,,D,,,junior,legislators-historical.json,CA_CLASS_3
H001075,S387,412678,S6CA00584,Kamala D. Harris,Kamala,,Harris,,,1,2017-01-03,2021-01-18,CA,3,Democrat,,D,,,junior,legislators-historical.json,CA_CLASS_3
P000145,S413,456856,S2CA00955,Alex Padilla,Alejandro,,Padilla,,Alex,1,2021-01-20,2022-12-21,CA,3,Democrat,,D,appointment,,junior,legislators-current.json,CA_CLASS_3
P000145,S413,456856,S2CA00955,Alex Padilla,Alejandro,,Padilla,,Alex,2,2022-12-22,2023-01-03,CA,3,Democrat,,D,special-election,,junior,legislators-current.json,CA_CLASS_3
P000145,S413,456856,S2CA00955,Alex Padilla,Alejandro,,Padilla,,Alex,3,2023-01-03,2029-01-03,CA,3,Democrat,,D,,,senior,legislators-current.json,CA_CLASS_3
T000116,,410698,,Henry Moore Teller,Henry,Moore,Teller,,,1,1876-11-15,1877-03-03,CO,2,Republican,,R,,,,legislators-historical.json,CO_CLASS_2
T000116,,410698,,Henry Moore Teller,Henry,Moore,Teller,,,2,1877-12-05,1882-04-17,CO,2,Republican,,R,,,,legislators-historical.json,CO_CLASS_2
C000352,,402491,,George Miles Chilcott,George,Miles,Chilcott,,,2,1882-04-17,1883-01-27,CO,2,Republican,,R,,,,legislators-historical.json,CO_CLASS_2
T000004,,410594,,Horace Austin Warner Tabor,Horace,Austin Warner,Tabor,,,1,1883-01-27,1883-03-03,CO,2,Republican,,R,,,,legislators-historical.json,CO_CLASS_2
B000686,,401648,,Thomas Mead Bowen,Thomas,Mead,Bowen,,,1,1883-03-04,1889-03-03,CO,2,Republican,,R,,,,legislators-historical.json,CO_CLASS_2
W000667,,411820,,Edward Oliver Wolcott,Edward,Oliver,Wolcott,,,1,1889-12-02,1895-03-03,CO,2,Republican,,R,,,,legislators-historical.json,CO_CLASS_2
W000667,,411820,,Edward Oliver Wolcott,Edward,Oliver,Wolcott,,,2,1895-12-02,1901-03-03,CO,2,Republican,,R,,,,legislators-historical.json,CO_CLASS_2
P000130,,408537,,Thomas MacDonald Patterson,Thomas,MacDonald,Patterson,,,3,1901-12-02,1907-03-03,CO,2,Democrat,,D,,,,legislators-historical.json,CO_CLASS_2
G000520,,404865,,Simon Guggenheim,Simon,,Guggenheim,,,1,1907-12-02,1913-03-03,CO,2,Republican,,R,,,,legislators-historical.json,CO_CLASS_2
S000279,,409778,,John Franklin Shafroth,John,Franklin,Shafroth,,,6,1913-04-07,1919-03-03,CO,2,Democrat,,D,,,,legislators-historical.json,CO_CLASS_2
P000317,,408716,,Lawrence Cowle Phipps,Lawrence,Cowle,Phipps,,,1,1919-05-19,1925-03-03,CO,2,Republican,,R,,,,legislators-historical.json,CO_CLASS_2
P000317,,408716,,Lawrence Cowle Phipps,Lawrence,Cowle,Phipps,,,2,1925-12-07,1931-03-03,CO,2,Republican,,R,,,,legislators-historical.json,CO_CLASS_2
C000797,,402916,,Edward Prentiss Costigan,Edward,Prentiss,Costigan,,,1,1931-12-07,1937-01-03,CO,2,Democrat,,D,,,,legislators-historical.json,CO_CLASS_2
J000127,,406026,,Edwin Carl Johnson,Edwin,Carl,Johnson,,,1,1937-01-05,1943-01-03,CO,2,Democrat,,D,,,,legislators-historical.json,CO_CLASS_2
J000127,,406026,,Edwin Carl Johnson,Edwin,Carl,Johnson,,,2,1943-01-06,1949-01-03,CO,2,Democrat,,D,,,,legislators-historical.json,CO_CLASS_2
J000127,,406026,,Edwin Carl Johnson,Edwin,Carl,Johnson,,,3,1949-01-03,1955-01-03,CO,2,Democrat,,D,,,,legislators-historical.json,CO_CLASS_2
A000161,,400816,,Gordon Llewellyn Allott,Gordon,Llewellyn,Allott,,,1,1955-01-05,1961-01-03,CO,2,Republican,,R,,,,legislators-historical.json,CO_CLASS_2
A000161,,400816,,Gordon Llewellyn Allott,Gordon,Llewellyn,Allott,,,2,1961-01-03,1967-01-03,CO,2,Republican,,R,,,,legislators-historical.json,CO_CLASS_2
A000161,,400816,,Gordon Llewellyn Allott,Gordon,Llewellyn,Allott,,,3,1967-01-10,1973-01-03,CO,2,Republican,,R,,,,legislators-historical.json,CO_CLASS_2
H000317,,405190,,Floyd Kirk Haskell,Floyd,Kirk,Haskell,,,1,1973-01-03,1979-01-03,CO,2,Democrat,,D,,,,legislators-historical.json,CO_CLASS_2
A000219,S134,400927,,William Lester Armstrong,William,Lester,Armstrong,,,4,1979-01-15,1985-01-03,CO,2,Republican,,R,,,,legislators-historical.json,CO_CLASS_2
A000219,S134,400927,,William Lester Armstrong,William,Lester,Armstrong,,,5,1985-01-03,1991-01-03,CO,2,Republican,,R,,,,legislators-historical.json,CO_CLASS_2
B000919,S214,401874,,George Hanks Hank Brown,George,Hanks,Brown,,Hank,6,1991-01-03,1997-01-03,CO,2,Republican,,R,,,,legislators-historical.json,CO_CLASS_2
A000109,S250,300003,S6CO00168,Wayne A. Allard,Wayne,A.,Allard,,,4,1997-01-07,2003-01-03,CO,2,Republican,,R,,,,legislators-historical.json,CO_CLASS_2
A000109,S250,300003,S6CO00168,Wayne A. Allard,Wayne,A.,Allard,,,5,2003-01-07,2009-01-03,CO,2,Republican,,R,,,,legislators-historical.json,CO_CLASS_2
U000038,S325,400412,H8CO02087|S8CO00172,Mark Udall,Mark,E.,Udall,,,6,2009-01-06,2015-01-03,CO,2,Democrat,,D,,,senior,legislators-historical.json,CO_CLASS_2
G000562,S377,412406,H0CO04122|S4CO00395,Cory Gardner,Cory,,Gardner,,,3,2015-01-06,2021-01-03,CO,2,Republican,,R,,,junior,legislators-historical.json,CO_CLASS_2
H000273,S408,456797,S0CO00575,John W. Hickenlooper,John,Wright,Hickenlooper,,,1,2021-01-03,2027-01-03,CO,2,Democrat,,D,,,junior,legislators-current.json,CO_CLASS_2
C000271,,402414,,Jerome Bunty Chaffee,Jerome,Bunty,Chaffee,,,3,1876-01-01,1879-03-03,CO,3,Republican,,R,,,,legislators-historical.json,CO_CLASS_3
H000603,,405464,,Nathaniel Peter Hill,Nathaniel,Peter,Hill,,,1,1879-03-18,1885-03-03,CO,3,Republican,,R,,,,legislators-historical.json,CO_CLASS_3
T000116,,410698,,Henry Moore Teller,Henry,Moore,Teller,,,3,1885-12-07,1891-03-03,CO,3,Republican,,R,,,,legislators-historical.json,CO_CLASS_3
T000116,,410698,,Henry Moore Teller,Henry,Moore,Teller,,,4,1891-12-07,1897-03-03,CO,3,Republican,,R,,,,legislators-historical.json,CO_CLASS_3
T000116,,410698,,Henry Moore Teller,Henry,Moore,Teller,,,5,1897-03-15,1903-03-03,CO,3,Democrat,,D,,,,legislators-historical.json,CO_CLASS_3
T000116,,410698,,Henry Moore Teller,Henry,Moore,Teller,,,6,1903-11-09,1909-03-03,CO,3,Democrat,,D,,,,legislators-historical.json,CO_CLASS_3
H000919,,405764,,Charles James Hughes Jr.,Charles,James,Hughes,Jr.,,1,1909-03-15,1911-01-11,CO,3,Democrat,,D,,,,legislators-historical.json,CO_CLASS_3
T000160,,410742,,Charles Spalding Thomas,Charles,Spalding,Thomas,,,1,1913-04-07,1915-03-03,CO,3,Democrat,,D,,,,legislators-historical.json,CO_CLASS_3
T000160,,410742,,Charles Spalding Thomas,Charles,Spalding,Thomas,,,2,1915-12-06,1921-03-03,CO,3,Democrat,,D,,,,legislators-historical.json,CO_CLASS_3
N000101,,408186,,Samuel Danford Nicholson,Samuel,Danford,Nicholson,,,1,1921-04-11,1923-03-24,CO,3,Republican,,R,,,,legislators-historical.json,CO_CLASS_3
A000028,,400689,,Alva Blanchard Adams,Alva,Blanchard,Adams,,,1,1923-05-17,1924-11-30,CO,3,Democrat,,D,appointment,,,legislators-historical.json,CO_CLASS_3
M000621,,407610,,Rice William Means,Rice,William,Means,,,1,1924-12-01,1927-03-03,CO,3,Republican,,R,,,,legislators-historical.json,CO_CLASS_3
W000186,,411359,,Charles Winfield Waterman,Charles,Winfield,Waterman,,,1,1927-03-04,1932-08-27,CO,3,Republican,,R,,,,legislators-historical.json,CO_CLASS_3
W000069,,411248,,Walter Walker,Walter,,Walker,,,1,1932-09-26,1932-12-06,CO,3,Democrat,,D,appointment,,,legislators-historical.json,CO_CLASS_3
S000152,,409659,,Karl Cortlandt Schuyler,Karl,Cortlandt,Schuyler,,,1,1932-12-07,1933-03-03,CO,3,Republican,,R,,,,legislators-historical.json,CO_CLASS_3
A000028,,400689,,Alva Blanchard Adams,Alva,Blanchard,Adams,,,2,1933-03-09,1939-01-03,CO,3,Democrat,,D,,,,legislators-historical.json,CO_CLASS_3
A000028,,400689,,Alva Blanchard Adams,Alva,Blanchard,Adams,,,3,1939-01-03,1941-12-01,CO,3,Democrat,,D,,,,legislators-historical.json,CO_CLASS_3
M000771,,407749,,Eugene Donald Millikin,Eugene,Donald,Millikin,,,1,1941-12-20,1945-01-03,CO,3,Republican,,R,appointment,,,legislators-historical.json,CO_CLASS_3
M000771,,407749,,Eugene Donald Millikin,Eugene,Donald,Millikin,,,2,1945-01-03,1951-01-03,CO,3,Republican,,R,,,,legislators-historical.json,CO_CLASS_3
M000771,,407749,,Eugene Donald Millikin,Eugene,Donald,Millikin,,,3,1951-01-03,1957-01-03,CO,3,Republican,,R,,,,legislators-historical.json,CO_CLASS_3
C000189,,402336,,John Albert Carroll,John,Albert,Carroll,,,3,1957-01-03,1963-01-03,CO,3,Democrat,,D,,,,legislators-historical.json,CO_CLASS_3
D000409,,403522,,Peter Hoyt Dominick,Peter,Hoyt,Dominick,,,2,1963-01-09,1969-01-03,CO,3,Republican,,R,,,,legislators-historical.json,CO_CLASS_3
D000409,,403522,,Peter Hoyt Dominick,Peter,Hoyt,Dominick,,,3,1969-01-03,1975-01-03,CO,3,Republican,,R,,,,legislators-historical.json,CO_CLASS_3
H000287,,405161,,Gary Warren Hart,Gary,Warren,Hart,,,1,1975-01-14,1981-01-03,CO,3,Democrat,,D,,,,legislators-historical.json,CO_CLASS_3
H000287,,405161,,Gary Warren Hart,Gary,Warren,Hart,,,2,1981-01-05,1987-01-03,CO,3,Democrat,,D,,,,legislators-historical.json,CO_CLASS_3
W000647,S181,411801,,Timothy E. Wirth,Timothy,E.,Wirth,,,7,1987-01-06,1993-01-03,CO,3,Democrat,,D,,,,legislators-historical.json,CO_CLASS_3
C000077,S225,300017,H6CO03097|S0CO00120,Ben Nighthorse Campbell,Ben,Nighthorse,Campbell,,,4,1993-01-05,1999-01-03,CO,3,Republican,,R,,,,legislators-historical.json,CO_CLASS_3
C000077,S225,300017,H6CO03097|S0CO00120,Ben Nighthorse Campbell,Ben,Nighthorse,Campbell,,,5,1999-01-06,2005-01-03,CO,3,Republican,,R,,,,legislators-historical.json,CO_CLASS_3
S001163,S297,400619,S4CO00163,Ken Salazar,Ken,,Salazar,,,1,2005-01-04,2009-01-21,CO,3,Democrat,,D,,,,legislators-historical.json,CO_CLASS_3
B001267,S330,412330,S0CO00211,Michael F. Bennet,Michael,F.,Bennet,,,1,2009-01-22,2011-01-03,CO,3,Democrat,,D,appointment,,,legislators-current.json,CO_CLASS_3
B001267,S330,412330,S0CO00211,Michael F. Bennet,Michael,F.,Bennet,,,2,2011-01-05,2017-01-03,CO,3,Democrat,,D,,,senior,legislators-current.json,CO_CLASS_3
B001267,S330,412330,S0CO00211,Michael F. Bennet,Michael,F.,Bennet,,,3,2017-01-03,2023-01-03,CO,3,Democrat,,D,,,senior,legislators-current.json,CO_CLASS_3
B001267,S330,412330,S0CO00211,Michael F. Bennet,Michael,F.,Bennet,,,4,2023-01-03,2029-01-03,CO,3,Democrat,,D,,,senior,legislators-current.json,CO_CLASS_3
E000147,,403838,,Oliver Ellsworth,Oliver,,Ellsworth,,,1,1789-03-04,1791-03-03,CT,1,Pro-Administration,,Other,,,,legislators-historical.json,CT_CLASS_1
E000147,,403838,,Oliver Ellsworth,Oliver,,Ellsworth,,,2,1791-10-24,1796-03-08,CT,1,Federalist,,Other,,,,legislators-historical.json,CT_CLASS_1
H000618,,405477,,James Hillhouse,James,,Hillhouse,,,4,1796-05-18,1797-03-03,CT,1,Federalist,,Other,,,,legislators-historical.json,CT_CLASS_1
H000618,,405477,,James Hillhouse,James,,Hillhouse,,,5,1797-03-04,1803-03-03,CT,1,Federalist,,Other,,,,legislators-historical.json,CT_CLASS_1
H000618,,405477,,James Hillhouse,James,,Hillhouse,,,6,1803-03-04,1809-03-03,CT,1,Federalist,,Other,,,,legislators-historical.json,CT_CLASS_1
H000618,,405477,,James Hillhouse,James,,Hillhouse,,,7,1809-05-22,1810-06-10,CT,1,Federalist,,Other,,,,legislators-historical.json,CT_CLASS_1
D000024,,403165,,Samuel Whittlesey Dana,Samuel,Whittlesey,Dana,,,9,1810-12-04,1815-03-03,CT,1,Federalist,,Other,,,,legislators-historical.json,CT_CLASS_1
D000024,,403165,,Samuel Whittlesey Dana,Samuel,Whittlesey,Dana,,,10,1815-12-04,1821-03-03,CT,1,Federalist,,Other,,,,legislators-historical.json,CT_CLASS_1
B000577,,401548,,Elijah Boardman,Elijah,,Boardman,,,1,1821-03-04,1823-08-18,CT,1,Republican,,R,,,,legislators-historical.json,CT_CLASS_1
E000070,,403763,,Henry Waggaman Edwards,Henry,Waggaman,Edwards,,,3,1823-10-08,1827-03-03,CT,1,Jackson,,Other,,,,legislators-historical.json,CT_CLASS_1
F000247,,404205,,Samuel Augustus Foot,Samuel,Augustus,Foot,,,3,1827-12-03,1833-03-03,CT,1,Adams,,Other,,,,legislators-historical.json,CT_CLASS_1
S000594,,410074,,Nathan Smith,Nathan,,Smith,,,1,1833-03-04,1835-12-06,CT,1,Anti-Jacksonian,,Other,,,,legislators-historical.json,CT_CLASS_1
N000108,,408192,,John Milton Niles,John,Milton,Niles,,,1,1835-12-14,1839-03-03,CT,1,Democrat,,D,,,,legislators-historical.json,CT_CLASS_1
B000428,,401414,,Thaddeus Betts,Thaddeus,,Betts,,,1,1839-03-04,1840-04-07,CT,1,Whig,,Other,,,,legislators-historical.json,CT_CLASS_1
H000997,,405837,,Jabez Williams Huntington,Jabez,Williams,Huntington,,,4,1840-05-04,1845-03-03,CT,1,Whig,,Other,,,,legislators-historical.json,CT_CLASS_1
H000997,,405837,,Jabez Williams Huntington,Jabez,Williams,Huntington,,,5,1845-12-01,1847-11-02,CT,1,Whig,,Other,,,,legislators-historical.json,CT_CLASS_1
B000096,,401098,,Roger Sherman Baldwin,Roger,Sherman,Baldwin,,,1,1847-12-06,1851-03-03,CT,1,Whig,,Other,,,,legislators-historical.json,CT_CLASS_1
T000319,,410891,,Isaac Toucey,Isaac,,Toucey,,,3,1852-01-01,1857-03-03,CT,1,Democrat,,D,,,,legislators-historical.json,CT_CLASS_1
D000369,,403486,,James Dixon,James,,Dixon,,,3,1857-12-07,1863-03-03,CT,1,Republican,,R,,,,legislators-historical.json,CT_CLASS_1
D000369,,403486,,James Dixon,James,,Dixon,,,4,1863-12-07,1869-03-03,CT,1,Republican,,R,,,,legislators-historical.json,CT_CLASS_1
B001021,,401971,,William Alfred Buckingham,William,Alfred,Buckingham,,,1,1869-03-04,1875-03-03,CT,1,Republican,,R,,,,legislators-historical.json,CT_CLASS_1
E000028,,403723,,William Wallace Eaton,William,Wallace,Eaton,,,1,1875-12-06,1881-03-03,CT,1,Democrat,,D,,,,legislators-historical.json,CT_CLASS_1
H000377,,405245,,Joseph Roswell Hawley,Joseph,Roswell,Hawley,,,4,1881-12-05,1887-03-03,CT,1,Republican,,R,,,,legislators-historical.json,CT_CLASS_1
H000377,,405245,,Joseph Roswell Hawley,Joseph,Roswell,Hawley,,,5,1887-12-05,1893-03-03,CT,1,Republican,,R,,,,legislators-historical.json,CT_CLASS_1
H000377,,405245,,Joseph Roswell Hawley,Joseph,Roswell,Hawley,,,6,1893-08-07,1899-03-03,CT,1,Republican,,R,,,,legislators-historical.json,CT_CLASS_1
H000377,,405245,,Joseph Roswell Hawley,Joseph,Roswell,Hawley,,,7,1899-12-04,1905-03-03,CT,1,Republican,,R,,,,legislators-historical.json,CT_CLASS_1
B001044,,401994,,Morgan Gardner Bulkeley,Morgan,Gardner,Bulkeley,,,1,1905-12-04,1911-03-03,CT,1,Republican,,R,,,,legislators-historical.json,CT_CLASS_1
M000547,,407539,,George Payne McLean,George,Payne,McLean,,,1,1911-04-04,1917-03-03,CT,1,Republican,,R,,,,legislators-historical.json,CT_CLASS_1
M000547,,407539,,George Payne McLean,George,Payne,McLean,,,2,1917-04-02,1923-03-03,CT,1,Republican,,R,,,,legislators-historical.json,CT_CLASS_1
M000547,,407539,,George Payne McLean,George,Payne,McLean,,,3,1923-12-03,1929-03-03,CT,1,Republican,,R,,,,legislators-historical.json,CT_CLASS_1
W000032,,411211,,Frederic Collin Walcott,Frederic,Collin,Walcott,,,1,1929-04-15,1935-01-03,CT,1,Republican,,R,,,,legislators-historical.json,CT_CLASS_1
M000088,,407113,,Francis Thomas Maloney,Francis,Thomas,Maloney,,,2,1935-01-03,1941-01-03,CT,1,Democrat,,D,,,,legislators-historical.json,CT_CLASS_1
M000088,,407113,,Francis Thomas Maloney,Francis,Thomas,Maloney,,,3,1941-01-03,1945-01-16,CT,1,Democrat,,D,,,,legislators-historical.json,CT_CLASS_1
H000293,,405166,,Thomas Charles Hart,Thomas,Charles,Hart,,,1,1945-02-15,1946-11-05,CT,1,Republican,,R,appointment,,,legislators-historical.json,CT_CLASS_1
B000095,,401097,,Raymond Earl Baldwin,Raymond,Earl,Baldwin,,,1,1946-12-27,1947-01-03,CT,1,Republican,,R,,,,legislators-historical.json,CT_CLASS_1
B000095,,401097,,Raymond Earl Baldwin,Raymond,Earl,Baldwin,,,2,1947-01-03,1949-12-16,CT,1,Republican,,R,,,,legislators-historical.json,CT_CLASS_1
B000399,,401390,,William Benton,William,,Benton,,,1,1949-12-17,1953-01-03,CT,1,Democrat,,D,appointment,,,legislators-historical.json,CT_CLASS_1
P000575,,408958,,William Arthur Purtell,William,Arthur,Purtell,,,2,1953-01-03,1959-01-03,CT,1,Republican,,R,,,,legislators-historical.json,CT_CLASS_1
D000390,,403505,,Thomas Joseph Dodd,Thomas,Joseph,Dodd,,,3,1959-01-07,1965-01-03,CT,1,Democrat,,D,,,,legislators-historical.json,CT_CLASS_1
D000390,,403505,,Thomas Joseph Dodd,Thomas,Joseph,Dodd,,,4,1965-01-04,1971-01-03,CT,1,Democrat,,D,,,,legislators-historical.json,CT_CLASS_1
W000253,,411421,,Lowell Palmer Weicker Jr.,Lowell,Palmer,Weicker,Jr.,,2,1971-01-21,1977-01-03,CT,1,Republican,,R,,,,legislators-historical.json,CT_CLASS_1
W000253,,411421,,Lowell Palmer Weicker Jr.,Lowell,Palmer,Weicker,Jr.,,3,1977-01-04,1983-01-03,CT,1,Republican,,R,,,,legislators-historical.json,CT_CLASS_1
W000253,,411421,,Lowell Palmer Weicker Jr.,Lowell,Palmer,Weicker,Jr.,,4,1983-01-03,1989-01-03,CT,1,Republican,,R,,,,legislators-historical.json,CT_CLASS_1
L000304,S210,300067,S8CT00022,Joseph I. Lieberman,Joseph,I.,Lieberman,,,1,1989-01-03,1995-01-03,CT,1,Democrat,,D,,,,legislators-historical.json,CT_CLASS_1
L000304,S210,300067,S8CT00022,Joseph I. Lieberman,Joseph,I.,Lieberman,,,2,1995-01-04,2001-01-03,CT,1,Democrat,,D,,,,legislators-historical.json,CT_CLASS_1
L000304,S210,300067,S8CT00022,Joseph I. Lieberman,Joseph,I.,Lieberman,,,3,2001-01-03,2007-01-03,CT,1,Democrat,,D,,,,legislators-historical.json,CT_CLASS_1
L000304,S210,300067,S8CT00022,Joseph I. Lieberman,Joseph,I.,Lieberman,,,4,2007-01-04,2013-01-03,CT,1,Independent,Democrat,D,,,,legislators-historical.json,CT_CLASS_1
M001169,S364,412194,H6CT05124|S2CT00132,Christopher Murphy,Christopher,S.,Murphy,,,4,2013-01-03,2019-01-03,CT,1,Democrat,,D,,,junior,legislators-current.json,CT_CLASS_1
M001169,S364,412194,H6CT05124|S2CT00132,Christopher Murphy,Christopher,S.,Murphy,,,5,2019-01-03,2025-01-03,CT,1,Democrat,,D,,,junior,legislators-current.json,CT_CLASS_1
M001169,S364,412194,H6CT05124|S2CT00132,Christopher Murphy,Christopher,S.,Murphy,,,6,2025-01-03,2031-01-03,CT,1,Democrat,,D,,,junior,legislators-current.json,CT_CLASS_1
J000182,,406077,,William Samuel Johnson,William,Samuel,Johnson,,,1,1789-03-04,1791-12-31,CT,3,Pro-Administration,,Other,,,,legislators-historical.json,CT_CLASS_3
S000349,,409845,,Roger Sherman,Roger,,Sherman,,,2,1791-10-24,1793-12-31,CT,3,Pro-Administration,,Other,,,,legislators-historical.json,CT_CLASS_3
M000828,,407803,,Stephen Mix Mitchell,Stephen,Mix,Mitchell,,,1,1793-12-02,1795-03-03,CT,3,Pro-Administration,,Other,,,,legislators-historical.json,CT_CLASS_3
T000389,,410958,,Jonathan Trumbull Jr.,Jonathan,,Trumbull,Jr.,,4,1795-12-07,1797-03-03,CT,3,Federalist,,Other,,,,legislators-historical.json,CT_CLASS_3
T000348,,410919,,Uriah Tracy,Uriah,,Tracy,,,3,1796-10-13,1801-03-03,CT,3,Federalist,,Other,,,,legislators-historical.json,CT_CLASS_3
T000348,,410919,,Uriah Tracy,Uriah,,Tracy,,,4,1801-12-07,1807-03-03,CT,3,Federalist,,Other,,,,legislators-historical.json,CT_CLASS_3
G000293,,404652,,Chauncey Goodrich,Chauncey,,Goodrich,,,4,1807-10-26,1813-03-03,CT,3,Federalist,,Other,,,,legislators-historical.json,CT_CLASS_3
D000002,,403146,,David Daggett,David,,Daggett,,,1,1813-05-24,1819-03-03,CT,3,Federalist,,Other,,,,legislators-historical.json,CT_CLASS_3
L000083,,406592,,James Lanman,James,,Lanman,,,1,1819-12-06,1825-03-03,CT,3,Republican,,R,,,,legislators-historical.json,CT_CLASS_3
W000482,,411639,,Calvin Willey,Calvin,,Willey,,,1,1825-12-05,1831-03-03,CT,3,Adams,,Other,,,,legislators-historical.json,CT_CLASS_3
T000300,,410873,,Gideon Tomlinson,Gideon,,Tomlinson,,,5,1831-12-05,1837-03-03,CT,3,Anti-Jacksonian,,Other,,,,legislators-historical.json,CT_CLASS_3
S000600,,410078,,Perry Smith,Perry,,Smith,,,1,1837-09-04,1843-03-03,CT,3,Democrat,,D,,,,legislators-historical.json,CT_CLASS_3
N000108,,408192,,John Milton Niles,John,Milton,Niles,,,2,1843-12-04,1849-03-03,CT,3,Democrat,,D,,,,legislators-historical.json,CT_CLASS_3
S000621,,410096,,Truman Smith,Truman,,Smith,,,5,1849-12-03,1855-03-03,CT,3,Whig,,Other,,,,legislators-historical.json,CT_CLASS_3
G000204,,404568,,Francis Gillette,Francis,,Gillette,,,1,1854-01-01,1855-03-03,CT,3,Free Soil,,Other,,,,legislators-historical.json,CT_CLASS_3
F000308,,404257,,Lafayette Sabine Foster,Lafayette,Sabine,Foster,,,1,1855-12-03,1861-03-03,CT,3,Republican,,R,,,,legislators-historical.json,CT_CLASS_3
F000308,,404257,,Lafayette Sabine Foster,Lafayette,Sabine,Foster,,,2,1861-07-04,1867-03-03,CT,3,Republican,,R,,,,legislators-historical.json,CT_CLASS_3
F000094,,404051,,Orris Sanford Ferry,Orris,Sanford,Ferry,,,2,1867-03-04,1873-03-03,CT,3,Republican,,R,,,,legislators-historical.json,CT_CLASS_3
F000094,,404051,,Orris Sanford Ferry,Orris,Sanford,Ferry,,,3,1873-12-01,1875-12-31,CT,3,Republican,,R,,,,legislators-historical.json,CT_CLASS_3
E000185,,403874,,James Edward English,James,Edward,English,,,3,1875-12-06,1877-03-03,CT,3,Democrat,,D,,,,legislators-historical.json,CT_CLASS_3
B000166,,401168,,William Henry Barnum,William,Henry,Barnum,,,5,1876-01-01,1879-03-03,CT,3,Democrat,,D,,,,legislators-historical.json,CT_CLASS_3
P000382,,408776,,Orville Hitchcock Platt,Orville,Hitchcock,Platt,,,1,1879-03-18,1885-03-03,CT,3,Republican,,R,,,,legislators-historical.json,CT_CLASS_3
P000382,,408776,,Orville Hitchcock Platt,Orville,Hitchcock,Platt,,,2,1885-12-07,1891-03-03,CT,3,Republican,,R,,,,legislators-historical.json,CT_CLASS_3
P000382,,408776,,Orville Hitchcock Platt,Orville,Hitchcock,Platt,,,3,1891-12-07,1897-03-03,CT,3,Republican,,R,,,,legislators-historical.json,CT_CLASS_3
P000382,,408776,,Orville Hitchcock Platt,Orville,Hitchcock,Platt,,,4,1897-03-15,1903-03-03,CT,3,Republican,,R,,,,legislators-historical.json,CT_CLASS_3
P000382,,408776,,Orville Hitchcock Platt,Orville,Hitchcock,Platt,,,5,1903-11-09,1905-04-21,CT,3,Republican,,R,,,,legislators-historical.json,CT_CLASS_3
B000769,,401728,,Frank Bosworth Brandegee,Frank,Bosworth,Brandegee,,,4,1905-05-10,1909-03-03,CT,3,Republican,,R,,,,legislators-historical.json,CT_CLASS_3
B000769,,401728,,Frank Bosworth Brandegee,Frank,Bosworth,Brandegee,,,5,1909-03-15,1915-03-03,CT,3,Republican,,R,,,,legislators-historical.json,CT_CLASS_3
B000769,,401728,,Frank Bosworth Brandegee,Frank,Bosworth,Brandegee,,,6,1915-12-06,1921-03-03,CT,3,Republican,,R,,,,legislators-historical.json,CT_CLASS_3
B000769,,401728,,Frank Bosworth Brandegee,Frank,Bosworth,Brandegee,,,7,1921-04-11,1924-10-14,CT,3,Republican,,R,,,,legislators-historical.json,CT_CLASS_3
B000470,,401451,,Hiram Bingham,Hiram,,Bingham,,,1,1925-01-08,1927-03-04,CT,3,Republican,,R,,,,legislators-historical.json,CT_CLASS_3
B000470,,401451,,Hiram Bingham,Hiram,,Bingham,,,2,1927-12-05,1933-03-03,CT,3,Republican,,R,,,,legislators-historical.json,CT_CLASS_3
L000409,,406900,,Augustine Lonergan,Augustine,,Lonergan,,,5,1933-03-09,1939-01-03,CT,3,Democrat,,D,,,,legislators-historical.json,CT_CLASS_3
D000025,,403166,,John Anthony Danaher,John,Anthony,Danaher,,,1,1939-01-03,1945-01-03,CT,3,Republican,,R,,,,legislators-historical.json,CT_CLASS_3
M000559,,407551,,Brien McMahon,Brien,,McMahon,,,1,1945-01-03,1951-01-03,CT,3,Democrat,,D,,,,legislators-historical.json,CT_CLASS_3
M000559,,407551,,Brien McMahon,Brien,,McMahon,,,2,1951-01-03,1952-07-28,CT,3,Democrat,,D,,,,legislators-historical.json,CT_CLASS_3
P000575,,408958,,William Arthur Purtell,William,Arthur,Purtell,,,1,1952-08-29,1952-11-04,CT,3,Republican,,R,appointment,,,legislators-historical.json,CT_CLASS_3
B001167,,402109,,Prescott Sheldon Bush,Prescott,Sheldon,Bush,,,1,1952-11-05,1957-01-03,CT,3,Republican,,R,,,,legislators-historical.json,CT_CLASS_3
B001167,,402109,,Prescott Sheldon Bush,Prescott,Sheldon,Bush,,,2,1957-01-03,1963-01-03,CT,3,Republican,,R,,,,legislators-historical.json,CT_CLASS_3
R000191,,409167,,Abraham Alexander Ribicoff,Abraham,Alexander,Ribicoff,,,3,1963-01-09,1969-01-03,CT,3,Democrat,,D,,,,legislators-historical.json,CT_CLASS_3
R000191,,409167,,Abraham Alexander Ribicoff,Abraham,Alexander,Ribicoff,,,4,1969-01-03,1975-01-03,CT,3,Democrat,,D,,,,legislators-historical.json,CT_CLASS_3
R000191,,409167,,Abraham Alexander Ribicoff,Abraham,Alexander,Ribicoff,,,5,1975-01-14,1981-01-03,CT,3,Democrat,,D,,,,legislators-historical.json,CT_CLASS_3
D000388,S150,300034,S0CT00037,Christopher J. Dodd,Christopher,J.,Dodd,,,4,1981-01-05,1987-01-03,CT,3,Democrat,,D,,,,legislators-historical.json,CT_CLASS_3
D000388,S150,300034,S0CT00037,Christopher J. Dodd,Christopher,J.,Dodd,,,5,1987-01-06,1993-01-03,CT,3,Democrat,,D,,,,legislators-historical.json,CT_CLASS_3
D000388,S150,300034,S0CT00037,Christopher J. Dodd,Christopher,J.,Dodd,,,6,1993-01-05,1999-01-03,CT,3,Democrat,,D,,,,legislators-historical.json,CT_CLASS_3
D000388,S150,300034,S0CT00037,Christopher J. Dodd,Christopher,J.,Dodd,,,7,1999-01-06,2005-01-03,CT,3,Democrat,,D,,,,legislators-historical.json,CT_CLASS_3
D000388,S150,300034,S0CT00037,Christopher J. Dodd,Christopher,J.,Dodd,,,8,2005-01-04,2011-01-03,CT,3,Democrat,,D,,,,legislators-historical.json,CT_CLASS_3
B001277,S341,412490,S0CT00177,Richard Blumenthal,Richard,,Blumenthal,,,1,2011-01-05,2017-01-03,CT,3,Democrat,,D,,,senior,legislators-current.json,CT_CLASS_3
B001277,S341,412490,S0CT00177,Richard Blumenthal,Richard,,Blumenthal,,,2,2017-01-03,2023-01-03,CT,3,Democrat,,D,,,senior,legislators-current.json,CT_CLASS_3
B001277,S341,412490,S0CT00177,Richard Blumenthal,Richard,,Blumenthal,,,3,2023-01-03,2029-01-03,CT,3,Democrat,,D,,,senior,legislators-current.json,CT_CLASS_3
R000091,,409071,,George Read,George,,Read,,,1,1789-03-04,1791-03-03,DE,1,Pro-Administration,,Other,,,,legislators-historical.json,DE_CLASS_1
R000091,,409071,,George Read,George,,Read,,,2,1791-10-24,1793-12-31,DE,1,,,Other,,,,legislators-historical.json,DE_CLASS_1
L000115,,406621,,Henry Latimer,Henry,,Latimer,,,2,1795-12-07,1797-03-03,DE,1,Federalist,,Other,,,,legislators-historical.json,DE_CLASS_1
L000115,,406621,,Henry Latimer,Henry,,Latimer,,,3,1797-05-15,1801-12-31,DE,1,Federalist,,Other,,,,legislators-historical.json,DE_CLASS_1
W000392,,411552,,Samuel White,Samuel,,White,,,1,1801-12-07,1803-03-03,DE,1,Federalist,,Other,,,,legislators-historical.json,DE_CLASS_1
W000392,,411552,,Samuel White,Samuel,,White,,,2,1803-10-17,1809-03-03,DE,1,Federalist,,Other,,,,legislators-historical.json,DE_CLASS_1
H000795,,405644,,Outerbridge Horsey,Outerbridge,,Horsey,,,1,1810-01-01,1815-03-03,DE,1,Federalist,,Other,,,,legislators-historical.json,DE_CLASS_1
H000795,,405644,,Outerbridge Horsey,Outerbridge,,Horsey,,,2,1815-12-04,1821-03-03,DE,1,Federalist,,Other,,,,legislators-historical.json,DE_CLASS_1
R000377,,409347,,Caesar Augustus Rodney,Caesar,Augustus,Rodney,,,3,1822-01-24,1823-01-29,DE,1,Republican,,R,,,,legislators-historical.json,DE_CLASS_1
C000499,,402636,,Thomas Clayton,Thomas,,Clayton,,,2,1824-01-01,1827-03-03,DE,1,Adams,,Other,,,,legislators-historical.json,DE_CLASS_1
M000535,,407527,,Louis McLane,Louis,,McLane,,,6,1827-12-03,1829-12-31,DE,1,Jackson,,Other,,,,legislators-historical.json,DE_CLASS_1
N000010,,408104,,Arnold Naudain,Arnold,,Naudain,,,1,1830-01-01,1833-03-03,DE,1,Anti-Jacksonian,,Other,,,,legislators-historical.json,DE_CLASS_1
N000010,,408104,,Arnold Naudain,Arnold,,Naudain,,,2,1833-12-02,1837-03-03,DE,1,,,Other,,,,legislators-historical.json,DE_CLASS_1
B000251,,401245,,Richard Henry Bayard,Richard,Henry,Bayard,,,1,1836-06-17,1839-03-03,DE,1,Whig,,Other,,,,legislators-historical.json,DE_CLASS_1
B000251,,401245,,Richard Henry Bayard,Richard,Henry,Bayard,,,2,1841-05-31,1845-03-03,DE,1,Whig,,Other,,,,legislators-historical.json,DE_CLASS_1
C000496,,402633,,John Middleton Clayton,John,Middleton,Clayton,,,3,1845-12-01,1849-12-31,DE,1,Whig,,Other,,,,legislators-historical.json,DE_CLASS_1
W000043,,411223,,John Wales,John,,Wales,,,1,1849-12-03,1851-03-03,DE,1,Whig,,Other,,,,legislators-historical.json,DE_CLASS_1
B000248,,401242,,James Asheton Bayard Jr.,James,Asheton,Bayard,Jr.,,1,1851-12-01,1857-03-03,DE,1,Democrat,,D,,,,legislators-historical.json,DE_CLASS_1
B000248,,401242,,James Asheton Bayard Jr.,James,Asheton,Bayard,Jr.,,2,1857-12-07,1863-03-03,DE,1,Democrat,,D,,,,legislators-historical.json,DE_CLASS_1
B000248,,401242,,James Asheton Bayard Jr.,James,Asheton,Bayard,Jr.,,3,1863-12-07,1865-03-03,DE,1,Democrat,,D,,,,legislators-historical.json,DE_CLASS_1
R000239,,409215,,George Read Riddle,George,Read,Riddle,,,3,1864-01-01,1867-12-31,DE,1,Democrat,,D,,,,legislators-historical.json,DE_CLASS_1
B000248,,401242,,James Asheton Bayard Jr.,James,Asheton,Bayard,Jr.,,4,1867-03-04,1869-03-03,DE,1,Democrat,,D,,,,legislators-historical.json,DE_CLASS_1
B000253,,401247,,Thomas Francis Bayard Sr.,Thomas,Francis,Bayard,Sr.,,1,1869-03-04,1875-03-03,DE,1,Democrat,,D,,,,legislators-historical.json,DE_CLASS_1
B000253,,401247,,Thomas Francis Bayard Sr.,Thomas,Francis,Bayard,Sr.,,2,1875-12-06,1881-03-03,DE,1,Democrat,,D,,,,legislators-historical.json,DE_CLASS_1
B000253,,401247,,Thomas Francis Bayard Sr.,Thomas,Francis,Bayard,Sr.,,3,1881-12-05,1885-12-31,DE,1,Democrat,,D,,,,legislators-historical.json,DE_CLASS_1
G000396,,404746,,George Gray,George,,Gray,,,1,1885-12-07,1887-03-03,DE,1,Democrat,,D,,,,legislators-historical.json,DE_CLASS_1
G000396,,404746,,George Gray,George,,Gray,,,2,1887-12-05,1893-03-03,DE,1,Democrat,,D,,,,legislators-historical.json,DE_CLASS_1
G000396,,404746,,George Gray,George,,Gray,,,3,1893-08-07,1899-03-03,DE,1,Democrat,,D,,,,legislators-historical.json,DE_CLASS_1
B000100,,401102,,Lewis Heisler Ball,Lewis,Heisler,Ball,,,2,1903-11-09,1905-03-03,DE,1,Republican,,R,,,,legislators-historical.json,DE_CLASS_1
D000559,,403616,,Henry Algernon du Pont,Henry,Algernon,du Pont,,,1,1906-06-13,1911-03-03,DE,1,Republican,,R,,,,legislators-historical.json,DE_CLASS_1
D000559,,403616,,Henry Algernon du Pont,Henry,Algernon,du Pont,,,2,1911-04-04,1917-03-03,DE,1,Republican,,R,,,,legislators-historical.json,DE_CLASS_1
W000669,,411822,,Josiah Oliver Wolcott,Josiah,Oliver,Wolcott,,,1,1917-04-02,1921-07-02,DE,1,Democrat,,D,,,,legislators-historical.json,DE_CLASS_1
D000560,,403618,,Thomas Coleman du Pont,Thomas,Coleman,du Pont,,,1,1921-07-07,1922-11-07,DE,1,Republican,,R,appointment,,,legislators-historical.json,DE_CLASS_1
B000252,,401246,,Thomas Francis Bayard Jr.,Thomas,Francis,Bayard,Jr.,,1,1922-11-08,1923-03-03,DE,1,Democrat,,D,,,,legislators-historical.json,DE_CLASS_1
B000252,,401246,,Thomas Francis Bayard Jr.,Thomas,Francis,Bayard,Jr.,,2,1923-12-03,1929-03-03,DE,1,Democrat,,D,,,,legislators-historical.json,DE_CLASS_1
T000335,,410906,,John Gillis Townsend Jr.,John,Gillis,Townsend,Jr.,,1,1929-04-15,1935-01-03,DE,1,Republican,,R,,,,legislators-historical.json,DE_CLASS_1
T000335,,410906,,John Gillis Townsend Jr.,John,Gillis,Townsend,Jr.,,2,1935-01-03,1941-01-03,DE,1,Republican,,R,,,,legislators-historical.json,DE_CLASS_1
T000409,,410978,,James Miller Tunnell,James,Miller,Tunnell,,,1,1941-01-03,1947-01-03,DE,1,Democrat,,D,,,,legislators-historical.json,DE_CLASS_1
W000518,,411675,,John James Williams,John,James,Williams,,,1,1947-01-03,1953-01-03,DE,1,Republican,,R,,,,legislators-historical.json,DE_CLASS_1
W000518,,411675,,John James Williams,John,James,Williams,,,2,1953-01-03,1959-01-03,DE,1,Republican,,R,,,,legislators-historical.json,DE_CLASS_1
W000518,,411675,,John James Williams,John,James,Williams,,,3,1959-01-07,1965-01-03,DE,1,Republican,,R,,,,legislators-historical.json,DE_CLASS_1
W000518,,411675,,John James Williams,John,James,Williams,,,4,1965-01-04,1971-01-03,DE,1,Republican,,R,,,,legislators-historical.json,DE_CLASS_1
R000460,S083,400565,S6DE00016,William V. Roth Jr.,William,V.,Roth,Jr.,,3,1971-01-21,1977-01-03,DE,1,Republican,,R,,,,legislators-historical.json,DE_CLASS_1
R000460,S083,400565,S6DE00016,William V. Roth Jr.,William,V.,Roth,Jr.,,4,1977-01-04,1983-01-03,DE,1,Republican,,R,,,,legislators-historical.json,DE_CLASS_1
R000460,S083,400565,S6DE00016,William V. Roth Jr.,William,V.,Roth,Jr.,,5,1983-01-03,1989-01-03,DE,1,Republican,,R,,,,legislators-historical.json,DE_CLASS_1
R000460,S083,400565,S6DE00016,William V. Roth Jr.,William,V.,Roth,Jr.,,6,1989-01-03,1995-01-03,DE,1,Republican,,R,,,,legislators-historical.json,DE_CLASS_1
R000460,S083,400565,S6DE00016,William V. Roth Jr.,William,V.,Roth,Jr.,,7,1995-01-04,2001-01-03,DE,1,Republican,,R,,,,legislators-historical.json,DE_CLASS_1
C000174,S277,300019,S8DE00079,Thomas R. Carper,Thomas,Richard,Carper,,,6,2001-01-03,2007-01-03,DE,1,Democrat,,D,,,,legislators-historical.json,DE_CLASS_1
C000174,S277,300019,S8DE00079,Thomas R. Carper,Thomas,Richard,Carper,,,7,2007-01-04,2013-01-03,DE,1,Democrat,,D,,,,legislators-historical.json,DE_CLASS_1
C000174,S277,300019,S8DE00079,Thomas R. Carper,Thomas,Richard,Carper,,,8,2013-01-03,2019-01-03,DE,1,Democrat,,D,,,senior,legislators-historical.json,DE_CLASS_1
C000174,S277,300019,S8DE00079,Thomas R. Carper,Thomas,Richard,Carper,,,9,2019-01-03,2025-01-03,DE,1,Democrat,,D,,,senior,legislators-historical.json,DE_CLASS_1
B001303,S430,412689,H6DE00206|S4DE00060,Lisa Blunt Rochester,Lisa,,Blunt Rochester,,,5,2025-01-03,2031-01-03,DE,1,Democrat,,D,,,junior,legislators-current.json,DE_CLASS_1
B000226,,401222,,Richard Bassett,Richard,,Bassett,,,1,1789-03-04,1793-03-03,DE,2,Anti-Administration,,Other,,,,legislators-historical.json,DE_CLASS_2
V000104,,411159,,John Vining,John,,Vining,,,3,1793-12-02,1799-03-03,DE,2,Federalist,,Other,,,,legislators-historical.json,DE_CLASS_2
C000497,,402634,,Joshua Clayton,Joshua,,Clayton,,,1,1798-01-01,1799-03-03,DE,2,Federalist,,Other,,,,legislators-historical.json,DE_CLASS_2
W000287,,411452,,William Hill Wells,William,Hill,Wells,,,1,1799-12-02,1805-03-03,DE,2,Federalist,,Other,,,,legislators-historical.json,DE_CLASS_2
B000249,,401243,,James Asheton Bayard Sr.,James,Asheton,Bayard,Sr.,,4,1804-11-13,1805-03-03,DE,2,Federalist,,Other,,,,legislators-historical.json,DE_CLASS_2
B000249,,401243,,James Asheton Bayard Sr.,James,Asheton,Bayard,Sr.,,5,1805-03-04,1811-03-03,DE,2,Federalist,,Other,,,,legislators-historical.json,DE_CLASS_2
B000249,,401243,,James Asheton Bayard Sr.,James,Asheton,Bayard,Sr.,,6,1811-11-04,1813-03-03,DE,2,Federalist,,Other,,,,legislators-historical.json,DE_CLASS_2
W000287,,411452,,William Hill Wells,William,Hill,Wells,,,2,1813-05-24,1817-03-03,DE,2,Federalist,,Other,,,,legislators-historical.json,DE_CLASS_2
V000037,,411082,,Nicholas Van Dyke,Nicholas,,Van Dyke,,,3,1817-12-01,1823-03-03,DE,2,Federalist,,Other,,,,legislators-historical.json,DE_CLASS_2
V000037,,411082,,Nicholas Van Dyke,Nicholas,,Van Dyke,,,4,1823-12-01,1827-03-03,DE,2,Adams,,Other,,,,legislators-historical.json,DE_CLASS_2
R000378,,409348,,Daniel Rodney,Daniel,,Rodney,,,2,1826-01-01,1827-12-31,DE,2,Adams,,Other,,,,legislators-historical.json,DE_CLASS_2
R000245,,409221,,Henry Moore Ridgely,Henry,Moore,Ridgely,,,3,1827-12-03,1829-03-03,DE,2,Jackson,,Other,,,,legislators-historical.json,DE_CLASS_2
C000496,,402633,,John Middleton Clayton,John,Middleton,Clayton,,,1,1829-12-07,1835-03-03,DE,2,,,Other,,,,legislators-historical.json,DE_CLASS_2
C000496,,402633,,John Middleton Clayton,John,Middleton,Clayton,,,2,1835-12-07,1837-03-03,DE,2,,,Other,,,,legislators-historical.json,DE_CLASS_2
C000499,,402636,,Thomas Clayton,Thomas,,Clayton,,,3,1837-09-04,1841-03-03,DE,2,Whig,,Other,,,,legislators-historical.json,DE_CLASS_2
C000499,,402636,,Thomas Clayton,Thomas,,Clayton,,,4,1841-05-31,1847-03-03,DE,2,Whig,,Other,,,,legislators-historical.json,DE_CLASS_2
S000760,,410227,,Presley Spruance,Presley,,Spruance,,,1,1847-12-06,1853-03-03,DE,2,Whig,,Other,,,,legislators-historical.json,DE_CLASS_2
C000496,,402633,,John Middleton Clayton,John,Middleton,Clayton,,,4,1853-12-05,1857-03-03,DE,2,Ind. Republican-Democrat,,Other,,,,legislators-historical.json,DE_CLASS_2
C000656,,402783,,Joseph Parsons Comegys,Joseph,Parsons,Comegys,,,1,1856-01-01,1857-12-31,DE,2,Ind. Republican-Democrat,,Other,,,,legislators-historical.json,DE_CLASS_2
B000238,,401233,,Martin Waltham Bates,Martin,Waltham,Bates,,,1,1857-12-07,1859-03-03,DE,2,Democrat,,D,,,,legislators-historical.json,DE_CLASS_2
S000074,,409586,,Willard Saulsbury Sr.,Willard,,Saulsbury,Sr.,,1,1859-12-05,1865-03-03,DE,2,Democrat,,D,,,,legislators-historical.json,DE_CLASS_2
S000074,,409586,,Willard Saulsbury Sr.,Willard,,Saulsbury,Sr.,,2,1865-12-04,1871-03-03,DE,2,Democrat,,D,,,,legislators-historical.json,DE_CLASS_2
S000072,,409584,,Eli Saulsbury,Eli,,Saulsbury,,,1,1871-03-04,1877-03-03,DE,2,Democrat,,D,,,,legislators-historical.json,DE_CLASS_2
S000072,,409584,,Eli Saulsbury,Eli,,Saulsbury,,,2,1877-10-15,1883-03-03,DE,2,Democrat,,D,,,,legislators-historical.json,DE_CLASS_2
S000072,,409584,,Eli Saulsbury,Eli,,Saulsbury,,,3,1883-12-03,1889-03-03,DE,2,Democrat,,D,,,,legislators-historical.json,DE_CLASS_2
H000577,,405439,,Anthony Higgins,Anthony,,Higgins,,,1,1889-12-02,1895-03-03,DE,2,Republican,,R,,,,legislators-historical.json,DE_CLASS_2
K000121,,406287,,Richard Rolland Kenney,Richard,Rolland,Kenney,,,1,1897-03-15,1901-03-03,DE,2,Democrat,,D,,,,legislators-historical.json,DE_CLASS_2
A000110,,400767,,James Frank Allee,James,Frank,Allee,,,1,1903-11-09,1907-03-03,DE,2,Republican,,R,,,,legislators-historical.json,DE_CLASS_2
R000221,,409197,,Harry Alden Richardson,Harry,Alden,Richardson,,,1,1907-12-02,1913-03-03,DE,2,Republican,,R,,,,legislators-historical.json,DE_CLASS_2
S000073,,409585,,Willard Saulsbury Jr.,Willard,,Saulsbury,Jr.,,1,1913-04-07,1919-03-03,DE,2,Democrat,,D,,,,legislators-historical.json,DE_CLASS_2
B000100,,401102,,Lewis Heisler Ball,Lewis,Heisler,Ball,,,3,1919-05-19,1925-03-03,DE,2,Republican,,R,,,,legislators-historical.json,DE_CLASS_2
D000560,,403618,,Thomas Coleman du Pont,Thomas,Coleman,du Pont,,,2,1925-12-07,1928-12-09,DE,2,Republican,,R,,,,legislators-historical.json,DE_CLASS_2
H000325,,405196,,Daniel Oren Hastings,Daniel,Oren,Hastings,,,1,1928-12-10,1931-03-03,DE,2,Republican,,R,appointment,,,legislators-historical.json,DE_CLASS_2
H000325,,405196,,Daniel Oren Hastings,Daniel,Oren,Hastings,,,2,1931-12-07,1937-01-03,DE,2,Republican,,R,,,,legislators-historical.json,DE_CLASS_2
H000926,,405771,,James Hurd Hughes,James,Hurd,Hughes,,,1,1937-01-05,1943-01-03,DE,2,Democrat,,D,,,,legislators-historical.json,DE_CLASS_2
B001013,,401963,,Clayton Douglass Buck,Clayton,Douglass,Buck,,,1,1943-01-06,1949-01-03,DE,2,Republican,,R,,,,legislators-historical.json,DE_CLASS_2
F000356,,404303,,Joseph Allen Frear Jr.,Joseph,Allen,Frear,Jr.,,1,1949-01-03,1955-01-03,DE,2,Democrat,,D,,,,legislators-historical.json,DE_CLASS_2
F000356,,404303,,Joseph Allen Frear Jr.,Joseph,Allen,Frear,Jr.,,2,1955-01-05,1961-01-03,DE,2,Democrat,,D,,,,legislators-historical.json,DE_CLASS_2
B000593,,401561,,James Caleb Boggs,James,Caleb,Boggs,,,4,1961-01-03,1967-01-03,DE,2,Republican,,R,,,,legislators-historical.json,DE_CLASS_2
B000593,,401561,,James Caleb Boggs,James,Caleb,Boggs,,,5,1967-01-10,1973-01-03,DE,2,Republican,,R,,,,legislators-historical.json,DE_CLASS_2
B000444,S010,300008,S8DE00012,Joseph R. Biden Jr.,Joseph,R.,Biden,Jr.,,1,1973-01-03,1979-01-03,DE,2,Democrat,,D,,,,legislators-historical.json,DE_CLASS_2
B000444,S010,300008,S8DE00012,Joseph R. Biden Jr.,Joseph,R.,Biden,Jr.,,2,1979-01-15,1985-01-03,DE,2,Democrat,,D,,,,legislators-historical.json,DE_CLASS_2
B000444,S010,300008,S8DE00012,Joseph R. Biden Jr.,Joseph,R.,Biden,Jr.,,3,1985-01-03,1991-01-03,DE,2,Democrat,,D,,,,legislators-historical.json,DE_CLASS_2
B000444,S010,300008,S8DE00012,Joseph R. Biden Jr.,Joseph,R.,Biden,Jr.,,4,1991-01-03,1997-01-03,DE,2,Democrat,,D,,,,legislators-historical.json,DE_CLASS_2
B000444,S010,300008,S8DE00012,Joseph R. Biden Jr.,Joseph,R.,Biden,Jr.,,5,1997-01-07,2003-01-03,DE,2,Democrat,,D,,,,legislators-historical.json,DE_CLASS_2
B000444,S010,300008,S8DE00012,Joseph R. Biden Jr.,Joseph,R.,Biden,Jr.,,6,2003-01-07,2009-01-03,DE,2,Democrat,,D,,,,legislators-historical.json,DE_CLASS_2
B000444,S010,300008,S8DE00012,Joseph R. Biden Jr.,Joseph,R.,Biden,Jr.,,7,2009-01-06,2009-01-15,DE,2,Democrat,,D,,,,legislators-historical.json,DE_CLASS_2
K000373,S329,412329,,Edward E. Kaufman,Edward,E.,Kaufman,,,1,2009-01-16,2010-11-15,DE,2,Democrat,,D,appointment,,,legislators-historical.json,DE_CLASS_2
C001088,S337,412390,S0DE00092,Christopher A. Coons,Christopher,Andrew,Coons,,,1,2010-11-15,2015-01-03,DE,2,Democrat,,D,,,junior,legislators-current.json,DE_CLASS_2
C001088,S337,412390,S0DE00092,Christopher A. Coons,Christopher,Andrew,Coons,,,2,2015-01-06,2021-01-03,DE,2,Democrat,,D,,,junior,legislators-current.json,DE_CLASS_2
C001088,S337,412390,S0DE00092,Christopher A. Coons,Christopher,Andrew,Coons,,,3,2021-01-03,2027-01-03,DE,2,Democrat,,D,,,senior,legislators-current.json,DE_CLASS_2
Y000061,,411993,,David Levy Yulee,David,Levy,Yulee,,,3,1845-12-01,1851-03-03,FL,1,Democrat,,D,,,,legislators-historical.json,FL_CLASS_1
M000084,,412161,,Stephen Russell Mallory,Stephen,Russell,Mallory,,,1,1851-12-01,1857-03-03,FL,1,Democrat,,D,,,,legislators-historical.json,FL_CLASS_1
M000084,,412161,,Stephen Russell Mallory,Stephen,Russell,Mallory,,,2,1857-12-07,1861-01-21,FL,1,Democrat,,D,,,,legislators-historical.json,FL_CLASS_1
W000261,,411429,,Adonijah Strong Welch,Adonijah,Strong,Welch,,,1,1868-01-01,1869-03-03,FL,1,Republican,,R,,,,legislators-historical.json,FL_CLASS_1
G000171,,404538,,Abijah Gilbert,Abijah,,Gilbert,,,2,1869-03-04,1875-03-03,FL,1,Republican,,R,,,,legislators-historical.json,FL_CLASS_1
J000214,,406109,,Charles William Jones,Charles,William,Jones,,,1,1875-12-06,1881-03-03,FL,1,Democrat,,D,,,,legislators-historical.json,FL_CLASS_1
J000214,,406109,,Charles William Jones,Charles,William,Jones,,,2,1881-12-05,1887-03-03,FL,1,Democrat,,D,,,,legislators-historical.json,FL_CLASS_1
P000095,,408505,,Samuel Pasco,Samuel,,Pasco,,,1,1887-12-05,1893-03-03,FL,1,Democrat,,D,,,,legislators-historical.json,FL_CLASS_1
P000095,,408505,,Samuel Pasco,Samuel,,Pasco,,,2,1893-08-07,1899-03-03,FL,1,Democrat,,D,,,,legislators-historical.json,FL_CLASS_1
T000026,,410615,,James Piper Taliaferro,James,Piper,Taliaferro,,,1,1899-12-04,1905-03-03,FL,1,Democrat,,D,,,,legislators-historical.json,FL_CLASS_1
T000026,,410615,,James Piper Taliaferro,James,Piper,Taliaferro,,,2,1905-12-04,1911-03-03,FL,1,Democrat,,D,,,,legislators-historical.json,FL_CLASS_1
B000992,,401944,,Nathan Philemon Bryan,Nathan,Philemon,Bryan,,,1,1911-04-04,1917-03-03,FL,1,Democrat,,D,,,,legislators-historical.json,FL_CLASS_1
T000353,,410923,,Park Trammell,Park,,Trammell,,,1,1917-04-02,1923-03-03,FL,1,Democrat,,D,,,,legislators-historical.json,FL_CLASS_1
T000353,,410923,,Park Trammell,Park,,Trammell,,,2,1923-12-03,1929-03-03,FL,1,Democrat,,D,,,,legislators-historical.json,FL_CLASS_1
T000353,,410923,,Park Trammell,Park,,Trammell,,,3,1929-04-15,1935-01-03,FL,1,Democrat,,D,,,,legislators-historical.json,FL_CLASS_1
T000353,,410923,,Park Trammell,Park,,Trammell,,,4,1935-01-03,1936-05-08,FL,1,Democrat,,D,,,,legislators-historical.json,FL_CLASS_1
L000400,,406891,,Scott Marion Loftin,Scott,Marion,Loftin,,,1,1936-05-26,1936-11-03,FL,1,Democrat,,D,appointment,,,legislators-historical.json,FL_CLASS_1
A000244,,400874,,Charles Oscar Andrews,Charles,Oscar,Andrews,,,1,1936-11-04,1941-01-03,FL,1,Democrat,,D,,,,legislators-historical.json,FL_CLASS_1
A000244,,400874,,Charles Oscar Andrews,Charles,Oscar,Andrews,,,2,1941-01-03,1946-09-18,FL,1,Democrat,,D,,,,legislators-historical.json,FL_CLASS_1
H000720,,405572,,Spessard Lindsey Holland,Spessard,Lindsey,Holland,,,1,1946-09-25,1947-01-03,FL,1,Democrat,,D,appointment,,,legislators-historical.json,FL_CLASS_1
H000720,,405572,,Spessard Lindsey Holland,Spessard,Lindsey,Holland,,,2,1947-01-03,1953-01-03,FL,1,Democrat,,D,,,,legislators-historical.json,FL_CLASS_1
H000720,,405572,,Spessard Lindsey Holland,Spessard,Lindsey,Holland,,,3,1953-01-03,1959-01-03,FL,1,Democrat,,D,,,,legislators-historical.json,FL_CLASS_1
H000720,,405572,,Spessard Lindsey Holland,Spessard,Lindsey,Holland,,,4,1959-01-07,1965-01-03,FL,1,Democrat,,D,,,,legislators-historical.json,FL_CLASS_1
H000720,,405572,,Spessard Lindsey Holland,Spessard,Lindsey,Holland,,,5,1965-01-04,1971-01-03,FL,1,Democrat,,D,,,,legislators-historical.json,FL_CLASS_1
C000356,,402495,,Lawton Mainor Chiles Jr.,Lawton,Mainor,Chiles,Jr.,,1,1971-01-21,1977-01-03,FL,1,Democrat,,D,,,,legislators-historical.json,FL_CLASS_1
C000356,,402495,,Lawton Mainor Chiles Jr.,Lawton,Mainor,Chiles,Jr.,,2,1977-01-04,1983-01-03,FL,1,Democrat,,D,,,,legislators-historical.json,FL_CLASS_1
C000356,,402495,,Lawton Mainor Chiles Jr.,Lawton,Mainor,Chiles,Jr.,,3,1983-01-03,1989-01-03,FL,1,Democrat,,D,,,,legislators-historical.json,FL_CLASS_1
M000019,S205,400562,H2FL10051|S8FL00034,Connie Mack III,Connie,,Mack,III,,4,1989-01-03,1995-01-03,FL,1,Republican,,R,,,,legislators-historical.json,FL_CLASS_1
M000019,S205,400562,H2FL10051|S8FL00034,Connie Mack III,Connie,,Mack,III,,5,1995-01-04,2001-01-03,FL,1,Republican,,R,,,,legislators-historical.json,FL_CLASS_1
N000032,S282,300078,S8FL00166,Bill Nelson,Bill,,Nelson,,,7,2001-01-03,2007-01-03,FL,1,Democrat,,D,,,,legislators-historical.json,FL_CLASS_1
N000032,S282,300078,S8FL00166,Bill Nelson,Bill,,Nelson,,,8,2007-01-04,2013-01-03,FL,1,Democrat,,D,,,,legislators-historical.json,FL_CLASS_1
N000032,S282,300078,S8FL00166,Bill Nelson,Bill,,Nelson,,,9,2013-01-03,2019-01-03,FL,1,Democrat,,D,,,senior,legislators-historical.json,FL_CLASS_1
S001217,S404,412838,S8FL00273,Rick Scott,Rick,,Scott,,,1,2019-01-08,2025-01-03,FL,1,Republican,,R,,,junior,legislators-current.json,FL_CLASS_1
S001217,S404,412838,S8FL00273,Rick Scott,Rick,,Scott,,,2,2025-01-03,2031-01-03,FL,1,Republican,,R,,,senior,legislators-current.json,FL_CLASS_1
W000308,,411472,,James Diament Westcott Jr.,James,Diament,Westcott,Jr.,,1,1845-12-01,1849-03-03,FL,3,Democrat,,D,,,,legislators-historical.json,FL_CLASS_3
M001015,,407982,,Jackson Morton,Jackson,,Morton,,,1,1849-12-03,1855-03-03,FL,3,Whig,,Other,,,,legislators-historical.json,FL_CLASS_3
Y000061,,411993,,David Levy Yulee,David,Levy,Yulee,,,4,1855-12-03,1861-03-03,FL,3,Democrat,,D,,,,legislators-historical.json,FL_CLASS_3
O000109,,408365,,Thomas Ward Osborn,Thomas,Ward,Osborn,,,1,1868-01-01,1873-03-03,FL,3,Republican,,R,,,,legislators-historical.json,FL_CLASS_3
C000701,,402826,,Simon Barclay Conover,Simon,Barclay,Conover,,,1,1873-12-01,1879-03-03,FL,3,Republican,,R,,,,legislators-historical.json,FL_CLASS_3
C000051,,402211,,Wilkinson Call,Wilkinson,,Call,,,1,1879-03-18,1885-03-03,FL,3,Democrat,,D,,,,legislators-historical.json,FL_CLASS_3
C000051,,402211,,Wilkinson Call,Wilkinson,,Call,,,2,1885-12-07,1891-03-03,FL,3,Democrat,,D,,,,legislators-historical.json,FL_CLASS_3
C000051,,402211,,Wilkinson Call,Wilkinson,,Call,,,3,1891-12-07,1897-03-03,FL,3,Democrat,,D,,,,legislators-historical.json,FL_CLASS_3
M000085,,407111,,Stephen Russell Mallory,Stephen,Russell,Mallory,,,3,1897-03-15,1903-03-03,FL,3,Democrat,,D,,,,legislators-historical.json,FL_CLASS_3
M000085,,407111,,Stephen Russell Mallory,Stephen,Russell,Mallory,,,4,1903-11-09,1907-12-23,FL,3,Democrat,,D,,,,legislators-historical.json,FL_CLASS_3
B000994,,401945,,William James Bryan,William,James,Bryan,,,1,1907-12-26,1908-03-22,FL,3,Democrat,,D,,,,legislators-historical.json,FL_CLASS_3
M000788,,407766,,William Hall Milton,William,Hall,Milton,,,1,1908-03-27,1909-03-03,FL,3,Democrat,,D,,,,legislators-historical.json,FL_CLASS_3
F000200,,404155,,Duncan Upshaw Fletcher,Duncan,Upshaw,Fletcher,,,1,1909-03-15,1915-03-03,FL,3,Democrat,,D,,,,legislators-historical.json,FL_CLASS_3
F000200,,404155,,Duncan Upshaw Fletcher,Duncan,Upshaw,Fletcher,,,2,1915-12-06,1921-03-03,FL,3,Democrat,,D,,,,legislators-historical.json,FL_CLASS_3
F000200,,404155,,Duncan Upshaw Fletcher,Duncan,Upshaw,Fletcher,,,3,1921-04-11,1927-03-04,FL,3,Democrat,,D,,,,legislators-historical.json,FL_CLASS_3
F000200,,404155,,Duncan Upshaw Fletcher,Duncan,Upshaw,Fletcher,,,4,1927-12-05,1933-03-03,FL,3,Democrat,,D,,,,legislators-historical.json,FL_CLASS_3
F000200,,404155,,Duncan Upshaw Fletcher,Duncan,Upshaw,Fletcher,,,5,1933-03-09,1936-06-17,FL,3,Democrat,,D,,,,legislators-historical.json,FL_CLASS_3
H000612,,405472,,William Luther Hill,William,Luther,Hill,,,1,1936-07-01,1936-11-03,FL,3,Democrat,,D,appointment,,,legislators-historical.json,FL_CLASS_3
P000218,,408621,,Claude Denson Pepper,Claude,Denson,Pepper,,,1,1936-11-04,1939-01-03,FL,3,Democrat,,D,,,,legislators-historical.json,FL_CLASS_3
P000218,,408621,,Claude Denson Pepper,Claude,Denson,Pepper,,,2,1939-01-03,1945-01-03,FL,3,Democrat,,D,,,,legislators-historical.json,FL_CLASS_3
P000218,,408621,,Claude Denson Pepper,Claude,Denson,Pepper,,,3,1945-01-03,1951-01-03,FL,3,Democrat,,D,,,,legislators-historical.json,FL_CLASS_3
S000505,,409992,,George Armistead Smathers,George,Armistead,Smathers,,,3,1951-01-03,1957-01-03,FL,3,Democrat,,D,,,,legislators-historical.json,FL_CLASS_3
S000505,,409992,,George Armistead Smathers,George,Armistead,Smathers,,,4,1957-01-03,1963-01-03,FL,3,Democrat,,D,,,,legislators-historical.json,FL_CLASS_3
S000505,,409992,,George Armistead Smathers,George,Armistead,Smathers,,,5,1963-01-09,1969-01-03,FL,3,Democrat,,D,,,,legislators-historical.json,FL_CLASS_3
G000531,,404876,,Edward John Gurney,Edward,John,Gurney,,,4,1969-01-03,1975-01-03,FL,3,Republican,,R,,,,legislators-historical.json,FL_CLASS_3
S000962,,410421,,Richard Bernard Dick Stone,Richard,Bernard,Stone,,Dick,1,1975-01-14,1981-01-03,FL,3,Democrat,,D,,,,legislators-historical.json,FL_CLASS_3
H000374,,405242,,Paula Hawkins,Paula,,Hawkins,,,1,1981-01-05,1987-01-03,FL,3,Republican,,R,,,,legislators-historical.json,FL_CLASS_3
G000352,S199,300046,S6FL00020,Bob Graham,Bob,,Graham,,,1,1987-01-06,1993-01-03,FL,3,Democrat,,D,,,,legislators-historical.json,FL_CLASS_3
G000352,S199,300046,S6FL00020,Bob Graham,Bob,,Graham,,,2,1993-01-05,1999-01-03,FL,3,Democrat,,D,,,,legislators-historical.json,FL_CLASS_3
G000352,S199,300046,S6FL00020,Bob Graham,Bob,,Graham,,,3,1999-01-06,2005-01-03,FL,3,Democrat,,D,,,,legislators-historical.json,FL_CLASS_3
M001162,S304,400621,S4FL00298,Mel Martinez,Mel,,Martinez,,,1,2005-01-04,2009-09-09,FL,3,Republican,,R,,,,legislators-historical.json,FL_CLASS_3
L000572,S333,412380,S2FL00227,George S. LeMieux,George,S.,LeMieux,,,1,2009-09-10,2011-01-03,FL,3,Republican,,R,appointment,,,legislators-historical.json,FL_CLASS_3
R000595,S350,412491,S0FL00338,Marco Rubio,Marco,,Rubio,,,1,2011-01-05,2017-01-03,FL,3,Republican,,R,,,junior,legislators-historical.json,FL_CLASS_3
R000595,S350,412491,S0FL00338,Marco Rubio,Marco,,Rubio,,,2,2017-01-03,2023-01-03,FL,3,Republican,,R,,,senior,legislators-historical.json,FL_CLASS_3
R000595,S350,412491,S0FL00338,Marco Rubio,Marco,,Rubio,,,3,2023-01-03,2025-01-20,FL,3,Republican,,R,,,senior,legislators-historical.json,FL_CLASS_3
M001244,S439,457033,S6FL00640,Ashley Moody,Ashley,Brooke,Moody,,,1,2025-01-21,2026-11-03,FL,3,Republican,,R,appointment,special-election,junior,legislators-current.json,FL_CLASS_3
F000100,,404057,,William Few,William,,Few,,,1,1789-03-04,1793-03-03,GA,2,Anti-Administration,,Other,,,,legislators-historical.json,GA_CLASS_2
J000017,,405923,,James Jackson,James,,Jackson,,,2,1793-12-02,1795-12-31,GA,2,Republican,,R,,,,legislators-historical.json,GA_CLASS_2
W000114,,412123,,George Walton,George,,Walton,,,1,1795-11-16,1796-02-20,GA,2,Federalist,,Other,,,,legislators-historical.json,GA_CLASS_2
T000052,,410640,,Josiah Tattnall,Josiah,,Tattnall,,,1,1796-01-01,1799-03-03,GA,2,Republican,,R,,,,legislators-historical.json,GA_CLASS_2
B000084,,401086,,Abraham Baldwin,Abraham,,Baldwin,,,6,1799-12-02,1805-03-03,GA,2,Republican,,R,,,,legislators-historical.json,GA_CLASS_2
B000084,,401086,,Abraham Baldwin,Abraham,,Baldwin,,,7,1805-12-02,1807-03-04,GA,2,Republican,,R,,,,legislators-historical.json,GA_CLASS_2
J000220,,406114,,George Jones,George,,Jones,,,1,1807-10-26,1807-12-31,GA,2,Republican,,R,,,,legislators-historical.json,GA_CLASS_2
C000895,,403007,,William Harris Crawford,William,Harris,Crawford,,,1,1807-10-26,1811-03-03,GA,2,Republican,,R,,,,legislators-historical.json,GA_CLASS_2
C000895,,403007,,William Harris Crawford,William,Harris,Crawford,,,2,1811-11-04,1813-12-31,GA,2,Republican,,R,,,,legislators-historical.json,GA_CLASS_2
B001051,,401999,,William Bellinger Bulloch,William,Bellinger,Bulloch,,,1,1813-05-24,1813-12-31,GA,2,Republican,,R,,,,legislators-historical.json,GA_CLASS_2
B000434,,401420,,William Wyatt Bibb,William,Wyatt,Bibb,,,6,1813-11-06,1816-11-09,GA,2,Republican,,R,,,,legislators-historical.json,GA_CLASS_2
T000382,,410951,,George Michael Troup,George,Michael,Troup,,,5,1816-11-13,1817-03-03,GA,2,Republican,,R,,,,legislators-historical.json,GA_CLASS_2
T000382,,410951,,George Michael Troup,George,Michael,Troup,,,6,1817-03-04,1818-09-23,GA,2,Republican,,R,,,,legislators-historical.json,GA_CLASS_2
F000284,,404234,,John Forsyth,John,,Forsyth,,,4,1818-11-23,1819-02-17,GA,2,Republican,,R,,,,legislators-historical.json,GA_CLASS_2
W000052,,411231,,Freeman Walker,Freeman,,Walker,,,1,1819-12-06,1821-12-31,GA,2,Republican,,R,,,,legislators-historical.json,GA_CLASS_2
W000148,,411322,,Nicholas Ware,Nicholas,,Ware,,,1,1821-12-03,1823-03-03,GA,2,Republican,,R,,,,legislators-historical.json,GA_CLASS_2
W000148,,411322,,Nicholas Ware,Nicholas,,Ware,,,2,1823-12-01,1825-03-03,GA,2,,,Other,,,,legislators-historical.json,GA_CLASS_2
C000553,,402686,,Thomas Willis Cobb,Thomas,Willis,Cobb,,,3,1824-01-01,1829-03-03,GA,2,Jackson,,Other,,,,legislators-historical.json,GA_CLASS_2
P000539,,408923,,Oliver Hillhouse Prince,Oliver,Hillhouse,Prince,,,1,1828-01-01,1829-03-03,GA,2,Jackson,,Other,,,,legislators-historical.json,GA_CLASS_2
T000382,,410951,,George Michael Troup,George,Michael,Troup,,,7,1829-12-07,1833-11-08,GA,2,Jackson,,Other,,,,legislators-historical.json,GA_CLASS_2
K000207,,406368,,John Pendleton King,John,Pendleton,King,,,1,1833-12-02,1835-03-03,GA,2,Jackson,,Other,,,,legislators-historical.json,GA_CLASS_2
K000207,,406368,,John Pendleton King,John,Pendleton,King,,,2,1835-12-07,1837-12-31,GA,2,Democrat,,D,,,,legislators-historical.json,GA_CLASS_2
L000512,,406998,,Wilson Lumpkin,Wilson,,Lumpkin,,,5,1837-09-04,1841-03-03,GA,2,Democrat,,D,,,,legislators-historical.json,GA_CLASS_2
B000413,,401400,,John Macpherson Berrien,John,Macpherson,Berrien,,,2,1841-05-31,1847-03-03,GA,2,Whig,,Other,,,,legislators-historical.json,GA_CLASS_2
B000413,,401400,,John Macpherson Berrien,John,Macpherson,Berrien,,,3,1847-12-06,1853-03-03,GA,2,Whig,,Other,,,,legislators-historical.json,GA_CLASS_2
C000324,,402466,,Robert Milledge Charlton,Robert,Milledge,Charlton,,,1,1852-01-01,1853-03-03,GA,2,Democrat,,D,,,,legislators-historical.json,GA_CLASS_2
T000313,,410886,,Robert Augustus Toombs,Robert,Augustus,Toombs,,,5,1853-12-05,1859-03-03,GA,2,Democrat,,D,,,,legislators-historical.json,GA_CLASS_2
T000313,,410886,,Robert Augustus Toombs,Robert,Augustus,Toombs,,,6,1859-12-05,1861-12-31,GA,2,Democrat,,D,,,,legislators-historical.json,GA_CLASS_2
M000728,,407707,,Homer Virgil Milton Miller,Homer,Virgil Milton,Miller,,,1,1871-03-04,1871-12-31,GA,2,Democrat,,D,,,,legislators-historical.json,GA_CLASS_2
N000160,,408241,,Thomas Manson Norwood,Thomas,Manson,Norwood,,,1,1871-03-04,1877-03-03,GA,2,Democrat,,D,,,,legislators-historical.json,GA_CLASS_2
H000587,,405449,,Benjamin Harvey Hill,Benjamin,Harvey,Hill,,,2,1877-10-15,1883-03-03,GA,2,Democrat,,D,,,,legislators-historical.json,GA_CLASS_2
B000184,,401183,,Middleton Pope Barrow,Middleton,Pope,Barrow,,,1,1882-01-01,1883-03-03,GA,2,Democrat,,D,,,,legislators-historical.json,GA_CLASS_2
C000647,,402775,,Alfred Holt Colquitt,Alfred,Holt,Colquitt,,,2,1883-12-03,1889-03-03,GA,2,Democrat,,D,,,,legislators-historical.json,GA_CLASS_2
C000647,,402775,,Alfred Holt Colquitt,Alfred,Holt,Colquitt,,,3,1889-12-02,1895-03-03,GA,2,Democrat,,D,,,,legislators-historical.json,GA_CLASS_2
W000103,,411281,,Patrick Walsh,Patrick,,Walsh,,,1,1894-01-01,1895-03-03,GA,2,Democrat,,D,,,,legislators-historical.json,GA_CLASS_2
B000014,,401019,,Augustus Octavius Bacon,Augustus,Octavius,Bacon,,,1,1895-12-02,1901-03-03,GA,2,Democrat,,D,,,,legislators-historical.json,GA_CLASS_2
B000014,,401019,,Augustus Octavius Bacon,Augustus,Octavius,Bacon,,,2,1901-12-02,1907-03-03,GA,2,Democrat,,D,,,,legislators-historical.json,GA_CLASS_2
B000014,,401019,,Augustus Octavius Bacon,Augustus,Octavius,Bacon,,,3,1907-12-02,1913-03-03,GA,2,Democrat,,D,,,,legislators-historical.json,GA_CLASS_2
B000014,,401019,,Augustus Octavius Bacon,Augustus,Octavius,Bacon,,,4,1913-04-07,1914-02-14,GA,2,Democrat,,D,,,,legislators-historical.json,GA_CLASS_2
W000305,,411469,,William Stanley West,William,Stanley,West,,,1,1914-03-02,1914-11-03,GA,2,Democrat,,D,appointment,,,legislators-historical.json,GA_CLASS_2
H000193,,405074,,Thomas William Hardwick,Thomas,William,Hardwick,,,6,1914-11-04,1919-03-03,GA,2,Democrat,,D,,,,legislators-historical.json,GA_CLASS_2
H000259,,405136,,William Julius Harris,William,Julius,Harris,,,1,1919-05-19,1925-03-03,GA,2,Democrat,,D,,,,legislators-historical.json,GA_CLASS_2
H000259,,405136,,William Julius Harris,William,Julius,Harris,,,2,1925-12-07,1931-03-03,GA,2,Democrat,,D,,,,legislators-historical.json,GA_CLASS_2
H000259,,405136,,William Julius Harris,William,Julius,Harris,,,3,1931-12-07,1932-04-18,GA,2,Democrat,,D,,,,legislators-historical.json,GA_CLASS_2
C000597,,402726,,John Sanford Cohen,John,Sanford,Cohen,,,1,1932-04-25,1933-01-11,GA,2,Democrat,,D,appointment,,,legislators-historical.json,GA_CLASS_2
R000536,,409493,,Richard Brevard Russell Jr.,Richard,Brevard,Russell,Jr.,,1,1933-03-09,1937-01-03,GA,2,Democrat,,D,,,,legislators-historical.json,GA_CLASS_2
R000536,,409493,,Richard Brevard Russell Jr.,Richard,Brevard,Russell,Jr.,,2,1937-01-05,1943-01-03,GA,2,Democrat,,D,,,,legislators-historical.json,GA_CLASS_2
R000536,,409493,,Richard Brevard Russell Jr.,Richard,Brevard,Russell,Jr.,,3,1943-01-06,1949-01-03,GA,2,Democrat,,D,,,,legislators-historical.json,GA_CLASS_2
R000536,,409493,,Richard Brevard Russell Jr.,Richard,Brevard,Russell,Jr.,,4,1949-01-03,1955-01-03,GA,2,Democrat,,D,,,,legislators-historical.json,GA_CLASS_2
R000536,,409493,,Richard Brevard Russell Jr.,Richard,Brevard,Russell,Jr.,,5,1955-01-05,1961-01-03,GA,2,Democrat,,D,,,,legislators-historical.json,GA_CLASS_2
R000536,,409493,,Richard Brevard Russell Jr.,Richard,Brevard,Russell,Jr.,,6,1961-01-03,1967-01-03,GA,2,Democrat,,D,,,,legislators-historical.json,GA_CLASS_2
R000536,,409493,,Richard Brevard Russell Jr.,Richard,Brevard,Russell,Jr.,,7,1967-01-10,1971-01-21,GA,2,Democrat,,D,,,,legislators-historical.json,GA_CLASS_2
G000034,,404410,,David Henry Gambrell,David,Henry,Gambrell,,,1,1971-02-01,1972-11-07,GA,2,Democrat,,D,appointment,,,legislators-historical.json,GA_CLASS_2
N000171,S074,408252,,Samuel Augustus Nunn,Samuel,Augustus,Nunn,,,1,1972-11-08,1973-01-03,GA,2,Democrat,,D,,,,legislators-historical.json,GA_CLASS_2
N000171,S074,408252,,Samuel Augustus Nunn,Samuel,Augustus,Nunn,,,2,1973-01-03,1979-01-03,GA,2,Democrat,,D,,,,legislators-historical.json,GA_CLASS_2
N000171,S074,408252,,Samuel Augustus Nunn,Samuel,Augustus,Nunn,,,3,1979-01-15,1985-01-03,GA,2,Democrat,,D,,,,legislators-historical.json,GA_CLASS_2
N000171,S074,408252,,Samuel Augustus Nunn,Samuel,Augustus,Nunn,,,4,1985-01-03,1991-01-03,GA,2,Democrat,,D,,,,legislators-historical.json,GA_CLASS_2
N000171,S074,408252,,Samuel Augustus Nunn,Samuel,Augustus,Nunn,,,5,1991-01-03,1997-01-03,GA,2,Democrat,,D,,,,legislators-historical.json,GA_CLASS_2
C001034,S251,300152,S6GA00127,J. Maxwell Cleland,J.,Maxwell,Cleland,,,1,1997-01-07,2003-01-03,GA,2,Democrat,,D,,,,legislators-historical.json,GA_CLASS_2
C000286,S290,300021,S2GA00118|H2GA08038,Saxby Chambliss,Saxby,,Chambliss,,,5,2003-01-07,2009-01-03,GA,2,Republican,,R,,,,legislators-historical.json,GA_CLASS_2
C000286,S290,300021,S2GA00118|H2GA08038,Saxby Chambliss,Saxby,,Chambliss,,,6,2009-01-06,2015-01-03,GA,2,Republican,,R,,,senior,legislators-historical.json,GA_CLASS_2
P000612,S379,412666,S4GA11285,David Perdue,David,,Perdue,,,1,2015-01-06,2021-01-03,GA,2,Republican,,R,,,senior,legislators-historical.json,GA_CLASS_2
O000174,S414,456857,H8GA06195|S8GA00180,Jon Ossoff,Jon,,Ossoff,,,1,2021-01-20,2027-01-03,GA,2,Democrat,,D,,,senior,legislators-current.json,GA_CLASS_2
G000526,,404870,,James Gunn,James,,Gunn,,,1,1789-03-04,1795-03-03,GA,3,Federalist,,Other,,,,legislators-historical.json,GA_CLASS_3
G000526,,404870,,James Gunn,James,,Gunn,,,2,1795-12-07,1801-03-03,GA,3,Federalist,,Other,,,,legislators-historical.json,GA_CLASS_3
J000017,,405923,,James Jackson,James,,Jackson,,,3,1801-12-07,1807-03-03,GA,3,Republican,,R,,,,legislators-historical.json,GA_CLASS_3
M000712,,407695,,John Milledge,John,,Milledge,,,5,1806-06-19,1807-03-03,GA,3,Republican,,R,,,,legislators-historical.json,GA_CLASS_3
M000712,,407695,,John Milledge,John,,Milledge,,,6,1807-10-26,1809-11-14,GA,3,Republican,,R,,,,legislators-historical.json,GA_CLASS_3
T000015,,410605,,Charles Tait,Charles,,Tait,,,1,1809-05-22,1813-03-03,GA,3,Republican,,R,,,,legislators-historical.json,GA_CLASS_3
T000015,,410605,,Charles Tait,Charles,,Tait,,,2,1813-05-24,1819-03-03,GA,3,Republican,,R,,,,legislators-historical.json,GA_CLASS_3
E000124,,403815,,John Elliott,John,,Elliott,,,1,1819-12-06,1825-03-03,GA,3,Republican,,R,,,,legislators-historical.json,GA_CLASS_3
B000413,,401400,,John Macpherson Berrien,John,Macpherson,Berrien,,,1,1825-12-05,1829-12-31,GA,3,Jackson,,Other,,,,legislators-historical.json,GA_CLASS_3
F000284,,404234,,John Forsyth,John,,Forsyth,,,7,1829-12-07,1831-03-03,GA,3,Jackson,,Other,,,,legislators-historical.json,GA_CLASS_3
F000284,,404234,,John Forsyth,John,,Forsyth,,,8,1831-12-05,1834-06-27,GA,3,Jackson,,Other,,,,legislators-historical.json,GA_CLASS_3
C001023,,403130,,Alfred Cuthbert,Alfred,,Cuthbert,,,7,1835-12-07,1837-03-03,GA,3,Jackson,,Other,,,,legislators-historical.json,GA_CLASS_3
C001023,,403130,,Alfred Cuthbert,Alfred,,Cuthbert,,,8,1837-09-04,1843-03-03,GA,3,Democrat,,D,,,,legislators-historical.json,GA_CLASS_3
C000648,,402776,,Walter Terry Colquitt,Walter,Terry,Colquitt,,,3,1843-12-04,1849-03-03,GA,3,Democrat,,D,,,,legislators-historical.json,GA_CLASS_3
J000139,,406038,,Herschel Vespasian Johnson,Herschel,Vespasian,Johnson,,,1,1848-01-01,1849-03-03,GA,3,Democrat,,D,,,,legislators-historical.json,GA_CLASS_3
D000156,,403289,,William Crosby Dawson,William,Crosby,Dawson,,,5,1849-12-03,1855-03-03,GA,3,Whig,,Other,,,,legislators-historical.json,GA_CLASS_3
I000049,,405904,,Alfred Iverson Sr.,Alfred,,Iverson,Sr.,,2,1855-12-03,1861-03-03,GA,3,Democrat,,D,,,,legislators-historical.json,GA_CLASS_3
H000599,,405461,,Joshua Hill,Joshua,,Hill,,,3,1871-03-04,1873-03-03,GA,3,Republican,,R,,,,legislators-historical.json,GA_CLASS_3
G000313,,404671,,John Brown Gordon,John,Brown,Gordon,,,1,1873-12-01,1879-03-03,GA,3,Democrat,,D,,,,legislators-historical.json,GA_CLASS_3
G000313,,404671,,John Brown Gordon,John,Brown,Gordon,,,2,1879-03-18,1881-03-03,GA,3,Democrat,,D,,,,legislators-historical.json,GA_CLASS_3
B000936,,401890,,Joseph Emerson Brown,Joseph,Emerson,Brown,,,1,1880-01-01,1885-03-03,GA,3,Democrat,,D,,,,legislators-historical.json,GA_CLASS_3
B000936,,401890,,Joseph Emerson Brown,Joseph,Emerson,Brown,,,2,1885-12-07,1891-03-03,GA,3,Democrat,,D,,,,legislators-historical.json,GA_CLASS_3
G000313,,404671,,John Brown Gordon,John,Brown,Gordon,,,3,1891-12-07,1897-03-03,GA,3,Democrat,,D,,,,legislators-historical.json,GA_CLASS_3
C000478,,402616,,Alexander Stephens Clay,Alexander,Stephens,Clay,,,1,1897-03-15,1903-03-03,GA,3,Democrat,,D,,,,legislators-historical.json,GA_CLASS_3
C000478,,402616,,Alexander Stephens Clay,Alexander,Stephens,Clay,,,2,1903-11-09,1909-03-03,GA,3,Democrat,,D,,,,legislators-historical.json,GA_CLASS_3
C000478,,402616,,Alexander Stephens Clay,Alexander,Stephens,Clay,,,3,1909-03-15,1910-11-13,GA,3,Democrat,,D,,,,legislators-historical.json,GA_CLASS_3
T000131,,410713,,Joseph Meriwether Terrell,Joseph,Meriwether,Terrell,,,1,1910-11-17,1911-07-14,GA,3,Democrat,,D,,,,legislators-historical.json,GA_CLASS_3
S000551,,410033,,Hoke Smith,Hoke,,Smith,,,1,1911-11-16,1915-03-03,GA,3,Democrat,,D,,,,legislators-historical.json,GA_CLASS_3
S000551,,410033,,Hoke Smith,Hoke,,Smith,,,2,1915-12-06,1921-03-03,GA,3,Democrat,,D,,,,legislators-historical.json,GA_CLASS_3
W000205,,411376,,Thomas Edward Watson,Thomas,Edward,Watson,,,2,1921-04-11,1922-09-26,GA,3,Democrat,,D,,,,legislators-historical.json,GA_CLASS_3
F000069,,404027,,Rebecca Latimer Felton,Rebecca,Latimer,Felton,,,1,1922-10-03,1922-11-21,GA,3,Democrat,,D,appointment,,,legislators-historical.json,GA_CLASS_3
G000131,,404501,,Walter Franklin George,Walter,Franklin,George,,,1,1922-11-22,1927-03-04,GA,3,Democrat,,D,,,,legislators-historical.json,GA_CLASS_3
G000131,,404501,,Walter Franklin George,Walter,Franklin,George,,,2,1927-12-05,1933-03-03,GA,3,Democrat,,D,,,,legislators-historical.json,GA_CLASS_3
G000131,,404501,,Walter Franklin George,Walter,Franklin,George,,,3,1933-03-09,1939-01-03,GA,3,Democrat,,D,,,,legislators-historical.json,GA_CLASS_3
G000131,,404501,,Walter Franklin George,Walter,Franklin,George,,,4,1939-01-03,1945-01-03,GA,3,Democrat,,D,,,,legislators-historical.json,GA_CLASS_3
G000131,,404501,,Walter Franklin George,Walter,Franklin,George,,,5,1945-01-03,1951-01-03,GA,3,Democrat,,D,,,,legislators-historical.json,GA_CLASS_3
G000131,,404501,,Walter Franklin George,Walter,Franklin,George,,,6,1951-01-03,1957-01-03,GA,3,Democrat,,D,,,,legislators-historical.json,GA_CLASS_3
T000035,,410624,,Herman Eugene Talmadge,Herman,Eugene,Talmadge,,,1,1957-01-03,1963-01-03,GA,3,Democrat,,D,,,,legislators-historical.json,GA_CLASS_3
T000035,,410624,,Herman Eugene Talmadge,Herman,Eugene,Talmadge,,,2,1963-01-09,1969-01-03,GA,3,Democrat,,D,,,,legislators-historical.json,GA_CLASS_3
T000035,,410624,,Herman Eugene Talmadge,Herman,Eugene,Talmadge,,,3,1969-01-03,1975-01-03,GA,3,Democrat,,D,,,,legislators-historical.json,GA_CLASS_3
T000035,,410624,,Herman Eugene Talmadge,Herman,Eugene,Talmadge,,,4,1975-01-14,1981-01-03,GA,3,Democrat,,D,,,,legislators-historical.json,GA_CLASS_3
M000257,,407275,,Mack Francis Mattingly,Mack,Francis,Mattingly,,,1,1981-01-05,1987-01-03,GA,3,Republican,,R,,,,legislators-historical.json,GA_CLASS_3
F000329,S183,404277,,Wyche Fowler Jr.,Wyche,,Fowler,Jr.,,6,1987-01-06,1993-01-03,GA,3,Democrat,,D,,,,legislators-historical.json,GA_CLASS_3
C000813,S228,400558,H6GA05035|S2GA00035,Paul D. Coverdell,Paul,D.,Coverdell,,,1,1993-01-05,1999-01-03,GA,3,Republican,,R,,,,legislators-historical.json,GA_CLASS_3
C000813,S228,400558,H6GA05035|S2GA00035,Paul D. Coverdell,Paul,D.,Coverdell,,,2,1999-01-06,2000-07-18,GA,3,Republican,,R,,,,legislators-historical.json,GA_CLASS_3
M001141,S273,300074,,Zell Bryan Miller,Zell,Bryan,Miller,,,1,2000-07-24,2005-01-03,GA,3,Democrat,,D,appointment,,,legislators-historical.json,GA_CLASS_3
I000055,S305,400194,S6GA00119|H8GA06146,Johnny Isakson,John,H.,Isakson,,Johnny,4,2005-01-04,2011-01-03,GA,3,Republican,,R,,,,legislators-historical.json,GA_CLASS_3
I000055,S305,400194,S6GA00119|H8GA06146,Johnny Isakson,John,H.,Isakson,,Johnny,5,2011-01-05,2017-01-03,GA,3,Republican,,R,,,senior,legislators-historical.json,GA_CLASS_3
I000055,S305,400194,S6GA00119|H8GA06146,Johnny Isakson,John,H.,Isakson,,Johnny,6,2017-01-03,2019-12-31,GA,3,Republican,,R,,,senior,legislators-historical.json,GA_CLASS_3
L000594,S405,456790,S0GA00526,Kelly Loeffler,Kelly,,Loeffler,,,1,2020-01-06,2021-01-20,GA,3,Republican,,R,appointment,special-election,junior,legislators-historical.json,GA_CLASS_3
W000790,S415,456858,S0GA00559,Raphael G. Warnock,Raphael,Gamaliel,Warnock,,,1,2021-01-20,2023-01-03,GA,3,Democrat,,D,special-election,,junior,legislators-current.json,GA_CLASS_3
W000790,S415,456858,S0GA00559,Raphael G. Warnock,Raphael,Gamaliel,Warnock,,,2,2023-01-03,2029-01-03,GA,3,Democrat,,D,,,junior,legislators-current.json,GA_CLASS_3
F000245,,404199,,Hiram Leong Fong,Hiram,Leong,Fong,,,1,1959-01-07,1965-01-03,HI,1,Republican,,R,,,,legislators-historical.json,HI_CLASS_1
F000245,,404199,,Hiram Leong Fong,Hiram,Leong,Fong,,,2,1965-01-04,1971-01-03,HI,1,Republican,,R,,,,legislators-historical.json,HI_CLASS_1
F000245,,404199,,Hiram Leong Fong,Hiram,Leong,Fong,,,3,1971-01-21,1977-01-03,HI,1,Republican,,R,,,,legislators-historical.json,HI_CLASS_1
M000250,S104,407268,,Spark Masayuki Matsunaga,Spark,Masayuki,Matsunaga,,,8,1977-01-04,1983-01-03,HI,1,Democrat,,D,,,,legislators-historical.json,HI_CLASS_1
M000250,S104,407268,,Spark Masayuki Matsunaga,Spark,Masayuki,Matsunaga,,,9,1983-01-03,1989-01-03,HI,1,Democrat,,D,,,,legislators-historical.json,HI_CLASS_1
M000250,S104,407268,,Spark Masayuki Matsunaga,Spark,Masayuki,Matsunaga,,,10,1989-01-03,1990-04-15,HI,1,Democrat,,D,,,,legislators-historical.json,HI_CLASS_1
A000069,S213,300001,S0HI00084,Daniel K. Akaka,Daniel,Kahikina,Akaka,,,8,1990-05-16,1995-01-03,HI,1,Democrat,,D,appointment,,,legislators-historical.json,HI_CLASS_1
A000069,S213,300001,S0HI00084,Daniel K. Akaka,Daniel,Kahikina,Akaka,,,9,1995-01-04,2001-01-03,HI,1,Democrat,,D,,,,legislators-historical.json,HI_CLASS_1
A000069,S213,300001,S0HI00084,Daniel K. Akaka,Daniel,Kahikina,Akaka,,,10,2001-01-03,2007-01-03,HI,1,Democrat,,D,,,,legislators-historical.json,HI_CLASS_1
A000069,S213,300001,S0HI00084,Daniel K. Akaka,Daniel,Kahikina,Akaka,,,11,2007-01-04,2013-01-03,HI,1,Democrat,,D,,,,legislators-historical.json,HI_CLASS_1
H001042,S361,412200,H6HI02251|S2HI00106,Mazie K. Hirono,Mazie,K.,Hirono,,,4,2013-01-03,2019-01-03,HI,1,Democrat,,D,,,junior,legislators-current.json,HI_CLASS_1
H001042,S361,412200,H6HI02251|S2HI00106,Mazie K. Hirono,Mazie,K.,Hirono,,,5,2019-01-03,2025-01-03,HI,1,Democrat,,D,,,junior,legislators-current.json,HI_CLASS_1
H001042,S361,412200,H6HI02251|S2HI00106,Mazie K. Hirono,Mazie,K.,Hirono,,,6,2025-01-03,2031-01-03,HI,1,Democrat,,D,,,junior,legislators-current.json,HI_CLASS_1
L000425,,406915,,Oren Ethelbirt Long,Oren,Ethelbirt,Long,,,1,1959-01-07,1963-01-03,HI,3,Democrat,,D,,,,legislators-historical.json,HI_CLASS_3
I000025,S051,300056,S4HI00011,Daniel K. Inouye,Daniel,K.,Inouye,,,3,1963-01-09,1969-01-03,HI,3,Democrat,,D,,,,legislators-historical.json,HI_CLASS_3
I000025,S051,300056,S4HI00011,Daniel K. Inouye,Daniel,K.,Inouye,,,4,1969-01-03,1975-01-03,HI,3,Democrat,,D,,,,legislators-historical.json,HI_CLASS_3
I000025,S051,300056,S4HI00011,Daniel K. Inouye,Daniel,K.,Inouye,,,5,1975-01-14,1981-01-03,HI,3,Democrat,,D,,,,legislators-historical.json,HI_CLASS_3
I000025,S051,300056,S4HI00011,Daniel K. Inouye,Daniel,K.,Inouye,,,6,1981-01-05,1987-01-03,HI,3,Democrat,,D,,,,legislators-historical.json,HI_CLASS_3
I000025,S051,300056,S4HI00011,Daniel K. Inouye,Daniel,K.,Inouye,,,7,1987-01-06,1993-01-03,HI,3,Democrat,,D,,,,legislators-historical.json,HI_CLASS_3
I000025,S051,300056,S4HI00011,Daniel K. Inouye,Daniel,K.,Inouye,,,8,1993-01-05,1999-01-03,HI,3,Democrat,,D,,,,legislators-historical.json,HI_CLASS_3
I000025,S051,300056,S4HI00011,Daniel K. Inouye,Daniel,K.,Inouye,,,9,1999-01-06,2005-01-03,HI,3,Democrat,,D,,,,legislators-historical.json,HI_CLASS_3
I000025,S051,300056,S4HI00011,Daniel K. Inouye,Daniel,K.,Inouye,,,10,2005-01-04,2011-01-03,HI,3,Democrat,,D,,,,legislators-historical.json,HI_CLASS_3
I000025,S051,300056,S4HI00011,Daniel K. Inouye,Daniel,K.,Inouye,,,11,2011-01-05,2012-12-17,HI,3,Democrat,,D,,,,legislators-historical.json,HI_CLASS_3
S001194,S353,412507,S4HI00136|H6HI02244,Brian Schatz,Brian,Emanuel,Schatz,,,1,2012-12-27,2015-01-03,HI,3,Democrat,,D,appointment,,senior,legislators-current.json,HI_CLASS_3
S001194,S353,412507,S4HI00136|H6HI02244,Brian Schatz,Brian,Emanuel,Schatz,,,2,2015-01-06,2017-01-03,HI,3,Democrat,,D,,,senior,legislators-current.json,HI_CLASS_3
S001194,S353,412507,S4HI00136|H6HI02244,Brian Schatz,Brian,Emanuel,Schatz,,,3,2017-01-03,2023-01-03,HI,3,Democrat,,D,,,senior,legislators-current.json,HI_CLASS_3
S001194,S353,412507,S4HI00136|H6HI02244,Brian Schatz,Brian,Emanuel,Schatz,,,4,2023-01-03,2029-01-03,HI,3,Democrat,,D,,,senior,legislators-current.json,HI_CLASS_3
J000221,,406115,,George Wallace Jones,George,Wallace,Jones,,,3,1848-01-01,1853-03-03,IA,2,Democrat,,D,,,,legislators-historical.json,IA_CLASS_2
J000221,,406115,,George Wallace Jones,George,Wallace,Jones,,,4,1853-12-05,1859-03-03,IA,2,Democrat,,D,,,,legislators-historical.json,IA_CLASS_2
G000475,,404820,,James Wilson Grimes,James,Wilson,Grimes,,,1,1859-12-05,1865-03-03,IA,2,Republican,,R,,,,legislators-historical.json,IA_CLASS_2
G000475,,404820,,James Wilson Grimes,James,Wilson,Grimes,,,2,1865-12-04,1869-12-31,IA,2,Republican,,R,,,,legislators-historical.json,IA_CLASS_2
H000864,,405711,,James Bruen Howell,James,Bruen,Howell,,,1,1870-01-01,1871-03-03,IA,2,Republican,,R,,,,legislators-historical.json,IA_CLASS_2
W000759,,411908,,George Grover Wright,George,Grover,Wright,,,1,1871-03-04,1877-03-03,IA,2,Republican,,R,,,,legislators-historical.json,IA_CLASS_2
K000242,,406401,,Samuel Jordan Kirkwood,Samuel,Jordan,Kirkwood,,,2,1877-10-15,1881-12-31,IA,2,Republican,,R,,,,legislators-historical.json,IA_CLASS_2
M000407,,407407,,James Wilson McDill,James,Wilson,McDill,,,3,1881-12-05,1883-03-03,IA,2,Republican,,R,,,,legislators-historical.json,IA_CLASS_2
W000594,,411749,,James Falconer Wilson,James,Falconer,Wilson,,,5,1883-12-03,1889-03-03,IA,2,Republican,,R,,,,legislators-historical.json,IA_CLASS_2
W000594,,411749,,James Falconer Wilson,James,Falconer,Wilson,,,6,1889-12-02,1895-03-03,IA,2,Republican,,R,,,,legislators-historical.json,IA_CLASS_2
G000110,,404482,,John Henry Gear,John,Henry,Gear,,,4,1895-12-02,1900-07-14,IA,2,Republican,,R,,,,legislators-historical.json,IA_CLASS_2
D000404,,403518,,Jonathan Prentiss Dolliver,Jonathan,Prentiss,Dolliver,,,7,1900-08-22,1901-03-03,IA,2,Republican,,R,,,,legislators-historical.json,IA_CLASS_2
D000404,,403518,,Jonathan Prentiss Dolliver,Jonathan,Prentiss,Dolliver,,,8,1901-03-04,1907-03-03,IA,2,Republican,,R,,,,legislators-historical.json,IA_CLASS_2
D000404,,403518,,Jonathan Prentiss Dolliver,Jonathan,Prentiss,Dolliver,,,9,1907-12-02,1910-10-15,IA,2,Republican,,R,,,,legislators-historical.json,IA_CLASS_2
Y000046,,411978,,Lafayette Young,Lafayette,,Young,,,1,1910-11-12,1911-04-11,IA,2,Republican,,R,,,,legislators-historical.json,IA_CLASS_2
K000129,,406295,,William Squire Kenyon,William,Squire,Kenyon,,,1,1911-04-12,1913-03-03,IA,2,Republican,,R,,,,legislators-historical.json,IA_CLASS_2
K000129,,406295,,William Squire Kenyon,William,Squire,Kenyon,,,2,1913-04-07,1919-03-03,IA,2,Republican,,R,,,,legislators-historical.json,IA_CLASS_2
K000129,,406295,,William Squire Kenyon,William,Squire,Kenyon,,,3,1919-05-19,1922-02-24,IA,2,Republican,,R,,,,legislators-historical.json,IA_CLASS_2
R000075,,409055,,Charles Augustus Rawson,Charles,Augustus,Rawson,,,1,1922-02-24,1922-11-07,IA,2,Republican,,R,appointment,,,legislators-historical.json,IA_CLASS_2
B000873,,401830,,Smith Wildman Brookhart,Smith,Wildman,Brookhart,,,1,1922-12-02,1925-03-03,IA,2,Republican,,R,,,,legislators-historical.json,IA_CLASS_2
B000873,,401830,,Smith Wildman Brookhart,Smith,Wildman,Brookhart,,,2,1925-12-07,1926-04-12,IA,2,Republican,,R,,,,legislators-historical.json,IA_CLASS_2
S000826,,410290,,Daniel Frederic Steck,Daniel,Frederic,Steck,,,1,1926-04-12,1931-03-03,IA,2,Democrat,,D,,,,legislators-historical.json,IA_CLASS_2
D000323,,403443,,Lester Jesse Dickinson,Lester,Jesse,Dickinson,,,7,1931-12-07,1937-01-03,IA,2,Republican,,R,,,,legislators-historical.json,IA_CLASS_2
H000543,,405405,,Clyde LaVerne Herring,Clyde,LaVerne,Herring,,,1,1937-01-05,1943-01-03,IA,2,Democrat,,D,,,,legislators-historical.json,IA_CLASS_2
W000581,,411736,,George Allison Wilson,George,Allison,Wilson,,,1,1943-01-06,1949-01-03,IA,2,Republican,,R,,,,legislators-historical.json,IA_CLASS_2
G000205,,404569,,Guy Mark Gillette,Guy,Mark,Gillette,,,4,1949-01-03,1955-01-03,IA,2,Democrat,,D,,,,legislators-historical.json,IA_CLASS_2
M000199,,407219,,Thomas Ellsworth Martin,Thomas,Ellsworth,Martin,,,9,1955-01-05,1961-01-03,IA,2,Republican,,R,,,,legislators-historical.json,IA_CLASS_2
M000730,,407709,,Jack Richard Miller,Jack,Richard,Miller,,,1,1961-01-03,1967-01-03,IA,2,Republican,,R,,,,legislators-historical.json,IA_CLASS_2
M000730,,407709,,Jack Richard Miller,Jack,Richard,Miller,,,2,1967-01-10,1973-01-03,IA,2,Republican,,R,,,,legislators-historical.json,IA_CLASS_2
C000448,,402586,,Richard Clarence Dick Clark,Richard,Clarence,Clark,,Dick,1,1973-01-03,1979-01-03,IA,2,Democrat,,D,,,,legislators-historical.json,IA_CLASS_2
J000101,,406003,,Roger William Jepsen,Roger,William,Jepsen,,,1,1979-01-15,1985-01-03,IA,2,Republican,,R,,,,legislators-historical.json,IA_CLASS_2
H000206,S172,300051,S4IA00020|P20000741,Tom Harkin,Thomas,,Harkin,,Tom,6,1985-01-03,1991-01-03,IA,2,Democrat,,D,,,,legislators-historical.json,IA_CLASS_2
H000206,S172,300051,S4IA00020|P20000741,Tom Harkin,Thomas,,Harkin,,Tom,7,1991-01-03,1997-01-03,IA,2,Democrat,,D,,,,legislators-historical.json,IA_CLASS_2
H000206,S172,300051,S4IA00020|P20000741,Tom Harkin,Thomas,,Harkin,,Tom,8,1997-01-07,2003-01-03,IA,2,Democrat,,D,,,,legislators-historical.json,IA_CLASS_2
H000206,S172,300051,S4IA00020|P20000741,Tom Harkin,Thomas,,Harkin,,Tom,9,2003-01-07,2009-01-03,IA,2,Democrat,,D,,,,legislators-historical.json,IA_CLASS_2
H000206,S172,300051,S4IA00020|P20000741,Tom Harkin,Thomas,,Harkin,,Tom,10,2009-01-06,2015-01-03,IA,2,Democrat,,D,,,junior,legislators-historical.json,IA_CLASS_2
E000295,S376,412667,S4IA00129,Joni Ernst,Joni,,Ernst,,,1,2015-01-06,2021-01-03,IA,2,Republican,,R,,,junior,legislators-current.json,IA_CLASS_2
E000295,S376,412667,S4IA00129,Joni Ernst,Joni,,Ernst,,,2,2021-01-03,2027-01-03,IA,2,Republican,,R,,,junior,legislators-current.json,IA_CLASS_2
D000394,,403509,,Augustus Caesar Dodge,Augustus,Caesar,Dodge,,,5,1848-12-07,1849-03-03,IA,3,Democrat,,D,,,,legislators-historical.json,IA_CLASS_3
D000394,,403509,,Augustus Caesar Dodge,Augustus,Caesar,Dodge,,,6,1849-03-05,1855-02-22,IA,3,Democrat,,D,,,,legislators-historical.json,IA_CLASS_3
H000211,,405090,,James Harlan,James,,Harlan,,,1,1855-12-03,1861-03-03,IA,3,Republican,,R,,,,legislators-historical.json,IA_CLASS_3
H000211,,405090,,James Harlan,James,,Harlan,,,2,1861-07-04,1865-12-31,IA,3,Republican,,R,,,,legislators-historical.json,IA_CLASS_3
K000242,,406401,,Samuel Jordan Kirkwood,Samuel,Jordan,Kirkwood,,,1,1866-01-01,1867-03-03,IA,3,Republican,,R,,,,legislators-historical.json,IA_CLASS_3
H000211,,405090,,James Harlan,James,,Harlan,,,3,1867-03-04,1873-03-03,IA,3,Republican,,R,,,,legislators-historical.json,IA_CLASS_3
A000160,,400815,,William Boyd Allison,William,Boyd,Allison,,,5,1873-12-01,1879-03-03,IA,3,Republican,,R,,,,legislators-historical.json,IA_CLASS_3
A000160,,400815,,William Boyd Allison,William,Boyd,Allison,,,6,1879-03-18,1885-03-03,IA,3,Republican,,R,,,,legislators-historical.json,IA_CLASS_3
A000160,,400815,,William Boyd Allison,William,Boyd,Allison,,,7,1885-12-07,1891-03-03,IA,3,Republican,,R,,,,legislators-historical.json,IA_CLASS_3
A000160,,400815,,William Boyd Allison,William,Boyd,Allison,,,8,1891-12-07,1897-03-03,IA,3,Republican,,R,,,,legislators-historical.json,IA_CLASS_3
A000160,,400815,,William Boyd Allison,William,Boyd,Allison,,,9,1897-03-15,1903-03-03,IA,3,Republican,,R,,,,legislators-historical.json,IA_CLASS_3
A000160,,400815,,William Boyd Allison,William,Boyd,Allison,,,10,1903-11-09,1908-08-04,IA,3,Republican,,R,,,,legislators-historical.json,IA_CLASS_3
C000988,,403096,,Albert Baird Cummins,Albert,Baird,Cummins,,,1,1908-11-24,1909-03-03,IA,3,Republican,,R,,,,legislators-historical.json,IA_CLASS_3
C000988,,403096,,Albert Baird Cummins,Albert,Baird,Cummins,,,2,1909-03-04,1915-03-03,IA,3,Republican,,R,,,,legislators-historical.json,IA_CLASS_3
C000988,,403096,,Albert Baird Cummins,Albert,Baird,Cummins,,,3,1915-12-06,1921-03-03,IA,3,Republican,,R,,,,legislators-historical.json,IA_CLASS_3
C000988,,403096,,Albert Baird Cummins,Albert,Baird,Cummins,,,4,1921-04-11,1926-07-30,IA,3,Republican,,R,,,,legislators-historical.json,IA_CLASS_3
S000906,,410367,,David Wallace Stewart,David,Wallace,Stewart,,,1,1926-08-07,1927-03-04,IA,3,Republican,,R,appointment,,,legislators-historical.json,IA_CLASS_3
B000873,,401830,,Smith Wildman Brookhart,Smith,Wildman,Brookhart,,,3,1927-12-05,1933-03-03,IA,3,Republican,,R,,,,legislators-historical.json,IA_CLASS_3
M001103,,408067,,Richard Louis Murphy,Richard,Louis,Murphy,,,1,1933-03-09,1936-07-16,IA,3,Democrat,,D,,,,legislators-historical.json,IA_CLASS_3
G000205,,404569,,Guy Mark Gillette,Guy,Mark,Gillette,,,2,1936-11-04,1939-01-03,IA,3,Democrat,,D,,,,legislators-historical.json,IA_CLASS_3
G000205,,404569,,Guy Mark Gillette,Guy,Mark,Gillette,,,3,1939-01-03,1945-01-03,IA,3,Democrat,,D,,,,legislators-historical.json,IA_CLASS_3
H000559,,405421,,Bourke Blakemore Hickenlooper,Bourke,Blakemore,Hickenlooper,,,1,1945-01-03,1951-01-03,IA,3,Republican,,R,,,,legislators-historical.json,IA_CLASS_3
H000559,,405421,,Bourke Blakemore Hickenlooper,Bourke,Blakemore,Hickenlooper,,,2,1951-01-03,1957-01-03,IA,3,Republican,,R,,,,legislators-historical.json,IA_CLASS_3
H000559,,405421,,Bourke Blakemore Hickenlooper,Bourke,Blakemore,Hickenlooper,,,3,1957-01-03,1963-01-03,IA,3,Republican,,R,,,,legislators-historical.json,IA_CLASS_3
H000559,,405421,,Bourke Blakemore Hickenlooper,Bourke,Blakemore,Hickenlooper,,,4,1963-01-09,1969-01-03,IA,3,Republican,,R,,,,legislators-historical.json,IA_CLASS_3
H000922,,405767,,Harold Everett Hughes,Harold,Everett,Hughes,,,1,1969-01-03,1975-01-03,IA,3,Democrat,,D,,,,legislators-historical.json,IA_CLASS_3
C000979,,403090,,John Chester Culver,John,Chester,Culver,,,6,1975-01-14,1981-01-03,IA,3,Democrat,,D,,,,legislators-historical.json,IA_CLASS_3
G000386,S153,300048,S0IA00028,Chuck Grassley,Charles,E.,Grassley,,Chuck,4,1981-01-05,1987-01-03,IA,3,Republican,,R,,,,legislators-current.json,IA_CLASS_3
G000386,S153,300048,S0IA00028,Chuck Grassley,Charles,E.,Grassley,,Chuck,5,1987-01-06,1993-01-03,IA,3,Republican,,R,,,,legislators-current.json,IA_CLASS_3
G000386,S153,300048,S0IA00028,Chuck Grassley,Charles,E.,Grassley,,Chuck,6,1993-01-05,1999-01-03,IA,3,Republican,,R,,,,legislators-current.json,IA_CLASS_3
G000386,S153,300048,S0IA00028,Chuck Grassley,Charles,E.,Grassley,,Chuck,7,1999-01-06,2005-01-03,IA,3,Republican,,R,,,,legislators-current.json,IA_CLASS_3
G000386,S153,300048,S0IA00028,Chuck Grassley,Charles,E.,Grassley,,Chuck,8,2005-01-04,2011-01-03,IA,3,Republican,,R,,,,legislators-current.json,IA_CLASS_3
G000386,S153,300048,S0IA00028,Chuck Grassley,Charles,E.,Grassley,,Chuck,9,2011-01-05,2017-01-03,IA,3,Republican,,R,,,senior,legislators-current.json,IA_CLASS_3
G000386,S153,300048,S0IA00028,Chuck Grassley,Charles,E.,Grassley,,Chuck,10,2017-01-03,2023-01-03,IA,3,Republican,,R,,,senior,legislators-current.json,IA_CLASS_3
G000386,S153,300048,S0IA00028,Chuck Grassley,Charles,E.,Grassley,,Chuck,11,2023-01-03,2029-01-03,IA,3,Republican,,R,,,senior,legislators-current.json,IA_CLASS_3
S000382,,409876,,George Laird Shoup,George,Laird,Shoup,,,1,1890-01-01,1895-03-03,ID,2,Republican,,R,,,,legislators-historical.json,ID_CLASS_2
S000382,,409876,,George Laird Shoup,George,Laird,Shoup,,,2,1895-12-02,1901-03-03,ID,2,Republican,,R,,,,legislators-historical.json,ID_CLASS_2
D000509,,403620,,Fred Thomas Dubois,Fred,Thomas,Dubois,,,4,1901-12-02,1907-03-03,ID,2,Democrat,,D,,,,legislators-historical.json,ID_CLASS_2
B000634,,401599,,William Edgar Borah,William,Edgar,Borah,,,1,1907-12-02,1913-03-03,ID,2,Republican,,R,,,,legislators-historical.json,ID_CLASS_2
B000634,,401599,,William Edgar Borah,William,Edgar,Borah,,,2,1913-04-07,1919-03-03,ID,2,Republican,,R,,,,legislators-historical.json,ID_CLASS_2
B000634,,401599,,William Edgar Borah,William,Edgar,Borah,,,3,1919-05-19,1925-03-03,ID,2,Republican,,R,,,,legislators-historical.json,ID_CLASS_2
B000634,,401599,,William Edgar Borah,William,Edgar,Borah,,,4,1925-12-07,1931-03-03,ID,2,Republican,,R,,,,legislators-historical.json,ID_CLASS_2
B000634,,401599,,William Edgar Borah,William,Edgar,Borah,,,5,1931-12-07,1937-01-03,ID,2,Republican,,R,,,,legislators-historical.json,ID_CLASS_2
B000634,,401599,,William Edgar Borah,William,Edgar,Borah,,,6,1937-01-05,1940-01-19,ID,2,Republican,,R,,,,legislators-historical.json,ID_CLASS_2
T000172,,410753,,John Thomas,John,,Thomas,,,2,1940-01-27,1943-01-03,ID,2,Republican,,R,appointment,,,legislators-historical.json,ID_CLASS_2
T000172,,410753,,John Thomas,John,,Thomas,,,3,1943-01-06,1945-11-10,ID,2,Republican,,R,,,,legislators-historical.json,ID_CLASS_2
G000337,,404693,,Charles Clinton Gossett,Charles,Clinton,Gossett,,,1,1945-11-17,1946-11-05,ID,2,Democrat,,D,appointment,,,legislators-historical.json,ID_CLASS_2
D000585,,403688,,Henry Clarence Dworshak,Henry,Clarence,Dworshak,,,4,1946-11-06,1949-01-03,ID,2,Republican,,R,,,,legislators-historical.json,ID_CLASS_2
M000716,,407698,,Bert Henry Miller,Bert,Henry,Miller,,,1,1949-01-03,1949-10-08,ID,2,Democrat,,D,,,,legislators-historical.json,ID_CLASS_2
D000585,,403688,,Henry Clarence Dworshak,Henry,Clarence,Dworshak,,,5,1949-10-14,1955-01-03,ID,2,Republican,,R,appointment,,,legislators-historical.json,ID_CLASS_2
D000585,,403688,,Henry Clarence Dworshak,Henry,Clarence,Dworshak,,,6,1955-01-05,1961-01-03,ID,2,Republican,,R,,,,legislators-historical.json,ID_CLASS_2
D000585,,403688,,Henry Clarence Dworshak,Henry,Clarence,Dworshak,,,7,1961-01-03,1962-07-23,ID,2,Republican,,R,,,,legislators-historical.json,ID_CLASS_2
J000269,,406161,,Leonard Beck Jordan,Leonard,Beck,Jordan,,,1,1962-08-06,1967-01-03,ID,2,Republican,,R,appointment,,,legislators-historical.json,ID_CLASS_2
J000269,,406161,,Leonard Beck Jordan,Leonard,Beck,Jordan,,,2,1967-01-10,1973-01-03,ID,2,Republican,,R,,,,legislators-historical.json,ID_CLASS_2
M000346,S063,407355,,James Albertus McClure,James,Albertus,McClure,,,4,1973-01-03,1979-01-03,ID,2,Republican,,R,,,,legislators-historical.json,ID_CLASS_2
M000346,S063,407355,,James Albertus McClure,James,Albertus,McClure,,,5,1979-01-15,1985-01-03,ID,2,Republican,,R,,,,legislators-historical.json,ID_CLASS_2
M000346,S063,407355,,James Albertus McClure,James,Albertus,McClure,,,6,1985-01-03,1991-01-03,ID,2,Republican,,R,,,,legislators-historical.json,ID_CLASS_2
C000858,S215,300029,S0ID00057,Larry E. Craig,Larry,E.,Craig,,,6,1991-01-03,1997-01-03,ID,2,Republican,,R,,,,legislators-historical.json,ID_CLASS_2
C000858,S215,300029,S0ID00057,Larry E. Craig,Larry,E.,Craig,,,7,1997-01-07,2003-01-03,ID,2,Republican,,R,,,,legislators-historical.json,ID_CLASS_2
C000858,S215,300029,S0ID00057,Larry E. Craig,Larry,E.,Craig,,,8,2003-01-07,2009-01-03,ID,2,Republican,,R,,,,legislators-historical.json,ID_CLASS_2
R000584,S323,412322,S8ID00092,James E. Risch,James,E.,Risch,,,1,2009-01-06,2015-01-03,ID,2,Republican,,R,,,junior,legislators-current.json,ID_CLASS_2
R000584,S323,412322,S8ID00092,James E. Risch,James,E.,Risch,,,2,2015-01-06,2021-01-03,ID,2,Republican,,R,,,junior,legislators-current.json,ID_CLASS_2
R000584,S323,412322,S8ID00092,James E. Risch,James,E.,Risch,,,3,2021-01-03,2027-01-03,ID,2,Republican,,R,,,junior,legislators-current.json,ID_CLASS_2
M000357,,407363,,William John McConnell,William,John,McConnell,,,1,1890-01-01,1891-03-03,ID,3,Republican,,R,,,,legislators-historical.json,ID_CLASS_3
D000509,,403620,,Fred Thomas Dubois,Fred,Thomas,Dubois,,,3,1891-12-07,1897-03-03,ID,3,Republican,,R,,,,legislators-historical.json,ID_CLASS_3
H000458,,405323,,Henry Heitfeld,Henry,,Heitfeld,,,1,1897-03-15,1903-03-03,ID,3,Democrat,,D,,,,legislators-historical.json,ID_CLASS_3
H000554,,405416,,Weldon Brinton Heyburn,Weldon,Brinton,Heyburn,,,1,1903-11-09,1909-03-03,ID,3,Republican,,R,,,,legislators-historical.json,ID_CLASS_3
H000554,,405416,,Weldon Brinton Heyburn,Weldon,Brinton,Heyburn,,,2,1909-03-15,1912-10-17,ID,3,Republican,,R,,,,legislators-historical.json,ID_CLASS_3
P000238,,408641,,Kirtland Irving Perky,Kirtland,Irving,Perky,,,1,1912-11-18,1913-02-05,ID,3,Democrat,,D,,,,legislators-historical.json,ID_CLASS_3
B000753,,401713,,James Henry Brady,James,Henry,Brady,,,1,1913-04-07,1915-03-03,ID,3,Republican,,R,,,,legislators-historical.json,ID_CLASS_3
B000753,,401713,,James Henry Brady,James,Henry,Brady,,,2,1915-12-06,1918-01-13,ID,3,Republican,,R,,,,legislators-historical.json,ID_CLASS_3
N000169,,408250,,John Frost Nugent,John,Frost,Nugent,,,1,1918-01-22,1921-01-14,ID,3,Democrat,,D,appointment,,,legislators-historical.json,ID_CLASS_3
G000288,,404649,,Frank Robert Gooding,Frank,Robert,Gooding,,,1,1921-04-11,1927-03-04,ID,3,Republican,,R,,,,legislators-historical.json,ID_CLASS_3
G000288,,404649,,Frank Robert Gooding,Frank,Robert,Gooding,,,2,1927-12-05,1928-06-24,ID,3,Republican,,R,,,,legislators-historical.json,ID_CLASS_3
T000172,,410753,,John Thomas,John,,Thomas,,,1,1928-06-30,1933-03-03,ID,3,Republican,,R,appointment,,,legislators-historical.json,ID_CLASS_3
P000430,,408821,,James Pinckney Pope,James,Pinckney,Pope,,,1,1933-03-09,1939-01-03,ID,3,Democrat,,D,,,,legislators-historical.json,ID_CLASS_3
C000428,,402566,,David Worth Clark,David,Worth,Clark,,,3,1939-01-03,1945-01-03,ID,3,Democrat,,D,,,,legislators-historical.json,ID_CLASS_3
T000079,,410663,,Glen Hearst Taylor,Glen,Hearst,Taylor,,,1,1945-01-03,1951-01-03,ID,3,Democrat,,D,,,,legislators-historical.json,ID_CLASS_3
W000269,,411435,,Herman Welker,Herman,,Welker,,,1,1951-01-03,1957-01-03,ID,3,Republican,,R,,,,legislators-historical.json,ID_CLASS_3
C000388,,402527,,Frank Forrester Church,Frank,Forrester,Church,,,1,1957-01-03,1963-01-03,ID,3,Democrat,,D,,,,legislators-historical.json,ID_CLASS_3
C000388,,402527,,Frank Forrester Church,Frank,Forrester,Church,,,2,1963-01-09,1969-01-03,ID,3,Democrat,,D,,,,legislators-historical.json,ID_CLASS_3
C000388,,402527,,Frank Forrester Church,Frank,Forrester,Church,,,3,1969-01-03,1975-01-03,ID,3,Democrat,,D,,,,legislators-historical.json,ID_CLASS_3
C000388,,402527,,Frank Forrester Church,Frank,Forrester,Church,,,4,1975-01-14,1981-01-03,ID,3,Democrat,,D,,,,legislators-historical.json,ID_CLASS_3
S001138,S162,410588,,Steven Douglas Symms,Steven,Douglas,Symms,,,5,1981-01-05,1987-01-03,ID,3,Republican,,R,,,,legislators-historical.json,ID_CLASS_3
S001138,S162,410588,,Steven Douglas Symms,Steven,Douglas,Symms,,,6,1987-01-06,1993-01-03,ID,3,Republican,,R,,,,legislators-historical.json,ID_CLASS_3
K000088,S232,406256,,Dirk Kempthorne,Dirk,,Kempthorne,,,1,1993-01-05,1999-01-03,ID,3,Republican,,R,,,,legislators-historical.json,ID_CLASS_3
C000880,S266,300030,S8ID00027|H2ID02034,Mike Crapo,Michael,D.,Crapo,,Mike,4,1999-01-06,2005-01-03,ID,3,Republican,,R,,,,legislators-current.json,ID_CLASS_3
C000880,S266,300030,S8ID00027|H2ID02034,Mike Crapo,Michael,D.,Crapo,,Mike,5,2005-01-04,2011-01-03,ID,3,Republican,,R,,,,legislators-current.json,ID_CLASS_3
C000880,S266,300030,S8ID00027|H2ID02034,Mike Crapo,Michael,D.,Crapo,,Mike,6,2011-01-05,2017-01-03,ID,3,Republican,,R,,,senior,legislators-current.json,ID_CLASS_3
C000880,S266,300030,S8ID00027|H2ID02034,Mike Crapo,Michael,D.,Crapo,,Mike,7,2017-01-03,2023-01-03,ID,3,Republican,,R,,,senior,legislators-current.json,ID_CLASS_3
C000880,S266,300030,S8ID00027|H2ID02034,Mike Crapo,Michael,D.,Crapo,,Mike,8,2023-01-03,2029-01-03,ID,3,Republican,,R,,,senior,legislators-current.json,ID_CLASS_3
T000171,,410752,,Jesse Burgess Thomas,Jesse,Burgess,Thomas,,,2,1818-01-01,1823-03-03,IL,2,Republican,,R,,,,legislators-historical.json,IL_CLASS_2
T000171,,410752,,Jesse Burgess Thomas,Jesse,Burgess,Thomas,,,3,1823-12-01,1829-03-03,IL,2,Adams,,Other,,,,legislators-historical.json,IL_CLASS_2
M000550,,407542,,John McLean,John,,McLean,,,3,1829-12-07,1831-03-03,IL,2,Jackson,,Other,,,,legislators-historical.json,IL_CLASS_2
B000058,,401063,,David Jewett Baker,David,Jewett,Baker,,,1,1830-01-01,1831-03-03,IL,2,Jackson,,Other,,,,legislators-historical.json,IL_CLASS_2
R000344,,409315,,John McCracken Robinson,John,McCracken,Robinson,,,1,1830-01-01,1835-03-03,IL,2,Jackson,,Other,,,,legislators-historical.json,IL_CLASS_2
R000344,,409315,,John McCracken Robinson,John,McCracken,Robinson,,,2,1835-12-07,1841-03-03,IL,2,Democrat,,D,,,,legislators-historical.json,IL_CLASS_2
M000599,,407588,,Samuel McRoberts,Samuel,,McRoberts,,,1,1841-05-31,1843-12-31,IL,2,Democrat,,D,,,,legislators-historical.json,IL_CLASS_2
S000239,,409743,,James Semple,James,,Semple,,,1,1843-12-04,1847-03-03,IL,2,Democrat,,D,,,,legislators-historical.json,IL_CLASS_2
D000457,,403567,,Stephen Arnold Douglas,Stephen,Arnold,Douglas,,,3,1847-12-06,1853-03-03,IL,2,Democrat,,D,,,,legislators-historical.json,IL_CLASS_2
D000457,,403567,,Stephen Arnold Douglas,Stephen,Arnold,Douglas,,,4,1853-12-05,1859-03-03,IL,2,Democrat,,D,,,,legislators-historical.json,IL_CLASS_2
D000457,,403567,,Stephen Arnold Douglas,Stephen,Arnold,Douglas,,,5,1859-12-05,1861-12-31,IL,2,Democrat,,D,,,,legislators-historical.json,IL_CLASS_2
B000960,,401912,,Orville Hickman Browning,Orville,Hickman,Browning,,,1,1861-07-04,1863-12-31,IL,2,Republican,,R,,,,legislators-historical.json,IL_CLASS_2
R000228,,409204,,William Alexander Richardson,William,Alexander,Richardson,,,7,1863-12-07,1865-03-03,IL,2,Democrat,,D,,,,legislators-historical.json,IL_CLASS_2
Y000012,,411945,,Richard Yates,Richard,,Yates,,,3,1865-12-04,1871-03-03,IL,2,Republican,,R,,,,legislators-historical.json,IL_CLASS_2
L000403,,406894,,John Alexander Logan,John,Alexander,Logan,,,5,1871-03-04,1877-03-03,IL,2,Republican,,R,,,,legislators-historical.json,IL_CLASS_2
D000097,,403233,,David Davis,David,,Davis,,,1,1877-10-15,1883-03-03,IL,2,Independent,,I,,,,legislators-historical.json,IL_CLASS_2
C000973,,403084,,Shelby Moore Cullom,Shelby,Moore,Cullom,,,4,1883-12-03,1889-03-03,IL,2,Republican,,R,,,,legislators-historical.json,IL_CLASS_2
C000973,,403084,,Shelby Moore Cullom,Shelby,Moore,Cullom,,,5,1889-12-02,1895-03-03,IL,2,Republican,,R,,,,legislators-historical.json,IL_CLASS_2
C000973,,403084,,Shelby Moore Cullom,Shelby,Moore,Cullom,,,6,1895-12-02,1901-03-03,IL,2,Republican,,R,,,,legislators-historical.json,IL_CLASS_2
C000973,,403084,,Shelby Moore Cullom,Shelby,Moore,Cullom,,,7,1901-12-02,1907-03-03,IL,2,Republican,,R,,,,legislators-historical.json,IL_CLASS_2
C000973,,403084,,Shelby Moore Cullom,Shelby,Moore,Cullom,,,8,1907-12-02,1913-03-03,IL,2,Republican,,R,,,,legislators-historical.json,IL_CLASS_2
L000284,,406782,,James Hamilton Lewis,James,Hamilton,Lewis,,,2,1913-04-07,1919-03-03,IL,2,Democrat,,D,,,,legislators-historical.json,IL_CLASS_2
M000369,,407374,,Joseph Medill McCormick,Joseph,Medill,McCormick,,,2,1919-05-19,1925-03-03,IL,2,Republican,,R,,,,legislators-historical.json,IL_CLASS_2
D000233,,403371,,Charles Samuel Deneen,Charles,Samuel,Deneen,,,1,1925-12-07,1931-03-03,IL,2,Republican,,R,,,,legislators-historical.json,IL_CLASS_2
L000284,,406782,,James Hamilton Lewis,James,Hamilton,Lewis,,,3,1931-12-07,1937-01-03,IL,2,Democrat,,D,,,,legislators-historical.json,IL_CLASS_2
L000284,,406782,,James Hamilton Lewis,James,Hamilton,Lewis,,,4,1937-01-05,1939-04-09,IL,2,Democrat,,D,,,,legislators-historical.json,IL_CLASS_2
S000478,,409967,,James Michael Slattery,James,Michael,Slattery,,,1,1939-04-14,1940-11-21,IL,2,Democrat,,D,appointment,,,legislators-historical.json,IL_CLASS_2
B000874,,401831,,Charles Wayland Brooks,Charles,Wayland,Brooks,,,1,1940-11-22,1943-01-03,IL,2,Republican,,R,,,,legislators-historical.json,IL_CLASS_2
B000874,,401831,,Charles Wayland Brooks,Charles,Wayland,Brooks,,,2,1943-01-06,1949-01-03,IL,2,Republican,,R,,,,legislators-historical.json,IL_CLASS_2
D000456,,403566,,Paul Howard Douglas,Paul,Howard,Douglas,,,1,1949-01-03,1955-01-03,IL,2,Democrat,,D,,,,legislators-historical.json,IL_CLASS_2
D000456,,403566,,Paul Howard Douglas,Paul,Howard,Douglas,,,2,1955-01-05,1961-01-03,IL,2,Democrat,,D,,,,legislators-historical.json,IL_CLASS_2
D000456,,403566,,Paul Howard Douglas,Paul,Howard,Douglas,,,3,1961-01-03,1967-01-03,IL,2,Democrat,,D,,,,legislators-historical.json,IL_CLASS_2
P000222,,408625,,Charles Harting Percy,Charles,Harting,Percy,,,1,1967-01-10,1973-01-03,IL,2,Republican,,R,,,,legislators-historical.json,IL_CLASS_2
P000222,,408625,,Charles Harting Percy,Charles,Harting,Percy,,,2,1973-01-03,1979-01-03,IL,2,Republican,,R,,,,legislators-historical.json,IL_CLASS_2
P000222,,408625,,Charles Harting Percy,Charles,Harting,Percy,,,3,1979-01-15,1985-01-03,IL,2,Republican,,R,,,,legislators-historical.json,IL_CLASS_2
S000423,S175,409917,,Paul Martin Simon,Paul,Martin,Simon,,,6,1985-01-03,1991-01-03,IL,2,Democrat,,D,,,,legislators-historical.json,IL_CLASS_2
S000423,S175,409917,,Paul Martin Simon,Paul,Martin,Simon,,,7,1991-01-03,1997-01-03,IL,2,Democrat,,D,,,,legislators-historical.json,IL_CLASS_2
D000563,S253,300038,S6IL00151|H2IL20026,Richard J. Durbin,Richard,J.,Durbin,,,8,1997-01-07,2003-01-03,IL,2,Democrat,,D,,,,legislators-current.json,IL_CLASS_2
D000563,S253,300038,S6IL00151|H2IL20026,Richard J. Durbin,Richard,J.,Durbin,,,9,2003-01-07,2009-01-03,IL,2,Democrat,,D,,,,legislators-current.json,IL_CLASS_2
D000563,S253,300038,S6IL00151|H2IL20026,Richard J. Durbin,Richard,J.,Durbin,,,10,2009-01-06,2015-01-03,IL,2,Democrat,,D,,,senior,legislators-current.json,IL_CLASS_2
D000563,S253,300038,S6IL00151|H2IL20026,Richard J. Durbin,Richard,J.,Durbin,,,11,2015-01-06,2021-01-03,IL,2,Democrat,,D,,,senior,legislators-current.json,IL_CLASS_2
D000563,S253,300038,S6IL00151|H2IL20026,Richard J. Durbin,Richard,J.,Durbin,,,12,2021-01-03,2027-01-03,IL,2,Democrat,,D,,,senior,legislators-current.json,IL_CLASS_2
E000078,,403770,,Ninian Edwards,Ninian,,Edwards,,,1,1818-12-03,1819-03-03,IL,3,Republican,,R,,,,legislators-historical.json,IL_CLASS_3
E000078,,403770,,Ninian Edwards,Ninian,,Edwards,,,2,1819-03-04,1824-03-04,IL,3,Republican,,R,,,,legislators-historical.json,IL_CLASS_3
M000550,,407542,,John McLean,John,,McLean,,,2,1824-01-01,1825-03-03,IL,3,Crawford Republican,,Other,,,,legislators-historical.json,IL_CLASS_3
K000006,,406180,,Elias Kent Kane,Elias,Kent,Kane,,,1,1825-12-05,1831-03-03,IL,3,Jackson,,Other,,,,legislators-historical.json,IL_CLASS_3
K000006,,406180,,Elias Kent Kane,Elias,Kent,Kane,,,2,1831-12-05,1835-12-31,IL,3,Jackson,,Other,,,,legislators-historical.json,IL_CLASS_3
E000283,,403961,,William Lee Davidson Ewing,William,Lee Davidson,Ewing,,,1,1835-12-07,1837-03-03,IL,3,Jackson,,Other,,,,legislators-historical.json,IL_CLASS_3
Y000050,,411982,,Richard Montgomery Young,Richard,Montgomery,Young,,,1,1837-09-04,1843-03-03,IL,3,Democrat,,D,,,,legislators-historical.json,IL_CLASS_3
B000793,,401750,,Sidney Breese,Sidney,,Breese,,,1,1843-12-04,1849-03-03,IL,3,Democrat,,D,,,,legislators-historical.json,IL_CLASS_3
S000362,,412130,,James Shields,James,,Shields,,,1,1849-12-03,1855-03-03,IL,3,Democrat,,D,,,,legislators-historical.json,IL_CLASS_3
T000392,,410961,,Lyman Trumbull,Lyman,,Trumbull,,,1,1855-12-03,1861-03-03,IL,3,Republican,,R,,,,legislators-historical.json,IL_CLASS_3
T000392,,410961,,Lyman Trumbull,Lyman,,Trumbull,,,2,1861-07-04,1867-03-03,IL,3,Republican,,R,,,,legislators-historical.json,IL_CLASS_3
T000392,,410961,,Lyman Trumbull,Lyman,,Trumbull,,,3,1867-03-04,1873-03-03,IL,3,Republican,,R,,,,legislators-historical.json,IL_CLASS_3
O000048,,408331,,Richard James Oglesby,Richard,James,Oglesby,,,1,1873-12-01,1879-03-03,IL,3,Republican,,R,,,,legislators-historical.json,IL_CLASS_3
L000403,,406894,,John Alexander Logan,John,Alexander,Logan,,,6,1879-03-18,1885-03-03,IL,3,Republican,,R,,,,legislators-historical.json,IL_CLASS_3
L000403,,406894,,John Alexander Logan,John,Alexander,Logan,,,7,1885-12-07,1887-03-03,IL,3,Republican,,R,,,,legislators-historical.json,IL_CLASS_3
F000037,,403998,,Charles Benjamin Farwell,Charles,Benjamin,Farwell,,,5,1887-12-05,1891-03-03,IL,3,Republican,,R,,,,legislators-historical.json,IL_CLASS_3
P000042,,408452,,John McAuley Palmer,John,McAuley,Palmer,,,1,1891-12-07,1897-03-03,IL,3,Democrat,,D,,,,legislators-historical.json,IL_CLASS_3
M000228,,407246,,William Ernest Mason,William,Ernest,Mason,,,3,1897-03-15,1903-03-03,IL,3,Republican,,R,,,,legislators-historical.json,IL_CLASS_3
H000770,,405620,,Albert Jarvis Hopkins,Albert,Jarvis,Hopkins,,,10,1903-11-09,1909-03-03,IL,3,Republican,,R,,,,legislators-historical.json,IL_CLASS_3
L000444,,406935,,William Lorimer,William,,Lorimer,,,7,1909-03-15,1913-03-03,IL,3,Republican,,R,,,,legislators-historical.json,IL_CLASS_3
S000348,,409844,,Lawrence Yates Sherman,Lawrence,Yates,Sherman,,,1,1913-04-07,1915-03-03,IL,3,Republican,,R,,,,legislators-historical.json,IL_CLASS_3
S000348,,409844,,Lawrence Yates Sherman,Lawrence,Yates,Sherman,,,2,1915-12-06,1921-03-03,IL,3,Republican,,R,,,,legislators-historical.json,IL_CLASS_3
M000521,,407514,,William Brown McKinley,William,Brown,McKinley,,,8,1921-04-11,1927-03-04,IL,3,Republican,,R,,,,legislators-historical.json,IL_CLASS_3
G000238,,404600,,Otis Ferguson Glenn,Otis,Ferguson,Glenn,,,1,1928-12-03,1933-03-03,IL,3,Republican,,R,,,,legislators-historical.json,IL_CLASS_3
D000339,,403457,,William Henry Dieterich,William,Henry,Dieterich,,,2,1933-03-09,1939-01-03,IL,3,Democrat,,D,,,,legislators-historical.json,IL_CLASS_3
L000493,,406980,,Scott Wike Lucas,Scott,Wike,Lucas,,,3,1939-01-03,1945-01-03,IL,3,Democrat,,D,,,,legislators-historical.json,IL_CLASS_3
L000493,,406980,,Scott Wike Lucas,Scott,Wike,Lucas,,,4,1945-01-03,1951-01-03,IL,3,Democrat,,D,,,,legislators-historical.json,IL_CLASS_3
D000360,,403477,,Everett McKinley Dirksen,Everett,McKinley,Dirksen,,,9,1951-01-03,1957-01-03,IL,3,Republican,,R,,,,legislators-historical.json,IL_CLASS_3
D000360,,403477,,Everett McKinley Dirksen,Everett,McKinley,Dirksen,,,10,1957-01-03,1963-01-03,IL,3,Republican,,R,,,,legislators-historical.json,IL_CLASS_3
D000360,,403477,,Everett McKinley Dirksen,Everett,McKinley,Dirksen,,,11,1963-01-09,1969-01-03,IL,3,Republican,,R,,,,legislators-historical.json,IL_CLASS_3
S000602,,410080,,Ralph Tyler Smith,Ralph,Tyler,Smith,,,1,1969-09-17,1970-11-16,IL,3,Republican,,R,appointment,,,legislators-historical.json,IL_CLASS_3
S000890,,410351,,Adlai Ewing Stevenson III,Adlai,Ewing,Stevenson,III,,1,1970-11-17,1975-01-03,IL,3,Democrat,,D,,,,legislators-historical.json,IL_CLASS_3
S000890,,410351,,Adlai Ewing Stevenson III,Adlai,Ewing,Stevenson,III,,2,1975-01-14,1981-01-03,IL,3,Democrat,,D,,,,legislators-historical.json,IL_CLASS_3
D000366,S149,403483,,Alan John Dixon,Alan,John,Dixon,,,1,1981-01-05,1987-01-03,IL,3,Democrat,,D,,,,legislators-historical.json,IL_CLASS_3
D000366,S149,403483,,Alan John Dixon,Alan,John,Dixon,,,2,1987-01-06,1993-01-03,IL,3,Democrat,,D,,,,legislators-historical.json,IL_CLASS_3
M001025,S226,407992,,Carol Moseley Braun,Carol,,Moseley Braun,,,1,1993-01-05,1999-01-03,IL,3,Democrat,,D,,,,legislators-historical.json,IL_CLASS_3
F000442,S268,300044,H4IL08043|S8IL00082,Peter G. Fitzgerald,Peter,G.,Fitzgerald,,,1,1999-01-06,2005-01-03,IL,3,Republican,,R,,,,legislators-historical.json,IL_CLASS_3
O000167,S298,400629,S4IL00180,Barack Obama,Barack,,Obama,,,1,2005-01-04,2008-11-16,IL,3,Democrat,,D,,,,legislators-historical.json,IL_CLASS_3
B001266,S328,412328,S4IL00057,Roland Burris,Roland,,Burris,,,1,2009-01-15,2010-11-29,IL,3,Democrat,,D,appointment,,,legislators-historical.json,IL_CLASS_3
K000360,S339,400222,H0IL10120|S0IL00261,Mark Kirk,Mark,Steven,Kirk,,,6,2010-11-29,2011-01-03,IL,3,Republican,,R,,,,legislators-historical.json,IL_CLASS_3
K000360,S339,400222,H0IL10120|S0IL00261,Mark Kirk,Mark,Steven,Kirk,,,7,2011-01-05,2017-01-03,IL,3,Republican,,R,,,junior,legislators-historical.json,IL_CLASS_3
D000622,S386,412533,H6IL06141|S6IL00292,Tammy Duckworth,Tammy,,Duckworth,,,3,2017-01-03,2023-01-03,IL,3,Democrat,,D,,,junior,legislators-current.json,IL_CLASS_3
D000622,S386,412533,H6IL06141|S6IL00292,Tammy Duckworth,Tammy,,Duckworth,,,4,2023-01-03,2029-01-03,IL,3,Democrat,,D,,,junior,legislators-current.json,IL_CLASS_3
N000118,,408202,,James Noble,James,,Noble,,,1,1816-01-01,1821-03-03,IN,1,Republican,,R,,,,legislators-historical.json,IN_CLASS_1
N000118,,408202,,James Noble,James,,Noble,,,2,1821-12-03,1827-03-03,IN,1,Adams,,Other,,,,legislators-historical.json,IN_CLASS_1
N000118,,408202,,James Noble,James,,Noble,,,3,1827-12-03,1831-12-31,IN,1,Adams,,Other,,,,legislators-historical.json,IN_CLASS_1
H000165,,405047,,Robert Hanna,Robert,,Hanna,,,1,1831-12-05,1833-03-03,IN,1,Anti-Jacksonian,,Other,,,,legislators-historical.json,IN_CLASS_1
T000284,,410857,,John Tipton,John,,Tipton,,,1,1832-01-03,1833-03-02,IN,1,Democrat,,D,,,,legislators-historical.json,IN_CLASS_1
T000284,,410857,,John Tipton,John,,Tipton,,,2,1833-12-02,1839-03-03,IN,1,Democrat,,D,,,,legislators-historical.json,IN_CLASS_1
W000351,,411513,,Albert Smith White,Albert,Smith,White,,,2,1839-12-02,1845-03-03,IN,1,Whig,,Other,,,,legislators-historical.json,IN_CLASS_1
B000835,,401792,,Jesse David Bright,Jesse,David,Bright,,,1,1845-12-01,1851-03-03,IN,1,Democrat,,D,,,,legislators-historical.json,IN_CLASS_1
B000835,,401792,,Jesse David Bright,Jesse,David,Bright,,,2,1851-12-01,1857-03-03,IN,1,Democrat,,D,,,,legislators-historical.json,IN_CLASS_1
B000835,,401792,,Jesse David Bright,Jesse,David,Bright,,,3,1857-12-07,1863-03-03,IN,1,Democrat,,D,,,,legislators-historical.json,IN_CLASS_1
W000766,,411915,,Joseph Albert Wright,Joseph,Albert,Wright,,,2,1862-01-01,1863-03-03,IN,1,Unionist,,Other,,,,legislators-historical.json,IN_CLASS_1
T000432,,411000,,David Turpie,David,,Turpie,,,1,1863-12-07,1863-12-31,IN,1,Democrat,,D,,,,legislators-historical.json,IN_CLASS_1
H000493,,405356,,Thomas Andrews Hendricks,Thomas,Andrews,Hendricks,,,3,1863-12-07,1869-03-03,IN,1,Democrat,,D,,,,legislators-historical.json,IN_CLASS_1
P000497,,408882,,Daniel Darwin Pratt,Daniel,Darwin,Pratt,,,1,1869-03-04,1875-03-03,IN,1,Republican,,R,,,,legislators-historical.json,IN_CLASS_1
M000412,,407412,,Joseph Ewing McDonald,Joseph,Ewing,McDonald,,,2,1875-12-06,1881-03-03,IN,1,Democrat,,D,,,,legislators-historical.json,IN_CLASS_1
H000263,,405139,,Benjamin Harrison,Benjamin,,Harrison,,,1,1881-12-05,1887-03-03,IN,1,Republican,,R,,,,legislators-historical.json,IN_CLASS_1
T000432,,411000,,David Turpie,David,,Turpie,,,2,1887-12-05,1893-03-03,IN,1,Democrat,,D,,,,legislators-historical.json,IN_CLASS_1
T000432,,411000,,David Turpie,David,,Turpie,,,3,1893-08-07,1899-03-03,IN,1,Democrat,,D,,,,legislators-historical.json,IN_CLASS_1
B000429,,401415,,Albert Jeremiah Beveridge,Albert,Jeremiah,Beveridge,,,1,1899-12-04,1905-03-03,IN,1,Republican,,R,,,,legislators-historical.json,IN_CLASS_1
B000429,,401415,,Albert Jeremiah Beveridge,Albert,Jeremiah,Beveridge,,,2,1905-12-04,1911-03-03,IN,1,Republican,,R,,,,legislators-historical.json,IN_CLASS_1
K000132,,406298,,John Worth Kern,John,Worth,Kern,,,1,1911-04-04,1917-03-03,IN,1,Democrat,,D,,,,legislators-historical.json,IN_CLASS_1
N000059,,408147,,Harry Stewart New,Harry,Stewart,New,,,1,1917-04-02,1923-03-03,IN,1,Republican,,R,,,,legislators-historical.json,IN_CLASS_1
R000020,,409002,,Samuel Moffett Ralston,Samuel,Moffett,Ralston,,,1,1923-12-03,1925-10-14,IN,1,Democrat,,D,,,,legislators-historical.json,IN_CLASS_1
R000332,,409303,,Arthur Raymond Robinson,Arthur,Raymond,Robinson,,,1,1925-12-07,1929-03-03,IN,1,Republican,,R,appointment,,,legislators-historical.json,IN_CLASS_1
R000332,,409303,,Arthur Raymond Robinson,Arthur,Raymond,Robinson,,,2,1929-04-15,1935-01-03,IN,1,Republican,,R,,,,legislators-historical.json,IN_CLASS_1
M000800,,407776,,Sherman Minton,Sherman,,Minton,,,1,1935-01-03,1941-01-03,IN,1,Democrat,,D,,,,legislators-historical.json,IN_CLASS_1
W000563,,411719,,Raymond Eugene Willis,Raymond,Eugene,Willis,,,1,1941-01-03,1947-01-03,IN,1,Republican,,R,,,,legislators-historical.json,IN_CLASS_1
J000093,,405995,,William Ezra Jenner,William,Ezra,Jenner,,,2,1947-01-03,1953-01-03,IN,1,Republican,,R,,,,legislators-historical.json,IN_CLASS_1
J000093,,405995,,William Ezra Jenner,William,Ezra,Jenner,,,3,1953-01-03,1959-01-03,IN,1,Republican,,R,,,,legislators-historical.json,IN_CLASS_1
H000297,,405170,,Rupert Vance Hartke,Rupert,Vance,Hartke,,,1,1959-01-07,1965-01-03,IN,1,Democrat,,D,,,,legislators-historical.json,IN_CLASS_1
H000297,,405170,,Rupert Vance Hartke,Rupert,Vance,Hartke,,,2,1965-01-04,1971-01-03,IN,1,Democrat,,D,,,,legislators-historical.json,IN_CLASS_1
H000297,,405170,,Rupert Vance Hartke,Rupert,Vance,Hartke,,,3,1971-01-21,1977-01-03,IN,1,Democrat,,D,,,,legislators-historical.json,IN_CLASS_1
L000504,S105,300070,S4IN00014,Richard G. Lugar,Richard,G.,Lugar,,,1,1977-01-04,1983-01-03,IN,1,Republican,,R,,,,legislators-historical.json,IN_CLASS_1
L000504,S105,300070,S4IN00014,Richard G. Lugar,Richard,G.,Lugar,,,2,1983-01-03,1989-01-03,IN,1,Republican,,R,,,,legislators-historical.json,IN_CLASS_1
L000504,S105,300070,S4IN00014,Richard G. Lugar,Richard,G.,Lugar,,,3,1989-01-03,1995-01-03,IN,1,Republican,,R,,,,legislators-historical.json,IN_CLASS_1
L000504,S105,300070,S4IN00014,Richard G. Lugar,Richard,G.,Lugar,,,4,1995-01-04,2001-01-03,IN,1,Republican,,R,,,,legislators-historical.json,IN_CLASS_1
L000504,S105,300070,S4IN00014,Richard G. Lugar,Richard,G.,Lugar,,,5,2001-01-03,2007-01-03,IN,1,Republican,,R,,,,legislators-historical.json,IN_CLASS_1
L000504,S105,300070,S4IN00014,Richard G. Lugar,Richard,G.,Lugar,,,6,2007-01-04,2013-01-03,IN,1,Republican,,R,,,,legislators-historical.json,IN_CLASS_1
D000607,S356,412205,H4IN02101|S2IN00091,Joe Donnelly,Joe,,Donnelly,,,4,2013-01-03,2019-01-03,IN,1,Democrat,,D,,,senior,legislators-historical.json,IN_CLASS_1
B001310,S397,412839,S8IN00171,Mike Braun,Mike,,Braun,,,1,2019-01-03,2025-01-03,IN,1,Republican,,R,,,junior,legislators-historical.json,IN_CLASS_1
B001299,S429,412702,H6IN03229|S4IN00196,Jim Banks,Jim,,Banks,,,5,2025-01-03,2031-01-03,IN,1,Republican,,R,,,junior,legislators-current.json,IN_CLASS_1
T000102,,410685,,Waller Taylor,Waller,,Taylor,,,1,1816-01-01,1819-03-03,IN,3,Republican,,R,,,,legislators-historical.json,IN_CLASS_3
T000102,,410685,,Waller Taylor,Waller,,Taylor,,,2,1819-12-06,1825-03-03,IN,3,Republican,,R,,,,legislators-historical.json,IN_CLASS_3
H000494,,405357,,William Hendricks,William,,Hendricks,,,5,1825-12-05,1831-03-03,IN,3,Adams,,Other,,,,legislators-historical.json,IN_CLASS_3
H000494,,405357,,William Hendricks,William,,Hendricks,,,6,1831-12-05,1837-03-03,IN,3,Adams,,Other,,,,legislators-historical.json,IN_CLASS_3
S000599,,410077,,Oliver Hampton Smith,Oliver,Hampton,Smith,,,2,1837-09-04,1843-03-03,IN,3,Whig,,Other,,,,legislators-historical.json,IN_CLASS_3
H000167,,405049,,Edward Allen Hannegan,Edward,Allen,Hannegan,,,2,1843-12-04,1849-03-03,IN,3,Democrat,,D,,,,legislators-historical.json,IN_CLASS_3
W000349,,411511,,James Whitcomb,James,,Whitcomb,,,1,1849-12-03,1853-03-03,IN,3,Democrat,,D,,,,legislators-historical.json,IN_CLASS_3
C000250,,402394,,Charles William Cathcart,Charles,William,Cathcart,,,3,1852-01-01,1853-12-31,IN,3,Democrat,,D,,,,legislators-historical.json,IN_CLASS_3
P000277,,408677,,John Pettit,John,,Pettit,,,4,1853-12-05,1855-03-03,IN,3,Democrat,,D,,,,legislators-historical.json,IN_CLASS_3
F000158,,404113,,Graham Newell Fitch,Graham,Newell,Fitch,,,3,1857-12-07,1861-03-03,IN,3,Democrat,,D,,,,legislators-historical.json,IN_CLASS_3
L000060,,406569,,Henry Smith Lane,Henry,Smith,Lane,,,3,1861-07-04,1867-03-03,IN,3,Republican,,R,,,,legislators-historical.json,IN_CLASS_3
M001020,,407987,,Oliver Hazard Perry Throck Morton,Oliver,Hazard Perry Throck,Morton,,,1,1867-03-04,1873-03-03,IN,3,Republican,,R,,,,legislators-historical.json,IN_CLASS_3
M001020,,407987,,Oliver Hazard Perry Throck Morton,Oliver,Hazard Perry Throck,Morton,,,2,1873-12-01,1877-12-31,IN,3,Republican,,R,,,,legislators-historical.json,IN_CLASS_3
V000116,,411170,,Daniel Wolsey Voorhees,Daniel,Wolsey,Voorhees,,,6,1877-10-15,1879-03-03,IN,3,Democrat,,D,,,,legislators-historical.json,IN_CLASS_3
V000116,,411170,,Daniel Wolsey Voorhees,Daniel,Wolsey,Voorhees,,,7,1879-03-18,1885-03-03,IN,3,Democrat,,D,,,,legislators-historical.json,IN_CLASS_3
V000116,,411170,,Daniel Wolsey Voorhees,Daniel,Wolsey,Voorhees,,,8,1885-12-07,1891-03-03,IN,3,Democrat,,D,,,,legislators-historical.json,IN_CLASS_3
V000116,,411170,,Daniel Wolsey Voorhees,Daniel,Wolsey,Voorhees,,,9,1891-12-07,1897-03-03,IN,3,Democrat,,D,,,,legislators-historical.json,IN_CLASS_3
F000003,,403965,,Charles Warren Fairbanks,Charles,Warren,Fairbanks,,,1,1897-03-15,1903-03-03,IN,3,Republican,,R,,,,legislators-historical.json,IN_CLASS_3
F000003,,403965,,Charles Warren Fairbanks,Charles,Warren,Fairbanks,,,2,1903-11-09,1905-03-03,IN,3,Republican,,R,,,,legislators-historical.json,IN_CLASS_3
H000467,,405330,,James Alexander Hemenway,James,Alexander,Hemenway,,,6,1905-12-04,1909-03-03,IN,3,Republican,,R,,,,legislators-historical.json,IN_CLASS_3
S000371,,409865,,Benjamin Franklin Shively,Benjamin,Franklin,Shively,,,5,1909-03-15,1915-03-03,IN,3,Democrat,,D,,,,legislators-historical.json,IN_CLASS_3
S000371,,409865,,Benjamin Franklin Shively,Benjamin,Franklin,Shively,,,6,1915-12-06,1916-03-14,IN,3,Democrat,,D,,,,legislators-historical.json,IN_CLASS_3
T000013,,410603,,Thomas Taggart,Thomas,,Taggart,,,1,1916-03-20,1916-11-07,IN,3,Democrat,,D,appointment,,,legislators-historical.json,IN_CLASS_3
W000203,,411374,,James Eli Watson,James,Eli,Watson,,,7,1916-11-08,1921-03-03,IN,3,Republican,,R,,,,legislators-historical.json,IN_CLASS_3
W000203,,411374,,James Eli Watson,James,Eli,Watson,,,8,1921-04-11,1927-03-04,IN,3,Republican,,R,,,,legislators-historical.json,IN_CLASS_3
W000203,,411374,,James Eli Watson,James,Eli,Watson,,,9,1927-12-05,1933-03-03,IN,3,Republican,,R,,,,legislators-historical.json,IN_CLASS_3
V000050,,411092,,Frederick Van Nuys,Frederick,,Van Nuys,,,1,1933-03-09,1939-01-03,IN,3,Democrat,,D,,,,legislators-historical.json,IN_CLASS_3
V000050,,411092,,Frederick Van Nuys,Frederick,,Van Nuys,,,2,1939-01-03,1944-01-25,IN,3,Democrat,,D,,,,legislators-historical.json,IN_CLASS_3
J000026,,405932,,Samuel Dillon Jackson,Samuel,Dillon,Jackson,,,1,1944-01-28,1944-11-13,IN,3,Democrat,,D,appointment,,,legislators-historical.json,IN_CLASS_3
J000093,,405995,,William Ezra Jenner,William,Ezra,Jenner,,,1,1944-11-14,1945-01-03,IN,3,Republican,,R,,,,legislators-historical.json,IN_CLASS_3
C000128,,402278,,Homer Earl Capehart,Homer,Earl,Capehart,,,1,1945-01-03,1951-01-03,IN,3,Republican,,R,,,,legislators-historical.json,IN_CLASS_3
C000128,,402278,,Homer Earl Capehart,Homer,Earl,Capehart,,,2,1951-01-03,1957-01-03,IN,3,Republican,,R,,,,legislators-historical.json,IN_CLASS_3
C000128,,402278,,Homer Earl Capehart,Homer,Earl,Capehart,,,3,1957-01-03,1963-01-03,IN,3,Republican,,R,,,,legislators-historical.json,IN_CLASS_3
B000254,,401248,,Birch Evans Bayh,Birch,Evans,Bayh,,,1,1963-01-09,1969-01-03,IN,3,Democrat,,D,,,,legislators-historical.json,IN_CLASS_3
B000254,,401248,,Birch Evans Bayh,Birch,Evans,Bayh,,,2,1969-01-03,1975-01-03,IN,3,Democrat,,D,,,,legislators-historical.json,IN_CLASS_3
B000254,,401248,,Birch Evans Bayh,Birch,Evans,Bayh,,,3,1975-01-14,1981-01-03,IN,3,Democrat,,D,,,,legislators-historical.json,IN_CLASS_3
Q000007,,408970,,James Danforth Dan Quayle,James,Danforth,Quayle,,Dan,3,1981-01-05,1987-01-03,IN,3,Republican,,R,,,,legislators-historical.json,IN_CLASS_3
Q000007,,408970,,James Danforth Dan Quayle,James,Danforth,Quayle,,Dan,4,1987-01-06,1989-01-02,IN,3,Republican,,R,,,,legislators-historical.json,IN_CLASS_3
C000542,S212,402675,S0IN00053,Daniel Coats,Daniel,Ray,Coats,,,5,1989-01-03,1993-01-03,IN,3,Republican,,R,appointment,,,legislators-historical.json,IN_CLASS_3
C000542,S212,402675,S0IN00053,Daniel Coats,Daniel,Ray,Coats,,,6,1993-01-05,1999-01-03,IN,3,Republican,,R,,,,legislators-historical.json,IN_CLASS_3
B001233,S264,300006,S8IN00049,Evan Bayh,Evan,,Bayh,,,1,1999-01-06,2005-01-03,IN,3,Democrat,,D,,,,legislators-historical.json,IN_CLASS_3
B001233,S264,300006,S8IN00049,Evan Bayh,Evan,,Bayh,,,2,2005-01-04,2011-01-03,IN,3,Democrat,,D,,,,legislators-historical.json,IN_CLASS_3
C000542,S212,402675,S0IN00053,Daniel Coats,Daniel,Ray,Coats,,,7,2011-01-05,2017-01-03,IN,3,Republican,,R,,,senior,legislators-historical.json,IN_CLASS_3
Y000064,S391,412428,H0IN09070|S6IN00191,Todd Young,Todd,C.,Young,,,4,2017-01-03,2023-01-03,IN,3,Republican,,R,,,senior,legislators-current.json,IN_CLASS_3
Y000064,S391,412428,H0IN09070|S6IN00191,Todd Young,Todd,C.,Young,,,5,2023-01-03,2029-01-03,IN,3,Republican,,R,,,senior,legislators-current.json,IN_CLASS_3
L000061,,406570,,James Henry Lane,James,Henry,Lane,,,2,1861-07-04,1865-03-03,KS,2,Republican,,R,,,,legislators-historical.json,KS_CLASS_2
L000061,,406570,,James Henry Lane,James,Henry,Lane,,,3,1865-12-04,1867-03-03,KS,2,Republican,,R,,,,legislators-historical.json,KS_CLASS_2
R000445,,409409,,Edmund Gibson Ross,Edmund,Gibson,Ross,,,1,1866-01-01,1871-03-03,KS,2,Republican,,R,,,,legislators-historical.json,KS_CLASS_2
C000027,,402188,,Alexander Caldwell,Alexander,,Caldwell,,,1,1871-03-04,1873-12-31,KS,2,Republican,,R,,,,legislators-historical.json,KS_CLASS_2
C000952,,403064,,Robert Crozier,Robert,,Crozier,,,1,1873-12-01,1875-03-03,KS,2,Republican,,R,,,,legislators-historical.json,KS_CLASS_2
H000307,,405180,,James Madison Harvey,James,Madison,Harvey,,,1,1874-01-01,1877-03-03,KS,2,Republican,,R,,,,legislators-historical.json,KS_CLASS_2
P000389,,408783,,Preston B. Plumb,Preston,B.,Plumb,,,1,1877-10-15,1883-03-03,KS,2,Republican,,R,,,,legislators-historical.json,KS_CLASS_2
P000389,,408783,,Preston B. Plumb,Preston,B.,Plumb,,,2,1883-12-03,1889-03-03,KS,2,Republican,,R,,,,legislators-historical.json,KS_CLASS_2
P000389,,408783,,Preston B. Plumb,Preston,B.,Plumb,,,3,1889-12-02,1891-12-31,KS,2,Republican,,R,,,,legislators-historical.json,KS_CLASS_2
P000228,,408631,,Bishop Walden Perkins,Bishop,Walden,Perkins,,,5,1892-01-01,1893-12-31,KS,2,Republican,,R,,,,legislators-historical.json,KS_CLASS_2
M000185,,407206,,John Martin,John,,Martin,,,1,1893-08-07,1895-03-03,KS,2,Democrat,,D,,,,legislators-historical.json,KS_CLASS_2
B000070,,401073,,Lucien Baker,Lucien,,Baker,,,1,1895-12-02,1901-03-03,KS,2,Republican,,R,,,,legislators-historical.json,KS_CLASS_2
B001154,,402096,,Joseph Ralph Burton,Joseph,Ralph,Burton,,,1,1901-12-02,1906-06-04,KS,2,Republican,,R,,,,legislators-historical.json,KS_CLASS_2
B000386,,401377,,Alfred Washburn Benson,Alfred,Washburn,Benson,,,1,1906-06-11,1907-01-23,KS,2,Republican,,R,,,,legislators-historical.json,KS_CLASS_2
C001008,,403115,,Charles Curtis,Charles,,Curtis,,,8,1907-12-02,1913-03-03,KS,2,Republican,,R,,,,legislators-historical.json,KS_CLASS_2
T000226,,410805,,William Howard Thompson,William,Howard,Thompson,,,1,1913-04-07,1919-03-03,KS,2,Democrat,,D,,,,legislators-historical.json,KS_CLASS_2
C000133,,402283,,Arthur Capper,Arthur,,Capper,,,1,1919-05-19,1925-03-03,KS,2,Republican,,R,,,,legislators-historical.json,KS_CLASS_2
C000133,,402283,,Arthur Capper,Arthur,,Capper,,,2,1925-12-07,1931-03-03,KS,2,Republican,,R,,,,legislators-historical.json,KS_CLASS_2
C000133,,402283,,Arthur Capper,Arthur,,Capper,,,3,1931-12-07,1937-01-03,KS,2,Republican,,R,,,,legislators-historical.json,KS_CLASS_2
C000133,,402283,,Arthur Capper,Arthur,,Capper,,,4,1937-01-05,1943-01-03,KS,2,Republican,,R,,,,legislators-historical.json,KS_CLASS_2
C000133,,402283,,Arthur Capper,Arthur,,Capper,,,5,1943-01-06,1949-01-03,KS,2,Republican,,R,,,,legislators-historical.json,KS_CLASS_2
S000138,,409646,,Andrew Frank Schoeppel,Andrew,Frank,Schoeppel,,,1,1949-01-03,1955-01-03,KS,2,Republican,,R,,,,legislators-historical.json,KS_CLASS_2
S000138,,409646,,Andrew Frank Schoeppel,Andrew,Frank,Schoeppel,,,2,1955-01-05,1961-01-03,KS,2,Republican,,R,,,,legislators-historical.json,KS_CLASS_2
S000138,,409646,,Andrew Frank Schoeppel,Andrew,Frank,Schoeppel,,,3,1961-01-03,1962-01-21,KS,2,Republican,,R,,,,legislators-historical.json,KS_CLASS_2
P000166,,408571,,James Blackwood Pearson,James,Blackwood,Pearson,,,1,1962-01-31,1967-01-03,KS,2,Republican,,R,appointment,,,legislators-historical.json,KS_CLASS_2
P000166,,408571,,James Blackwood Pearson,James,Blackwood,Pearson,,,2,1967-01-10,1973-01-03,KS,2,Republican,,R,,,,legislators-historical.json,KS_CLASS_2
P000166,,408571,,James Blackwood Pearson,James,Blackwood,Pearson,,,3,1973-01-03,1978-12-23,KS,2,Republican,,R,,,,legislators-historical.json,KS_CLASS_2
K000017,S140,406188,,Nancy Landon Kassebaum,Nancy,Landon,Kassebaum,,,1,1978-12-23,1979-01-03,KS,2,Republican,,R,,,,legislators-historical.json,KS_CLASS_2
K000017,S140,406188,,Nancy Landon Kassebaum,Nancy,Landon,Kassebaum,,,2,1979-01-15,1985-01-03,KS,2,Republican,,R,,,,legislators-historical.json,KS_CLASS_2
K000017,S140,406188,,Nancy Landon Kassebaum,Nancy,Landon,Kassebaum,,,3,1985-01-03,1991-01-03,KS,2,Republican,,R,,,,legislators-historical.json,KS_CLASS_2
K000017,S140,406188,,Nancy Landon Kassebaum,Nancy,Landon,Kassebaum,,,4,1991-01-03,1997-01-03,KS,2,Republican,,R,,,,legislators-historical.json,KS_CLASS_2
R000307,S260,300083,S6KS00080|H0KS01016,Pat Roberts,Pat,,Roberts,,,9,1997-01-07,2003-01-03,KS,2,Republican,,R,,,,legislators-historical.json,KS_CLASS_2
R000307,S260,300083,S6KS00080|H0KS01016,Pat Roberts,Pat,,Roberts,,,10,2003-01-07,2009-01-03,KS,2,Republican,,R,,,,legislators-historical.json,KS_CLASS_2
R000307,S260,300083,S6KS00080|H0KS01016,Pat Roberts,Pat,,Roberts,,,11,2009-01-06,2015-01-03,KS,2,Republican,,R,,,senior,legislators-historical.json,KS_CLASS_2
R000307,S260,300083,S6KS00080|H0KS01016,Pat Roberts,Pat,,Roberts,,,12,2015-01-06,2021-01-03,KS,2,Republican,,R,,,senior,legislators-historical.json,KS_CLASS_2
M001198,S411,412704,H6KS01179|S0KS00315,Roger Marshall,Roger,,Marshall,,,3,2021-01-03,2027-01-03,KS,2,Republican,,R,,,junior,legislators-current.json,KS_CLASS_2
P000423,,408814,,Samuel Clarke Pomeroy,Samuel,Clarke,Pomeroy,,,1,1861-07-04,1867-03-03,KS,3,Republican,,R,,,,legislators-historical.json,KS_CLASS_3
P000423,,408814,,Samuel Clarke Pomeroy,Samuel,Clarke,Pomeroy,,,2,1867-03-04,1873-03-03,KS,3,Republican,,R,,,,legislators-historical.json,KS_CLASS_3
I000012,,405874,,John James Ingalls,John,James,Ingalls,,,1,1873-12-01,1879-03-03,KS,3,Republican,,R,,,,legislators-historical.json,KS_CLASS_3
I000012,,405874,,John James Ingalls,John,James,Ingalls,,,2,1879-03-18,1885-03-03,KS,3,Republican,,R,,,,legislators-historical.json,KS_CLASS_3
I000012,,405874,,John James Ingalls,John,James,Ingalls,,,3,1885-12-07,1891-03-03,KS,3,Republican,,R,,,,legislators-historical.json,KS_CLASS_3
P000188,,408592,,William Alfred Peffer,William,Alfred,Peffer,,,1,1891-12-07,1897-03-03,KS,3,Populist,,Other,,,,legislators-historical.json,KS_CLASS_3
H000258,,405135,,William Alexander Harris,William,Alexander,Harris,,,2,1897-03-15,1903-03-03,KS,3,Populist,,Other,,,,legislators-historical.json,KS_CLASS_3
L000412,,406903,,Chester Isaiah Long,Chester,Isaiah,Long,,,4,1903-11-09,1909-03-03,KS,3,Republican,,R,,,,legislators-historical.json,KS_CLASS_3
B000844,,401801,,Joseph Little Bristow,Joseph,Little,Bristow,,,1,1909-03-15,1915-03-03,KS,3,Republican,,R,,,,legislators-historical.json,KS_CLASS_3
C001008,,403115,,Charles Curtis,Charles,,Curtis,,,9,1915-12-06,1921-03-03,KS,3,Republican,,R,,,,legislators-historical.json,KS_CLASS_3
C001008,,403115,,Charles Curtis,Charles,,Curtis,,,10,1921-04-11,1927-03-04,KS,3,Republican,,R,,,,legislators-historical.json,KS_CLASS_3
C001008,,403115,,Charles Curtis,Charles,,Curtis,,,11,1927-12-05,1929-03-03,KS,3,Republican,,R,,,,legislators-historical.json,KS_CLASS_3
A000126,,400782,,Henry Justin Allen,Henry,Justin,Allen,,,1,1929-04-15,1930-11-30,KS,3,Republican,,R,appointment,,,legislators-historical.json,KS_CLASS_3
M000447,,407446,,George McGill,George,,McGill,,,1,1930-12-01,1933-03-03,KS,3,Democrat,,D,,,,legislators-historical.json,KS_CLASS_3
M000447,,407446,,George McGill,George,,McGill,,,2,1933-03-09,1939-01-03,KS,3,Democrat,,D,,,,legislators-historical.json,KS_CLASS_3
R000112,,409092,,Clyde Martin Reed,Clyde,Martin,Reed,,,1,1939-01-03,1945-01-03,KS,3,Republican,,R,,,,legislators-historical.json,KS_CLASS_3
R000112,,409092,,Clyde Martin Reed,Clyde,Martin,Reed,,,2,1945-01-03,1949-11-08,KS,3,Republican,,R,,,,legislators-historical.json,KS_CLASS_3
D000048,,403187,,Harry Darby,Harry,,Darby,,,1,1949-12-02,1950-11-28,KS,3,Republican,,R,appointment,,,legislators-historical.json,KS_CLASS_3
C000154,,402303,,Frank Carlson,Frank,,Carlson,,,7,1950-11-29,1951-01-03,KS,3,Republican,,R,,,,legislators-historical.json,KS_CLASS_3
C000154,,402303,,Frank Carlson,Frank,,Carlson,,,8,1951-01-03,1957-01-03,KS,3,Republican,,R,,,,legislators-historical.json,KS_CLASS_3
C000154,,402303,,Frank Carlson,Frank,,Carlson,,,9,1957-01-03,1963-01-03,KS,3,Republican,,R,,,,legislators-historical.json,KS_CLASS_3
C000154,,402303,,Frank Carlson,Frank,,Carlson,,,10,1963-01-09,1969-01-03,KS,3,Republican,,R,,,,legislators-historical.json,KS_CLASS_3
D000401,S026,403515,,Robert Joseph Dole,Robert,Joseph,Dole,,,5,1969-01-03,1975-01-03,KS,3,Republican,,R,,,,legislators-historical.json,KS_CLASS_3
D000401,S026,403515,,Robert Joseph Dole,Robert,Joseph,Dole,,,6,1975-01-14,1981-01-03,KS,3,Republican,,R,,,,legislators-historical.json,KS_CLASS_3
D000401,S026,403515,,Robert Joseph Dole,Robert,Joseph,Dole,,,7,1981-01-05,1987-01-03,KS,3,Republican,,R,,,,legislators-historical.json,KS_CLASS_3
D000401,S026,403515,,Robert Joseph Dole,Robert,Joseph,Dole,,,8,1987-01-06,1993-01-03,KS,3,Republican,,R,,,,legislators-historical.json,KS_CLASS_3
D000401,S026,403515,,Robert Joseph Dole,Robert,Joseph,Dole,,,9,1993-01-05,1996-06-11,KS,3,Republican,,R,,,,legislators-historical.json,KS_CLASS_3
F000438,S248,404281,,Sheila Frahm,Sheila,,Frahm,,,1,1996-06-11,1996-11-05,KS,3,Republican,,R,appointment,,,legislators-historical.json,KS_CLASS_3
B000953,S249,300013,S6KS00122,Samuel D. Sam Brownback,Samuel,D.,Brownback,,Sam,2,1996-11-07,1999-01-03,KS,3,Republican,,R,,,,legislators-historical.json,KS_CLASS_3
B000953,S249,300013,S6KS00122,Samuel D. Sam Brownback,Samuel,D.,Brownback,,Sam,3,1999-01-06,2005-01-03,KS,3,Republican,,R,,,,legislators-historical.json,KS_CLASS_3
B000953,S249,300013,S6KS00122,Samuel D. Sam Brownback,Samuel,D.,Brownback,,Sam,4,2005-01-04,2011-01-03,KS,3,Republican,,R,,,,legislators-historical.json,KS_CLASS_3
M000934,S347,400284,H6KS01096|S0KS00091,Jerry Moran,Jerry,,Moran,,,8,2011-01-05,2017-01-03,KS,3,Republican,,R,,,junior,legislators-current.json,KS_CLASS_3
M000934,S347,400284,H6KS01096|S0KS00091,Jerry Moran,Jerry,,Moran,,,9,2017-01-03,2023-01-03,KS,3,Republican,,R,,,senior,legislators-current.json,KS_CLASS_3
M000934,S347,400284,H6KS01096|S0KS00091,Jerry Moran,Jerry,,Moran,,,10,2023-01-03,2029-01-03,KS,3,Republican,,R,,,senior,legislators-current.json,KS_CLASS_3
B000929,,401881,,John Brown,John,,Brown,,,3,1792-06-18,1793-03-03,KY,2,Republican,,R,,,,legislators-historical.json,KY_CLASS_2
B000929,,401881,,John Brown,John,,Brown,,,4,1793-03-04,1799-03-03,KY,2,Republican,,R,,,,legislators-historical.json,KY_CLASS_2
B000929,,401881,,John Brown,John,,Brown,,,5,1799-12-02,1805-03-03,KY,2,Republican,,R,,,,legislators-historical.json,KY_CLASS_2
T000249,,410827,,Buckner Thruston,Buckner,,Thruston,,,1,1805-12-02,1809-12-31,KY,2,Republican,,R,,,,legislators-historical.json,KY_CLASS_2
C000482,,402620,,Henry Clay,Henry,,Clay,,,2,1810-01-01,1811-03-03,KY,2,Republican,,R,,,,legislators-historical.json,KY_CLASS_2
B000433,,401419,,George Mortimer Bibb,George,Mortimer,Bibb,,,1,1811-11-04,1815-03-03,KY,2,Republican,,R,,,,legislators-historical.json,KY_CLASS_2
W000053,,411232,,George Walker,George,,Walker,,,1,1814-01-01,1815-03-03,KY,2,Republican,,R,,,,legislators-historical.json,KY_CLASS_2
B000192,,401191,,William Taylor Barry,William,Taylor,Barry,,,2,1814-01-01,1817-03-03,KY,2,Republican,,R,,,,legislators-historical.json,KY_CLASS_2
H000186,,405067,,Martin D. Hardin,Martin,D.,Hardin,,,1,1816-01-01,1817-03-03,KY,2,Federalist,,Other,,,,legislators-historical.json,KY_CLASS_2
C000912,,403024,,John Jordan Crittenden,John,Jordan,Crittenden,,,1,1817-12-01,1819-03-03,KY,2,Republican,,R,,,,legislators-historical.json,KY_CLASS_2
J000170,,406067,,Richard Mentor Johnson,Richard,Mentor,Johnson,,,7,1819-12-06,1823-03-03,KY,2,Republican,,R,,,,legislators-historical.json,KY_CLASS_2
J000170,,406067,,Richard Mentor Johnson,Richard,Mentor,Johnson,,,8,1823-12-01,1829-03-03,KY,2,Jackson,,Other,,,,legislators-historical.json,KY_CLASS_2
B000433,,401419,,George Mortimer Bibb,George,Mortimer,Bibb,,,2,1829-12-07,1835-03-03,KY,2,Jackson,,Other,,,,legislators-historical.json,KY_CLASS_2
C000912,,403024,,John Jordan Crittenden,John,Jordan,Crittenden,,,2,1835-12-07,1841-03-03,KY,2,Whig,,Other,,,,legislators-historical.json,KY_CLASS_2
M000938,,407906,,James Turner Morehead,James,Turner,Morehead,,,1,1841-05-31,1847-03-03,KY,2,Whig,,Other,,,,legislators-historical.json,KY_CLASS_2
U000011,,411035,,Joseph Rogers Underwood,Joseph,Rogers,Underwood,,,5,1847-12-06,1853-03-03,KY,2,Whig,,Other,,,,legislators-historical.json,KY_CLASS_2
T000208,,410787,,John Burton Thompson,John,Burton,Thompson,,,5,1853-12-05,1859-03-03,KY,2,American,,Other,,,,legislators-historical.json,KY_CLASS_2
P000481,,408866,,Lazarus Whitehead Powell,Lazarus,Whitehead,Powell,,,1,1859-12-05,1865-03-03,KY,2,Democrat,,D,,,,legislators-historical.json,KY_CLASS_2
G000534,,404879,,James Guthrie,James,,Guthrie,,,1,1865-12-04,1869-03-03,KY,2,Democrat,,D,,,,legislators-historical.json,KY_CLASS_2
M000385,,407387,,Thomas Clay McCreery,Thomas,Clay,McCreery,,,1,1868-01-01,1871-03-03,KY,2,Democrat,,D,,,,legislators-historical.json,KY_CLASS_2
S000894,,410355,,John White Stevenson,John,White,Stevenson,,,3,1871-03-04,1877-03-03,KY,2,Democrat,,D,,,,legislators-historical.json,KY_CLASS_2
B000289,,401282,,James Burnie Beck,James,Burnie,Beck,,,5,1877-10-15,1883-03-03,KY,2,Democrat,,D,,,,legislators-historical.json,KY_CLASS_2
B000289,,401282,,James Burnie Beck,James,Burnie,Beck,,,6,1883-12-03,1889-03-03,KY,2,Democrat,,D,,,,legislators-historical.json,KY_CLASS_2
B000289,,401282,,James Burnie Beck,James,Burnie,Beck,,,7,1889-12-02,1891-03-03,KY,2,Democrat,,D,,,,legislators-historical.json,KY_CLASS_2
C000152,,402301,,John Griffin Carlisle,John,Griffin,Carlisle,,,7,1890-01-01,1893-12-31,KY,2,Democrat,,D,,,,legislators-historical.json,KY_CLASS_2
L000327,,406820,,William Lindsay,William,,Lindsay,,,1,1893-08-07,1895-03-03,KY,2,Democrat,,D,,,,legislators-historical.json,KY_CLASS_2
L000327,,406820,,William Lindsay,William,,Lindsay,,,2,1895-12-02,1901-03-03,KY,2,Democrat,,D,,,,legislators-historical.json,KY_CLASS_2
B000508,,401487,,Joseph Clay Stiles Blackburn,Joseph,Clay Stiles,Blackburn,,,8,1901-12-02,1907-03-03,KY,2,Democrat,,D,,,,legislators-historical.json,KY_CLASS_2
P000156,,408560,,Thomas Hanson Paynter,Thomas,Hanson,Paynter,,,4,1907-12-02,1913-03-03,KY,2,Democrat,,D,,,,legislators-historical.json,KY_CLASS_2
J000051,,405956,,Ollie Murray James,Ollie,Murray,James,,,6,1913-04-07,1918-08-28,KY,2,Democrat,,D,,,,legislators-historical.json,KY_CLASS_2
M000181,,407202,,George Brown Martin,George,Brown,Martin,,,1,1918-09-07,1919-03-03,KY,2,Democrat,,D,appointment,,,legislators-historical.json,KY_CLASS_2
S000796,,410262,,Augustus Owsley Stanley,Augustus,Owsley,Stanley,,,7,1919-05-19,1925-03-03,KY,2,Democrat,,D,,,,legislators-historical.json,KY_CLASS_2
S000006,,409526,,Frederic Mosley Sackett,Frederic,Mosley,Sackett,,,1,1925-12-07,1930-01-09,KY,2,Republican,,R,,,,legislators-historical.json,KY_CLASS_2
R000358,,409329,,John Marshall Robsion,John,Marshall,Robsion,,,7,1930-01-11,1930-11-30,KY,2,Republican,,R,appointment,,,legislators-historical.json,KY_CLASS_2
W000550,,411706,,Ben Mitchell Williamson,Ben,Mitchell,Williamson,,,1,1930-12-01,1931-03-03,KY,2,Democrat,,D,,,,legislators-historical.json,KY_CLASS_2
L000404,,406895,,Marvel Mills Logan,Marvel,Mills,Logan,,,1,1931-12-07,1937-01-03,KY,2,Democrat,,D,,,,legislators-historical.json,KY_CLASS_2
L000404,,406895,,Marvel Mills Logan,Marvel,Mills,Logan,,,2,1937-01-05,1939-10-03,KY,2,Democrat,,D,,,,legislators-historical.json,KY_CLASS_2
C000290,,402432,,Albert Benjamin Happy Chandler,Albert,Benjamin,Chandler,,Happy,1,1939-10-10,1943-01-03,KY,2,Democrat,,D,appointment,,,legislators-historical.json,KY_CLASS_2
C000290,,402432,,Albert Benjamin Happy Chandler,Albert,Benjamin,Chandler,,Happy,2,1943-01-06,1945-11-01,KY,2,Democrat,,D,,,,legislators-historical.json,KY_CLASS_2
S000792,,410258,,William Abner Stanfill,William,Abner,Stanfill,,,1,1945-11-19,1946-11-05,KY,2,Republican,,R,appointment,,,legislators-historical.json,KY_CLASS_2
C000758,,402878,,John Sherman Cooper,John,Sherman,Cooper,,,1,1946-11-06,1949-01-03,KY,2,Republican,,R,,,,legislators-historical.json,KY_CLASS_2
C000317,,402459,,Virgil Munday Chapman,Virgil,Munday,Chapman,,,12,1949-01-03,1951-03-08,KY,2,Democrat,,D,,,,legislators-historical.json,KY_CLASS_2
U000015,,411038,,Thomas Rust Underwood,Thomas,Rust,Underwood,,,3,1951-03-19,1952-11-04,KY,2,Democrat,,D,appointment,,,legislators-historical.json,KY_CLASS_2
C000758,,402878,,John Sherman Cooper,John,Sherman,Cooper,,,2,1952-11-05,1955-01-03,KY,2,Republican,,R,,,,legislators-historical.json,KY_CLASS_2
B000145,,401146,,Alben William Barkley,Alben,William,Barkley,,,12,1955-01-05,1956-04-30,KY,2,Democrat,,D,,,,legislators-historical.json,KY_CLASS_2
H000963,,405807,,Robert Humphreys,Robert,,Humphreys,,,1,1956-06-21,1956-11-06,KY,2,Democrat,,D,appointment,,,legislators-historical.json,KY_CLASS_2
C000758,,402878,,John Sherman Cooper,John,Sherman,Cooper,,,3,1956-11-07,1961-01-03,KY,2,Republican,,R,,,,legislators-historical.json,KY_CLASS_2
C000758,,402878,,John Sherman Cooper,John,Sherman,Cooper,,,4,1961-01-03,1967-01-03,KY,2,Republican,,R,,,,legislators-historical.json,KY_CLASS_2
C000758,,402878,,John Sherman Cooper,John,Sherman,Cooper,,,5,1967-01-10,1973-01-03,KY,2,Republican,,R,,,,legislators-historical.json,KY_CLASS_2
H000905,,405751,,Walter Darlington Dee Huddleston,Walter,Darlington,Huddleston,,Dee,1,1973-01-03,1979-01-03,KY,2,Democrat,,D,,,,legislators-historical.json,KY_CLASS_2
H000905,,405751,,Walter Darlington Dee Huddleston,Walter,Darlington,Huddleston,,Dee,2,1979-01-15,1985-01-03,KY,2,Democrat,,D,,,,legislators-historical.json,KY_CLASS_2
M000355,S174,300072,S2KY00012,Mitch McConnell,Mitch,,McConnell,,,1,1985-01-03,1991-01-03,KY,2,Republican,,R,,,,legislators-current.json,KY_CLASS_2
M000355,S174,300072,S2KY00012,Mitch McConnell,Mitch,,McConnell,,,2,1991-01-03,1997-01-03,KY,2,Republican,,R,,,,legislators-current.json,KY_CLASS_2
M000355,S174,300072,S2KY00012,Mitch McConnell,Mitch,,McConnell,,,3,1997-01-07,2003-01-03,KY,2,Republican,,R,,,,legislators-current.json,KY_CLASS_2
M000355,S174,300072,S2KY00012,Mitch McConnell,Mitch,,McConnell,,,4,2003-01-07,2009-01-03,KY,2,Republican,,R,,,,legislators-current.json,KY_CLASS_2
M000355,S174,300072,S2KY00012,Mitch McConnell,Mitch,,McConnell,,,5,2009-01-06,2015-01-03,KY,2,Republican,,R,,,senior,legislators-current.json,KY_CLASS_2
M000355,S174,300072,S2KY00012,Mitch McConnell,Mitch,,McConnell,,,6,2015-01-06,2021-01-03,KY,2,Republican,,R,,,senior,legislators-current.json,KY_CLASS_2
M000355,S174,300072,S2KY00012,Mitch McConnell,Mitch,,McConnell,,,7,2021-01-03,2027-01-03,KY,2,Republican,,R,,,senior,legislators-current.json,KY_CLASS_2
E000075,,403764,,John Edwards,John,,Edwards,,,1,1792-01-01,1795-03-03,KY,3,Anti-Administration,,Other,,,,legislators-historical.json,KY_CLASS_3
M000155,,407176,,Humphrey Marshall,Humphrey,,Marshall,,,1,1795-12-07,1801-03-03,KY,3,Federalist,,Other,,,,legislators-historical.json,KY_CLASS_3
B000787,,401744,,John Breckinridge,John,,Breckinridge,,,1,1801-12-07,1805-12-31,KY,3,Republican,,R,,,,legislators-historical.json,KY_CLASS_3
A000026,,400687,,John Adair,John,,Adair,,,1,1805-12-02,1807-03-03,KY,3,Republican,,R,,,,legislators-historical.json,KY_CLASS_3
C000482,,402620,,Henry Clay,Henry,,Clay,,,1,1806-01-01,1807-03-03,KY,3,Republican,,R,,,,legislators-historical.json,KY_CLASS_3
P000431,,408822,,John Pope,John,,Pope,,,1,1807-10-26,1813-03-03,KY,3,Republican,,R,,,,legislators-historical.json,KY_CLASS_3
B000554,,401529,,Jesse Bledsoe,Jesse,,Bledsoe,,,1,1813-05-24,1815-03-03,KY,3,Republican,,R,,,,legislators-historical.json,KY_CLASS_3
T000017,,410607,,Isham Talbot,Isham,,Talbot,,,1,1815-12-04,1819-03-03,KY,3,Republican,,R,,,,legislators-historical.json,KY_CLASS_3
L000405,,406896,,William Logan,William,,Logan,,,1,1819-12-06,1821-03-03,KY,3,Republican,,R,,,,legislators-historical.json,KY_CLASS_3
T000017,,410607,,Isham Talbot,Isham,,Talbot,,,2,1820-01-01,1825-03-03,KY,3,Republican,,R,,,,legislators-historical.json,KY_CLASS_3
R000471,,409432,,John Rowan,John,,Rowan,,,2,1825-12-05,1831-03-03,KY,3,Jackson,,Other,,,,legislators-historical.json,KY_CLASS_3
C000482,,402620,,Henry Clay,Henry,,Clay,,,10,1831-12-05,1837-03-03,KY,3,Whig,,Other,,,,legislators-historical.json,KY_CLASS_3
C000482,,402620,,Henry Clay,Henry,,Clay,,,11,1837-09-04,1843-03-03,KY,3,Whig,,Other,,,,legislators-historical.json,KY_CLASS_3
C000912,,403024,,John Jordan Crittenden,John,Jordan,Crittenden,,,3,1842-03-31,1843-03-03,KY,3,Whig,,Other,,,,legislators-historical.json,KY_CLASS_3
C000912,,403024,,John Jordan Crittenden,John,Jordan,Crittenden,,,4,1843-12-04,1848-06-12,KY,3,Whig,,Other,,,,legislators-historical.json,KY_CLASS_3
M000676,,407661,,Thomas Metcalfe,Thomas,,Metcalfe,,,6,1848-01-01,1849-03-03,KY,3,Whig,,Other,,,,legislators-historical.json,KY_CLASS_3
C000482,,402620,,Henry Clay,Henry,,Clay,,,12,1849-12-03,1853-03-03,KY,3,Whig,,Other,,,,legislators-historical.json,KY_CLASS_3
D000367,,403484,,Archibald Dixon,Archibald,,Dixon,,,1,1852-01-01,1855-03-03,KY,3,Whig,,Other,,,,legislators-historical.json,KY_CLASS_3
M000650,,407636,,David Meriwether,David,,Meriwether,,,1,1852-01-01,1853-03-03,KY,3,Democrat,,D,,,,legislators-historical.json,KY_CLASS_3
C000912,,403024,,John Jordan Crittenden,John,Jordan,Crittenden,,,5,1855-12-03,1861-03-03,KY,3,American,,Other,,,,legislators-historical.json,KY_CLASS_3
D000099,,403235,,Garrett Davis,Garrett,,Davis,,,5,1861-07-04,1867-03-03,KY,3,Democrat,,D,,,,legislators-historical.json,KY_CLASS_3
B000789,,401746,,John Cabell Breckinridge,John,Cabell,Breckinridge,,,3,1861-07-04,1861-12-31,KY,3,Democrat,,D,,,,legislators-historical.json,KY_CLASS_3
D000099,,403235,,Garrett Davis,Garrett,,Davis,,,6,1867-03-04,1873-03-03,KY,3,Democrat,,D,,,,legislators-historical.json,KY_CLASS_3
M000012,,407042,,Willis Benson Machen,Willis,Benson,Machen,,,1,1872-09-27,1873-03-03,KY,3,Democrat,,D,,,,legislators-historical.json,KY_CLASS_3
M000385,,407387,,Thomas Clay McCreery,Thomas,Clay,McCreery,,,2,1873-12-01,1879-03-03,KY,3,Democrat,,D,,,,legislators-historical.json,KY_CLASS_3
W000522,,411679,,John Stuart Williams,John,Stuart,Williams,,,1,1879-03-18,1885-03-03,KY,3,Democrat,,D,,,,legislators-historical.json,KY_CLASS_3
B000508,,401487,,Joseph Clay Stiles Blackburn,Joseph,Clay Stiles,Blackburn,,,6,1885-12-07,1891-03-03,KY,3,Democrat,,D,,,,legislators-historical.json,KY_CLASS_3
B000508,,401487,,Joseph Clay Stiles Blackburn,Joseph,Clay Stiles,Blackburn,,,7,1891-12-07,1897-03-03,KY,3,Democrat,,D,,,,legislators-historical.json,KY_CLASS_3
D000182,,403343,,William Joseph Deboe,William,Joseph,Deboe,,,1,1897-03-15,1903-03-03,KY,3,Republican,,R,,,,legislators-historical.json,KY_CLASS_3
M000382,,407385,,James Bennett McCreary,James,Bennett,McCreary,,,7,1903-11-09,1909-03-03,KY,3,Democrat,,D,,,,legislators-historical.json,KY_CLASS_3
B000749,,401708,,William O’Connell Bradley,William,O’Connell,Bradley,,,1,1909-03-15,1914-05-23,KY,3,Republican,,R,,,,legislators-historical.json,KY_CLASS_3
C000063,,402221,,Johnson Newlon Camden Jr.,Johnson,Newlon,Camden,Jr.,,1,1914-06-16,1915-03-03,KY,3,Democrat,,D,appointment,,,legislators-historical.json,KY_CLASS_3
B000293,,401286,,John Crepps Wickliffe Beckham,John,Crepps Wickliffe,Beckham,,,1,1915-12-06,1921-03-03,KY,3,Democrat,,D,,,,legislators-historical.json,KY_CLASS_3
E000206,,403893,,Richard Pretlow Ernst,Richard,Pretlow,Ernst,,,1,1921-04-11,1927-03-04,KY,3,Republican,,R,,,,legislators-historical.json,KY_CLASS_3
B000145,,401146,,Alben William Barkley,Alben,William,Barkley,,,8,1927-12-05,1933-03-03,KY,3,Democrat,,D,,,,legislators-historical.json,KY_CLASS_3
B000145,,401146,,Alben William Barkley,Alben,William,Barkley,,,9,1933-03-09,1939-01-03,KY,3,Democrat,,D,,,,legislators-historical.json,KY_CLASS_3
B000145,,401146,,Alben William Barkley,Alben,William,Barkley,,,10,1939-01-03,1945-01-03,KY,3,Democrat,,D,,,,legislators-historical.json,KY_CLASS_3
B000145,,401146,,Alben William Barkley,Alben,William,Barkley,,,11,1945-01-03,1949-01-19,KY,3,Democrat,,D,,,,legislators-historical.json,KY_CLASS_3
W000658,,411811,,Garrett Lee Withers,Garrett,Lee,Withers,,,1,1949-01-20,1950-11-26,KY,3,Democrat,,D,appointment,,,legislators-historical.json,KY_CLASS_3
C000506,,402642,,Earle C Clements,Earle,C,Clements,,,3,1950-11-27,1951-01-03,KY,3,Democrat,,D,,,,legislators-historical.json,KY_CLASS_3
C000506,,402642,,Earle C Clements,Earle,C,Clements,,,4,1951-01-03,1957-01-03,KY,3,Democrat,,D,,,,legislators-historical.json,KY_CLASS_3
M001022,,407989,,Thruston Ballard Morton,Thruston,Ballard,Morton,,,4,1957-01-03,1963-01-03,KY,3,Republican,,R,,,,legislators-historical.json,KY_CLASS_3
M001022,,407989,,Thruston Ballard Morton,Thruston,Ballard,Morton,,,5,1963-01-09,1968-12-16,KY,3,Republican,,R,,,,legislators-historical.json,KY_CLASS_3
C000721,,402844,,Marlow Webster Cook,Marlow,Webster,Cook,,,1,1968-12-17,1969-01-03,KY,3,Republican,,R,,,,legislators-historical.json,KY_CLASS_3
C000721,,402844,,Marlow Webster Cook,Marlow,Webster,Cook,,,2,1969-01-03,1974-12-27,KY,3,Republican,,R,,,,legislators-historical.json,KY_CLASS_3
F000268,S033,404219,,Wendell Hampton Ford,Wendell,Hampton,Ford,,,1,1974-12-28,1975-01-03,KY,3,Democrat,,D,,,,legislators-historical.json,KY_CLASS_3
F000268,S033,404219,,Wendell Hampton Ford,Wendell,Hampton,Ford,,,2,1975-01-14,1981-01-03,KY,3,Democrat,,D,,,,legislators-historical.json,KY_CLASS_3
F000268,S033,404219,,Wendell Hampton Ford,Wendell,Hampton,Ford,,,3,1981-01-05,1987-01-03,KY,3,Democrat,,D,,,,legislators-historical.json,KY_CLASS_3
F000268,S033,404219,,Wendell Hampton Ford,Wendell,Hampton,Ford,,,4,1987-01-06,1993-01-03,KY,3,Democrat,,D,,,,legislators-historical.json,KY_CLASS_3
F000268,S033,404219,,Wendell Hampton Ford,Wendell,Hampton,Ford,,,5,1993-01-05,1999-01-03,KY,3,Democrat,,D,,,,legislators-historical.json,KY_CLASS_3
B001066,S265,300014,S8KY00118,Jim Bunning,Jim,,Bunning,,,7,1999-01-06,2005-01-03,KY,3,Republican,,R,,,,legislators-historical.json,KY_CLASS_3
B001066,S265,300014,S8KY00118,Jim Bunning,Jim,,Bunning,,,8,2005-01-04,2011-01-03,KY,3,Republican,,R,,,,legislators-historical.json,KY_CLASS_3
P000603,S348,412492,S0KY00156,Rand Paul,Rand,,Paul,,,1,2011-01-05,2017-01-03,KY,3,Republican,,R,,,junior,legislators-current.json,KY_CLASS_3
P000603,S348,412492,S0KY00156,Rand Paul,Rand,,Paul,,,2,2017-01-03,2023-01-03,KY,3,Republican,,R,,,junior,legislators-current.json,KY_CLASS_3
P000603,S348,412492,S0KY00156,Rand Paul,Rand,,Paul,,,3,2023-01-03,2029-01-03,KY,3,Republican,,R,,,junior,legislators-current.json,KY_CLASS_3
D000273,,403408,,Jean Noel Destréhan,Jean,Noel,Destréhan,,,1,1812-01-01,1813-03-03,LA,2,Unknown,,Other,,,,legislators-historical.json,LA_CLASS_2
P000450,,408838,,Thomas Posey,Thomas,,Posey,,,1,1812-01-01,1813-12-31,LA,2,Republican,,R,,,,legislators-historical.json,LA_CLASS_2
B000921,,401876,,James Brown,James,,Brown,,,1,1813-05-24,1817-03-03,LA,2,Republican,,R,,,,legislators-historical.json,LA_CLASS_2
C000408,,402547,,William Charles Cole Claiborne,William,Charles Cole,Claiborne,,,3,1817-12-01,1817-12-31,LA,2,Democratic Republican,,D,,,,legislators-historical.json,LA_CLASS_2
J000137,,406036,,Henry Johnson,Henry,,Johnson,,,1,1818-01-01,1823-03-03,LA,2,Republican,,R,,,,legislators-historical.json,LA_CLASS_2
J000137,,406036,,Henry Johnson,Henry,,Johnson,,,2,1823-12-01,1825-03-03,LA,2,,,Other,,,,legislators-historical.json,LA_CLASS_2
B000664,,401626,,Charles Dominique Joseph Bouligny,Charles,Dominique Joseph,Bouligny,,,1,1824-01-01,1829-03-03,LA,2,Adams,,Other,,,,legislators-historical.json,LA_CLASS_2
L000366,,406858,,Edward Livingston,Edward,,Livingston,,,7,1829-12-07,1831-12-31,LA,2,Jackson,,Other,,,,legislators-historical.json,LA_CLASS_2
W000017,,411196,,George Augustus Waggaman,George,Augustus,Waggaman,,,1,1831-12-05,1835-03-03,LA,2,Anti-Jacksonian,,Other,,,,legislators-historical.json,LA_CLASS_2
N000085,,408170,,Robert Carter Nicholas,Robert,Carter,Nicholas,,,1,1836-01-01,1841-03-03,LA,2,Democrat,,D,,,,legislators-historical.json,LA_CLASS_2
B000183,,401182,,Alexander Barrow,Alexander,,Barrow,,,1,1841-05-31,1847-03-03,LA,2,Whig,,Other,,,,legislators-historical.json,LA_CLASS_2
S000682,,410153,,Pierre Soulé,Pierre,,Soulé,,,1,1847-12-06,1847-12-31,LA,2,Democrat,,D,,,,legislators-historical.json,LA_CLASS_2
D000476,,403585,,Solomon Weathersbee Downs,Solomon,Weathersbee,Downs,,,1,1847-12-06,1853-03-03,LA,2,Democrat,,D,,,,legislators-historical.json,LA_CLASS_2
B000365,,401357,,Judah Philip Benjamin,Judah,Philip,Benjamin,,,1,1853-12-05,1859-03-03,LA,2,Democrat,,D,,,,legislators-historical.json,LA_CLASS_2
B000365,,401357,,Judah Philip Benjamin,Judah,Philip,Benjamin,,,2,1859-12-05,1861-12-31,LA,2,Democrat,,D,,,,legislators-historical.json,LA_CLASS_2
H000246,,405124,,John Spafford Harris,John,Spafford,Harris,,,1,1868-01-01,1871-03-03,LA,2,Republican,,R,,,,legislators-historical.json,LA_CLASS_2
W000303,,411467,,Joseph Rodman West,Joseph,Rodman,West,,,1,1871-03-04,1877-03-03,LA,2,Republican,,R,,,,legislators-historical.json,LA_CLASS_2
K000069,,406239,,William Pitt Kellogg,William,Pitt,Kellogg,,,2,1877-10-15,1883-03-03,LA,2,Republican,,R,,,,legislators-historical.json,LA_CLASS_2
G000165,,404532,,Randall Lee Gibson,Randall,Lee,Gibson,,,5,1883-12-03,1889-03-03,LA,2,Democrat,,D,,,,legislators-historical.json,LA_CLASS_2
G000165,,404532,,Randall Lee Gibson,Randall,Lee,Gibson,,,6,1889-12-02,1893-03-03,LA,2,Democrat,,D,,,,legislators-historical.json,LA_CLASS_2
C000016,,402178,,Donelson Caffery,Donelson,,Caffery,,,1,1892-01-01,1895-03-03,LA,2,Democrat,,D,,,,legislators-historical.json,LA_CLASS_2
C000016,,402178,,Donelson Caffery,Donelson,,Caffery,,,2,1895-12-02,1901-03-03,LA,2,Democrat,,D,,,,legislators-historical.json,LA_CLASS_2
F000310,,404259,,Murphy James Foster,Murphy,James,Foster,,,1,1901-12-02,1907-03-03,LA,2,Democrat,,D,,,,legislators-historical.json,LA_CLASS_2
F000310,,404259,,Murphy James Foster,Murphy,James,Foster,,,2,1907-12-02,1913-03-03,LA,2,Democrat,,D,,,,legislators-historical.json,LA_CLASS_2
R000059,,409039,,Joseph Eugene Ransdell,Joseph,Eugene,Ransdell,,,8,1913-04-07,1919-03-03,LA,2,Democrat,,D,,,,legislators-historical.json,LA_CLASS_2
R000059,,409039,,Joseph Eugene Ransdell,Joseph,Eugene,Ransdell,,,9,1919-05-19,1925-03-03,LA,2,Democrat,,D,,,,legislators-historical.json,LA_CLASS_2
R000059,,409039,,Joseph Eugene Ransdell,Joseph,Eugene,Ransdell,,,10,1925-12-07,1931-03-03,LA,2,Democrat,,D,,,,legislators-historical.json,LA_CLASS_2
L000418,,406909,,Huey Pierce Long,Huey,Pierce,Long,,,1,1932-01-25,1935-09-10,LA,2,Democrat,,D,,,,legislators-historical.json,LA_CLASS_2
L000427,,406917,,Rose McConnell Long,Rose,McConnell,Long,,,1,1936-01-31,1937-01-03,LA,2,Democrat,,D,appointment,,,legislators-historical.json,LA_CLASS_2
E000112,,403803,,Allen Joseph Ellender,Allen,Joseph,Ellender,,,1,1937-01-05,1943-01-03,LA,2,Democrat,,D,,,,legislators-historical.json,LA_CLASS_2
E000112,,403803,,Allen Joseph Ellender,Allen,Joseph,Ellender,,,2,1943-01-06,1949-01-03,LA,2,Democrat,,D,,,,legislators-historical.json,LA_CLASS_2
E000112,,403803,,Allen Joseph Ellender,Allen,Joseph,Ellender,,,3,1949-01-03,1955-01-03,LA,2,Democrat,,D,,,,legislators-historical.json,LA_CLASS_2
E000112,,403803,,Allen Joseph Ellender,Allen,Joseph,Ellender,,,4,1955-01-05,1961-01-03,LA,2,Democrat,,D,,,,legislators-historical.json,LA_CLASS_2
E000112,,403803,,Allen Joseph Ellender,Allen,Joseph,Ellender,,,5,1961-01-03,1967-01-03,LA,2,Democrat,,D,,,,legislators-historical.json,LA_CLASS_2
E000112,,403803,,Allen Joseph Ellender,Allen,Joseph,Ellender,,,6,1967-01-10,1972-07-27,LA,2,Democrat,,D,,,,legislators-historical.json,LA_CLASS_2
E000068,,403761,,Elaine Schwartzenburg Edwards,Elaine,Schwartzenburg,Edwards,,,1,1972-08-01,1972-11-13,LA,2,Democrat,,D,appointment,,,legislators-historical.json,LA_CLASS_2
J000189,S054,406084,,John Bennett Johnston Jr.,John,Bennett,Johnston,Jr.,,1,1972-11-14,1973-01-03,LA,2,Democrat,,D,,,,legislators-historical.json,LA_CLASS_2
J000189,S054,406084,,John Bennett Johnston Jr.,John,Bennett,Johnston,Jr.,,2,1973-01-03,1979-01-03,LA,2,Democrat,,D,,,,legislators-historical.json,LA_CLASS_2
J000189,S054,406084,,John Bennett Johnston Jr.,John,Bennett,Johnston,Jr.,,3,1979-01-15,1985-01-03,LA,2,Democrat,,D,,,,legislators-historical.json,LA_CLASS_2
J000189,S054,406084,,John Bennett Johnston Jr.,John,Bennett,Johnston,Jr.,,4,1985-01-03,1991-01-03,LA,2,Democrat,,D,,,,legislators-historical.json,LA_CLASS_2
J000189,S054,406084,,John Bennett Johnston Jr.,John,Bennett,Johnston,Jr.,,5,1991-01-03,1997-01-03,LA,2,Democrat,,D,,,,legislators-historical.json,LA_CLASS_2
L000550,S258,300063,S6LA00227|P00003483,Mary L. Landrieu,Mary,L.,Landrieu,,,1,1997-01-07,2003-01-03,LA,2,Democrat,,D,,,,legislators-historical.json,LA_CLASS_2
L000550,S258,300063,S6LA00227|P00003483,Mary L. Landrieu,Mary,L.,Landrieu,,,2,2003-01-07,2009-01-03,LA,2,Democrat,,D,,,,legislators-historical.json,LA_CLASS_2
L000550,S258,300063,S6LA00227|P00003483,Mary L. Landrieu,Mary,L.,Landrieu,,,3,2009-01-06,2015-01-03,LA,2,Democrat,,D,,,senior,legislators-historical.json,LA_CLASS_2
C001075,S373,412269,H8LA00017|S4LA00107,Bill Cassidy,Bill,,Cassidy,,,4,2015-01-06,2021-01-03,LA,2,Republican,,R,,,senior,legislators-current.json,LA_CLASS_2
C001075,S373,412269,H8LA00017|S4LA00107,Bill Cassidy,Bill,,Cassidy,,,5,2021-01-03,2027-01-03,LA,2,Republican,,R,,,senior,legislators-current.json,LA_CLASS_2
M000056,,407084,,Allan Bowie Magruder,Allan,Bowie,Magruder,,,1,1812-01-01,1813-03-03,LA,3,Republican,,R,,,,legislators-historical.json,LA_CLASS_3
F000389,,412126,,Eligius Fromentin,Eligius,,Fromentin,,,1,1813-05-24,1819-03-03,LA,3,Republican,,R,,,,legislators-historical.json,LA_CLASS_3
B000921,,401876,,James Brown,James,,Brown,,,2,1819-12-06,1823-12-31,LA,3,Republican,,R,,,,legislators-historical.json,LA_CLASS_3
J000194,,406089,,Josiah Stoddard Johnston,Josiah,Stoddard,Johnston,,,2,1824-01-15,1825-03-03,LA,3,Adams,,Other,,,,legislators-historical.json,LA_CLASS_3
J000194,,406089,,Josiah Stoddard Johnston,Josiah,Stoddard,Johnston,,,3,1825-12-05,1831-03-03,LA,3,Adams,,Other,,,,legislators-historical.json,LA_CLASS_3
J000194,,406089,,Josiah Stoddard Johnston,Josiah,Stoddard,Johnston,,,4,1831-12-05,1833-05-19,LA,3,,,Other,,,,legislators-historical.json,LA_CLASS_3
P000436,,408827,,Alexander Porter,Alexander,,Porter,,,1,1833-12-02,1837-03-03,LA,3,Anti-Jacksonian,,Other,,,,legislators-historical.json,LA_CLASS_3
M001050,,408017,,Alexander Mouton,Alexander,,Mouton,,,1,1837-09-04,1843-03-03,LA,3,Democrat,,D,,,,legislators-historical.json,LA_CLASS_3
C000703,,402828,,Charles Magill Conrad,Charles,Magill,Conrad,,,1,1842-01-01,1843-03-03,LA,3,Whig,,Other,,,,legislators-historical.json,LA_CLASS_3
J000137,,406036,,Henry Johnson,Henry,,Johnson,,,6,1844-01-01,1849-03-03,LA,3,Whig,,Other,,,,legislators-historical.json,LA_CLASS_3
S000682,,410153,,Pierre Soulé,Pierre,,Soulé,,,2,1849-12-03,1853-12-31,LA,3,Democrat,,D,,,,legislators-historical.json,LA_CLASS_3
S000487,,409975,,John Slidell,John,,Slidell,,,3,1853-12-05,1855-03-03,LA,3,Democrat,,D,,,,legislators-historical.json,LA_CLASS_3
S000487,,409975,,John Slidell,John,,Slidell,,,4,1855-12-03,1861-03-03,LA,3,Democrat,,D,,,,legislators-historical.json,LA_CLASS_3
K000069,,406239,,William Pitt Kellogg,William,Pitt,Kellogg,,,1,1868-01-01,1873-03-03,LA,3,Republican,,R,,,,legislators-historical.json,LA_CLASS_3
E000229,,403914,,James Biddle Eustis,James,Biddle,Eustis,,,1,1876-01-01,1879-03-03,LA,3,Democrat,,D,,,,legislators-historical.json,LA_CLASS_3
J000204,,406099,,Benjamin Franklin Jonas,Benjamin,Franklin,Jonas,,,1,1879-03-18,1885-03-03,LA,3,Democrat,,D,,,,legislators-historical.json,LA_CLASS_3
E000229,,403914,,James Biddle Eustis,James,Biddle,Eustis,,,2,1885-12-07,1891-03-03,LA,3,Democrat,,D,,,,legislators-historical.json,LA_CLASS_3
W000366,,411528,,Edward Douglass White,Edward,Douglass,White,,,1,1891-12-07,1894-03-12,LA,3,Democrat,,D,,,,legislators-historical.json,LA_CLASS_3
B000541,,401516,,Newton Crain Blanchard,Newton,Crain,Blanchard,,,7,1894-01-01,1897-03-03,LA,3,Democrat,,D,,,,legislators-historical.json,LA_CLASS_3
M000429,,407429,,Samuel Douglas McEnery,Samuel,Douglas,McEnery,,,1,1897-03-15,1903-03-03,LA,3,Democrat,,D,,,,legislators-historical.json,LA_CLASS_3
M000429,,407429,,Samuel Douglas McEnery,Samuel,Douglas,McEnery,,,2,1903-11-09,1909-03-03,LA,3,Democrat,,D,,,,legislators-historical.json,LA_CLASS_3
M000429,,407429,,Samuel Douglas McEnery,Samuel,Douglas,McEnery,,,3,1909-03-15,1910-06-28,LA,3,Democrat,,D,,,,legislators-historical.json,LA_CLASS_3
T000241,,410819,,John Randolph Thornton,John,Randolph,Thornton,,,1,1910-12-07,1915-03-03,LA,3,Democrat,,D,,,,legislators-historical.json,LA_CLASS_3
B000896,,401853,,Robert Foligny Broussard,Robert,Foligny,Broussard,,,10,1915-12-06,1918-04-12,LA,3,Democrat,,D,,,,legislators-historical.json,LA_CLASS_3
G000522,,404867,,Walter Guion,Walter,,Guion,,,1,1918-04-22,1918-11-05,LA,3,Democrat,,D,appointment,,,legislators-historical.json,LA_CLASS_3
G000104,,404476,,Edward James Gay,Edward,James,Gay,,,1,1918-11-06,1921-03-03,LA,3,Democrat,,D,,,,legislators-historical.json,LA_CLASS_3
B000895,,401852,,Edwin Sidney Broussard,Edwin,Sidney,Broussard,,,1,1921-04-11,1927-03-04,LA,3,Democrat,,D,,,,legislators-historical.json,LA_CLASS_3
B000895,,401852,,Edwin Sidney Broussard,Edwin,Sidney,Broussard,,,2,1927-12-05,1933-03-03,LA,3,Democrat,,D,,,,legislators-historical.json,LA_CLASS_3
O000146,,408397,,John Holmes Overton,John,Holmes,Overton,,,2,1933-03-09,1939-01-03,LA,3,Democrat,,D,,,,legislators-historical.json,LA_CLASS_3
O000146,,408397,,John Holmes Overton,John,Holmes,Overton,,,3,1939-01-03,1945-01-03,LA,3,Democrat,,D,,,,legislators-historical.json,LA_CLASS_3
O000146,,408397,,John Holmes Overton,John,Holmes,Overton,,,4,1945-01-03,1948-05-14,LA,3,Democrat,,D,,,,legislators-historical.json,LA_CLASS_3
F000057,,404017,,William Crosson Feazel,William,Crosson,Feazel,,,1,1948-05-18,1948-12-30,LA,3,Democrat,,D,appointment,,,legislators-historical.json,LA_CLASS_3
L000428,,406918,,Russell Billiu Long,Russell,Billiu,Long,,,1,1948-12-31,1951-01-03,LA,3,Democrat,,D,,,,legislators-historical.json,LA_CLASS_3
L000428,,406918,,Russell Billiu Long,Russell,Billiu,Long,,,2,1951-01-03,1957-01-03,LA,3,Democrat,,D,,,,legislators-historical.json,LA_CLASS_3
L000428,,406918,,Russell Billiu Long,Russell,Billiu,Long,,,3,1957-01-03,1963-01-03,LA,3,Democrat,,D,,,,legislators-historical.json,LA_CLASS_3
L000428,,406918,,Russell Billiu Long,Russell,Billiu,Long,,,4,1963-01-09,1969-01-03,LA,3,Democrat,,D,,,,legislators-historical.json,LA_CLASS_3
L000428,,406918,,Russell Billiu Long,Russell,Billiu,Long,,,5,1969-01-03,1975-01-03,LA,3,Democrat,,D,,,,legislators-historical.json,LA_CLASS_3
L000428,,406918,,Russell Billiu Long,Russell,Billiu,Long,,,6,1975-01-14,1981-01-03,LA,3,Democrat,,D,,,,legislators-historical.json,LA_CLASS_3
L000428,,406918,,Russell Billiu Long,Russell,Billiu,Long,,,7,1981-01-05,1987-01-03,LA,3,Democrat,,D,,,,legislators-historical.json,LA_CLASS_3
B000780,S179,300012,H6LA07024|S6LA00037,John B. Breaux,John,B.,Breaux,,,9,1987-01-06,1993-01-03,LA,3,Democrat,,D,,,,legislators-historical.json,LA_CLASS_3
B000780,S179,300012,H6LA07024|S6LA00037,John B. Breaux,John,B.,Breaux,,,10,1993-01-05,1999-01-03,LA,3,Democrat,,D,,,,legislators-historical.json,LA_CLASS_3
B000780,S179,300012,H6LA07024|S6LA00037,John B. Breaux,John,B.,Breaux,,,11,1999-01-06,2005-01-03,LA,3,Democrat,,D,,,,legislators-historical.json,LA_CLASS_3
V000127,S299,400418,S4LA00057|H0LA01079,David Vitter,David,,Vitter,,,4,2005-01-04,2011-01-03,LA,3,Republican,,R,,,,legislators-historical.json,LA_CLASS_3
V000127,S299,400418,S4LA00057|H0LA01079,David Vitter,David,,Vitter,,,5,2011-01-05,2017-01-03,LA,3,Republican,,R,,,senior,legislators-historical.json,LA_CLASS_3
K000393,S389,412679,S4LA00065,John Kennedy,John,Neely,Kennedy,,,1,2017-01-03,2023-01-03,LA,3,Republican,,R,,,junior,legislators-current.json,LA_CLASS_3
K000393,S389,412679,S4LA00065,John Kennedy,John,Neely,Kennedy,,,2,2023-01-03,2029-01-03,LA,3,Republican,,R,,,junior,legislators-current.json,LA_CLASS_3
D000013,,403156,,Tristram Dalton,Tristram,,Dalton,,,1,1789-03-04,1791-03-03,MA,1,Pro-Administration,,Other,,,,legislators-historical.json,MA_CLASS_1
C000009,,402171,,George Cabot,George,,Cabot,,,1,1791-10-24,1797-03-03,MA,1,Federalist,,Other,,,,legislators-historical.json,MA_CLASS_1
G000286,,404647,,Benjamin Goodhue,Benjamin,,Goodhue,,,5,1796-06-11,1797-03-03,MA,1,Federalist,,Other,,,,legislators-historical.json,MA_CLASS_1
G000286,,404647,,Benjamin Goodhue,Benjamin,,Goodhue,,,6,1797-03-04,1800-11-08,MA,1,Federalist,,Other,,,,legislators-historical.json,MA_CLASS_1
M000221,,407239,,Jonathan Mason,Jonathan,,Mason,,,1,1800-01-01,1803-03-03,MA,1,Federalist,,Other,,,,legislators-historical.json,MA_CLASS_1
A000041,,400702,,John Quincy Adams,John,Quincy,Adams,,,1,1803-10-17,1809-03-03,MA,1,Federalist,,Other,,,,legislators-historical.json,MA_CLASS_1
L000378,,406870,,James Lloyd,James,,Lloyd,,,1,1808-06-09,1809-03-03,MA,1,Federalist,,Other,,,,legislators-historical.json,MA_CLASS_1
L000378,,406870,,James Lloyd,James,,Lloyd,,,2,1809-03-04,1813-05-01,MA,1,Federalist,,Other,,,,legislators-historical.json,MA_CLASS_1
G000322,,404680,,Christopher Gore,Christopher,,Gore,,,1,1813-05-24,1815-03-03,MA,1,Federalist,,Other,,,,legislators-historical.json,MA_CLASS_1
G000322,,404680,,Christopher Gore,Christopher,,Gore,,,2,1815-12-04,1817-03-03,MA,1,Federalist,,Other,,,,legislators-historical.json,MA_CLASS_1
A000317,,400963,,Eli Porter Ashmun,Eli,Porter,Ashmun,,,1,1816-01-01,1819-03-03,MA,1,Federalist,,Other,,,,legislators-historical.json,MA_CLASS_1
M000636,,407623,,Prentiss Mellen,Prentiss,,Mellen,,,1,1818-01-01,1821-03-03,MA,1,Federalist,,Other,,,,legislators-historical.json,MA_CLASS_1
M000774,,407752,,Elijah Hunt Mills,Elijah,Hunt,Mills,,,3,1820-06-12,1821-03-03,MA,1,Adams,,Other,,,,legislators-historical.json,MA_CLASS_1
M000774,,407752,,Elijah Hunt Mills,Elijah,Hunt,Mills,,,4,1821-03-06,1827-03-03,MA,1,Adams,,Other,,,,legislators-historical.json,MA_CLASS_1
W000238,,411406,,Daniel Webster,Daniel,,Webster,,,5,1827-12-17,1833-03-03,MA,1,Adams,,Other,,,,legislators-historical.json,MA_CLASS_1
W000238,,411406,,Daniel Webster,Daniel,,Webster,,,6,1833-12-02,1839-03-03,MA,1,Whig,,Other,,,,legislators-historical.json,MA_CLASS_1
W000238,,411406,,Daniel Webster,Daniel,,Webster,,,7,1839-12-02,1841-02-22,MA,1,Whig,,Other,,,,legislators-historical.json,MA_CLASS_1
C000375,,402514,,Rufus Choate,Rufus,,Choate,,,3,1841-05-31,1845-03-03,MA,1,Whig,,Other,,,,legislators-historical.json,MA_CLASS_1
W000238,,411406,,Daniel Webster,Daniel,,Webster,,,8,1845-12-01,1850-07-22,MA,1,Whig,,Other,,,,legislators-historical.json,MA_CLASS_1
W000646,,411800,,Robert Charles Winthrop,Robert,Charles,Winthrop,,,6,1850-01-01,1851-03-03,MA,1,Whig,,Other,,,,legislators-historical.json,MA_CLASS_1
R000063,,409043,,Robert Rantoul Jr.,Robert,,Rantoul,Jr.,,1,1851-02-01,1851-03-03,MA,1,Democrat,,D,,,,legislators-historical.json,MA_CLASS_1
S001068,,410522,,Charles Sumner,Charles,,Sumner,,,1,1851-12-01,1857-03-03,MA,1,Ind. Republican-Democrat,,Other,,,,legislators-historical.json,MA_CLASS_1
S001068,,410522,,Charles Sumner,Charles,,Sumner,,,2,1857-12-07,1863-03-03,MA,1,Republican,,R,,,,legislators-historical.json,MA_CLASS_1
S001068,,410522,,Charles Sumner,Charles,,Sumner,,,3,1863-12-07,1869-03-03,MA,1,Republican,,R,,,,legislators-historical.json,MA_CLASS_1
S001068,,410522,,Charles Sumner,Charles,,Sumner,,,4,1869-03-04,1875-03-03,MA,1,Liberal Republican,,Other,,,,legislators-historical.json,MA_CLASS_1
W000174,,411347,,William Barrett Washburn,William,Barrett,Washburn,,,6,1874-01-01,1875-03-03,MA,1,Republican,,R,,,,legislators-historical.json,MA_CLASS_1
D000148,,403281,,Henry Laurens Dawes,Henry,Laurens,Dawes,,,10,1875-12-06,1881-03-03,MA,1,Republican,,R,,,,legislators-historical.json,MA_CLASS_1
D000148,,403281,,Henry Laurens Dawes,Henry,Laurens,Dawes,,,11,1881-12-05,1887-03-03,MA,1,Republican,,R,,,,legislators-historical.json,MA_CLASS_1
D000148,,403281,,Henry Laurens Dawes,Henry,Laurens,Dawes,,,12,1887-12-05,1893-03-03,MA,1,Republican,,R,,,,legislators-historical.json,MA_CLASS_1
L000393,,406885,,Henry Cabot Lodge,Henry,Cabot,Lodge,,,4,1893-03-04,1899-03-03,MA,1,Republican,,R,,,,legislators-historical.json,MA_CLASS_1
L000393,,406885,,Henry Cabot Lodge,Henry,Cabot,Lodge,,,5,1899-12-04,1905-03-03,MA,1,Republican,,R,,,,legislators-historical.json,MA_CLASS_1
L000393,,406885,,Henry Cabot Lodge,Henry,Cabot,Lodge,,,6,1905-12-04,1911-03-03,MA,1,Republican,,R,,,,legislators-historical.json,MA_CLASS_1
L000393,,406885,,Henry Cabot Lodge,Henry,Cabot,Lodge,,,7,1911-04-04,1917-03-03,MA,1,Republican,,R,,,,legislators-historical.json,MA_CLASS_1
L000393,,406885,,Henry Cabot Lodge,Henry,Cabot,Lodge,,,8,1917-04-02,1923-03-03,MA,1,Republican,,R,,,,legislators-historical.json,MA_CLASS_1
L000393,,406885,,Henry Cabot Lodge,Henry,Cabot,Lodge,,,9,1923-12-03,1924-11-09,MA,1,Republican,,R,,,,legislators-historical.json,MA_CLASS_1
B001196,,402138,,William Morgan Butler,William,Morgan,Butler,,,1,1924-11-13,1926-12-06,MA,1,Republican,,R,appointment,,,legislators-historical.json,MA_CLASS_1
W000097,,411276,,David Ignatius Walsh,David,Ignatius,Walsh,,,2,1926-12-06,1929-03-03,MA,1,Democrat,,D,,,,legislators-historical.json,MA_CLASS_1
W000097,,411276,,David Ignatius Walsh,David,Ignatius,Walsh,,,3,1929-04-15,1935-01-03,MA,1,Democrat,,D,,,,legislators-historical.json,MA_CLASS_1
W000097,,411276,,David Ignatius Walsh,David,Ignatius,Walsh,,,4,1935-01-03,1941-01-03,MA,1,Democrat,,D,,,,legislators-historical.json,MA_CLASS_1
W000097,,411276,,David Ignatius Walsh,David,Ignatius,Walsh,,,5,1941-01-03,1947-01-03,MA,1,Democrat,,D,,,,legislators-historical.json,MA_CLASS_1
L000394,,406886,,Henry Cabot Lodge Jr.,Henry,Cabot,Lodge,Jr.,,3,1947-01-03,1953-01-03,MA,1,Republican,,R,,,,legislators-historical.json,MA_CLASS_1
K000107,,406274,,John Fitzgerald Kennedy,John,Fitzgerald,Kennedy,,,4,1953-01-03,1959-01-03,MA,1,Democrat,,D,,,,legislators-historical.json,MA_CLASS_1
K000107,,406274,,John Fitzgerald Kennedy,John,Fitzgerald,Kennedy,,,5,1959-01-07,1960-12-22,MA,1,Democrat,,D,,,,legislators-historical.json,MA_CLASS_1
S000517,,410001,,Benjamin A. Smith II,Benjamin,A.,Smith,II,,1,1960-12-27,1962-11-06,MA,1,Democrat,,D,appointment,,,legislators-historical.json,MA_CLASS_1
K000105,S055,300059,S6MA00015,Edward M. Ted Kennedy,Edward,M.,Kennedy,,Ted,1,1962-11-07,1965-01-03,MA,1,Democrat,,D,,,,legislators-historical.json,MA_CLASS_1
K000105,S055,300059,S6MA00015,Edward M. Ted Kennedy,Edward,M.,Kennedy,,Ted,2,1965-01-04,1971-01-03,MA,1,Democrat,,D,,,,legislators-historical.json,MA_CLASS_1
K000105,S055,300059,S6MA00015,Edward M. Ted Kennedy,Edward,M.,Kennedy,,Ted,3,1971-01-21,1977-01-03,MA,1,Democrat,,D,,,,legislators-historical.json,MA_CLASS_1
K000105,S055,300059,S6MA00015,Edward M. Ted Kennedy,Edward,M.,Kennedy,,Ted,4,1977-01-04,1983-01-03,MA,1,Democrat,,D,,,,legislators-historical.json,MA_CLASS_1
K000105,S055,300059,S6MA00015,Edward M. Ted Kennedy,Edward,M.,Kennedy,,Ted,5,1983-01-03,1989-01-03,MA,1,Democrat,,D,,,,legislators-historical.json,MA_CLASS_1
K000105,S055,300059,S6MA00015,Edward M. Ted Kennedy,Edward,M.,Kennedy,,Ted,6,1989-01-03,1995-01-03,MA,1,Democrat,,D,,,,legislators-historical.json,MA_CLASS_1
K000105,S055,300059,S6MA00015,Edward M. Ted Kennedy,Edward,M.,Kennedy,,Ted,7,1995-01-04,2001-01-03,MA,1,Democrat,,D,,,,legislators-historical.json,MA_CLASS_1
K000105,S055,300059,S6MA00015,Edward M. Ted Kennedy,Edward,M.,Kennedy,,Ted,8,2001-01-03,2007-01-03,MA,1,Democrat,,D,,,,legislators-historical.json,MA_CLASS_1
K000105,S055,300059,S6MA00015,Edward M. Ted Kennedy,Edward,M.,Kennedy,,Ted,9,2007-01-04,2009-08-25,MA,1,Democrat,,D,,,,legislators-historical.json,MA_CLASS_1
K000374,S334,412381,,Paul G. Kirk Jr.,Paul,G.,Kirk,Jr.,,1,2009-09-25,2010-02-04,MA,1,Democrat,,D,appointment,,,legislators-historical.json,MA_CLASS_1
B001268,S335,412384,S0MA00109,Scott P. Brown,Scott,,Brown,,,1,2010-02-04,2013-01-03,MA,1,Republican,,R,,,,legislators-historical.json,MA_CLASS_1
W000817,S366,412542,S2MA00170,Elizabeth Warren,Elizabeth,,Warren,,,1,2013-01-03,2019-01-03,MA,1,Democrat,,D,,,senior,legislators-current.json,MA_CLASS_1
W000817,S366,412542,S2MA00170,Elizabeth Warren,Elizabeth,,Warren,,,2,2019-01-03,2025-01-03,MA,1,Democrat,,D,,,senior,legislators-current.json,MA_CLASS_1
W000817,S366,412542,S2MA00170,Elizabeth Warren,Elizabeth,,Warren,,,3,2025-01-03,2031-01-03,MA,1,Democrat,,D,,,senior,legislators-current.json,MA_CLASS_1
S001009,,410466,,Caleb Strong,Caleb,,Strong,,,1,1789-03-04,1793-03-03,MA,2,Pro-Administration,,Other,,,,legislators-historical.json,MA_CLASS_2
S001009,,410466,,Caleb Strong,Caleb,,Strong,,,2,1793-12-02,1797-03-03,MA,2,Federalist,,Other,,,,legislators-historical.json,MA_CLASS_2
S000222,,409727,,Theodore Sedgwick,Theodore,,Sedgwick,,,4,1796-01-01,1799-03-03,MA,2,Federalist,,Other,,,,legislators-historical.json,MA_CLASS_2
D000296,,403419,,Samuel Dexter,Samuel,,Dexter,,,2,1799-12-02,1801-03-03,MA,2,Federalist,,Other,,,,legislators-historical.json,MA_CLASS_2
F000301,,404250,,Dwight Foster,Dwight,,Foster,,,4,1800-01-01,1803-12-31,MA,2,Federalist,,Other,,,,legislators-historical.json,MA_CLASS_2
P000324,,408722,,Timothy Pickering,Timothy,,Pickering,,,1,1803-10-17,1805-03-03,MA,2,Federalist,,Other,,,,legislators-historical.json,MA_CLASS_2
P000324,,408722,,Timothy Pickering,Timothy,,Pickering,,,2,1805-12-02,1811-03-03,MA,2,Federalist,,Other,,,,legislators-historical.json,MA_CLASS_2
V000074,,412131,,Joseph Bradley Varnum,Joseph,Bradley,Varnum,,,9,1811-11-04,1817-03-03,MA,2,Democratic Republican,,D,,,,legislators-historical.json,MA_CLASS_2
O000127,,408380,,Harrison Gray Otis,Harrison,Gray,Otis,,,3,1817-12-01,1823-03-03,MA,2,Federalist,,Other,,,,legislators-historical.json,MA_CLASS_2
L000378,,406870,,James Lloyd,James,,Lloyd,,,3,1822-06-05,1823-03-03,MA,2,Adams,,Other,,,,legislators-historical.json,MA_CLASS_2
L000378,,406870,,James Lloyd,James,,Lloyd,,,4,1823-12-01,1826-05-23,MA,2,Adams,,Other,,,,legislators-historical.json,MA_CLASS_2
S000411,,409905,,Nathaniel Silsbee,Nathaniel,,Silsbee,,,3,1826-01-01,1829-03-03,MA,2,Adams,,Other,,,,legislators-historical.json,MA_CLASS_2
S000411,,409905,,Nathaniel Silsbee,Nathaniel,,Silsbee,,,4,1829-12-07,1835-03-03,MA,2,Adams,,Other,,,,legislators-historical.json,MA_CLASS_2
D000117,,403250,,John Davis,John,,Davis,,,6,1835-12-07,1841-03-03,MA,2,Whig,,Other,,,,legislators-historical.json,MA_CLASS_2
B000233,,401228,,Isaac Chapman Bates,Isaac,Chapman,Bates,,,5,1841-05-31,1845-12-31,MA,2,Whig,,Other,,,,legislators-historical.json,MA_CLASS_2
D000117,,403250,,John Davis,John,,Davis,,,7,1845-12-01,1847-03-03,MA,2,Whig,,Other,,,,legislators-historical.json,MA_CLASS_2
D000117,,403250,,John Davis,John,,Davis,,,8,1847-12-06,1853-03-03,MA,2,Whig,,Other,,,,legislators-historical.json,MA_CLASS_2
E000264,,403944,,Edward Everett,Edward,,Everett,,,6,1853-12-05,1855-03-03,MA,2,Whig,,Other,,,,legislators-historical.json,MA_CLASS_2
R000368,,409338,,Julius Rockwell,Julius,,Rockwell,,,5,1854-01-01,1855-12-31,MA,2,Whig,,Other,,,,legislators-historical.json,MA_CLASS_2
W000585,,411739,,Henry Wilson,Henry,,Wilson,,,1,1855-12-03,1859-03-03,MA,2,Republican,,R,,,,legislators-historical.json,MA_CLASS_2
W000585,,411739,,Henry Wilson,Henry,,Wilson,,,2,1859-12-05,1865-03-03,MA,2,Republican,,R,,,,legislators-historical.json,MA_CLASS_2
W000585,,411739,,Henry Wilson,Henry,,Wilson,,,3,1865-12-04,1871-03-03,MA,2,Republican,,R,,,,legislators-historical.json,MA_CLASS_2
W000585,,411739,,Henry Wilson,Henry,,Wilson,,,4,1871-03-04,1873-12-31,MA,2,Republican,,R,,,,legislators-historical.json,MA_CLASS_2
B000674,,401636,,George Sewel Boutwell,George,Sewel,Boutwell,,,5,1873-12-01,1877-03-03,MA,2,Republican,,R,,,,legislators-historical.json,MA_CLASS_2
H000654,,405509,,George Frisbie Hoar,George,Frisbie,Hoar,,,5,1877-10-15,1883-03-03,MA,2,Republican,,R,,,,legislators-historical.json,MA_CLASS_2
H000654,,405509,,George Frisbie Hoar,George,Frisbie,Hoar,,,6,1883-12-03,1889-03-03,MA,2,Republican,,R,,,,legislators-historical.json,MA_CLASS_2
H000654,,405509,,George Frisbie Hoar,George,Frisbie,Hoar,,,7,1889-12-02,1895-03-03,MA,2,Republican,,R,,,,legislators-historical.json,MA_CLASS_2
H000654,,405509,,George Frisbie Hoar,George,Frisbie,Hoar,,,8,1895-12-02,1901-03-03,MA,2,Republican,,R,,,,legislators-historical.json,MA_CLASS_2
H000654,,405509,,George Frisbie Hoar,George,Frisbie,Hoar,,,9,1901-12-02,1904-09-30,MA,2,Republican,,R,,,,legislators-historical.json,MA_CLASS_2
C000875,,402988,,Winthrop Murray Crane,Winthrop,Murray,Crane,,,1,1904-10-12,1907-03-03,MA,2,Republican,,R,,,,legislators-historical.json,MA_CLASS_2
C000875,,402988,,Winthrop Murray Crane,Winthrop,Murray,Crane,,,2,1907-12-02,1913-03-03,MA,2,Republican,,R,,,,legislators-historical.json,MA_CLASS_2
W000246,,411414,,John Wingate Weeks,John,Wingate,Weeks,,,5,1913-04-07,1919-03-03,MA,2,Republican,,R,,,,legislators-historical.json,MA_CLASS_2
W000097,,411276,,David Ignatius Walsh,David,Ignatius,Walsh,,,1,1919-05-19,1925-03-03,MA,2,Democrat,,D,,,,legislators-historical.json,MA_CLASS_2
G000201,,404565,,Frederick Huntington Gillett,Frederick,Huntington,Gillett,,,17,1925-12-07,1931-03-03,MA,2,Republican,,R,,,,legislators-historical.json,MA_CLASS_2
C000740,,402861,,Marcus Allen Coolidge,Marcus,Allen,Coolidge,,,1,1931-12-07,1937-01-03,MA,2,Democrat,,D,,,,legislators-historical.json,MA_CLASS_2
L000394,,406886,,Henry Cabot Lodge Jr.,Henry,Cabot,Lodge,Jr.,,1,1937-01-05,1943-01-03,MA,2,Republican,,R,,,,legislators-historical.json,MA_CLASS_2
L000394,,406886,,Henry Cabot Lodge Jr.,Henry,Cabot,Lodge,Jr.,,2,1943-01-06,1944-02-03,MA,2,Republican,,R,,,,legislators-historical.json,MA_CLASS_2
W000248,,411416,,Sinclair Weeks,Sinclair,,Weeks,,,1,1944-02-08,1944-12-19,MA,2,Republican,,R,appointment,,,legislators-historical.json,MA_CLASS_2
S000021,,409540,,Leverett Saltonstall,Leverett,,Saltonstall,,,1,1945-01-03,1949-01-03,MA,2,Republican,,R,,,,legislators-historical.json,MA_CLASS_2
S000021,,409540,,Leverett Saltonstall,Leverett,,Saltonstall,,,2,1949-01-03,1955-01-03,MA,2,Republican,,R,,,,legislators-historical.json,MA_CLASS_2
S000021,,409540,,Leverett Saltonstall,Leverett,,Saltonstall,,,3,1955-01-05,1961-01-03,MA,2,Republican,,R,,,,legislators-historical.json,MA_CLASS_2
S000021,,409540,,Leverett Saltonstall,Leverett,,Saltonstall,,,4,1961-01-03,1967-01-03,MA,2,Republican,,R,,,,legislators-historical.json,MA_CLASS_2
B000871,,401828,,Edward William Brooke III,Edward,William,Brooke,III,,1,1967-01-10,1973-01-03,MA,2,Republican,,R,,,,legislators-historical.json,MA_CLASS_2
B000871,,401828,,Edward William Brooke III,Edward,William,Brooke,III,,2,1973-01-03,1979-01-03,MA,2,Republican,,R,,,,legislators-historical.json,MA_CLASS_2
T000393,,410962,,Paul Efthemios Tsongas,Paul,Efthemios,Tsongas,,,3,1979-01-15,1985-01-03,MA,2,Democrat,,D,,,,legislators-historical.json,MA_CLASS_2
K000148,S173,300060,S4MA00069,John F. Kerry,John,Forbes,Kerry,,,1,1985-01-03,1991-01-03,MA,2,Democrat,,D,,,,legislators-historical.json,MA_CLASS_2
K000148,S173,300060,S4MA00069,John F. Kerry,John,Forbes,Kerry,,,2,1991-01-03,1997-01-03,MA,2,Democrat,,D,,,,legislators-historical.json,MA_CLASS_2
K000148,S173,300060,S4MA00069,John F. Kerry,John,Forbes,Kerry,,,3,1997-01-07,2003-01-03,MA,2,Democrat,,D,,,,legislators-historical.json,MA_CLASS_2
K000148,S173,300060,S4MA00069,John F. Kerry,John,Forbes,Kerry,,,4,2003-01-07,2009-01-03,MA,2,Democrat,,D,,,,legislators-historical.json,MA_CLASS_2
K000148,S173,300060,S4MA00069,John F. Kerry,John,Forbes,Kerry,,,5,2009-01-06,2013-02-01,MA,2,Democrat,,D,,,senior,legislators-historical.json,MA_CLASS_2
C001099,S367,412586,,William M. Cowan,William,,Cowan,,Mo,1,2013-02-06,2013-07-16,MA,2,Democrat,,D,appointment,,junior,legislators-historical.json,MA_CLASS_2
M000133,S369,400253,H6MA07101|S4MA00028,Edward J. Markey,Edward,J.,Markey,,Ed,21,2013-07-16,2015-01-03,MA,2,Democrat,,D,,,junior,legislators-current.json,MA_CLASS_2
M000133,S369,400253,H6MA07101|S4MA00028,Edward J. Markey,Edward,J.,Markey,,Ed,22,2015-01-06,2021-01-03,MA,2,Democrat,,D,,,junior,legislators-current.json,MA_CLASS_2
M000133,S369,400253,H6MA07101|S4MA00028,Edward J. Markey,Edward,J.,Markey,,Ed,23,2021-01-03,2027-01-03,MA,2,Democrat,,D,,,junior,legislators-current.json,MA_CLASS_2
C000185,,402332,,Charles of Carrollton Carroll,Charles,,Carroll,,of Carrollton,1,1789-03-04,1791-03-03,MD,1,Pro-Administration,,Other,,,,legislators-historical.json,MD_CLASS_1
C000185,,402332,,Charles of Carrollton Carroll,Charles,,Carroll,,of Carrollton,2,1791-10-24,1793-03-03,MD,1,,,Other,,,,legislators-historical.json,MD_CLASS_1
P000473,,408858,,Richard Potts,Richard,,Potts,,,1,1793-01-10,1796-10-14,MD,1,Federalist,,Other,,,,legislators-historical.json,MD_CLASS_1
H000841,,405688,,John Eager Howard,John,Eager,Howard,,,1,1796-12-05,1797-03-04,MD,1,Federalist,,Other,,,,legislators-historical.json,MD_CLASS_1
H000841,,405688,,John Eager Howard,John,Eager,Howard,,,2,1797-03-04,1803-03-03,MD,1,Federalist,,Other,,,,legislators-historical.json,MD_CLASS_1
S000609,,410085,,Samuel Smith,Samuel,,Smith,,,6,1803-10-17,1809-03-03,MD,1,Republican,,R,,,,legislators-historical.json,MD_CLASS_1
S000609,,410085,,Samuel Smith,Samuel,,Smith,,,7,1809-05-22,1815-03-03,MD,1,Republican,,R,,,,legislators-historical.json,MD_CLASS_1
H000225,,405103,,Robert Goodloe Harper,Robert,Goodloe,Harper,,,5,1816-01-01,1817-03-03,MD,1,Federalist,,Other,,,,legislators-historical.json,MD_CLASS_1
H000176,,405057,,Alexander Contee Hanson,Alexander,Contee,Hanson,,,3,1816-12-20,1819-04-23,MD,1,Federalist,,Other,,,,legislators-historical.json,MD_CLASS_1
P000362,,408758,,William Pinkney,William,,Pinkney,,,3,1819-12-06,1821-03-03,MD,1,Republican,,R,,,,legislators-historical.json,MD_CLASS_1
P000362,,408758,,William Pinkney,William,,Pinkney,,,4,1821-12-03,1823-03-03,MD,1,Republican,,R,,,,legislators-historical.json,MD_CLASS_1
S000609,,410085,,Samuel Smith,Samuel,,Smith,,,11,1822-01-01,1827-03-03,MD,1,Jackson,,Other,,,,legislators-historical.json,MD_CLASS_1
S000609,,410085,,Samuel Smith,Samuel,,Smith,,,12,1827-12-03,1833-03-03,MD,1,Jackson,,Other,,,,legislators-historical.json,MD_CLASS_1
K000125,,406291,,Joseph Kent,Joseph,,Kent,,,7,1833-12-02,1837-12-31,MD,1,Whig,,Other,,,,legislators-historical.json,MD_CLASS_1
M000654,,407640,,William Duhurst Merrick,William,Duhurst,Merrick,,,1,1838-01-04,1839-03-03,MD,1,Whig,,Other,,,,legislators-historical.json,MD_CLASS_1
M000654,,407640,,William Duhurst Merrick,William,Duhurst,Merrick,,,2,1839-12-02,1845-03-03,MD,1,Whig,,Other,,,,legislators-historical.json,MD_CLASS_1
J000169,,406066,,Reverdy Johnson,Reverdy,,Johnson,,,1,1845-12-01,1849-12-31,MD,1,Whig,,Other,,,,legislators-historical.json,MD_CLASS_1
S000905,,410366,,David Stewart,David,,Stewart,,,1,1849-12-03,1851-03-03,MD,1,Whig,,Other,,,,legislators-historical.json,MD_CLASS_1
P000506,,408891,,Thomas George Pratt,Thomas,George,Pratt,,,1,1850-01-12,1851-03-03,MD,1,Ind. Republican-Democrat,,Other,,,,legislators-historical.json,MD_CLASS_1
P000506,,408891,,Thomas George Pratt,Thomas,George,Pratt,,,2,1851-03-05,1857-03-03,MD,1,Ind. Republican-Democrat,,Other,,,,legislators-historical.json,MD_CLASS_1
K000103,,406271,,Anthony Kennedy,Anthony,,Kennedy,,,1,1857-12-07,1863-03-03,MD,1,Unionist,,Other,,,,legislators-historical.json,MD_CLASS_1
J000169,,406066,,Reverdy Johnson,Reverdy,,Johnson,,,2,1863-12-07,1869-03-03,MD,1,Democrat,,D,,,,legislators-historical.json,MD_CLASS_1
W000435,,411594,,William Pinkney Whyte,William,Pinkney,Whyte,,,1,1868-01-01,1869-03-03,MD,1,Democrat,,D,,,,legislators-historical.json,MD_CLASS_1
H000118,,405000,,William Thomas Hamilton,William,Thomas,Hamilton,,,4,1869-03-04,1875-03-03,MD,1,Democrat,,D,,,,legislators-historical.json,MD_CLASS_1
W000435,,411594,,William Pinkney Whyte,William,Pinkney,Whyte,,,2,1875-12-06,1881-03-03,MD,1,Democrat,,D,,,,legislators-historical.json,MD_CLASS_1
G000326,,404684,,Arthur Pue Gorman,Arthur,Pue,Gorman,,,1,1881-12-05,1887-03-03,MD,1,Democrat,,D,,,,legislators-historical.json,MD_CLASS_1
G000326,,404684,,Arthur Pue Gorman,Arthur,Pue,Gorman,,,2,1887-12-05,1893-03-03,MD,1,Democrat,,D,,,,legislators-historical.json,MD_CLASS_1
G000326,,404684,,Arthur Pue Gorman,Arthur,Pue,Gorman,,,3,1893-08-07,1899-03-03,MD,1,Democrat,,D,,,,legislators-historical.json,MD_CLASS_1
M000351,,407359,,Louis Emory McComas,Louis,Emory,McComas,,,5,1899-12-04,1905-03-03,MD,1,Republican,,R,,,,legislators-historical.json,MD_CLASS_1
R000086,,409066,,Isidor Rayner,Isidor,,Rayner,,,4,1905-12-04,1911-03-03,MD,1,Democrat,,D,,,,legislators-historical.json,MD_CLASS_1
R000086,,409066,,Isidor Rayner,Isidor,,Rayner,,,5,1911-04-04,1912-11-25,MD,1,Democrat,,D,,,,legislators-historical.json,MD_CLASS_1
J000030,,405936,,William Purnell Jackson,William,Purnell,Jackson,,,1,1912-11-29,1914-01-28,MD,1,Republican,,R,,,,legislators-historical.json,MD_CLASS_1
L000189,,406692,,Blair Lee,Blair,,Lee,,,1,1914-01-28,1917-03-03,MD,1,Democrat,,D,,,,legislators-historical.json,MD_CLASS_1
F000333,,404282,,Joseph Irvin France,Joseph,Irvin,France,,,1,1917-04-02,1923-03-03,MD,1,Republican,,R,,,,legislators-historical.json,MD_CLASS_1
B000972,,401924,,William Cabell Bruce,William,Cabell,Bruce,,,1,1923-12-03,1929-03-03,MD,1,Democrat,,D,,,,legislators-historical.json,MD_CLASS_1
G000262,,404624,,Phillips Lee Goldsborough,Phillips,Lee,Goldsborough,,,1,1929-04-15,1935-01-03,MD,1,Republican,,R,,,,legislators-historical.json,MD_CLASS_1
R000006,,408989,,George Lovic Pierce Radcliffe,George,Lovic Pierce,Radcliffe,,,1,1935-01-03,1941-01-03,MD,1,Democrat,,D,,,,legislators-historical.json,MD_CLASS_1
R000006,,408989,,George Lovic Pierce Radcliffe,George,Lovic Pierce,Radcliffe,,,2,1941-01-03,1947-01-03,MD,1,Democrat,,D,,,,legislators-historical.json,MD_CLASS_1
O000032,,408280,,Herbert Romulus O’Conor,Herbert,Romulus,O’Conor,,,1,1947-01-03,1953-01-03,MD,1,Democrat,,D,,,,legislators-historical.json,MD_CLASS_1
B000271,,401265,,James Glenn Beall,James,Glenn,Beall,,,6,1953-01-03,1959-01-03,MD,1,Republican,,R,,,,legislators-historical.json,MD_CLASS_1
B000271,,401265,,James Glenn Beall,James,Glenn,Beall,,,7,1959-01-07,1965-01-03,MD,1,Republican,,R,,,,legislators-historical.json,MD_CLASS_1
T000445,,411013,,Joseph Davies Tydings,Joseph,Davies,Tydings,,,1,1965-01-04,1971-01-03,MD,1,Democrat,,D,,,,legislators-historical.json,MD_CLASS_1
B000272,,401266,,John Glenn Beall Jr.,John,Glenn,Beall,Jr.,,2,1971-01-21,1977-01-03,MD,1,Republican,,R,,,,legislators-historical.json,MD_CLASS_1
S000064,S106,300086,S6MD00066,Paul S. Sarbanes,Paul,S.,Sarbanes,,,4,1977-01-04,1983-01-03,MD,1,Democrat,,D,,,,legislators-historical.json,MD_CLASS_1
S000064,S106,300086,S6MD00066,Paul S. Sarbanes,Paul,S.,Sarbanes,,,5,1983-01-03,1989-01-03,MD,1,Democrat,,D,,,,legislators-historical.json,MD_CLASS_1
S000064,S106,300086,S6MD00066,Paul S. Sarbanes,Paul,S.,Sarbanes,,,6,1989-01-03,1995-01-03,MD,1,Democrat,,D,,,,legislators-historical.json,MD_CLASS_1
S000064,S106,300086,S6MD00066,Paul S. Sarbanes,Paul,S.,Sarbanes,,,7,1995-01-04,2001-01-03,MD,1,Democrat,,D,,,,legislators-historical.json,MD_CLASS_1
S000064,S106,300086,S6MD00066,Paul S. Sarbanes,Paul,S.,Sarbanes,,,8,2001-01-03,2007-01-03,MD,1,Democrat,,D,,,,legislators-historical.json,MD_CLASS_1
C000141,S308,400064,H6MD03177|S6MD03177,Benjamin L. Cardin,Benjamin,L.,Cardin,,,11,2007-01-04,2013-01-03,MD,1,Democrat,,D,,,,legislators-historical.json,MD_CLASS_1
C000141,S308,400064,H6MD03177|S6MD03177,Benjamin L. Cardin,Benjamin,L.,Cardin,,,12,2013-01-03,2019-01-03,MD,1,Democrat,,D,,,senior,legislators-historical.json,MD_CLASS_1
C000141,S308,400064,H6MD03177|S6MD03177,Benjamin L. Cardin,Benjamin,L.,Cardin,,,13,2019-01-03,2025-01-03,MD,1,Democrat,,D,,,senior,legislators-historical.json,MD_CLASS_1
A000382,S428,456965,S4MD00327,Angela D. Alsobrooks,Angela,Deneece,Alsobrooks,,,1,2025-01-03,2031-01-03,MD,1,Democrat,,D,,,junior,legislators-current.json,MD_CLASS_1
H000508,,405370,,John Henry,John,,Henry,,,1,1789-03-04,1795-03-03,MD,3,Pro-Administration,,Other,,,,legislators-historical.json,MD_CLASS_3
H000508,,405370,,John Henry,John,,Henry,,,2,1795-12-07,1797-12-31,MD,3,Federalist,,Other,,,,legislators-historical.json,MD_CLASS_3
L000377,,406869,,James Lloyd,James,,Lloyd,,,1,1797-05-15,1801-03-03,MD,3,Federalist,,Other,,,,legislators-historical.json,MD_CLASS_3
H000629,,405486,,William Hindman,William,,Hindman,,,5,1800-01-01,1801-03-03,MD,3,Federalist,,Other,,,,legislators-historical.json,MD_CLASS_3
W000768,,411917,,Robert Wright,Robert,,Wright,,,1,1801-12-07,1807-03-03,MD,3,Republican,,R,,,,legislators-historical.json,MD_CLASS_3
R000125,,409104,,Philip Reed,Philip,,Reed,,,1,1806-11-25,1807-03-03,MD,3,Republican,,R,,,,legislators-historical.json,MD_CLASS_3
R000125,,409104,,Philip Reed,Philip,,Reed,,,2,1807-10-26,1813-03-03,MD,3,Republican,,R,,,,legislators-historical.json,MD_CLASS_3
G000264,,404626,,Robert Henry Goldsborough,Robert,Henry,Goldsborough,,,1,1813-05-24,1819-03-03,MD,3,Federalist,,Other,,,,legislators-historical.json,MD_CLASS_3
L000376,,406868,,Edward Lloyd,Edward,,Lloyd,,,3,1819-12-06,1825-03-03,MD,3,Republican,,R,,,,legislators-historical.json,MD_CLASS_3
L000376,,406868,,Edward Lloyd,Edward,,Lloyd,,,4,1825-12-05,1827-03-03,MD,3,Jackson,,Other,,,,legislators-historical.json,MD_CLASS_3
C000282,,402425,,Ezekiel Forman Chambers,Ezekiel,Forman,Chambers,,,1,1826-01-01,1831-03-03,MD,3,Adams,,Other,,,,legislators-historical.json,MD_CLASS_3
C000282,,402425,,Ezekiel Forman Chambers,Ezekiel,Forman,Chambers,,,2,1831-12-05,1835-03-03,MD,3,Adams,,Other,,,,legislators-historical.json,MD_CLASS_3
G000264,,404626,,Robert Henry Goldsborough,Robert,Henry,Goldsborough,,,2,1835-12-07,1837-03-03,MD,3,Whig,,Other,,,,legislators-historical.json,MD_CLASS_3
S000719,,410188,,John Selby Spence,John,Selby,Spence,,,3,1836-12-31,1837-03-03,MD,3,Whig,,Other,,,,legislators-historical.json,MD_CLASS_3
S000719,,410188,,John Selby Spence,John,Selby,Spence,,,4,1837-09-04,1840-10-24,MD,3,Whig,,Other,,,,legislators-historical.json,MD_CLASS_3
K000139,,406305,,John Leeds Kerr,John,Leeds,Kerr,,,4,1841-05-31,1843-03-03,MD,3,Whig,,Other,,,,legislators-historical.json,MD_CLASS_3
P000161,,408566,,James Alfred Pearce,James,Alfred,Pearce,,,4,1843-12-04,1849-03-03,MD,3,Whig,,Other,,,,legislators-historical.json,MD_CLASS_3
P000161,,408566,,James Alfred Pearce,James,Alfred,Pearce,,,5,1849-12-03,1855-03-03,MD,3,Whig,,Other,,,,legislators-historical.json,MD_CLASS_3
P000161,,408566,,James Alfred Pearce,James,Alfred,Pearce,,,6,1855-12-03,1861-03-03,MD,3,Democrat,,D,,,,legislators-historical.json,MD_CLASS_3
P000161,,408566,,James Alfred Pearce,James,Alfred,Pearce,,,7,1861-07-04,1863-03-03,MD,3,Democrat,,D,,,,legislators-historical.json,MD_CLASS_3
H000567,,405429,,Thomas Holliday Hicks,Thomas,Holliday,Hicks,,,1,1862-01-01,1865-12-31,MD,3,Unconditional Unionist,,Other,,,,legislators-historical.json,MD_CLASS_3
C000904,,403016,,John Angel James Creswell,John,Angel James,Creswell,,,2,1865-12-04,1867-03-03,MD,3,Unconditional Unionist,,Other,,,,legislators-historical.json,MD_CLASS_3
V000095,,411150,,George Vickers,George,,Vickers,,,1,1868-01-01,1873-03-03,MD,3,Democrat,,D,,,,legislators-historical.json,MD_CLASS_3
D000242,,403380,,George Robertson Dennis,George,Robertson,Dennis,,,1,1873-12-01,1879-03-03,MD,3,Democrat,,D,,,,legislators-historical.json,MD_CLASS_3
G000492,,404837,,James Black Groome,James,Black,Groome,,,1,1879-03-18,1885-03-03,MD,3,Democrat,,D,,,,legislators-historical.json,MD_CLASS_3
W000577,,411732,,Ephraim King Wilson,Ephraim,King,Wilson,,,2,1885-12-07,1891-03-03,MD,3,Democrat,,D,,,,legislators-historical.json,MD_CLASS_3
G000157,,404524,,Charles Hopper Gibson,Charles,Hopper,Gibson,,,4,1891-12-07,1897-03-03,MD,3,Democrat,,D,,,,legislators-historical.json,MD_CLASS_3
W000279,,411444,,George Louis Wellington,George,Louis,Wellington,,,2,1897-03-15,1903-03-03,MD,3,Republican,,R,,,,legislators-historical.json,MD_CLASS_3
G000326,,404684,,Arthur Pue Gorman,Arthur,Pue,Gorman,,,4,1903-11-09,1906-06-04,MD,3,Democrat,,D,,,,legislators-historical.json,MD_CLASS_3
W000435,,411594,,William Pinkney Whyte,William,Pinkney,Whyte,,,3,1906-06-08,1908-03-17,MD,3,Democrat,,D,,,,legislators-historical.json,MD_CLASS_3
S000577,,410058,,John Walter Smith,John,Walter,Smith,,,2,1908-03-25,1909-03-03,MD,3,Democrat,,D,,,,legislators-historical.json,MD_CLASS_3
S000577,,410058,,John Walter Smith,John,Walter,Smith,,,3,1909-03-04,1915-03-03,MD,3,Democrat,,D,,,,legislators-historical.json,MD_CLASS_3
S000577,,410058,,John Walter Smith,John,Walter,Smith,,,4,1915-12-06,1921-03-03,MD,3,Democrat,,D,,,,legislators-historical.json,MD_CLASS_3
W000276,,411441,,Ovington Eugene Weller,Ovington,Eugene,Weller,,,1,1921-04-11,1927-03-04,MD,3,Republican,,R,,,,legislators-historical.json,MD_CLASS_3
T000446,,411014,,Millard Evelyn Tydings,Millard,Evelyn,Tydings,,,3,1927-12-05,1933-03-03,MD,3,Democrat,,D,,,,legislators-historical.json,MD_CLASS_3
T000446,,411014,,Millard Evelyn Tydings,Millard,Evelyn,Tydings,,,4,1933-03-09,1939-01-03,MD,3,Democrat,,D,,,,legislators-historical.json,MD_CLASS_3
T000446,,411014,,Millard Evelyn Tydings,Millard,Evelyn,Tydings,,,5,1939-01-03,1945-01-03,MD,3,Democrat,,D,,,,legislators-historical.json,MD_CLASS_3
T000446,,411014,,Millard Evelyn Tydings,Millard,Evelyn,Tydings,,,6,1945-01-03,1951-01-03,MD,3,Democrat,,D,,,,legislators-historical.json,MD_CLASS_3
B001180,,402122,,John Marshall Butler,John,Marshall,Butler,,,1,1951-01-03,1957-01-03,MD,3,Republican,,R,,,,legislators-historical.json,MD_CLASS_3
B001180,,402122,,John Marshall Butler,John,Marshall,Butler,,,2,1957-01-03,1963-01-03,MD,3,Republican,,R,,,,legislators-historical.json,MD_CLASS_3
B000813,,401770,,Daniel Baugh Brewster,Daniel,Baugh,Brewster,,,3,1963-01-09,1969-01-03,MD,3,Democrat,,D,,,,legislators-historical.json,MD_CLASS_3
M000241,,407259,,Charles McCurdy Mathias Jr.,Charles,McCurdy,Mathias,Jr.,,5,1969-01-03,1975-01-03,MD,3,Republican,,R,,,,legislators-historical.json,MD_CLASS_3
M000241,,407259,,Charles McCurdy Mathias Jr.,Charles,McCurdy,Mathias,Jr.,,6,1975-01-14,1981-01-03,MD,3,Republican,,R,,,,legislators-historical.json,MD_CLASS_3
M000241,,407259,,Charles McCurdy Mathias Jr.,Charles,McCurdy,Mathias,Jr.,,7,1981-01-05,1987-01-03,MD,3,Republican,,R,,,,legislators-historical.json,MD_CLASS_3
M000702,S182,300073,S6MD00140,Barbara A. Mikulski,Barbara,A.,Mikulski,,,6,1987-01-06,1993-01-03,MD,3,Democrat,,D,,,,legislators-historical.json,MD_CLASS_3
M000702,S182,300073,S6MD00140,Barbara A. Mikulski,Barbara,A.,Mikulski,,,7,1993-01-05,1999-01-03,MD,3,Democrat,,D,,,,legislators-historical.json,MD_CLASS_3
M000702,S182,300073,S6MD00140,Barbara A. Mikulski,Barbara,A.,Mikulski,,,8,1999-01-06,2005-01-03,MD,3,Democrat,,D,,,,legislators-historical.json,MD_CLASS_3
M000702,S182,300073,S6MD00140,Barbara A. Mikulski,Barbara,A.,Mikulski,,,9,2005-01-04,2011-01-03,MD,3,Democrat,,D,,,,legislators-historical.json,MD_CLASS_3
M000702,S182,300073,S6MD00140,Barbara A. Mikulski,Barbara,A.,Mikulski,,,10,2011-01-05,2017-01-03,MD,3,Democrat,,D,,,senior,legislators-historical.json,MD_CLASS_3
V000128,S390,400415,H2MD08126|S6MD03441,Chris Van Hollen,Chris,,Van Hollen,,,8,2017-01-03,2023-01-03,MD,3,Democrat,,D,,,junior,legislators-current.json,MD_CLASS_3
V000128,S390,400415,H2MD08126|S6MD03441,Chris Van Hollen,Chris,,Van Hollen,,,9,2023-01-03,2029-01-03,MD,3,Democrat,,D,,,senior,legislators-current.json,MD_CLASS_3
H000739,,405590,,John Holmes,John,,Holmes,,,3,1820-06-13,1821-03-03,ME,1,Democratic Republican,,D,,,,legislators-historical.json,ME_CLASS_1
H000739,,405590,,John Holmes,John,,Holmes,,,4,1821-03-06,1827-03-03,ME,1,Democratic Republican,,D,,,,legislators-historical.json,ME_CLASS_1
P000079,,408489,,Albion Keith Parris,Albion,Keith,Parris,,,3,1827-12-03,1829-03-03,ME,1,Jackson,,Other,,,,legislators-historical.json,ME_CLASS_1
H000739,,405590,,John Holmes,John,,Holmes,,,5,1829-01-15,1833-03-03,ME,1,Adams,,Other,,,,legislators-historical.json,ME_CLASS_1
S000334,,409831,,Ether Shepley,Ether,,Shepley,,,1,1833-12-02,1837-03-03,ME,1,Jackson,,Other,,,,legislators-historical.json,ME_CLASS_1
D000022,,403163,,Judah Dana,Judah,,Dana,,,1,1836-01-01,1837-12-31,ME,1,Jackson,,Other,,,,legislators-historical.json,ME_CLASS_1
W000532,,411689,,Reuel Williams,Reuel,,Williams,,,1,1837-09-04,1839-03-03,ME,1,Democrat,,D,,,,legislators-historical.json,ME_CLASS_1
W000532,,411689,,Reuel Williams,Reuel,,Williams,,,2,1839-12-02,1843-12-31,ME,1,Democrat,,D,,,,legislators-historical.json,ME_CLASS_1
F000006,,403969,,John Fairfield,John,,Fairfield,,,3,1843-12-04,1845-03-03,ME,1,Democrat,,D,,,,legislators-historical.json,ME_CLASS_1
F000006,,403969,,John Fairfield,John,,Fairfield,,,4,1845-12-01,1847-12-31,ME,1,Democrat,,D,,,,legislators-historical.json,ME_CLASS_1
H000121,,405003,,Hannibal Hamlin,Hannibal,,Hamlin,,,3,1848-01-01,1851-03-03,ME,1,Democrat,,D,,,,legislators-historical.json,ME_CLASS_1
M000889,,407861,,Wyman Bradbury Seavy Moor,Wyman,Bradbury Seavy,Moor,,,1,1848-01-01,1849-03-03,ME,1,Democrat,,D,,,,legislators-historical.json,ME_CLASS_1
H000121,,405003,,Hannibal Hamlin,Hannibal,,Hamlin,,,4,1851-12-01,1857-03-03,ME,1,Democrat,,D,,,,legislators-historical.json,ME_CLASS_1
N000162,,408243,,Amos Nourse,Amos,,Nourse,,,1,1857-12-07,1857-12-31,ME,1,Republican,,R,,,,legislators-historical.json,ME_CLASS_1
H000121,,405003,,Hannibal Hamlin,Hannibal,,Hamlin,,,5,1857-12-07,1861-12-31,ME,1,Republican,,R,,,,legislators-historical.json,ME_CLASS_1
M000970,,407938,,Lot Myrick Morrill,Lot,Myrick,Morrill,,,1,1861-07-04,1863-03-03,ME,1,Republican,,R,,,,legislators-historical.json,ME_CLASS_1
M000970,,407938,,Lot Myrick Morrill,Lot,Myrick,Morrill,,,2,1863-12-07,1869-03-03,ME,1,Republican,,R,,,,legislators-historical.json,ME_CLASS_1
H000121,,405003,,Hannibal Hamlin,Hannibal,,Hamlin,,,6,1869-03-04,1875-03-03,ME,1,Republican,,R,,,,legislators-historical.json,ME_CLASS_1
H000121,,405003,,Hannibal Hamlin,Hannibal,,Hamlin,,,7,1875-12-06,1881-03-03,ME,1,Republican,,R,,,,legislators-historical.json,ME_CLASS_1
H000029,,404914,,Eugene Hale,Eugene,,Hale,,,6,1881-12-05,1887-03-03,ME,1,Republican,,R,,,,legislators-historical.json,ME_CLASS_1
H000029,,404914,,Eugene Hale,Eugene,,Hale,,,7,1887-12-05,1893-03-03,ME,1,Republican,,R,,,,legislators-historical.json,ME_CLASS_1
H000029,,404914,,Eugene Hale,Eugene,,Hale,,,8,1893-08-07,1899-03-03,ME,1,Republican,,R,,,,legislators-historical.json,ME_CLASS_1
H000029,,404914,,Eugene Hale,Eugene,,Hale,,,9,1899-12-04,1905-03-03,ME,1,Republican,,R,,,,legislators-historical.json,ME_CLASS_1
H000029,,404914,,Eugene Hale,Eugene,,Hale,,,10,1905-12-04,1911-03-03,ME,1,Republican,,R,,,,legislators-historical.json,ME_CLASS_1
J000124,,406023,,Charles Fletcher Johnson,Charles,Fletcher,Johnson,,,1,1911-04-04,1917-03-03,ME,1,Democrat,,D,,,,legislators-historical.json,ME_CLASS_1
H000031,,404916,,Frederick Hale,Frederick,,Hale,,,1,1917-04-02,1923-03-03,ME,1,Republican,,R,,,,legislators-historical.json,ME_CLASS_1
H000031,,404916,,Frederick Hale,Frederick,,Hale,,,2,1923-12-03,1929-03-03,ME,1,Republican,,R,,,,legislators-historical.json,ME_CLASS_1
H000031,,404916,,Frederick Hale,Frederick,,Hale,,,3,1929-04-15,1935-01-03,ME,1,Republican,,R,,,,legislators-historical.json,ME_CLASS_1
H000031,,404916,,Frederick Hale,Frederick,,Hale,,,4,1935-01-03,1941-01-03,ME,1,Republican,,R,,,,legislators-historical.json,ME_CLASS_1
B000816,,401773,,Ralph Owen Brewster,Ralph,Owen,Brewster,,,4,1941-01-03,1947-01-03,ME,1,Republican,,R,,,,legislators-historical.json,ME_CLASS_1
B000816,,401773,,Ralph Owen Brewster,Ralph,Owen,Brewster,,,5,1947-01-03,1953-01-03,ME,1,Republican,,R,,,,legislators-historical.json,ME_CLASS_1
P000150,,408554,,Frederick George Payne,Frederick,George,Payne,,,1,1953-01-03,1959-01-03,ME,1,Republican,,R,,,,legislators-historical.json,ME_CLASS_1
M001121,,408083,,Edmund Sixtus Muskie,Edmund,Sixtus,Muskie,,,1,1959-01-07,1965-01-03,ME,1,Democrat,,D,,,,legislators-historical.json,ME_CLASS_1
M001121,,408083,,Edmund Sixtus Muskie,Edmund,Sixtus,Muskie,,,2,1965-01-04,1971-01-03,ME,1,Democrat,,D,,,,legislators-historical.json,ME_CLASS_1
M001121,,408083,,Edmund Sixtus Muskie,Edmund,Sixtus,Muskie,,,3,1971-01-21,1977-01-03,ME,1,Democrat,,D,,,,legislators-historical.json,ME_CLASS_1
M001121,,408083,,Edmund Sixtus Muskie,Edmund,Sixtus,Muskie,,,4,1977-01-04,1980-05-07,ME,1,Democrat,,D,,,,legislators-historical.json,ME_CLASS_1
M000811,S144,407786,,George John Mitchell,George,John,Mitchell,,,1,1980-05-17,1983-01-03,ME,1,Democrat,,D,appointment,,,legislators-historical.json,ME_CLASS_1
M000811,S144,407786,,George John Mitchell,George,John,Mitchell,,,2,1983-01-03,1989-01-03,ME,1,Democrat,,D,,,,legislators-historical.json,ME_CLASS_1
M000811,S144,407786,,George John Mitchell,George,John,Mitchell,,,3,1989-01-03,1995-01-03,ME,1,Democrat,,D,,,,legislators-historical.json,ME_CLASS_1
S000663,S245,300091,S4ME00055,Olympia J. Snowe,Olympia,J.,Snowe,,,9,1995-01-04,2001-01-03,ME,1,Republican,,R,,,,legislators-historical.json,ME_CLASS_1
S000663,S245,300091,S4ME00055,Olympia J. Snowe,Olympia,J.,Snowe,,,10,2001-01-03,2007-01-03,ME,1,Republican,,R,,,,legislators-historical.json,ME_CLASS_1
S000663,S245,300091,S4ME00055,Olympia J. Snowe,Olympia,J.,Snowe,,,11,2007-01-04,2013-01-03,ME,1,Republican,,R,,,,legislators-historical.json,ME_CLASS_1
K000383,S363,412545,S2ME00109,"Angus S. King, Jr.",Angus,S.,King,Jr.,,1,2013-01-03,2019-01-03,ME,1,Independent,Democrat,D,,,junior,legislators-current.json,ME_CLASS_1
K000383,S363,412545,S2ME00109,"Angus S. King, Jr.",Angus,S.,King,Jr.,,2,2019-01-03,2025-01-03,ME,1,Independent,Democrat,D,,,junior,legislators-current.json,ME_CLASS_1
K000383,S363,412545,S2ME00109,"Angus S. King, Jr.",Angus,S.,King,Jr.,,3,2025-01-03,2031-01-03,ME,1,Independent,Democrat,D,,,junior,legislators-current.json,ME_CLASS_1
C000291,,402433,,John Chandler,John,,Chandler,,,3,1820-01-01,1823-03-03,ME,2,Republican,,R,,,,legislators-historical.json,ME_CLASS_2
C000291,,402433,,John Chandler,John,,Chandler,,,4,1823-12-01,1829-03-03,ME,2,Jackson,,Other,,,,legislators-historical.json,ME_CLASS_2
S000744,,410213,,Peleg Sprague,Peleg,,Sprague,,,3,1829-12-07,1835-03-03,ME,2,Anti-Jacksonian,,Other,,,,legislators-historical.json,ME_CLASS_2
R000502,,409461,,John Ruggles,John,,Ruggles,,,1,1835-12-07,1841-03-03,ME,2,Democrat,,D,,,,legislators-historical.json,ME_CLASS_2
E000241,,403925,,George Evans,George,,Evans,,,7,1841-05-31,1847-03-03,ME,2,Whig,,Other,,,,legislators-historical.json,ME_CLASS_2
B000734,,401694,,James Ware Bradbury,James,Ware,Bradbury,,,1,1847-12-06,1853-03-03,ME,2,Democrat,,D,,,,legislators-historical.json,ME_CLASS_2
F000099,,404056,,William Pitt Fessenden,William,Pitt,Fessenden,,,2,1854-01-01,1859-03-03,ME,2,Republican,,R,,,,legislators-historical.json,ME_CLASS_2
F000099,,404056,,William Pitt Fessenden,William,Pitt,Fessenden,,,3,1859-12-05,1865-03-03,ME,2,Republican,,R,,,,legislators-historical.json,ME_CLASS_2
F000038,,403999,,Nathan Allen Farwell,Nathan,Allen,Farwell,,,1,1864-01-01,1865-03-03,ME,2,Republican,,R,,,,legislators-historical.json,ME_CLASS_2
F000099,,404056,,William Pitt Fessenden,William,Pitt,Fessenden,,,4,1865-12-04,1869-12-31,ME,2,Republican,,R,,,,legislators-historical.json,ME_CLASS_2
M000970,,407938,,Lot Myrick Morrill,Lot,Myrick,Morrill,,,3,1869-03-04,1871-03-03,ME,2,Republican,,R,,,,legislators-historical.json,ME_CLASS_2
M000970,,407938,,Lot Myrick Morrill,Lot,Myrick,Morrill,,,4,1871-03-04,1877-03-03,ME,2,Republican,,R,,,,legislators-historical.json,ME_CLASS_2
B000519,,401495,,James Gillespie Blaine,James,Gillespie,Blaine,,,8,1876-07-10,1877-03-03,ME,2,Republican,,R,,,,legislators-historical.json,ME_CLASS_2
B000519,,401495,,James Gillespie Blaine,James,Gillespie,Blaine,,,9,1877-03-05,1881-03-05,ME,2,Republican,,R,,,,legislators-historical.json,ME_CLASS_2
F000398,,404340,,William Pierce Frye,William,Pierce,Frye,,,6,1881-12-05,1883-03-03,ME,2,Republican,,R,,,,legislators-historical.json,ME_CLASS_2
F000398,,404340,,William Pierce Frye,William,Pierce,Frye,,,7,1883-12-03,1889-03-03,ME,2,Republican,,R,,,,legislators-historical.json,ME_CLASS_2
F000398,,404340,,William Pierce Frye,William,Pierce,Frye,,,8,1889-12-02,1895-03-03,ME,2,Republican,,R,,,,legislators-historical.json,ME_CLASS_2
F000398,,404340,,William Pierce Frye,William,Pierce,Frye,,,9,1895-12-02,1901-03-03,ME,2,Republican,,R,,,,legislators-historical.json,ME_CLASS_2
F000398,,404340,,William Pierce Frye,William,Pierce,Frye,,,10,1901-12-02,1907-03-03,ME,2,Republican,,R,,,,legislators-historical.json,ME_CLASS_2
F000398,,404340,,William Pierce Frye,William,Pierce,Frye,,,11,1907-12-02,1911-08-08,ME,2,Republican,,R,,,,legislators-historical.json,ME_CLASS_2
G000060,,404434,,Obadiah Gardner,Obadiah,,Gardner,,,1,1911-09-23,1913-03-03,ME,2,Democrat,,D,,,,legislators-historical.json,ME_CLASS_2
B001105,,402050,,Edwin Chick Burleigh,Edwin,Chick,Burleigh,,,8,1913-04-07,1916-06-16,ME,2,Republican,,R,,,,legislators-historical.json,ME_CLASS_2
F000084,,404042,,Bert Manfred Fernald,Bert,Manfred,Fernald,,,1,1916-09-12,1919-03-03,ME,2,Republican,,R,,,,legislators-historical.json,ME_CLASS_2
F000084,,404042,,Bert Manfred Fernald,Bert,Manfred,Fernald,,,2,1919-05-19,1925-03-03,ME,2,Republican,,R,,,,legislators-historical.json,ME_CLASS_2
F000084,,404042,,Bert Manfred Fernald,Bert,Manfred,Fernald,,,3,1925-12-07,1926-08-23,ME,2,Republican,,R,,,,legislators-historical.json,ME_CLASS_2
G000340,,404696,,Arthur Robinson Gould,Arthur,Robinson,Gould,,,1,1926-11-30,1931-03-03,ME,2,Republican,,R,,,,legislators-historical.json,ME_CLASS_2
W000396,,411556,,Wallace Humphrey White Jr.,Wallace,Humphrey,White,Jr.,,8,1931-12-07,1937-01-03,ME,2,Republican,,R,,,,legislators-historical.json,ME_CLASS_2
W000396,,411556,,Wallace Humphrey White Jr.,Wallace,Humphrey,White,Jr.,,9,1937-01-05,1943-01-03,ME,2,Republican,,R,,,,legislators-historical.json,ME_CLASS_2
W000396,,411556,,Wallace Humphrey White Jr.,Wallace,Humphrey,White,Jr.,,10,1943-01-06,1949-01-03,ME,2,Republican,,R,,,,legislators-historical.json,ME_CLASS_2
S000590,,410070,,Margaret Chase Smith,Margaret,Chase,Smith,,,6,1949-01-03,1955-01-03,ME,2,Republican,,R,,,,legislators-historical.json,ME_CLASS_2
S000590,,410070,,Margaret Chase Smith,Margaret,Chase,Smith,,,7,1955-01-05,1961-01-03,ME,2,Republican,,R,,,,legislators-historical.json,ME_CLASS_2
S000590,,410070,,Margaret Chase Smith,Margaret,Chase,Smith,,,8,1961-01-03,1967-01-03,ME,2,Republican,,R,,,,legislators-historical.json,ME_CLASS_2
S000590,,410070,,Margaret Chase Smith,Margaret,Chase,Smith,,,9,1967-01-10,1973-01-03,ME,2,Republican,,R,,,,legislators-historical.json,ME_CLASS_2
H000346,,405215,,William Dodd Hathaway,William,Dodd,Hathaway,,,5,1973-01-03,1979-01-03,ME,2,Democrat,,D,,,,legislators-historical.json,ME_CLASS_2
C000598,S137,402727,,William Sebastian Cohen,William,Sebastian,Cohen,,,4,1979-01-15,1985-01-03,ME,2,Republican,,R,,,,legislators-historical.json,ME_CLASS_2
C000598,S137,402727,,William Sebastian Cohen,William,Sebastian,Cohen,,,5,1985-01-03,1991-01-03,ME,2,Republican,,R,,,,legislators-historical.json,ME_CLASS_2
C000598,S137,402727,,William Sebastian Cohen,William,Sebastian,Cohen,,,6,1991-01-03,1997-01-03,ME,2,Republican,,R,,,,legislators-historical.json,ME_CLASS_2
C001035,S252,300025,S6ME00159,Susan M. Collins,Susan,M.,Collins,,,1,1997-01-07,2003-01-03,ME,2,Republican,,R,,,,legislators-current.json,ME_CLASS_2
C001035,S252,300025,S6ME00159,Susan M. Collins,Susan,M.,Collins,,,2,2003-01-07,2009-01-03,ME,2,Republican,,R,,,,legislators-current.json,ME_CLASS_2
C001035,S252,300025,S6ME00159,Susan M. Collins,Susan,M.,Collins,,,3,2009-01-06,2015-01-03,ME,2,Republican,,R,,,senior,legislators-current.json,ME_CLASS_2
C001035,S252,300025,S6ME00159,Susan M. Collins,Susan,M.,Collins,,,4,2015-01-06,2021-01-03,ME,2,Republican,,R,,,senior,legislators-current.json,ME_CLASS_2
C001035,S252,300025,S6ME00159,Susan M. Collins,Susan,M.,Collins,,,5,2021-01-03,2027-01-03,ME,2,Republican,,R,,,senior,legislators-current.json,ME_CLASS_2
L000544,,407028,,Lucius Lyon,Lucius,,Lyon,,,2,1837-09-04,1839-03-03,MI,1,Democrat,,D,,,,legislators-historical.json,MI_CLASS_1
P000437,,408828,,Augustus Seymour Porter,Augustus,Seymour,Porter,,,1,1840-01-01,1845-03-03,MI,1,Whig,,Other,,,,legislators-historical.json,MI_CLASS_1
C000233,,402378,,Lewis Cass,Lewis,,Cass,,,1,1845-12-01,1849-03-03,MI,1,Democrat,,D,,,,legislators-historical.json,MI_CLASS_1
F000167,,404122,,Thomas Fitzgerald,Thomas,,Fitzgerald,,,1,1848-01-01,1849-12-31,MI,1,Democrat,,D,,,,legislators-historical.json,MI_CLASS_1
C000233,,402378,,Lewis Cass,Lewis,,Cass,,,2,1849-12-03,1851-03-03,MI,1,Democrat,,D,,,,legislators-historical.json,MI_CLASS_1
C000233,,402378,,Lewis Cass,Lewis,,Cass,,,3,1851-12-01,1857-03-03,MI,1,Democrat,,D,,,,legislators-historical.json,MI_CLASS_1
C000299,,402441,,Zachariah Chandler,Zachariah,,Chandler,,,1,1857-12-07,1863-03-03,MI,1,Republican,,R,,,,legislators-historical.json,MI_CLASS_1
C000299,,402441,,Zachariah Chandler,Zachariah,,Chandler,,,2,1863-12-07,1869-03-03,MI,1,Republican,,R,,,,legislators-historical.json,MI_CLASS_1
C000299,,402441,,Zachariah Chandler,Zachariah,,Chandler,,,3,1869-03-04,1875-03-03,MI,1,Republican,,R,,,,legislators-historical.json,MI_CLASS_1
C000379,,402519,,Isaac Peckham Christiancy,Isaac,Peckham,Christiancy,,,1,1875-12-06,1879-12-31,MI,1,Republican,,R,,,,legislators-historical.json,MI_CLASS_1
B000089,,401091,,Henry Porter Baldwin,Henry,Porter,Baldwin,,,1,1879-03-18,1881-03-03,MI,1,Republican,,R,,,,legislators-historical.json,MI_CLASS_1
C000299,,402441,,Zachariah Chandler,Zachariah,,Chandler,,,4,1879-03-18,1879-12-31,MI,1,Republican,,R,,,,legislators-historical.json,MI_CLASS_1
C000678,,402804,,Omar Dwight Conger,Omar,Dwight,Conger,,,7,1881-12-05,1887-03-03,MI,1,Republican,,R,,,,legislators-historical.json,MI_CLASS_1
S000932,,410391,,Francis Brown Stockbridge,Francis,Brown,Stockbridge,,,1,1887-12-05,1893-03-03,MI,1,Republican,,R,,,,legislators-historical.json,MI_CLASS_1
S000932,,410391,,Francis Brown Stockbridge,Francis,Brown,Stockbridge,,,2,1893-08-07,1895-03-03,MI,1,Republican,,R,,,,legislators-historical.json,MI_CLASS_1
P000141,,408547,,John Patton Jr.,John,,Patton,Jr.,,1,1894-01-01,1895-12-31,MI,1,Republican,,R,,,,legislators-historical.json,MI_CLASS_1
B001142,,402085,,Julius Caesar Burrows,Julius,Caesar,Burrows,,,9,1895-12-02,1899-03-03,MI,1,Republican,,R,,,,legislators-historical.json,MI_CLASS_1
B001142,,402085,,Julius Caesar Burrows,Julius,Caesar,Burrows,,,10,1899-12-04,1905-03-03,MI,1,Republican,,R,,,,legislators-historical.json,MI_CLASS_1
B001142,,402085,,Julius Caesar Burrows,Julius,Caesar,Burrows,,,11,1905-12-04,1911-03-03,MI,1,Republican,,R,,,,legislators-historical.json,MI_CLASS_1
T000330,,410901,,Charles Elroy Townsend,Charles,Elroy,Townsend,,,5,1911-04-04,1917-03-03,MI,1,Republican,,R,,,,legislators-historical.json,MI_CLASS_1
T000330,,410901,,Charles Elroy Townsend,Charles,Elroy,Townsend,,,6,1917-04-02,1923-03-03,MI,1,Republican,,R,,,,legislators-historical.json,MI_CLASS_1
F000092,,404049,,Woodbridge Nathan Ferris,Woodbridge,Nathan,Ferris,,,1,1923-12-03,1928-03-23,MI,1,Democrat,,D,,,,legislators-historical.json,MI_CLASS_1
V000025,,411118,,Arthur Hendrick Vandenberg,Arthur,Hendrick,Vandenberg,,,1,1928-03-31,1929-01-03,MI,1,Republican,,R,appointment,,,legislators-historical.json,MI_CLASS_1
V000025,,411118,,Arthur Hendrick Vandenberg,Arthur,Hendrick,Vandenberg,,,2,1929-04-15,1935-01-03,MI,1,Republican,,R,,,,legislators-historical.json,MI_CLASS_1
V000025,,411118,,Arthur Hendrick Vandenberg,Arthur,Hendrick,Vandenberg,,,3,1935-01-03,1941-01-03,MI,1,Republican,,R,,,,legislators-historical.json,MI_CLASS_1
V000025,,411118,,Arthur Hendrick Vandenberg,Arthur,Hendrick,Vandenberg,,,4,1941-01-03,1947-01-03,MI,1,Republican,,R,,,,legislators-historical.json,MI_CLASS_1
V000025,,411118,,Arthur Hendrick Vandenberg,Arthur,Hendrick,Vandenberg,,,5,1947-01-03,1951-04-18,MI,1,Republican,,R,,,,legislators-historical.json,MI_CLASS_1
M000878,,407850,,Arthur Edson Blair Moody,Arthur,Edson Blair,Moody,,,1,1951-04-23,1952-11-04,MI,1,Democrat,,D,appointment,,,legislators-historical.json,MI_CLASS_1
P000460,,408847,,Charles Edward Potter,Charles,Edward,Potter,,,4,1952-11-05,1953-01-03,MI,1,Republican,,R,,,,legislators-historical.json,MI_CLASS_1
P000460,,408847,,Charles Edward Potter,Charles,Edward,Potter,,,5,1953-01-03,1959-01-03,MI,1,Republican,,R,,,,legislators-historical.json,MI_CLASS_1
H000291,,405164,,Philip Aloysius Hart,Philip,Aloysius,Hart,,,1,1959-01-07,1965-01-03,MI,1,Democrat,,D,,,,legislators-historical.json,MI_CLASS_1
H000291,,405164,,Philip Aloysius Hart,Philip,Aloysius,Hart,,,2,1965-01-04,1971-01-03,MI,1,Democrat,,D,,,,legislators-historical.json,MI_CLASS_1
H000291,,405164,,Philip Aloysius Hart,Philip,Aloysius,Hart,,,3,1971-01-21,1977-01-03,MI,1,Democrat,,D,,,,legislators-historical.json,MI_CLASS_1
R000249,S107,409225,,Donald Wayne Riegle Jr.,Donald,Wayne,Riegle,Jr.,,6,1977-01-04,1983-01-03,MI,1,Democrat,,D,,,,legislators-historical.json,MI_CLASS_1
R000249,S107,409225,,Donald Wayne Riegle Jr.,Donald,Wayne,Riegle,Jr.,,7,1983-01-03,1989-01-03,MI,1,Democrat,,D,,,,legislators-historical.json,MI_CLASS_1
R000249,S107,409225,,Donald Wayne Riegle Jr.,Donald,Wayne,Riegle,Jr.,,8,1989-01-03,1995-01-03,MI,1,Democrat,,D,,,,legislators-historical.json,MI_CLASS_1
A000355,S238,400555,S4MI00165,Spencer Abraham,Spencer,,Abraham,,,1,1995-01-04,2001-01-03,MI,1,Republican,,R,,,,legislators-historical.json,MI_CLASS_1
S000770,S284,300093,S8MI00281|H6MI08163,Debbie Stabenow,Debbie,Ann,Stabenow,,,3,2001-01-03,2007-01-03,MI,1,Democrat,,D,,,,legislators-historical.json,MI_CLASS_1
S000770,S284,300093,S8MI00281|H6MI08163,Debbie Stabenow,Debbie,Ann,Stabenow,,,4,2007-01-04,2013-01-03,MI,1,Democrat,,D,,,,legislators-historical.json,MI_CLASS_1
S000770,S284,300093,S8MI00281|H6MI08163,Debbie Stabenow,Debbie,Ann,Stabenow,,,5,2013-01-03,2019-01-03,MI,1,Democrat,,D,,,senior,legislators-historical.json,MI_CLASS_1
S000770,S284,300093,S8MI00281|H6MI08163,Debbie Stabenow,Debbie,Ann,Stabenow,,,6,2019-01-03,2025-01-03,MI,1,Democrat,,D,,,senior,legislators-historical.json,MI_CLASS_1
S001208,S436,412784,H8MI08102|S4MI00470,Elissa Slotkin,Elissa,,Slotkin,,,4,2025-01-03,2031-01-03,MI,1,Democrat,,D,,,junior,legislators-current.json,MI_CLASS_1
N000158,,408240,,John Norvell,John,,Norvell,,,1,1837-09-04,1841-03-03,MI,2,Democrat,,D,,,,legislators-historical.json,MI_CLASS_2
W000709,,411861,,William Woodbridge,William,,Woodbridge,,,2,1841-05-31,1847-03-03,MI,2,Whig,,Other,,,,legislators-historical.json,MI_CLASS_2
F000063,,404021,,Alpheus Felch,Alpheus,,Felch,,,1,1847-12-06,1853-03-03,MI,2,Democrat,,D,,,,legislators-historical.json,MI_CLASS_2
S001033,,410489,,Charles Edward Stuart,Charles,Edward,Stuart,,,3,1853-12-05,1859-03-03,MI,2,Democrat,,D,,,,legislators-historical.json,MI_CLASS_2
B000473,,401454,,Kinsley Scott Bingham,Kinsley,Scott,Bingham,,,3,1859-12-05,1861-12-31,MI,2,Republican,,R,,,,legislators-historical.json,MI_CLASS_2
H000839,,405686,,Jacob Merritt Howard,Jacob,Merritt,Howard,,,2,1862-01-01,1865-03-03,MI,2,Republican,,R,,,,legislators-historical.json,MI_CLASS_2
H000839,,405686,,Jacob Merritt Howard,Jacob,Merritt,Howard,,,3,1865-12-04,1871-03-03,MI,2,Republican,,R,,,,legislators-historical.json,MI_CLASS_2
F000095,,404052,,Thomas White Ferry,Thomas,White,Ferry,,,4,1871-03-04,1877-03-03,MI,2,Republican,,R,,,,legislators-historical.json,MI_CLASS_2
F000095,,404052,,Thomas White Ferry,Thomas,White,Ferry,,,5,1877-10-15,1883-03-03,MI,2,Republican,,R,,,,legislators-historical.json,MI_CLASS_2
P000044,,408454,,Thomas Witherell Palmer,Thomas,Witherell,Palmer,,,1,1883-12-03,1889-03-03,MI,2,Republican,,R,,,,legislators-historical.json,MI_CLASS_2
M000567,,407557,,James McMillan,James,,McMillan,,,1,1889-12-02,1895-03-03,MI,2,Republican,,R,,,,legislators-historical.json,MI_CLASS_2
M000567,,407557,,James McMillan,James,,McMillan,,,2,1895-12-02,1901-03-03,MI,2,Republican,,R,,,,legislators-historical.json,MI_CLASS_2
M000567,,407557,,James McMillan,James,,McMillan,,,3,1901-12-02,1902-08-10,MI,2,Republican,,R,,,,legislators-historical.json,MI_CLASS_2
A000107,,400765,,Russell Alexander Alger,Russell,Alexander,Alger,,,1,1902-09-27,1907-01-24,MI,2,Republican,,R,,,,legislators-historical.json,MI_CLASS_2
S000629,,410103,,William Alden Smith,William,Alden,Smith,,,7,1907-12-02,1913-03-03,MI,2,Republican,,R,,,,legislators-historical.json,MI_CLASS_2
S000629,,410103,,William Alden Smith,William,Alden,Smith,,,8,1913-04-07,1919-03-03,MI,2,Republican,,R,,,,legislators-historical.json,MI_CLASS_2
N000062,,408150,,Truman Handy Newberry,Truman,Handy,Newberry,,,1,1919-05-19,1922-11-18,MI,2,Republican,,R,,,,legislators-historical.json,MI_CLASS_2
C000812,,402931,,James Couzens,James,,Couzens,,,1,1922-11-29,1925-03-03,MI,2,Republican,,R,appointment,,,legislators-historical.json,MI_CLASS_2
C000812,,402931,,James Couzens,James,,Couzens,,,2,1925-12-07,1931-03-03,MI,2,Republican,,R,,,,legislators-historical.json,MI_CLASS_2
C000812,,402931,,James Couzens,James,,Couzens,,,3,1931-12-07,1936-10-22,MI,2,Republican,,R,,,,legislators-historical.json,MI_CLASS_2
B000941,,401895,,Prentiss Marsh Brown,Prentiss,Marsh,Brown,,,3,1936-11-19,1937-01-03,MI,2,Democrat,,D,,,,legislators-historical.json,MI_CLASS_2
B000941,,401895,,Prentiss Marsh Brown,Prentiss,Marsh,Brown,,,4,1937-01-05,1943-01-03,MI,2,Democrat,,D,,,,legislators-historical.json,MI_CLASS_2
F000081,,404039,,Homer Samuel Ferguson,Homer,Samuel,Ferguson,,,1,1943-01-06,1949-01-03,MI,2,Republican,,R,,,,legislators-historical.json,MI_CLASS_2
F000081,,404039,,Homer Samuel Ferguson,Homer,Samuel,Ferguson,,,2,1949-01-03,1955-01-03,MI,2,Republican,,R,,,,legislators-historical.json,MI_CLASS_2
M000582,,407573,,Patrick Vincent McNamara,Patrick,Vincent,McNamara,,,1,1955-01-05,1961-01-03,MI,2,Democrat,,D,,,,legislators-historical.json,MI_CLASS_2
M000582,,407573,,Patrick Vincent McNamara,Patrick,Vincent,McNamara,,,2,1961-01-03,1966-04-30,MI,2,Democrat,,D,,,,legislators-historical.json,MI_CLASS_2
G000465,,404810,,Robert Paul Griffin,Robert,Paul,Griffin,,,6,1966-05-11,1967-01-03,MI,2,Republican,,R,appointment,,,legislators-historical.json,MI_CLASS_2
G000465,,404810,,Robert Paul Griffin,Robert,Paul,Griffin,,,7,1967-01-10,1973-01-03,MI,2,Republican,,R,,,,legislators-historical.json,MI_CLASS_2
G000465,,404810,,Robert Paul Griffin,Robert,Paul,Griffin,,,8,1973-01-03,1979-01-03,MI,2,Republican,,R,,,,legislators-historical.json,MI_CLASS_2
L000261,S131,300066,S8MI00158,Carl Levin,Carl,,Levin,,,1,1979-01-15,1985-01-03,MI,2,Democrat,,D,,,,legislators-historical.json,MI_CLASS_2
L000261,S131,300066,S8MI00158,Carl Levin,Carl,,Levin,,,2,1985-01-03,1991-01-03,MI,2,Democrat,,D,,,,legislators-historical.json,MI_CLASS_2
L000261,S131,300066,S8MI00158,Carl Levin,Carl,,Levin,,,3,1991-01-03,1997-01-03,MI,2,Democrat,,D,,,,legislators-historical.json,MI_CLASS_2
L000261,S131,300066,S8MI00158,Carl Levin,Carl,,Levin,,,4,1997-01-07,2003-01-03,MI,2,Democrat,,D,,,,legislators-historical.json,MI_CLASS_2
L000261,S131,300066,S8MI00158,Carl Levin,Carl,,Levin,,,5,2003-01-07,2009-01-03,MI,2,Democrat,,D,,,,legislators-historical.json,MI_CLASS_2
L000261,S131,300066,S8MI00158,Carl Levin,Carl,,Levin,,,6,2009-01-06,2015-01-03,MI,2,Democrat,,D,,,senior,legislators-historical.json,MI_CLASS_2
P000595,S380,412305,H8MI09068|S4MI00355,Gary C. Peters,Gary,C.,Peters,,,4,2015-01-06,2021-01-03,MI,2,Democrat,,D,,,junior,legislators-current.json,MI_CLASS_2
P000595,S380,412305,H8MI09068|S4MI00355,Gary C. Peters,Gary,C.,Peters,,,5,2021-01-03,2027-01-03,MI,2,Democrat,,D,,,senior,legislators-current.json,MI_CLASS_2
R000198,,409174,,Henry Mower Rice,Henry,Mower,Rice,,,3,1858-01-01,1863-03-03,MN,1,Democrat,,D,,,,legislators-historical.json,MN_CLASS_1
R000026,,409007,,Alexander Ramsey,Alexander,,Ramsey,,,3,1863-12-07,1869-03-03,MN,1,Republican,,R,,,,legislators-historical.json,MN_CLASS_1
R000026,,409007,,Alexander Ramsey,Alexander,,Ramsey,,,4,1869-03-04,1875-03-03,MN,1,Republican,,R,,,,legislators-historical.json,MN_CLASS_1
M000570,,407561,,Samuel James Renwick McMillan,Samuel,James Renwick,McMillan,,,1,1875-12-06,1881-03-03,MN,1,Republican,,R,,,,legislators-historical.json,MN_CLASS_1
M000570,,407561,,Samuel James Renwick McMillan,Samuel,James Renwick,McMillan,,,2,1881-12-05,1887-03-03,MN,1,Republican,,R,,,,legislators-historical.json,MN_CLASS_1
D000095,,403232,,Cushman Kellogg Davis,Cushman,Kellogg,Davis,,,1,1887-12-05,1893-03-03,MN,1,Republican,,R,,,,legislators-historical.json,MN_CLASS_1
D000095,,403232,,Cushman Kellogg Davis,Cushman,Kellogg,Davis,,,2,1893-08-07,1899-03-03,MN,1,Republican,,R,,,,legislators-historical.json,MN_CLASS_1
D000095,,403232,,Cushman Kellogg Davis,Cushman,Kellogg,Davis,,,3,1899-12-04,1900-11-27,MN,1,Republican,,R,,,,legislators-historical.json,MN_CLASS_1
T000324,,410896,,Charles Arnette Towne,Charles,Arnette,Towne,,,2,1900-12-05,1901-01-28,MN,1,Democrat,,D,,,,legislators-historical.json,MN_CLASS_1
C000414,,402553,,Moses Edwin Clapp,Moses,Edwin,Clapp,,,1,1901-12-02,1905-03-03,MN,1,Republican,,R,,,,legislators-historical.json,MN_CLASS_1
C000414,,402553,,Moses Edwin Clapp,Moses,Edwin,Clapp,,,2,1905-12-04,1911-03-03,MN,1,Republican,,R,,,,legislators-historical.json,MN_CLASS_1
C000414,,402553,,Moses Edwin Clapp,Moses,Edwin,Clapp,,,3,1911-04-04,1917-03-03,MN,1,Republican,,R,,,,legislators-historical.json,MN_CLASS_1
K000065,,406235,,Frank Billings Kellogg,Frank,Billings,Kellogg,,,1,1917-04-02,1923-03-03,MN,1,Republican,,R,,,,legislators-historical.json,MN_CLASS_1
S000369,,409863,,Henrik Shipstead,Henrik,,Shipstead,,,1,1923-12-03,1929-03-03,MN,1,Farmer-Labor,,Other,,,,legislators-historical.json,MN_CLASS_1
S000369,,409863,,Henrik Shipstead,Henrik,,Shipstead,,,2,1929-04-15,1935-01-03,MN,1,Farmer-Labor,,Other,,,,legislators-historical.json,MN_CLASS_1
S000369,,409863,,Henrik Shipstead,Henrik,,Shipstead,,,3,1935-01-03,1941-01-03,MN,1,Republican,,R,,,,legislators-historical.json,MN_CLASS_1
S000369,,409863,,Henrik Shipstead,Henrik,,Shipstead,,,4,1941-01-03,1947-01-03,MN,1,Republican,,R,,,,legislators-historical.json,MN_CLASS_1
T000259,,410834,,Edward John Thye,Edward,John,Thye,,,1,1947-01-03,1953-01-03,MN,1,Republican,,R,,,,legislators-historical.json,MN_CLASS_1
T000259,,410834,,Edward John Thye,Edward,John,Thye,,,2,1953-01-03,1959-01-03,MN,1,Republican,,R,,,,legislators-historical.json,MN_CLASS_1
M000311,,407324,,Eugene Joseph McCarthy,Eugene,Joseph,McCarthy,,,6,1959-01-07,1965-01-03,MN,1,Democrat,,D,,,,legislators-historical.json,MN_CLASS_1
M000311,,407324,,Eugene Joseph McCarthy,Eugene,Joseph,McCarthy,,,7,1965-01-04,1971-01-03,MN,1,Democrat,,D,,,,legislators-historical.json,MN_CLASS_1
H000953,,405797,,Hubert Horatio Humphrey Jr.,Hubert,Horatio,Humphrey,Jr.,,4,1971-01-21,1977-01-03,MN,1,Democrat,,D,,,,legislators-historical.json,MN_CLASS_1
H000953,,405797,,Hubert Horatio Humphrey Jr.,Hubert,Horatio,Humphrey,Jr.,,5,1977-01-04,1978-01-13,MN,1,Democrat,,D,,,,legislators-historical.json,MN_CLASS_1
H000956,,405800,,Muriel Buck Humphrey,Muriel,Buck,Humphrey,,,1,1978-01-25,1978-11-07,MN,1,Democrat,,D,appointment,,,legislators-historical.json,MN_CLASS_1
D000566,S133,403669,,David Ferdinand Durenberger,David,Ferdinand,Durenberger,,,1,1978-11-08,1983-01-03,MN,1,Republican,,R,,,,legislators-historical.json,MN_CLASS_1
D000566,S133,403669,,David Ferdinand Durenberger,David,Ferdinand,Durenberger,,,2,1983-01-03,1989-01-03,MN,1,Republican,,R,,,,legislators-historical.json,MN_CLASS_1
D000566,S133,403669,,David Ferdinand Durenberger,David,Ferdinand,Durenberger,,,3,1989-01-03,1995-01-03,MN,1,Republican,,R,,,,legislators-historical.json,MN_CLASS_1
G000367,S242,400560,H2MN06081|H6MN08112|S4MN00213,Rod Grams,Rod,,Grams,,,2,1995-01-04,2001-01-03,MN,1,Republican,,R,,,,legislators-historical.json,MN_CLASS_1
D000596,S280,300032,,Mark Dayton,Mark,,Dayton,,,1,2001-01-03,2007-01-03,MN,1,Democrat,,D,,,,legislators-historical.json,MN_CLASS_1
K000367,S311,412242,S6MN00267,Amy Klobuchar,Amy,Jean,Klobuchar,,,1,2007-01-04,2013-01-03,MN,1,Democrat,,D,,,,legislators-current.json,MN_CLASS_1
K000367,S311,412242,S6MN00267,Amy Klobuchar,Amy,Jean,Klobuchar,,,2,2013-01-03,2019-01-03,MN,1,Democrat,,D,,,senior,legislators-current.json,MN_CLASS_1
K000367,S311,412242,S6MN00267,Amy Klobuchar,Amy,Jean,Klobuchar,,,3,2019-01-03,2025-01-03,MN,1,Democrat,,D,,,senior,legislators-current.json,MN_CLASS_1
K000367,S311,412242,S6MN00267,Amy Klobuchar,Amy,Jean,Klobuchar,,,4,2025-01-03,2031-01-03,MN,1,Democrat,,D,,,senior,legislators-current.json,MN_CLASS_1
S000362,,412130,,James Shields,James,,Shields,,,2,1858-01-01,1859-03-03,MN,2,Democrat,,D,,,,legislators-historical.json,MN_CLASS_2
W000476,,411633,,Morton Smith Wilkinson,Morton,Smith,Wilkinson,,,1,1859-12-05,1865-03-03,MN,2,Republican,,R,,,,legislators-historical.json,MN_CLASS_2
N000145,,408228,,Daniel Sheldon Norton,Daniel,Sheldon,Norton,,,1,1865-12-04,1871-03-03,MN,2,Democrat,,D,,,,legislators-historical.json,MN_CLASS_2
W000629,,411783,,William Windom,William,,Windom,,,6,1870-07-15,1871-01-22,MN,2,Republican,,R,,,,legislators-historical.json,MN_CLASS_2
S000824,,410288,,Ozora Pierson Stearns,Ozora,Pierson,Stearns,,,1,1871-03-04,1871-12-31,MN,2,Republican,,R,,,,legislators-historical.json,MN_CLASS_2
W000629,,411783,,William Windom,William,,Windom,,,7,1871-03-04,1877-03-03,MN,2,Republican,,R,,,,legislators-historical.json,MN_CLASS_2
W000629,,411783,,William Windom,William,,Windom,,,8,1877-03-05,1881-03-07,MN,2,Republican,,R,,,,legislators-historical.json,MN_CLASS_2
W000629,,411783,,William Windom,William,,Windom,,,9,1881-11-15,1883-03-03,MN,2,Republican,,R,,,,legislators-historical.json,MN_CLASS_2
E000046,,403741,,Alonzo Jay Edgerton,Alonzo,Jay,Edgerton,,,1,1881-12-05,1881-12-31,MN,2,Republican,,R,,,,legislators-historical.json,MN_CLASS_2
S000003,,409524,,Dwight May Sabin,Dwight,May,Sabin,,,1,1883-12-03,1889-03-03,MN,2,Republican,,R,,,,legislators-historical.json,MN_CLASS_2
W000175,,411348,,William Drew Washburn,William,Drew,Washburn,,,4,1889-12-02,1895-03-03,MN,2,Republican,,R,,,,legislators-historical.json,MN_CLASS_2
N000040,,408130,,Knute Nelson,Knute,,Nelson,,,4,1895-12-02,1901-03-03,MN,2,Republican,,R,,,,legislators-historical.json,MN_CLASS_2
N000040,,408130,,Knute Nelson,Knute,,Nelson,,,5,1901-12-02,1907-03-03,MN,2,Republican,,R,,,,legislators-historical.json,MN_CLASS_2
N000040,,408130,,Knute Nelson,Knute,,Nelson,,,6,1907-12-02,1913-03-03,MN,2,Republican,,R,,,,legislators-historical.json,MN_CLASS_2
N000040,,408130,,Knute Nelson,Knute,,Nelson,,,7,1913-04-07,1919-03-03,MN,2,Republican,,R,,,,legislators-historical.json,MN_CLASS_2
N000040,,408130,,Knute Nelson,Knute,,Nelson,,,8,1919-05-19,1923-04-28,MN,2,Republican,,R,,,,legislators-historical.json,MN_CLASS_2
J000161,,406059,,Magnus Johnson,Magnus,,Johnson,,,1,1923-12-03,1925-03-03,MN,2,Farmer-Labor,,Other,,,,legislators-historical.json,MN_CLASS_2
S000113,,409621,,Thomas David Schall,Thomas,David,Schall,,,6,1925-12-07,1931-03-03,MN,2,Republican,,R,,,,legislators-historical.json,MN_CLASS_2
S000113,,409621,,Thomas David Schall,Thomas,David,Schall,,,7,1931-12-07,1935-12-22,MN,2,Republican,,R,,,,legislators-historical.json,MN_CLASS_2
B000389,,401380,,Elmer Austin Benson,Elmer,Austin,Benson,,,1,1935-12-27,1936-11-03,MN,2,Farmer-Labor,,Other,appointment,,,legislators-historical.json,MN_CLASS_2
H000838,,405685,,Guy Victor Howard,Guy,Victor,Howard,,,1,1936-11-04,1937-01-03,MN,2,Republican,,R,,,,legislators-historical.json,MN_CLASS_2
L000514,,407000,,Ernest Lundeen,Ernest,,Lundeen,,,4,1937-01-05,1940-08-31,MN,2,Farmer-Labor,,Other,,,,legislators-historical.json,MN_CLASS_2
B000099,,401101,,Joseph Hurst Ball,Joseph,Hurst,Ball,,,1,1940-10-14,1942-11-17,MN,2,Republican,,R,appointment,,,legislators-historical.json,MN_CLASS_2
N000030,,408121,,Arthur Emanuel Nelson,Arthur,Emanuel,Nelson,,,1,1942-11-18,1943-01-03,MN,2,Republican,,R,,,,legislators-historical.json,MN_CLASS_2
B000099,,401101,,Joseph Hurst Ball,Joseph,Hurst,Ball,,,2,1943-01-06,1949-01-03,MN,2,Republican,,R,,,,legislators-historical.json,MN_CLASS_2
H000953,,405797,,Hubert Horatio Humphrey Jr.,Hubert,Horatio,Humphrey,Jr.,,1,1949-01-03,1955-01-03,MN,2,Democrat,,D,,,,legislators-historical.json,MN_CLASS_2
H000953,,405797,,Hubert Horatio Humphrey Jr.,Hubert,Horatio,Humphrey,Jr.,,2,1955-01-05,1961-01-03,MN,2,Democrat,,D,,,,legislators-historical.json,MN_CLASS_2
H000953,,405797,,Hubert Horatio Humphrey Jr.,Hubert,Horatio,Humphrey,Jr.,,3,1961-01-03,1964-12-29,MN,2,Democrat,,D,,,,legislators-historical.json,MN_CLASS_2
M000851,,407824,,Walter Frederick Mondale,Walter,Frederick,Mondale,,,1,1964-12-30,1967-01-03,MN,2,Democrat,,D,appointment,,,legislators-historical.json,MN_CLASS_2
M000851,,407824,,Walter Frederick Mondale,Walter,Frederick,Mondale,,,2,1967-01-10,1973-01-03,MN,2,Democrat,,D,,,,legislators-historical.json,MN_CLASS_2
M000851,,407824,,Walter Frederick Mondale,Walter,Frederick,Mondale,,,3,1973-01-03,1976-12-30,MN,2,Democrat,,D,,,,legislators-historical.json,MN_CLASS_2
A000202,,400862,,Wendell Richard Anderson,Wendell,Richard,Anderson,,,1,1976-12-30,1978-12-29,MN,2,Democrat,,D,appointment,,,legislators-historical.json,MN_CLASS_2
B000647,S135,401611,,Rudolph Eli Rudy Boschwitz,Rudolph,Eli,Boschwitz,,Rudy,1,1978-12-30,1979-01-03,MN,2,Republican,,R,,,,legislators-historical.json,MN_CLASS_2
B000647,S135,401611,,Rudolph Eli Rudy Boschwitz,Rudolph,Eli,Boschwitz,,Rudy,2,1979-01-15,1985-01-03,MN,2,Republican,,R,,,,legislators-historical.json,MN_CLASS_2
B000647,S135,401611,,Rudolph Eli Rudy Boschwitz,Rudolph,Eli,Boschwitz,,Rudy,3,1985-01-03,1991-01-03,MN,2,Republican,,R,,,,legislators-historical.json,MN_CLASS_2
W000288,S217,400566,S0MN00013,Paul David Wellstone,Paul,David,Wellstone,,,1,1991-01-03,1997-01-03,MN,2,Democrat,,D,,,,legislators-historical.json,MN_CLASS_2
W000288,S217,400566,S0MN00013,Paul David Wellstone,Paul,David,Wellstone,,,2,1997-01-07,2002-10-25,MN,2,Democrat,,D,,,,legislators-historical.json,MN_CLASS_2
B001237,S285,401147,,Dean Barkley,Dean,,Barkley,,,1,2002-11-05,2003-01-03,MN,2,Independent,,I,appointment,,,legislators-historical.json,MN_CLASS_2
C001057,S291,300024,S2MN00126,Norm Coleman,Norm,,Coleman,,,1,2003-01-07,2009-01-03,MN,2,Republican,,R,,,,legislators-historical.json,MN_CLASS_2
F000457,S332,412378,S8MN00438,Al Franken,Alan,Stuart,Franken,,Al,1,2009-07-07,2015-01-03,MN,2,Democrat,,D,,,junior,legislators-historical.json,MN_CLASS_2
F000457,S332,412378,S8MN00438,Al Franken,Alan,Stuart,Franken,,Al,2,2015-01-06,2018-01-02,MN,2,Democrat,,D,,,junior,legislators-historical.json,MN_CLASS_2
S001203,S394,412742,S8MN00578,Tina Smith,Tina,Flint,Smith,,,1,2018-01-03,2018-11-06,MN,2,Democrat,,D,appointment,special-election,junior,legislators-current.json,MN_CLASS_2
S001203,S394,412742,S8MN00578,Tina Smith,Tina,Flint,Smith,,,2,2018-11-07,2021-01-03,MN,2,Democrat,,D,,,junior,legislators-current.json,MN_CLASS_2
S001203,S394,412742,S8MN00578,Tina Smith,Tina,Flint,Smith,,,3,2021-01-03,2027-01-03,MN,2,Democrat,,D,,,junior,legislators-current.json,MN_CLASS_2
B000398,,401389,,Thomas Hart Benton,Thomas,Hart,Benton,,,1,1821-12-03,1827-03-03,MO,1,Jackson,,Other,,,,legislators-historical.json,MO_CLASS_1
B000398,,401389,,Thomas Hart Benton,Thomas,Hart,Benton,,,2,1827-12-03,1833-03-03,MO,1,Jackson,,Other,,,,legislators-historical.json,MO_CLASS_1
B000398,,401389,,Thomas Hart Benton,Thomas,Hart,Benton,,,3,1833-12-02,1839-03-03,MO,1,Democrat,,D,,,,legislators-historical.json,MO_CLASS_1
B000398,,401389,,Thomas Hart Benton,Thomas,Hart,Benton,,,4,1839-12-02,1845-03-03,MO,1,Democrat,,D,,,,legislators-historical.json,MO_CLASS_1
B000398,,401389,,Thomas Hart Benton,Thomas,Hart,Benton,,,5,1845-12-01,1851-03-03,MO,1,Democrat,,D,,,,legislators-historical.json,MO_CLASS_1
G000146,,404515,,Henry Sheffie Geyer,Henry,Sheffie,Geyer,,,1,1851-12-01,1857-03-03,MO,1,Ind. Republican-Democrat,,Other,,,,legislators-historical.json,MO_CLASS_1
P000411,,408804,,Trusten Polk,Trusten,,Polk,,,1,1857-12-07,1863-03-03,MO,1,Democrat,,D,,,,legislators-historical.json,MO_CLASS_1
H000483,,405346,,John Brooks Henderson,John,Brooks,Henderson,,,1,1862-01-17,1863-03-03,MO,1,Republican,,R,,,,legislators-historical.json,MO_CLASS_1
H000483,,405346,,John Brooks Henderson,John,Brooks,Henderson,,,2,1863-03-04,1869-03-03,MO,1,Republican,,R,,,,legislators-historical.json,MO_CLASS_1
S000151,,409658,,Carl Schurz,Carl,,Schurz,,,1,1869-03-04,1875-03-03,MO,1,Liberal Republican,,Other,,,,legislators-historical.json,MO_CLASS_1
C000576,,402705,,Francis Marion Cockrell,Francis,Marion,Cockrell,,,1,1875-12-06,1881-03-03,MO,1,Democrat,,D,,,,legislators-historical.json,MO_CLASS_1
C000576,,402705,,Francis Marion Cockrell,Francis,Marion,Cockrell,,,2,1881-12-05,1887-03-03,MO,1,Democrat,,D,,,,legislators-historical.json,MO_CLASS_1
C000576,,402705,,Francis Marion Cockrell,Francis,Marion,Cockrell,,,3,1887-12-05,1893-03-03,MO,1,Democrat,,D,,,,legislators-historical.json,MO_CLASS_1
C000576,,402705,,Francis Marion Cockrell,Francis,Marion,Cockrell,,,4,1893-08-07,1899-03-03,MO,1,Democrat,,D,,,,legislators-historical.json,MO_CLASS_1
C000576,,402705,,Francis Marion Cockrell,Francis,Marion,Cockrell,,,5,1899-12-04,1905-03-03,MO,1,Democrat,,D,,,,legislators-historical.json,MO_CLASS_1
W000160,,411333,,William Warner,William,,Warner,,,3,1905-12-04,1911-03-03,MO,1,Republican,,R,,,,legislators-historical.json,MO_CLASS_1
R000118,,409098,,James Alexander Reed,James,Alexander,Reed,,,1,1911-04-04,1917-03-03,MO,1,Democrat,,D,,,,legislators-historical.json,MO_CLASS_1
R000118,,409098,,James Alexander Reed,James,Alexander,Reed,,,2,1917-04-02,1923-03-03,MO,1,Democrat,,D,,,,legislators-historical.json,MO_CLASS_1
R000118,,409098,,James Alexander Reed,James,Alexander,Reed,,,3,1923-12-03,1929-03-03,MO,1,Democrat,,D,,,,legislators-historical.json,MO_CLASS_1
P000127,,408535,,Roscoe Conkling Patterson,Roscoe,Conkling,Patterson,,,2,1929-04-15,1935-01-03,MO,1,Republican,,R,,,,legislators-historical.json,MO_CLASS_1
T000387,,410956,,Harry S. Truman,Harry,S.,Truman,,,1,1935-01-03,1941-01-03,MO,1,Democrat,,D,,,,legislators-historical.json,MO_CLASS_1
T000387,,410956,,Harry S. Truman,Harry,S.,Truman,,,2,1941-01-03,1945-01-18,MO,1,Democrat,,D,,,,legislators-historical.json,MO_CLASS_1
B000828,,401785,,Frank Parks Briggs,Frank,Parks,Briggs,,,1,1945-01-18,1947-01-03,MO,1,Democrat,,D,appointment,,,legislators-historical.json,MO_CLASS_1
K000082,,406251,,James Preston Kem,James,Preston,Kem,,,1,1947-01-03,1953-01-03,MO,1,Republican,,R,,,,legislators-historical.json,MO_CLASS_1
S001136,,410586,,William Stuart Stuart Symington,William,Stuart,Symington,,Stuart,1,1953-01-03,1959-01-03,MO,1,Democrat,,D,,,,legislators-historical.json,MO_CLASS_1
S001136,,410586,,William Stuart Stuart Symington,William,Stuart,Symington,,Stuart,2,1959-01-07,1965-01-03,MO,1,Democrat,,D,,,,legislators-historical.json,MO_CLASS_1
S001136,,410586,,William Stuart Stuart Symington,William,Stuart,Symington,,Stuart,3,1965-01-04,1971-01-03,MO,1,Democrat,,D,,,,legislators-historical.json,MO_CLASS_1
S001136,,410586,,William Stuart Stuart Symington,William,Stuart,Symington,,Stuart,4,1971-01-21,1976-12-27,MO,1,Democrat,,D,,,,legislators-historical.json,MO_CLASS_1
D000030,S108,403171,,John Claggett Danforth,John,Claggett,Danforth,,,1,1976-12-27,1977-01-03,MO,1,Republican,,R,,,,legislators-historical.json,MO_CLASS_1
D000030,S108,403171,,John Claggett Danforth,John,Claggett,Danforth,,,2,1977-01-04,1983-01-03,MO,1,Republican,,R,,,,legislators-historical.json,MO_CLASS_1
D000030,S108,403171,,John Claggett Danforth,John,Claggett,Danforth,,,3,1983-01-03,1989-01-03,MO,1,Republican,,R,,,,legislators-historical.json,MO_CLASS_1
D000030,S108,403171,,John Claggett Danforth,John,Claggett,Danforth,,,4,1989-01-03,1995-01-03,MO,1,Republican,,R,,,,legislators-historical.json,MO_CLASS_1
A000356,S239,400556,S4MO00037,John Ashcroft,John,,Ashcroft,,,1,1995-01-04,2001-01-03,MO,1,Republican,,R,,,,legislators-historical.json,MO_CLASS_1
C001043,S276,300153,,Jean Carnahan,Jean,,Carnahan,,,1,2001-01-03,2002-11-23,MO,1,Democrat,,D,appointment,,,legislators-historical.json,MO_CLASS_1
T000024,S286,300096,H2MO02037|S2MO00353,James M. Jim Talent,James,M.,Talent,,Jim,5,2002-11-25,2007-01-03,MO,1,Republican,,R,,,,legislators-historical.json,MO_CLASS_1
M001170,S312,412243,S6MO00305|P80005721,Claire McCaskill,Claire,,McCaskill,,,1,2007-01-04,2013-01-03,MO,1,Democrat,,D,,,,legislators-historical.json,MO_CLASS_1
M001170,S312,412243,S6MO00305|P80005721,Claire McCaskill,Claire,,McCaskill,,,2,2013-01-03,2019-01-03,MO,1,Democrat,,D,,,senior,legislators-historical.json,MO_CLASS_1
H001089,S399,412840,S8MO00160,Josh Hawley,Joshua,,Hawley,,Josh,1,2019-01-03,2025-01-03,MO,1,Republican,,R,,,senior,legislators-current.json,MO_CLASS_1
H001089,S399,412840,S8MO00160,Josh Hawley,Joshua,,Hawley,,Josh,2,2025-01-03,2031-01-03,MO,1,Republican,,R,,,senior,legislators-current.json,MO_CLASS_1
B000212,,401210,,David Barton,David,,Barton,,,1,1821-12-03,1825-03-03,MO,3,Republican,,R,,,,legislators-historical.json,MO_CLASS_3
B000212,,401210,,David Barton,David,,Barton,,,2,1825-12-05,1831-03-03,MO,3,Adams,,Other,,,,legislators-historical.json,MO_CLASS_3
B001030,,401980,,Alexander Buckner,Alexander,,Buckner,,,1,1831-12-05,1833-12-31,MO,3,Jackson,,Other,,,,legislators-historical.json,MO_CLASS_3
L000338,,406831,,Lewis Fields Linn,Lewis,Fields,Linn,,,1,1833-12-02,1837-03-03,MO,3,Jackson,,Other,,,,legislators-historical.json,MO_CLASS_3
L000338,,406831,,Lewis Fields Linn,Lewis,Fields,Linn,,,2,1837-09-04,1843-03-03,MO,3,Democrat,,D,,,,legislators-historical.json,MO_CLASS_3
A000322,,400970,,David Rice Atchison,David,Rice,Atchison,,,1,1843-12-04,1849-03-03,MO,3,Democrat,,D,,,,legislators-historical.json,MO_CLASS_3
A000322,,400970,,David Rice Atchison,David,Rice,Atchison,,,2,1849-12-03,1855-03-03,MO,3,Democrat,,D,,,,legislators-historical.json,MO_CLASS_3
G000414,,404762,,James Stephen Green,James,Stephen,Green,,,3,1857-12-07,1861-03-03,MO,3,Democrat,,D,,,,legislators-historical.json,MO_CLASS_3
J000179,,406074,,Waldo Porter Johnson,Waldo,Porter,Johnson,,,1,1861-07-04,1863-03-03,MO,3,Democrat,,D,,,,legislators-historical.json,MO_CLASS_3
W000609,,411764,,Robert Wilson,Robert,,Wilson,,,1,1862-01-01,1863-12-31,MO,3,Unionist,,Other,,,,legislators-historical.json,MO_CLASS_3
B000905,,401862,,Benjamin Gratz Brown,Benjamin,Gratz,Brown,,,1,1863-12-07,1867-03-03,MO,3,Republican,,R,,,,legislators-historical.json,MO_CLASS_3
D000484,,403592,,Charles Daniel Drake,Charles,Daniel,Drake,,,1,1867-03-04,1871-03-03,MO,3,Republican,,R,,,,legislators-historical.json,MO_CLASS_3
J000103,,406005,,Daniel Tarbox Jewett,Daniel,Tarbox,Jewett,,,1,1870-01-01,1871-12-31,MO,3,Republican,,R,,,,legislators-historical.json,MO_CLASS_3
B000523,,401499,,Francis Preston Blair Jr.,Francis,Preston,Blair,Jr.,,5,1871-03-04,1873-03-03,MO,3,Democrat,,D,,,,legislators-historical.json,MO_CLASS_3
B000595,,401563,,Lewis Vital Bogy,Lewis,Vital,Bogy,,,1,1873-12-01,1877-12-31,MO,3,Democrat,,D,,,,legislators-historical.json,MO_CLASS_3
A000279,,400919,,David Hartley Armstrong,David,Hartley,Armstrong,,,1,1877-10-15,1879-03-03,MO,3,Democrat,,D,,,,legislators-historical.json,MO_CLASS_3
S000362,,412130,,James Shields,James,,Shields,,,3,1879-01-27,1879-03-03,MO,3,Democrat,,D,,,,legislators-historical.json,MO_CLASS_3
V000091,,411146,,George Graham Vest,George,Graham,Vest,,,1,1879-03-18,1885-03-03,MO,3,Democrat,,D,,,,legislators-historical.json,MO_CLASS_3
V000091,,411146,,George Graham Vest,George,Graham,Vest,,,2,1885-12-07,1891-03-03,MO,3,Democrat,,D,,,,legislators-historical.json,MO_CLASS_3
V000091,,411146,,George Graham Vest,George,Graham,Vest,,,3,1891-12-07,1897-03-03,MO,3,Democrat,,D,,,,legislators-historical.json,MO_CLASS_3
V000091,,411146,,George Graham Vest,George,Graham,Vest,,,4,1897-03-15,1903-03-03,MO,3,Democrat,,D,,,,legislators-historical.json,MO_CLASS_3
S000968,,410427,,William Joel Stone,William,Joel,Stone,,,4,1903-11-09,1909-03-03,MO,3,Democrat,,D,,,,legislators-historical.json,MO_CLASS_3
S000968,,410427,,William Joel Stone,William,Joel,Stone,,,5,1909-03-15,1915-03-03,MO,3,Democrat,,D,,,,legislators-historical.json,MO_CLASS_3
S000968,,410427,,William Joel Stone,William,Joel,Stone,,,6,1915-12-06,1918-04-14,MO,3,Democrat,,D,,,,legislators-historical.json,MO_CLASS_3
W000471,,411628,,Xenophon Pierce Wilfley,Xenophon,Pierce,Wilfley,,,1,1918-04-30,1918-11-05,MO,3,Democrat,,D,appointment,,,legislators-historical.json,MO_CLASS_3
S000730,,410199,,Selden Palmer Spencer,Selden,Palmer,Spencer,,,1,1918-11-06,1921-03-03,MO,3,Republican,,R,,,,legislators-historical.json,MO_CLASS_3
S000730,,410199,,Selden Palmer Spencer,Selden,Palmer,Spencer,,,2,1921-04-11,1925-05-16,MO,3,Republican,,R,,,,legislators-historical.json,MO_CLASS_3
W000499,,411656,,George Howard Williams,George,Howard,Williams,,,1,1925-12-07,1926-12-05,MO,3,Republican,,R,appointment,,,legislators-historical.json,MO_CLASS_3
H000362,,405231,,Harry Bartow Hawes,Harry,Bartow,Hawes,,,4,1926-12-06,1927-03-04,MO,3,Democrat,,D,,,,legislators-historical.json,MO_CLASS_3
H000362,,405231,,Harry Bartow Hawes,Harry,Bartow,Hawes,,,5,1927-12-05,1933-02-03,MO,3,Democrat,,D,,,,legislators-historical.json,MO_CLASS_3
C000440,,402578,,Joel Bennett Clark,Joel,Bennett,Clark,,,1,1933-03-09,1939-01-03,MO,3,Democrat,,D,,,,legislators-historical.json,MO_CLASS_3
C000440,,402578,,Joel Bennett Clark,Joel,Bennett,Clark,,,2,1939-01-03,1945-01-03,MO,3,Democrat,,D,,,,legislators-historical.json,MO_CLASS_3
D000414,,403527,,Forrest C. Donnell,Forrest,C.,Donnell,,,1,1945-01-03,1951-01-03,MO,3,Republican,,R,,,,legislators-historical.json,MO_CLASS_3
H000502,,405365,,Thomas Carey Hennings Jr.,Thomas,Carey,Hennings,Jr.,,4,1951-01-03,1957-01-03,MO,3,Democrat,,D,,,,legislators-historical.json,MO_CLASS_3
H000502,,405365,,Thomas Carey Hennings Jr.,Thomas,Carey,Hennings,Jr.,,5,1957-01-03,1960-09-13,MO,3,Democrat,,D,,,,legislators-historical.json,MO_CLASS_3
L000415,,406906,,Edward Vaughn Long,Edward,Vaughn,Long,,,1,1960-09-23,1963-01-03,MO,3,Democrat,,D,appointment,,,legislators-historical.json,MO_CLASS_3
L000415,,406906,,Edward Vaughn Long,Edward,Vaughn,Long,,,2,1963-01-09,1968-12-27,MO,3,Democrat,,D,,,,legislators-historical.json,MO_CLASS_3
E000004,,403700,,Thomas Francis Eagleton,Thomas,Francis,Eagleton,,,1,1968-12-28,1969-01-03,MO,3,Democrat,,D,,,,legislators-historical.json,MO_CLASS_3
E000004,,403700,,Thomas Francis Eagleton,Thomas,Francis,Eagleton,,,2,1969-01-03,1975-01-03,MO,3,Democrat,,D,,,,legislators-historical.json,MO_CLASS_3
E000004,,403700,,Thomas Francis Eagleton,Thomas,Francis,Eagleton,,,3,1975-01-14,1981-01-03,MO,3,Democrat,,D,,,,legislators-historical.json,MO_CLASS_3
E000004,,403700,,Thomas Francis Eagleton,Thomas,Francis,Eagleton,,,4,1981-01-05,1987-01-03,MO,3,Democrat,,D,,,,legislators-historical.json,MO_CLASS_3
B000611,S200,300010,S6MO00289,Christopher S. Kit Bond,Christopher,S.,Bond,,Kit,1,1987-01-06,1993-01-03,MO,3,Republican,,R,,,,legislators-historical.json,MO_CLASS_3
B000611,S200,300010,S6MO00289,Christopher S. Kit Bond,Christopher,S.,Bond,,Kit,2,1993-01-05,1999-01-03,MO,3,Republican,,R,,,,legislators-historical.json,MO_CLASS_3
B000611,S200,300010,S6MO00289,Christopher S. Kit Bond,Christopher,S.,Bond,,Kit,3,1999-01-06,2005-01-03,MO,3,Republican,,R,,,,legislators-historical.json,MO_CLASS_3
B000611,S200,300010,S6MO00289,Christopher S. Kit Bond,Christopher,S.,Bond,,Kit,4,2005-01-04,2011-01-03,MO,3,Republican,,R,,,,legislators-historical.json,MO_CLASS_3
B000575,S342,400034,H6MO07128|S0MO00183,Roy Blunt,Roy,,Blunt,,,8,2011-01-05,2017-01-03,MO,3,Republican,,R,,,junior,legislators-historical.json,MO_CLASS_3
B000575,S342,400034,H6MO07128|S0MO00183,Roy Blunt,Roy,,Blunt,,,9,2017-01-03,2023-01-03,MO,3,Republican,,R,,,senior,legislators-historical.json,MO_CLASS_3
S001227,S420,456875,S2MO00544,Eric Schmitt,Eric,Stephen,Schmitt,,,1,2023-01-03,2029-01-03,MO,3,Republican,,R,,,junior,legislators-current.json,MO_CLASS_3
L000177,,406679,,Walter Leake,Walter,,Leake,,,1,1817-12-01,1821-03-03,MS,1,Republican,,R,,,,legislators-historical.json,MS_CLASS_1
H000735,,405586,,David Holmes,David,,Holmes,,,7,1820-08-30,1821-03-03,MS,1,Republican,,R,,,,legislators-historical.json,MS_CLASS_1
H000735,,405586,,David Holmes,David,,Holmes,,,8,1821-03-06,1825-09-25,MS,1,Republican,,R,,,,legislators-historical.json,MS_CLASS_1
E000136,,403827,,Powhatan Ellis,Powhatan,,Ellis,,,1,1825-12-05,1827-03-03,MS,1,Jackson,,Other,,,,legislators-historical.json,MS_CLASS_1
R000129,,409108,,Thomas Buck Reed,Thomas,Buck,Reed,,,1,1826-01-01,1827-03-03,MS,1,Jackson,,Other,,,,legislators-historical.json,MS_CLASS_1
E000136,,403827,,Powhatan Ellis,Powhatan,,Ellis,,,2,1827-12-03,1833-03-03,MS,1,Jackson,,Other,,,,legislators-historical.json,MS_CLASS_1
B000503,,412016,,John Black,John,,Black,,,1,1832-11-12,1833-03-03,MS,1,Jackson,,Other,,,,legislators-historical.json,MS_CLASS_1
B000503,,412016,,John Black,John,,Black,,,2,1833-11-22,1838-01-22,MS,1,Whig,,Other,,,,legislators-historical.json,MS_CLASS_1
T000380,,410949,,James Fisher Trotter,James,Fisher,Trotter,,,1,1838-01-01,1839-03-03,MS,1,Democrat,,D,,,,legislators-historical.json,MS_CLASS_1
W000539,,411695,,Thomas Hickman Williams,Thomas,Hickman,Williams,,,1,1838-01-01,1839-03-03,MS,1,Democrat,,D,,,,legislators-historical.json,MS_CLASS_1
H000482,,405345,,John Henderson,John,,Henderson,,,1,1839-12-02,1845-03-03,MS,1,Whig,,Other,,,,legislators-historical.json,MS_CLASS_1
S000715,,410185,,Jesse Speight,Jesse,,Speight,,,5,1845-12-01,1847-12-31,MS,1,Democrat,,D,,,,legislators-historical.json,MS_CLASS_1
D000113,,403249,,Jefferson Davis,Jefferson,,Davis,,,2,1847-12-06,1851-03-03,MS,1,Democrat,,D,,,,legislators-historical.json,MS_CLASS_1
M000596,,407585,,John Jones McRae,John,Jones,McRae,,,1,1851-12-01,1853-03-03,MS,1,Democrat,,D,,,,legislators-historical.json,MS_CLASS_1
A000048,,400709,,Stephen Adams,Stephen,,Adams,,,2,1852-01-01,1857-03-03,MS,1,Democrat,,D,,,,legislators-historical.json,MS_CLASS_1
D000113,,403249,,Jefferson Davis,Jefferson,,Davis,,,3,1857-12-07,1861-12-31,MS,1,Democrat,,D,,,,legislators-historical.json,MS_CLASS_1
A000172,,400827,,Adelbert Ames,Adelbert,,Ames,,,1,1870-01-01,1875-03-03,MS,1,Republican,,R,,,,legislators-historical.json,MS_CLASS_1
P000172,,408576,,Henry Roberts Pease,Henry,Roberts,Pease,,,1,1874-01-01,1875-03-03,MS,1,Republican,,R,,,,legislators-historical.json,MS_CLASS_1
B000968,,401920,,Blanche Kelso Bruce,Blanche,Kelso,Bruce,,,1,1875-12-06,1881-03-03,MS,1,Republican,,R,,,,legislators-historical.json,MS_CLASS_1
G000127,,404497,,James Zachariah George,James,Zachariah,George,,,1,1881-12-05,1887-03-03,MS,1,Democrat,,D,,,,legislators-historical.json,MS_CLASS_1
G000127,,404497,,James Zachariah George,James,Zachariah,George,,,2,1887-12-05,1893-03-03,MS,1,Democrat,,D,,,,legislators-historical.json,MS_CLASS_1
G000127,,404497,,James Zachariah George,James,Zachariah,George,,,3,1893-08-07,1897-12-31,MS,1,Democrat,,D,,,,legislators-historical.json,MS_CLASS_1
M000854,,407827,,Hernando De Soto Money,Hernando,De Soto,Money,,,8,1897-03-15,1899-03-03,MS,1,Democrat,,D,,,,legislators-historical.json,MS_CLASS_1
M000854,,407827,,Hernando De Soto Money,Hernando,De Soto,Money,,,9,1899-12-04,1905-03-03,MS,1,Democrat,,D,,,,legislators-historical.json,MS_CLASS_1
M000854,,407827,,Hernando De Soto Money,Hernando,De Soto,Money,,,10,1905-12-04,1911-03-03,MS,1,Democrat,,D,,,,legislators-historical.json,MS_CLASS_1
W000521,,411678,,John Sharp Williams,John,Sharp,Williams,,,9,1911-04-04,1917-03-03,MS,1,Democrat,,D,,,,legislators-historical.json,MS_CLASS_1
W000521,,411678,,John Sharp Williams,John,Sharp,Williams,,,10,1917-04-02,1923-03-03,MS,1,Democrat,,D,,,,legislators-historical.json,MS_CLASS_1
S000857,,410320,,Hubert Durrett Stephens,Hubert,Durrett,Stephens,,,6,1923-12-03,1929-03-03,MS,1,Democrat,,D,,,,legislators-historical.json,MS_CLASS_1
S000857,,410320,,Hubert Durrett Stephens,Hubert,Durrett,Stephens,,,7,1929-04-15,1935-01-03,MS,1,Democrat,,D,,,,legislators-historical.json,MS_CLASS_1
B000460,,401445,,Theodore Gilmore Bilbo,Theodore,Gilmore,Bilbo,,,1,1935-01-03,1941-01-03,MS,1,Democrat,,D,,,,legislators-historical.json,MS_CLASS_1
B000460,,401445,,Theodore Gilmore Bilbo,Theodore,Gilmore,Bilbo,,,2,1941-01-03,1947-01-03,MS,1,Democrat,,D,,,,legislators-historical.json,MS_CLASS_1
S000852,,410315,,John Cornelius Stennis,John,Cornelius,Stennis,,,1,1947-01-03,1953-01-03,MS,1,Democrat,,D,,,,legislators-historical.json,MS_CLASS_1
S000852,,410315,,John Cornelius Stennis,John,Cornelius,Stennis,,,2,1953-01-03,1959-01-03,MS,1,Democrat,,D,,,,legislators-historical.json,MS_CLASS_1
S000852,,410315,,John Cornelius Stennis,John,Cornelius,Stennis,,,3,1959-01-07,1965-01-03,MS,1,Democrat,,D,,,,legislators-historical.json,MS_CLASS_1
S000852,,410315,,John Cornelius Stennis,John,Cornelius,Stennis,,,4,1965-01-04,1971-01-03,MS,1,Democrat,,D,,,,legislators-historical.json,MS_CLASS_1
S000852,,410315,,John Cornelius Stennis,John,Cornelius,Stennis,,,5,1971-01-21,1977-01-03,MS,1,Democrat,,D,,,,legislators-historical.json,MS_CLASS_1
S000852,,410315,,John Cornelius Stennis,John,Cornelius,Stennis,,,6,1977-01-04,1983-01-03,MS,1,Democrat,,D,,,,legislators-historical.json,MS_CLASS_1
S000852,,410315,,John Cornelius Stennis,John,Cornelius,Stennis,,,7,1983-01-03,1989-01-03,MS,1,Democrat,,D,,,,legislators-historical.json,MS_CLASS_1
L000447,S203,300069,S8MS00162,Trent Lott,Trent,,Lott,,,9,1989-01-03,1995-01-03,MS,1,Republican,,R,,,,legislators-historical.json,MS_CLASS_1
L000447,S203,300069,S8MS00162,Trent Lott,Trent,,Lott,,,10,1995-01-04,2001-01-03,MS,1,Republican,,R,,,,legislators-historical.json,MS_CLASS_1
L000447,S203,300069,S8MS00162,Trent Lott,Trent,,Lott,,,11,2001-01-03,2007-01-03,MS,1,Republican,,R,,,,legislators-historical.json,MS_CLASS_1
L000447,S203,300069,S8MS00162,Trent Lott,Trent,,Lott,,,12,2007-01-04,2007-12-18,MS,1,Republican,,R,,,,legislators-historical.json,MS_CLASS_1
W000437,S318,400432,H4MS01078|S8MS00196,Roger F. Wicker,Roger,F.,Wicker,,,8,2007-12-31,2013-01-03,MS,1,Republican,,R,appointment,,,legislators-current.json,MS_CLASS_1
W000437,S318,400432,H4MS01078|S8MS00196,Roger F. Wicker,Roger,F.,Wicker,,,9,2013-01-03,2019-01-03,MS,1,Republican,,R,,,senior,legislators-current.json,MS_CLASS_1
W000437,S318,400432,H4MS01078|S8MS00196,Roger F. Wicker,Roger,F.,Wicker,,,10,2019-01-03,2025-01-03,MS,1,Republican,,R,,,senior,legislators-current.json,MS_CLASS_1
W000437,S318,400432,H4MS01078|S8MS00196,Roger F. Wicker,Roger,F.,Wicker,,,11,2025-01-03,2031-01-03,MS,1,Republican,,R,,,senior,legislators-current.json,MS_CLASS_1
W000540,,411696,,Thomas Hill Williams,Thomas,Hill,Williams,,,1,1817-12-01,1823-03-03,MS,2,Republican,,R,,,,legislators-historical.json,MS_CLASS_2
W000540,,411696,,Thomas Hill Williams,Thomas,Hill,Williams,,,2,1823-12-01,1829-03-03,MS,2,Jackson,,Other,,,,legislators-historical.json,MS_CLASS_2
R000129,,409108,,Thomas Buck Reed,Thomas,Buck,Reed,,,2,1829-12-07,1829-12-31,MS,2,,,Other,,,,legislators-historical.json,MS_CLASS_2
P000402,,408795,,George Poindexter,George,,Poindexter,,,5,1830-01-01,1835-03-03,MS,2,Jackson,,Other,,,,legislators-historical.json,MS_CLASS_2
A000043,,400704,,Robert Huntington Adams,Robert,Huntington,Adams,,,1,1830-01-01,1831-03-03,MS,2,Jackson,,Other,,,,legislators-historical.json,MS_CLASS_2
W000067,,411246,,Robert John Walker,Robert,John,Walker,,,1,1835-12-07,1841-03-03,MS,2,Democrat,,D,,,,legislators-historical.json,MS_CLASS_2
W000067,,411246,,Robert John Walker,Robert,John,Walker,,,2,1841-05-31,1845-12-31,MS,2,Democrat,,D,,,,legislators-historical.json,MS_CLASS_2
C000273,,402416,,Joseph Williams Chalmers,Joseph,Williams,Chalmers,,,1,1845-12-01,1847-03-03,MS,2,Democrat,,D,,,,legislators-historical.json,MS_CLASS_2
F000251,,404204,,Henry Stuart Foote,Henry,Stuart,Foote,,,1,1847-12-06,1853-03-03,MS,2,Democrat,,D,,,,legislators-historical.json,MS_CLASS_2
B000872,,401829,,Walker Brooke,Walker,,Brooke,,,1,1852-01-01,1853-03-03,MS,2,Whig,,Other,,,,legislators-historical.json,MS_CLASS_2
B000900,,401857,,Albert Gallatin Brown,Albert,Gallatin,Brown,,,5,1854-01-01,1859-03-03,MS,2,Democrat,,D,,,,legislators-historical.json,MS_CLASS_2
B000900,,401857,,Albert Gallatin Brown,Albert,Gallatin,Brown,,,6,1859-12-05,1861-12-31,MS,2,Democrat,,D,,,,legislators-historical.json,MS_CLASS_2
R000166,,409143,,Hiram Rhodes Revels,Hiram,Rhodes,Revels,,,1,1870-01-01,1871-03-03,MS,2,Republican,,R,,,,legislators-historical.json,MS_CLASS_2
A000079,,400738,,James Lusk Alcorn,James,Lusk,Alcorn,,,1,1871-03-04,1877-03-03,MS,2,Republican,,R,,,,legislators-historical.json,MS_CLASS_2
L000030,,406540,,Lucius Quintus Cincinnatus Lamar,Lucius,Quintus Cincinnatus,Lamar,,,5,1877-10-15,1883-03-03,MS,2,Democrat,,D,,,,legislators-historical.json,MS_CLASS_2
L000030,,406540,,Lucius Quintus Cincinnatus Lamar,Lucius,Quintus Cincinnatus,Lamar,,,6,1883-12-03,1885-12-31,MS,2,Democrat,,D,,,,legislators-historical.json,MS_CLASS_2
W000111,,411289,,Edward Cary Walthall,Edward,Cary,Walthall,,,1,1885-12-07,1889-03-03,MS,2,Democrat,,D,,,,legislators-historical.json,MS_CLASS_2
W000111,,411289,,Edward Cary Walthall,Edward,Cary,Walthall,,,2,1889-12-02,1895-03-03,MS,2,Democrat,,D,,,,legislators-historical.json,MS_CLASS_2
M000542,,407534,,Anselm Joseph McLaurin,Anselm,Joseph,McLaurin,,,1,1894-01-01,1895-03-03,MS,2,Democrat,,D,,,,legislators-historical.json,MS_CLASS_2
W000111,,411289,,Edward Cary Walthall,Edward,Cary,Walthall,,,3,1895-12-02,1899-03-03,MS,2,Democrat,,D,,,,legislators-historical.json,MS_CLASS_2
S001062,,410516,,William Van Amberg Sullivan,William,Van Amberg,Sullivan,,,2,1898-05-31,1901-03-03,MS,2,Democrat,,D,,,,legislators-historical.json,MS_CLASS_2
M000542,,407534,,Anselm Joseph McLaurin,Anselm,Joseph,McLaurin,,,2,1901-12-02,1907-03-03,MS,2,Democrat,,D,,,,legislators-historical.json,MS_CLASS_2
M000542,,407534,,Anselm Joseph McLaurin,Anselm,Joseph,McLaurin,,,3,1907-12-02,1909-12-22,MS,2,Democrat,,D,,,,legislators-historical.json,MS_CLASS_2
G000312,,404670,,James Gordon,James,,Gordon,,,1,1909-12-27,1910-02-22,MS,2,Democrat,,D,,,,legislators-historical.json,MS_CLASS_2
P000223,,408626,,Le Roy Percy,Le,Roy,Percy,,,1,1910-02-23,1913-03-03,MS,2,Democrat,,D,,,,legislators-historical.json,MS_CLASS_2
V000070,,411128,,James Kimble Vardaman,James,Kimble,Vardaman,,,1,1913-04-07,1919-03-03,MS,2,Democrat,,D,,,,legislators-historical.json,MS_CLASS_2
H000265,,405142,,Byron Patton Pat Harrison,Byron,Patton,Harrison,,Pat,5,1919-05-19,1925-03-03,MS,2,Democrat,,D,,,,legislators-historical.json,MS_CLASS_2
H000265,,405142,,Byron Patton Pat Harrison,Byron,Patton,Harrison,,Pat,6,1925-12-07,1931-03-03,MS,2,Democrat,,D,,,,legislators-historical.json,MS_CLASS_2
H000265,,405142,,Byron Patton Pat Harrison,Byron,Patton,Harrison,,Pat,7,1931-12-07,1937-01-03,MS,2,Democrat,,D,,,,legislators-historical.json,MS_CLASS_2
H000265,,405142,,Byron Patton Pat Harrison,Byron,Patton,Harrison,,Pat,8,1937-01-05,1941-06-22,MS,2,Democrat,,D,,,,legislators-historical.json,MS_CLASS_2
E000018,,403714,,James Oliver Eastland,James,Oliver,Eastland,,,1,1941-06-30,1941-09-28,MS,2,Democrat,,D,appointment,,,legislators-historical.json,MS_CLASS_2
D000480,,403589,,Wall Doxey,Wall,,Doxey,,,7,1941-09-29,1943-01-02,MS,2,Democrat,,D,,,,legislators-historical.json,MS_CLASS_2
E000018,,403714,,James Oliver Eastland,James,Oliver,Eastland,,,2,1943-01-06,1949-01-03,MS,2,Democrat,,D,,,,legislators-historical.json,MS_CLASS_2
E000018,,403714,,James Oliver Eastland,James,Oliver,Eastland,,,3,1949-01-03,1955-01-03,MS,2,Democrat,,D,,,,legislators-historical.json,MS_CLASS_2
E000018,,403714,,James Oliver Eastland,James,Oliver,Eastland,,,4,1955-01-05,1961-01-03,MS,2,Democrat,,D,,,,legislators-historical.json,MS_CLASS_2
E000018,,403714,,James Oliver Eastland,James,Oliver,Eastland,,,5,1961-01-03,1967-01-03,MS,2,Democrat,,D,,,,legislators-historical.json,MS_CLASS_2
E000018,,403714,,James Oliver Eastland,James,Oliver,Eastland,,,6,1967-01-10,1973-01-03,MS,2,Democrat,,D,,,,legislators-historical.json,MS_CLASS_2
E000018,,403714,,James Oliver Eastland,James,Oliver,Eastland,,,7,1973-01-03,1979-01-03,MS,2,Democrat,,D,,,,legislators-historical.json,MS_CLASS_2
C000567,S136,300023,S8MS00055,Thad Cochran,Thad,,Cochran,,,4,1979-01-15,1985-01-03,MS,2,Republican,,R,,,,legislators-historical.json,MS_CLASS_2
C000567,S136,300023,S8MS00055,Thad Cochran,Thad,,Cochran,,,5,1985-01-03,1991-01-03,MS,2,Republican,,R,,,,legislators-historical.json,MS_CLASS_2
C000567,S136,300023,S8MS00055,Thad Cochran,Thad,,Cochran,,,6,1991-01-03,1997-01-03,MS,2,Republican,,R,,,,legislators-historical.json,MS_CLASS_2
C000567,S136,300023,S8MS00055,Thad Cochran,Thad,,Cochran,,,7,1997-01-07,2003-01-03,MS,2,Republican,,R,,,,legislators-historical.json,MS_CLASS_2
C000567,S136,300023,S8MS00055,Thad Cochran,Thad,,Cochran,,,8,2003-01-07,2009-01-03,MS,2,Republican,,R,,,,legislators-historical.json,MS_CLASS_2
C000567,S136,300023,S8MS00055,Thad Cochran,Thad,,Cochran,,,9,2009-01-06,2015-01-03,MS,2,Republican,,R,,,senior,legislators-historical.json,MS_CLASS_2
C000567,S136,300023,S8MS00055,Thad Cochran,Thad,,Cochran,,,10,2015-01-06,2018-04-01,MS,2,Republican,,R,,,senior,legislators-historical.json,MS_CLASS_2
H001079,S395,412743,S8MS00261,Cindy Hyde-Smith,Cindy,,Hyde-Smith,,,1,2018-04-09,2018-11-27,MS,2,Republican,,R,appointment,special-election,junior,legislators-current.json,MS_CLASS_2
H001079,S395,412743,S8MS00261,Cindy Hyde-Smith,Cindy,,Hyde-Smith,,,2,2018-11-28,2021-01-03,MS,2,Republican,,R,,,junior,legislators-current.json,MS_CLASS_2
H001079,S395,412743,S8MS00261,Cindy Hyde-Smith,Cindy,,Hyde-Smith,,,3,2021-01-03,2027-01-03,MS,2,Republican,,R,,,junior,legislators-current.json,MS_CLASS_2
S000039,,409556,,Wilbur Fiske Sanders,Wilbur,Fiske,Sanders,,,1,1890-01-01,1893-03-03,MT,1,Republican,,R,,,,legislators-historical.json,MT_CLASS_1
M000116,,407140,,Lee Mantle,Lee,,Mantle,,,1,1895-12-02,1899-03-03,MT,1,Silver Republican,,Other,,,,legislators-historical.json,MT_CLASS_1
C000454,,402592,,William Andrews Clark,William,Andrews,Clark,,,1,1899-12-04,1901-03-03,MT,1,Democrat,,D,,,,legislators-historical.json,MT_CLASS_1
G000164,,404531,,Paris Gibson,Paris,,Gibson,,,1,1901-12-02,1905-03-03,MT,1,Democrat,,D,,,,legislators-historical.json,MT_CLASS_1
C000200,,402346,,Thomas Henry Carter,Thomas,Henry,Carter,,,3,1905-12-04,1911-03-03,MT,1,Republican,,R,,,,legislators-historical.json,MT_CLASS_1
M001129,,408091,,Henry Lee Myers,Henry,Lee,Myers,,,1,1911-04-04,1917-03-03,MT,1,Democrat,,D,,,,legislators-historical.json,MT_CLASS_1
M001129,,408091,,Henry Lee Myers,Henry,Lee,Myers,,,2,1917-04-02,1923-03-03,MT,1,Democrat,,D,,,,legislators-historical.json,MT_CLASS_1
W000330,,411492,,Burton Kendall Wheeler,Burton,Kendall,Wheeler,,,1,1923-12-03,1929-03-03,MT,1,Democrat,,D,,,,legislators-historical.json,MT_CLASS_1
W000330,,411492,,Burton Kendall Wheeler,Burton,Kendall,Wheeler,,,2,1929-04-15,1935-01-03,MT,1,Democrat,,D,,,,legislators-historical.json,MT_CLASS_1
W000330,,411492,,Burton Kendall Wheeler,Burton,Kendall,Wheeler,,,3,1935-01-03,1941-01-03,MT,1,Democrat,,D,,,,legislators-historical.json,MT_CLASS_1
W000330,,411492,,Burton Kendall Wheeler,Burton,Kendall,Wheeler,,,4,1941-01-03,1947-01-03,MT,1,Democrat,,D,,,,legislators-historical.json,MT_CLASS_1
E000037,,403732,,Zales Nelson Ecton,Zales,Nelson,Ecton,,,1,1947-01-03,1953-01-03,MT,1,Republican,,R,,,,legislators-historical.json,MT_CLASS_1
M000113,,407137,,Michael Joseph Mike Mansfield,Michael,Joseph,Mansfield,,Mike,6,1953-01-03,1959-01-03,MT,1,Democrat,,D,,,,legislators-historical.json,MT_CLASS_1
M000113,,407137,,Michael Joseph Mike Mansfield,Michael,Joseph,Mansfield,,Mike,7,1959-01-07,1965-01-03,MT,1,Democrat,,D,,,,legislators-historical.json,MT_CLASS_1
M000113,,407137,,Michael Joseph Mike Mansfield,Michael,Joseph,Mansfield,,Mike,8,1965-01-04,1971-01-03,MT,1,Democrat,,D,,,,legislators-historical.json,MT_CLASS_1
M000113,,407137,,Michael Joseph Mike Mansfield,Michael,Joseph,Mansfield,,Mike,9,1971-01-21,1977-01-03,MT,1,Democrat,,D,,,,legislators-historical.json,MT_CLASS_1
M000635,,407622,,John Melcher,John,,Melcher,,,5,1977-01-04,1983-01-03,MT,1,Democrat,,D,,,,legislators-historical.json,MT_CLASS_1
M000635,,407622,,John Melcher,John,,Melcher,,,6,1983-01-03,1989-01-03,MT,1,Democrat,,D,,,,legislators-historical.json,MT_CLASS_1
B001126,S211,300015,S8MT00119,Conrad Burns,Conrad,,Burns,,,1,1989-01-03,1995-01-03,MT,1,Republican,,R,,,,legislators-historical.json,MT_CLASS_1
B001126,S211,300015,S8MT00119,Conrad Burns,Conrad,,Burns,,,2,1995-01-04,2001-01-03,MT,1,Republican,,R,,,,legislators-historical.json,MT_CLASS_1
B001126,S211,300015,S8MT00119,Conrad Burns,Conrad,,Burns,,,3,2001-01-03,2007-01-03,MT,1,Republican,,R,,,,legislators-historical.json,MT_CLASS_1
T000464,S314,412244,S6MT00162,Jon Tester,Jon,,Tester,,,1,2007-01-04,2013-01-03,MT,1,Democrat,,D,,,,legislators-historical.json,MT_CLASS_1
T000464,S314,412244,S6MT00162,Jon Tester,Jon,,Tester,,,2,2013-01-03,2019-01-03,MT,1,Democrat,,D,,,senior,legislators-historical.json,MT_CLASS_1
T000464,S314,412244,S6MT00162,Jon Tester,Jon,,Tester,,,3,2019-01-03,2025-01-03,MT,1,Democrat,,D,,,senior,legislators-historical.json,MT_CLASS_1
S001232,S435,456966,S4MT00183,Tim Sheehy,Tim,Patrick,Sheehy,,,1,2025-01-03,2031-01-03,MT,1,Republican,,R,,,junior,legislators-current.json,MT_CLASS_1
P000486,,408871,,Thomas Charles Power,Thomas,Charles,Power,,,1,1890-01-01,1895-03-03,MT,2,Republican,,R,,,,legislators-historical.json,MT_CLASS_2
C000200,,402346,,Thomas Henry Carter,Thomas,Henry,Carter,,,2,1895-12-02,1901-03-03,MT,2,Republican,,R,,,,legislators-historical.json,MT_CLASS_2
C000454,,402592,,William Andrews Clark,William,Andrews,Clark,,,2,1901-12-02,1907-03-03,MT,2,Democrat,,D,,,,legislators-historical.json,MT_CLASS_2
D000372,,403489,,Joseph Moore Dixon,Joseph,Moore,Dixon,,,3,1907-12-02,1913-03-03,MT,2,Republican,,R,,,,legislators-historical.json,MT_CLASS_2
W000104,,411282,,Thomas James Walsh,Thomas,James,Walsh,,,1,1913-04-07,1919-03-03,MT,2,Democrat,,D,,,,legislators-historical.json,MT_CLASS_2
W000104,,411282,,Thomas James Walsh,Thomas,James,Walsh,,,2,1919-05-19,1925-03-03,MT,2,Democrat,,D,,,,legislators-historical.json,MT_CLASS_2
W000104,,411282,,Thomas James Walsh,Thomas,James,Walsh,,,3,1925-12-07,1931-03-03,MT,2,Democrat,,D,,,,legislators-historical.json,MT_CLASS_2
W000104,,411282,,Thomas James Walsh,Thomas,James,Walsh,,,4,1931-12-07,1933-03-02,MT,2,Democrat,,D,,,,legislators-historical.json,MT_CLASS_2
E000202,,403889,,John Edward Erickson,John,Edward,Erickson,,,1,1933-03-13,1934-11-06,MT,2,Democrat,,D,appointment,,,legislators-historical.json,MT_CLASS_2
M001108,,408072,,James Edward Murray,James,Edward,Murray,,,1,1934-11-07,1937-01-03,MT,2,Democrat,,D,,,,legislators-historical.json,MT_CLASS_2
M001108,,408072,,James Edward Murray,James,Edward,Murray,,,2,1937-01-05,1943-01-03,MT,2,Democrat,,D,,,,legislators-historical.json,MT_CLASS_2
M001108,,408072,,James Edward Murray,James,Edward,Murray,,,3,1943-01-06,1949-01-03,MT,2,Democrat,,D,,,,legislators-historical.json,MT_CLASS_2
M001108,,408072,,James Edward Murray,James,Edward,Murray,,,4,1949-01-03,1955-01-03,MT,2,Democrat,,D,,,,legislators-historical.json,MT_CLASS_2
M001108,,408072,,James Edward Murray,James,Edward,Murray,,,5,1955-01-05,1961-01-03,MT,2,Democrat,,D,,,,legislators-historical.json,MT_CLASS_2
M000671,,407656,,Lee Warren Metcalf,Lee,Warren,Metcalf,,,5,1961-01-03,1967-01-03,MT,2,Democrat,,D,,,,legislators-historical.json,MT_CLASS_2
M000671,,407656,,Lee Warren Metcalf,Lee,Warren,Metcalf,,,6,1967-01-10,1973-01-03,MT,2,Democrat,,D,,,,legislators-historical.json,MT_CLASS_2
M000671,,407656,,Lee Warren Metcalf,Lee,Warren,Metcalf,,,7,1973-01-03,1978-01-12,MT,2,Democrat,,D,,,,legislators-historical.json,MT_CLASS_2
H000344,,405213,,Paul Gerhart Hatfield,Paul,Gerhart,Hatfield,,,1,1978-01-22,1978-12-14,MT,2,Democrat,,D,appointment,,,legislators-historical.json,MT_CLASS_2
B000243,S127,300005,S8MT00010,Max Baucus,Max,S.,Baucus,,,3,1978-12-15,1979-01-03,MT,2,Democrat,,D,,,,legislators-historical.json,MT_CLASS_2
B000243,S127,300005,S8MT00010,Max Baucus,Max,S.,Baucus,,,4,1979-01-15,1985-01-03,MT,2,Democrat,,D,,,,legislators-historical.json,MT_CLASS_2
B000243,S127,300005,S8MT00010,Max Baucus,Max,S.,Baucus,,,5,1985-01-03,1991-01-03,MT,2,Democrat,,D,,,,legislators-historical.json,MT_CLASS_2
B000243,S127,300005,S8MT00010,Max Baucus,Max,S.,Baucus,,,6,1991-01-03,1997-01-03,MT,2,Democrat,,D,,,,legislators-historical.json,MT_CLASS_2
B000243,S127,300005,S8MT00010,Max Baucus,Max,S.,Baucus,,,7,1997-01-07,2003-01-03,MT,2,Democrat,,D,,,,legislators-historical.json,MT_CLASS_2
B000243,S127,300005,S8MT00010,Max Baucus,Max,S.,Baucus,,,8,2003-01-07,2009-01-03,MT,2,Democrat,,D,,,,legislators-historical.json,MT_CLASS_2
B000243,S127,300005,S8MT00010,Max Baucus,Max,S.,Baucus,,,9,2009-01-06,2014-02-06,MT,2,Democrat,,D,,,senior,legislators-historical.json,MT_CLASS_2
W000818,S371,412602,S4MT00118,John E. Walsh,John,E.,Walsh,,,1,2014-02-11,2015-01-03,MT,2,Democrat,,D,appointment,,junior,legislators-historical.json,MT_CLASS_2
D000618,S375,412549,H2MT01060|S2MT00096,Steve Daines,Steve,,Daines,,,2,2015-01-06,2021-01-03,MT,2,Republican,,R,,,junior,legislators-current.json,MT_CLASS_2
D000618,S375,412549,H2MT01060|S2MT00096,Steve Daines,Steve,,Daines,,,3,2021-01-03,2027-01-03,MT,2,Republican,,R,,,senior,legislators-current.json,MT_CLASS_2
J000198,,406093,,Samuel Johnston,Samuel,,Johnston,,,1,1789-03-04,1793-03-03,NC,2,Pro-Administration,,Other,,,,legislators-historical.json,NC_CLASS_2
M000166,,407188,,Alexander Martin,Alexander,,Martin,,,1,1793-12-02,1799-03-03,NC,2,Republican,,R,,,,legislators-historical.json,NC_CLASS_2
F000344,,404292,,Jesse Franklin,Jesse,,Franklin,,,2,1799-12-02,1805-03-03,NC,2,Republican,,R,,,,legislators-historical.json,NC_CLASS_2
T000423,,410991,,James Turner,James,,Turner,,,1,1805-12-02,1811-03-03,NC,2,Republican,,R,,,,legislators-historical.json,NC_CLASS_2
T000423,,410991,,James Turner,James,,Turner,,,2,1811-11-04,1817-03-03,NC,2,Republican,,R,,,,legislators-historical.json,NC_CLASS_2
S000949,,410408,,Montfort Stokes,Montfort,,Stokes,,,1,1816-12-04,1817-03-03,NC,2,Republican,,R,,,,legislators-historical.json,NC_CLASS_2
S000949,,410408,,Montfort Stokes,Montfort,,Stokes,,,2,1817-03-04,1823-03-03,NC,2,Republican,,R,,,,legislators-historical.json,NC_CLASS_2
B000763,,401722,,John Branch,John,,Branch,,,1,1823-12-01,1829-03-03,NC,2,Jackson,,Other,,,,legislators-historical.json,NC_CLASS_2
B000903,,401860,,Bedford Brown,Bedford,,Brown,,,1,1829-12-07,1835-03-03,NC,2,Jackson,,Other,,,,legislators-historical.json,NC_CLASS_2
B000903,,401860,,Bedford Brown,Bedford,,Brown,,,2,1835-12-07,1841-03-03,NC,2,Democrat,,D,,,,legislators-historical.json,NC_CLASS_2
M000096,,407120,,Willie Person Mangum,Willie,Person,Mangum,,,4,1840-11-25,1841-03-03,NC,2,Whig,,Other,,,,legislators-historical.json,NC_CLASS_2
M000096,,407120,,Willie Person Mangum,Willie,Person,Mangum,,,5,1841-03-04,1847-03-03,NC,2,Whig,,Other,,,,legislators-historical.json,NC_CLASS_2
M000096,,407120,,Willie Person Mangum,Willie,Person,Mangum,,,6,1847-12-06,1853-03-03,NC,2,Whig,,Other,,,,legislators-historical.json,NC_CLASS_2
R000144,,409122,,David Settle Reid,David,Settle,Reid,,,3,1854-01-01,1859-03-03,NC,2,Democrat,,D,,,,legislators-historical.json,NC_CLASS_2
B000759,,401718,,Thomas Bragg,Thomas,,Bragg,,,1,1859-12-05,1861-12-31,NC,2,Democrat,,D,,,,legislators-historical.json,NC_CLASS_2
A000006,,400669,,Joseph Carter Abbott,Joseph,Carter,Abbott,,,1,1868-01-01,1871-03-03,NC,2,Republican,,R,,,,legislators-historical.json,NC_CLASS_2
R000062,,409042,,Matt Whitaker Ransom,Matt,Whitaker,Ransom,,,1,1872-01-01,1877-03-03,NC,2,Democrat,,D,,,,legislators-historical.json,NC_CLASS_2
R000062,,409042,,Matt Whitaker Ransom,Matt,Whitaker,Ransom,,,2,1877-10-15,1883-03-03,NC,2,Democrat,,D,,,,legislators-historical.json,NC_CLASS_2
R000062,,409042,,Matt Whitaker Ransom,Matt,Whitaker,Ransom,,,3,1883-12-03,1889-03-03,NC,2,Democrat,,D,,,,legislators-historical.json,NC_CLASS_2
R000062,,409042,,Matt Whitaker Ransom,Matt,Whitaker,Ransom,,,4,1889-12-02,1895-03-03,NC,2,Democrat,,D,,,,legislators-historical.json,NC_CLASS_2
B001183,,402125,,Marion Butler,Marion,,Butler,,,1,1895-12-02,1901-03-03,NC,2,Populist,,Other,,,,legislators-historical.json,NC_CLASS_2
S000415,,409909,,Furnifold McLendel Simmons,Furnifold,McLendel,Simmons,,,2,1901-12-02,1907-03-03,NC,2,Democrat,,D,,,,legislators-historical.json,NC_CLASS_2
S000415,,409909,,Furnifold McLendel Simmons,Furnifold,McLendel,Simmons,,,3,1907-12-02,1913-03-03,NC,2,Democrat,,D,,,,legislators-historical.json,NC_CLASS_2
S000415,,409909,,Furnifold McLendel Simmons,Furnifold,McLendel,Simmons,,,4,1913-04-07,1919-03-03,NC,2,Democrat,,D,,,,legislators-historical.json,NC_CLASS_2
S000415,,409909,,Furnifold McLendel Simmons,Furnifold,McLendel,Simmons,,,5,1919-05-19,1925-03-03,NC,2,Democrat,,D,,,,legislators-historical.json,NC_CLASS_2
S000415,,409909,,Furnifold McLendel Simmons,Furnifold,McLendel,Simmons,,,6,1925-12-07,1931-03-03,NC,2,Democrat,,D,,,,legislators-historical.json,NC_CLASS_2
B000046,,401051,,Josiah William Bailey,Josiah,William,Bailey,,,1,1931-12-07,1937-01-03,NC,2,Democrat,,D,,,,legislators-historical.json,NC_CLASS_2
B000046,,401051,,Josiah William Bailey,Josiah,William,Bailey,,,2,1937-01-05,1943-01-03,NC,2,Democrat,,D,,,,legislators-historical.json,NC_CLASS_2
B000046,,401051,,Josiah William Bailey,Josiah,William,Bailey,,,3,1943-01-06,1946-12-15,NC,2,Democrat,,D,,,,legislators-historical.json,NC_CLASS_2
U000005,,411029,,William Bradley Umstead,William,Bradley,Umstead,,,4,1946-12-18,1948-12-30,NC,2,Democrat,,D,appointment,,,legislators-historical.json,NC_CLASS_2
B000894,,401851,,Joseph Melville Broughton,Joseph,Melville,Broughton,,,1,1948-12-31,1949-01-03,NC,2,Democrat,,D,,,,legislators-historical.json,NC_CLASS_2
B000894,,401851,,Joseph Melville Broughton,Joseph,Melville,Broughton,,,2,1949-01-03,1949-03-06,NC,2,Democrat,,D,,,,legislators-historical.json,NC_CLASS_2
G000353,,404708,,Frank Porter Graham,Frank,Porter,Graham,,,1,1949-03-29,1950-11-26,NC,2,Democrat,,D,appointment,,,legislators-historical.json,NC_CLASS_2
S000639,,410113,,Willis Smith,Willis,,Smith,,,1,1950-11-27,1953-06-26,NC,2,Democrat,,D,,,,legislators-historical.json,NC_CLASS_2
L000240,,406743,,Alton Asa Lennon,Alton,Asa,Lennon,,,1,1953-07-10,1954-11-28,NC,2,Democrat,,D,appointment,,,legislators-historical.json,NC_CLASS_2
S000187,,409692,,William Kerr Scott,William,Kerr,Scott,,,1,1954-11-29,1955-01-03,NC,2,Democrat,,D,,,,legislators-historical.json,NC_CLASS_2
S000187,,409692,,William Kerr Scott,William,Kerr,Scott,,,2,1955-01-03,1958-04-16,NC,2,Democrat,,D,,,,legislators-historical.json,NC_CLASS_2
J000267,,406159,,Benjamin Everett Jordan,Benjamin,Everett,Jordan,,,1,1958-04-19,1961-01-03,NC,2,Democrat,,D,appointment,,,legislators-historical.json,NC_CLASS_2
J000267,,406159,,Benjamin Everett Jordan,Benjamin,Everett,Jordan,,,2,1961-01-03,1967-01-03,NC,2,Democrat,,D,,,,legislators-historical.json,NC_CLASS_2
J000267,,406159,,Benjamin Everett Jordan,Benjamin,Everett,Jordan,,,3,1967-01-10,1973-01-03,NC,2,Democrat,,D,,,,legislators-historical.json,NC_CLASS_2
H000463,S046,300154,S8NC00015,Jesse Helms,Jesse,,Helms,,,1,1973-01-03,1979-01-03,NC,2,Republican,,R,,,,legislators-historical.json,NC_CLASS_2
H000463,S046,300154,S8NC00015,Jesse Helms,Jesse,,Helms,,,2,1979-01-15,1985-01-03,NC,2,Republican,,R,,,,legislators-historical.json,NC_CLASS_2
H000463,S046,300154,S8NC00015,Jesse Helms,Jesse,,Helms,,,3,1985-01-03,1991-01-03,NC,2,Republican,,R,,,,legislators-historical.json,NC_CLASS_2
H000463,S046,300154,S8NC00015,Jesse Helms,Jesse,,Helms,,,4,1991-01-03,1997-01-03,NC,2,Republican,,R,,,,legislators-historical.json,NC_CLASS_2
H000463,S046,300154,S8NC00015,Jesse Helms,Jesse,,Helms,,,5,1997-01-07,2003-01-03,NC,2,Republican,,R,,,,legislators-historical.json,NC_CLASS_2
D000601,S292,300035,S2NC00083,Elizabeth H. Dole,Elizabeth,H.,Dole,,,1,2003-01-07,2009-01-03,NC,2,Republican,,R,,,,legislators-historical.json,NC_CLASS_2
H001049,S320,412324,S8NC00239,Kay R. Hagan,Kay,,Hagan,,,1,2009-01-06,2015-01-03,NC,2,Democrat,,D,,,junior,legislators-historical.json,NC_CLASS_2
T000476,S384,412668,S4NC00162,Thom Tillis,Thom,,Tillis,,,1,2015-01-06,2021-01-03,NC,2,Republican,,R,,,junior,legislators-current.json,NC_CLASS_2
T000476,S384,412668,S4NC00162,Thom Tillis,Thom,,Tillis,,,2,2021-01-03,2027-01-03,NC,2,Republican,,R,,,senior,legislators-current.json,NC_CLASS_2
H000368,,405237,,Benjamin Hawkins,Benjamin,,Hawkins,,,1,1789-03-04,1795-03-03,NC,3,Pro-Administration,,Other,,,,legislators-historical.json,NC_CLASS_3
B000563,,401537,,Timothy Bloodworth,Timothy,,Bloodworth,,,2,1795-12-07,1801-03-03,NC,3,Republican,,R,,,,legislators-historical.json,NC_CLASS_3
S000955,,410414,,David Stone,David,,Stone,,,2,1801-12-07,1807-03-03,NC,3,Republican,,R,,,,legislators-historical.json,NC_CLASS_3
F000344,,404292,,Jesse Franklin,Jesse,,Franklin,,,3,1807-10-26,1813-03-03,NC,3,Republican,,R,,,,legislators-historical.json,NC_CLASS_3
S000955,,410414,,David Stone,David,,Stone,,,3,1813-05-24,1815-03-03,NC,3,Republican,,R,,,,legislators-historical.json,NC_CLASS_3
L000387,,406879,,Francis Locke,Francis,,Locke,,,1,1814-01-01,1815-12-31,NC,3,Unknown,,Other,,,,legislators-historical.json,NC_CLASS_3
M000034,,407062,,Nathaniel Macon,Nathaniel,,Macon,,,14,1815-12-13,1819-03-03,NC,3,Republican,,R,,,,legislators-historical.json,NC_CLASS_3
M000034,,407062,,Nathaniel Macon,Nathaniel,,Macon,,,15,1819-12-06,1825-03-03,NC,3,Republican,,R,,,,legislators-historical.json,NC_CLASS_3
M000034,,407062,,Nathaniel Macon,Nathaniel,,Macon,,,16,1825-12-05,1828-11-14,NC,3,Jackson,,Other,,,,legislators-historical.json,NC_CLASS_3
I000028,,405886,,James Iredell,James,,Iredell,,,1,1828-01-01,1831-03-03,NC,3,Jackson,,Other,,,,legislators-historical.json,NC_CLASS_3
M000096,,407120,,Willie Person Mangum,Willie,Person,Mangum,,,3,1831-12-05,1836-11-26,NC,3,Jackson,,Other,,,,legislators-historical.json,NC_CLASS_3
S000992,,410450,,Robert Strange,Robert,,Strange,,,1,1836-12-05,1837-03-03,NC,3,Democrat,,D,,,,legislators-historical.json,NC_CLASS_3
S000992,,410450,,Robert Strange,Robert,,Strange,,,2,1837-09-04,1840-11-16,NC,3,Democrat,,D,,,,legislators-historical.json,NC_CLASS_3
G000362,,404716,,William Alexander Graham,William,Alexander,Graham,,,1,1840-01-01,1843-03-03,NC,3,Whig,,Other,,,,legislators-historical.json,NC_CLASS_3
H000411,,405278,,William Henry Haywood Jr.,William,Henry,Haywood,Jr.,,1,1843-12-04,1847-03-03,NC,3,Democrat,,D,,,,legislators-historical.json,NC_CLASS_3
B000022,,401027,,George Edmund Badger,George,Edmund,Badger,,,1,1846-01-01,1849-03-03,NC,3,Whig,,Other,,,,legislators-historical.json,NC_CLASS_3
B000022,,401027,,George Edmund Badger,George,Edmund,Badger,,,2,1849-12-03,1855-03-03,NC,3,Whig,,Other,,,,legislators-historical.json,NC_CLASS_3
B000456,,401441,,Asa Biggs,Asa,,Biggs,,,2,1855-12-03,1859-03-03,NC,3,Democrat,,D,,,,legislators-historical.json,NC_CLASS_3
C000524,,402658,,Thomas Lanier Clingman,Thomas,Lanier,Clingman,,,7,1858-01-01,1861-03-03,NC,3,Democrat,,D,,,,legislators-historical.json,NC_CLASS_3
P000427,,408818,,John Pool,John,,Pool,,,1,1868-01-01,1873-03-03,NC,3,Republican,,R,,,,legislators-historical.json,NC_CLASS_3
M000659,,407645,,Augustus Summerfield Merrimon,Augustus,Summerfield,Merrimon,,,1,1873-12-01,1879-03-03,NC,3,Democrat,,D,,,,legislators-historical.json,NC_CLASS_3
V000021,,411117,,Zebulon Baird Vance,Zebulon,Baird,Vance,,,3,1879-03-18,1885-03-03,NC,3,Democrat,,D,,,,legislators-historical.json,NC_CLASS_3
V000021,,411117,,Zebulon Baird Vance,Zebulon,Baird,Vance,,,4,1885-12-07,1891-03-03,NC,3,Democrat,,D,,,,legislators-historical.json,NC_CLASS_3
V000021,,411117,,Zebulon Baird Vance,Zebulon,Baird,Vance,,,5,1891-12-07,1895-03-03,NC,3,Democrat,,D,,,,legislators-historical.json,NC_CLASS_3
J000063,,405968,,Thomas Jordan Jarvis,Thomas,Jordan,Jarvis,,,1,1894-01-01,1895-12-31,NC,3,Democrat,,D,,,,legislators-historical.json,NC_CLASS_3
P000545,,408929,,Jeter Connelly Pritchard,Jeter,Connelly,Pritchard,,,1,1895-12-02,1897-03-03,NC,3,Republican,,R,,,,legislators-historical.json,NC_CLASS_3
P000545,,408929,,Jeter Connelly Pritchard,Jeter,Connelly,Pritchard,,,2,1897-03-15,1903-03-03,NC,3,Republican,,R,,,,legislators-historical.json,NC_CLASS_3
O000140,,408391,,Lee Slater Overman,Lee,Slater,Overman,,,1,1903-11-09,1909-03-03,NC,3,Democrat,,D,,,,legislators-historical.json,NC_CLASS_3
O000140,,408391,,Lee Slater Overman,Lee,Slater,Overman,,,2,1909-03-15,1915-03-03,NC,3,Democrat,,D,,,,legislators-historical.json,NC_CLASS_3
O000140,,408391,,Lee Slater Overman,Lee,Slater,Overman,,,3,1915-12-06,1921-03-03,NC,3,Democrat,,D,,,,legislators-historical.json,NC_CLASS_3
O000140,,408391,,Lee Slater Overman,Lee,Slater,Overman,,,4,1921-04-11,1927-03-04,NC,3,Democrat,,D,,,,legislators-historical.json,NC_CLASS_3
O000140,,408391,,Lee Slater Overman,Lee,Slater,Overman,,,5,1927-12-05,1930-12-12,NC,3,Democrat,,D,,,,legislators-historical.json,NC_CLASS_3
M000993,,407961,,Cameron A. Morrison,Cameron,A.,Morrison,,,1,1930-12-13,1932-12-04,NC,3,Democrat,,D,appointment,,,legislators-historical.json,NC_CLASS_3
R000179,,409155,,Robert Rice Reynolds,Robert,Rice,Reynolds,,,1,1932-12-05,1933-03-03,NC,3,Democrat,,D,,,,legislators-historical.json,NC_CLASS_3
R000179,,409155,,Robert Rice Reynolds,Robert,Rice,Reynolds,,,2,1933-03-04,1939-01-03,NC,3,Democrat,,D,,,,legislators-historical.json,NC_CLASS_3
R000179,,409155,,Robert Rice Reynolds,Robert,Rice,Reynolds,,,3,1939-01-03,1945-01-03,NC,3,Democrat,,D,,,,legislators-historical.json,NC_CLASS_3
H000679,,405532,,Clyde Roark Hoey,Clyde,Roark,Hoey,,,2,1945-01-03,1951-01-03,NC,3,Democrat,,D,,,,legislators-historical.json,NC_CLASS_3
H000679,,405532,,Clyde Roark Hoey,Clyde,Roark,Hoey,,,3,1951-01-03,1954-05-12,NC,3,Democrat,,D,,,,legislators-historical.json,NC_CLASS_3
E000211,,403898,,Samuel James Ervin Jr.,Samuel,James,Ervin,Jr.,,2,1954-06-05,1957-01-03,NC,3,Democrat,,D,appointment,,,legislators-historical.json,NC_CLASS_3
E000211,,403898,,Samuel James Ervin Jr.,Samuel,James,Ervin,Jr.,,3,1957-01-03,1963-01-03,NC,3,Democrat,,D,,,,legislators-historical.json,NC_CLASS_3
E000211,,403898,,Samuel James Ervin Jr.,Samuel,James,Ervin,Jr.,,4,1963-01-09,1969-01-03,NC,3,Democrat,,D,,,,legislators-historical.json,NC_CLASS_3
E000211,,403898,,Samuel James Ervin Jr.,Samuel,James,Ervin,Jr.,,5,1969-01-03,1975-01-03,NC,3,Democrat,,D,,,,legislators-historical.json,NC_CLASS_3
M000956,,407924,,Robert Burren Morgan,Robert,Burren,Morgan,,,1,1975-01-14,1981-01-03,NC,3,Democrat,,D,,,,legislators-historical.json,NC_CLASS_3
E000017,,403713,,John Porter East,John,Porter,East,,,1,1981-01-05,1986-06-29,NC,3,Republican,,R,,,,legislators-historical.json,NC_CLASS_3
B000966,,401918,,James Thomas Broyhill,James,Thomas,Broyhill,,,13,1986-07-14,1986-11-04,NC,3,Republican,,R,appointment,,,legislators-historical.json,NC_CLASS_3
S000055,S178,409562,,James Terry Sanford,James,Terry,Sanford,,,1,1986-11-05,1987-01-03,NC,3,Democrat,,D,,,,legislators-historical.json,NC_CLASS_3
S000055,S178,409562,,James Terry Sanford,James,Terry,Sanford,,,2,1987-01-06,1993-01-03,NC,3,Democrat,,D,,,,legislators-historical.json,NC_CLASS_3
F000437,S227,403968,,Duncan McLauchlin Lauch Faircloth,Duncan,McLauchlin,Faircloth,,Lauch,1,1993-01-05,1999-01-03,NC,3,Republican,,R,,,,legislators-historical.json,NC_CLASS_3
E000286,S267,300039,S8NC00122,John Reid Edwards,John,Reid,Edwards,,,1,1999-01-06,2005-01-03,NC,3,Democrat,,D,,,,legislators-historical.json,NC_CLASS_3
B001135,S300,400054,S4NC00089|H2NC05074,Richard Burr,Richard,M.,Burr,,,6,2005-01-04,2011-01-03,NC,3,Republican,,R,,,,legislators-historical.json,NC_CLASS_3
B001135,S300,400054,S4NC00089|H2NC05074,Richard Burr,Richard,M.,Burr,,,7,2011-01-05,2017-01-03,NC,3,Republican,,R,,,senior,legislators-historical.json,NC_CLASS_3
B001135,S300,400054,S4NC00089|H2NC05074,Richard Burr,Richard,M.,Burr,,,8,2017-01-03,2023-01-03,NC,3,Republican,,R,,,senior,legislators-historical.json,NC_CLASS_3
B001305,S417,412712,H6NC13129|S2NC00505,Ted Budd,Ted,,Budd,,,4,2023-01-03,2029-01-03,NC,3,Republican,,R,,,junior,legislators-current.json,NC_CLASS_3
C000227,,402372,,Lyman Rufus Casey,Lyman,Rufus,Casey,,,1,1889-12-02,1893-03-03,ND,1,Republican,,R,,,,legislators-historical.json,ND_CLASS_1
R000290,,409263,,William Nathaniel Roach,William,Nathaniel,Roach,,,1,1893-08-07,1899-03-03,ND,1,Democrat,,D,,,,legislators-historical.json,ND_CLASS_1
M000397,,407398,,Porter James McCumber,Porter,James,McCumber,,,1,1899-12-04,1905-03-03,ND,1,Republican,,R,,,,legislators-historical.json,ND_CLASS_1
M000397,,407398,,Porter James McCumber,Porter,James,McCumber,,,2,1905-12-04,1911-03-03,ND,1,Republican,,R,,,,legislators-historical.json,ND_CLASS_1
M000397,,407398,,Porter James McCumber,Porter,James,McCumber,,,3,1911-04-04,1917-03-03,ND,1,Republican,,R,,,,legislators-historical.json,ND_CLASS_1
M000397,,407398,,Porter James McCumber,Porter,James,McCumber,,,4,1917-04-02,1923-03-03,ND,1,Republican,,R,,,,legislators-historical.json,ND_CLASS_1
F000354,,404301,,Lynn Joseph Frazier,Lynn,Joseph,Frazier,,,1,1923-12-03,1929-03-03,ND,1,Republican,,R,,,,legislators-historical.json,ND_CLASS_1
F000354,,404301,,Lynn Joseph Frazier,Lynn,Joseph,Frazier,,,2,1929-04-15,1935-01-03,ND,1,Republican,,R,,,,legislators-historical.json,ND_CLASS_1
F000354,,404301,,Lynn Joseph Frazier,Lynn,Joseph,Frazier,,,3,1935-01-03,1941-01-03,ND,1,Republican,,R,,,,legislators-historical.json,ND_CLASS_1
L000070,,406579,,William Langer,William,,Langer,,,1,1941-01-03,1947-01-03,ND,1,Republican,,R,,,,legislators-historical.json,ND_CLASS_1
L000070,,406579,,William Langer,William,,Langer,,,2,1947-01-03,1953-01-03,ND,1,Republican,,R,,,,legislators-historical.json,ND_CLASS_1
L000070,,406579,,William Langer,William,,Langer,,,3,1953-01-03,1959-01-03,ND,1,Republican,,R,,,,legislators-historical.json,ND_CLASS_1
L000070,,406579,,William Langer,William,,Langer,,,4,1959-01-03,1959-11-08,ND,1,Republican,,R,,,,legislators-historical.json,ND_CLASS_1
B000982,,401934,,Clarence Norman Brunsdale,Clarence,Norman,Brunsdale,,,1,1959-11-19,1960-08-07,ND,1,Republican,,R,appointment,,,legislators-historical.json,ND_CLASS_1
B001077,S015,402023,,Quentin Northrup Burdick,Quentin,Northrup,Burdick,,,2,1960-08-08,1965-01-03,ND,1,Democrat,,D,,,,legislators-historical.json,ND_CLASS_1
B001077,S015,402023,,Quentin Northrup Burdick,Quentin,Northrup,Burdick,,,3,1965-01-04,1971-01-03,ND,1,Democrat,,D,,,,legislators-historical.json,ND_CLASS_1
B001077,S015,402023,,Quentin Northrup Burdick,Quentin,Northrup,Burdick,,,4,1971-01-21,1977-01-03,ND,1,Democrat,,D,,,,legislators-historical.json,ND_CLASS_1
B001077,S015,402023,,Quentin Northrup Burdick,Quentin,Northrup,Burdick,,,5,1977-01-04,1983-01-03,ND,1,Democrat,,D,,,,legislators-historical.json,ND_CLASS_1
B001077,S015,402023,,Quentin Northrup Burdick,Quentin,Northrup,Burdick,,,6,1983-01-03,1989-01-03,ND,1,Democrat,,D,,,,legislators-historical.json,ND_CLASS_1
B001077,S015,402023,,Quentin Northrup Burdick,Quentin,Northrup,Burdick,,,7,1989-01-03,1992-09-08,ND,1,Democrat,,D,,,,legislators-historical.json,ND_CLASS_1
B001076,S220,402022,,Jocelyn Birch Burdick,Jocelyn,Birch,Burdick,,,1,1992-09-16,1992-12-14,ND,1,Democrat,,D,appointment,,,legislators-historical.json,ND_CLASS_1
C000705,S201,300026,S6ND00058,Kent Conrad,Kent,Kent,Conrad,,,2,1992-12-14,1995-01-03,ND,1,Democrat,,D,,,,legislators-historical.json,ND_CLASS_1
C000705,S201,300026,S6ND00058,Kent Conrad,Kent,Kent,Conrad,,,3,1995-01-04,2001-01-03,ND,1,Democrat,,D,,,,legislators-historical.json,ND_CLASS_1
C000705,S201,300026,S6ND00058,Kent Conrad,Kent,Kent,Conrad,,,4,2001-01-03,2007-01-03,ND,1,Democrat,,D,,,,legislators-historical.json,ND_CLASS_1
C000705,S201,300026,S6ND00058,Kent Conrad,Kent,Kent,Conrad,,,5,2007-01-04,2013-01-03,ND,1,Democrat,,D,,,,legislators-historical.json,ND_CLASS_1
H001069,S360,412554,S2ND00099,Heidi Heitkamp,Heidi,,Heitkamp,,,1,2013-01-03,2019-01-03,ND,1,Democrat,,D,,,junior,legislators-historical.json,ND_CLASS_1
C001096,S398,412555,H0ND01026|H6ND00074|S8ND00120,Kevin Cramer,Kevin,,Cramer,,,4,2019-01-03,2025-01-03,ND,1,Republican,,R,,,junior,legislators-current.json,ND_CLASS_1
C001096,S398,412555,H0ND01026|H6ND00074|S8ND00120,Kevin Cramer,Kevin,,Cramer,,,5,2025-01-03,2031-01-03,ND,1,Republican,,R,,,junior,legislators-current.json,ND_CLASS_1
P000334,,408731,,Gilbert Ashville Pierce,Gilbert,Ashville,Pierce,,,1,1889-12-02,1891-03-03,ND,3,Republican,,R,,,,legislators-historical.json,ND_CLASS_3
H000169,,405051,,Henry Clay Hansbrough,Henry,Clay,Hansbrough,,,2,1891-12-07,1897-03-03,ND,3,Republican,,R,,,,legislators-historical.json,ND_CLASS_3
H000169,,405051,,Henry Clay Hansbrough,Henry,Clay,Hansbrough,,,3,1897-03-15,1903-03-03,ND,3,Republican,,R,,,,legislators-historical.json,ND_CLASS_3
H000169,,405051,,Henry Clay Hansbrough,Henry,Clay,Hansbrough,,,4,1903-11-09,1909-03-03,ND,3,Republican,,R,,,,legislators-historical.json,ND_CLASS_3
J000162,,406060,,Martin Nelson Johnson,Martin,Nelson,Johnson,,,5,1909-03-15,1909-10-21,ND,3,Republican,,R,,,,legislators-historical.json,ND_CLASS_3
T000199,,410778,,Fountain Land Thompson,Fountain,Land,Thompson,,,1,1909-11-10,1910-01-31,ND,3,Democrat,,D,,,,legislators-historical.json,ND_CLASS_3
P000570,,408953,,William Edward Purcell,William,Edward,Purcell,,,1,1910-02-01,1911-02-01,ND,3,Democrat,,D,,,,legislators-historical.json,ND_CLASS_3
G000491,,404836,,Asle Jorgenson Gronna,Asle,Jorgenson,Gronna,,,4,1911-04-04,1915-03-03,ND,3,Republican,,R,,,,legislators-historical.json,ND_CLASS_3
G000491,,404836,,Asle Jorgenson Gronna,Asle,Jorgenson,Gronna,,,5,1915-12-06,1921-03-03,ND,3,Republican,,R,,,,legislators-historical.json,ND_CLASS_3
L000012,,406522,,Edwin Freemont Ladd,Edwin,Freemont,Ladd,,,1,1921-04-11,1925-06-22,ND,3,Republican,,R,,,,legislators-historical.json,ND_CLASS_3
N000176,,408256,,Gerald Prentice Nye,Gerald,Prentice,Nye,,,1,1925-12-07,1927-03-04,ND,3,Republican,,R,appointment,,,legislators-historical.json,ND_CLASS_3
N000176,,408256,,Gerald Prentice Nye,Gerald,Prentice,Nye,,,2,1927-12-05,1933-03-03,ND,3,Republican,,R,,,,legislators-historical.json,ND_CLASS_3
N000176,,408256,,Gerald Prentice Nye,Gerald,Prentice,Nye,,,3,1933-03-09,1939-01-03,ND,3,Republican,,R,,,,legislators-historical.json,ND_CLASS_3
N000176,,408256,,Gerald Prentice Nye,Gerald,Prentice,Nye,,,4,1939-01-03,1945-01-03,ND,3,Republican,,R,,,,legislators-historical.json,ND_CLASS_3
M001029,,407996,,John Moses,John,,Moses,,,1,1945-01-03,1945-03-03,ND,3,Democrat,,D,,,,legislators-historical.json,ND_CLASS_3
Y000047,,411979,,Milton Ruben Young,Milton,Ruben,Young,,,1,1945-03-12,1951-01-03,ND,3,Republican,,R,appointment,,,legislators-historical.json,ND_CLASS_3
Y000047,,411979,,Milton Ruben Young,Milton,Ruben,Young,,,2,1951-01-03,1957-01-03,ND,3,Republican,,R,,,,legislators-historical.json,ND_CLASS_3
Y000047,,411979,,Milton Ruben Young,Milton,Ruben,Young,,,3,1957-01-03,1963-01-03,ND,3,Republican,,R,,,,legislators-historical.json,ND_CLASS_3
Y000047,,411979,,Milton Ruben Young,Milton,Ruben,Young,,,4,1963-01-09,1969-01-03,ND,3,Republican,,R,,,,legislators-historical.json,ND_CLASS_3
Y000047,,411979,,Milton Ruben Young,Milton,Ruben,Young,,,5,1969-01-03,1975-01-03,ND,3,Republican,,R,,,,legislators-historical.json,ND_CLASS_3
Y000047,,411979,,Milton Ruben Young,Milton,Ruben,Young,,,6,1975-01-14,1981-01-03,ND,3,Republican,,R,,,,legislators-historical.json,ND_CLASS_3
A000208,,400881,,Mark Andrews,Mark,,Andrews,,,10,1981-01-05,1987-01-03,ND,3,Republican,,R,,,,legislators-historical.json,ND_CLASS_3
C000705,S201,300026,S6ND00058,Kent Conrad,Kent,Kent,Conrad,,,1,1987-01-06,1992-12-14,ND,3,Democrat,,D,,,,legislators-historical.json,ND_CLASS_3
D000432,S222,300037,S2ND00040,Byron L. Dorgan,Byron,L.,Dorgan,,,7,1992-12-15,1993-01-03,ND,3,Democrat,,D,,,,legislators-historical.json,ND_CLASS_3
D000432,S222,300037,S2ND00040,Byron L. Dorgan,Byron,L.,Dorgan,,,8,1993-01-05,1999-01-03,ND,3,Democrat,,D,,,,legislators-historical.json,ND_CLASS_3
D000432,S222,300037,S2ND00040,Byron L. Dorgan,Byron,L.,Dorgan,,,9,1999-01-06,2005-01-03,ND,3,Democrat,,D,,,,legislators-historical.json,ND_CLASS_3
D000432,S222,300037,S2ND00040,Byron L. Dorgan,Byron,L.,Dorgan,,,10,2005-01-04,2011-01-03,ND,3,Democrat,,D,,,,legislators-historical.json,ND_CLASS_3
H001061,S344,412494,S0ND00093,John Hoeven,John,,Hoeven,,,1,2011-01-05,2017-01-03,ND,3,Republican,,R,,,senior,legislators-current.json,ND_CLASS_3
H001061,S344,412494,S0ND00093,John Hoeven,John,,Hoeven,,,2,2017-01-03,2023-01-03,ND,3,Republican,,R,,,senior,legislators-current.json,ND_CLASS_3
H001061,S344,412494,S0ND00093,John Hoeven,John,,Hoeven,,,3,2023-01-03,2029-01-03,ND,3,Republican,,R,,,senior,legislators-current.json,ND_CLASS_3
T000286,,410859,,Thomas Weston Tipton,Thomas,Weston,Tipton,,,1,1867-03-04,1869-03-03,NE,1,Republican,,R,,,,legislators-historical.json,NE_CLASS_1
T000286,,410859,,Thomas Weston Tipton,Thomas,Weston,Tipton,,,2,1869-03-04,1875-03-03,NE,1,Liberal Republican,,Other,,,,legislators-historical.json,NE_CLASS_1
P000010,,408421,,Algernon Sidney Paddock,Algernon,Sidney,Paddock,,,1,1875-12-06,1881-03-03,NE,1,Republican,,R,,,,legislators-historical.json,NE_CLASS_1
V000067,,411109,,Charles Henry Van Wyck,Charles,Henry,Van Wyck,,,5,1881-12-05,1887-03-03,NE,1,Republican,,R,,,,legislators-historical.json,NE_CLASS_1
P000010,,408421,,Algernon Sidney Paddock,Algernon,Sidney,Paddock,,,2,1887-12-05,1893-03-03,NE,1,Republican,,R,,,,legislators-historical.json,NE_CLASS_1
A000153,,400808,,William Vincent Allen,William,Vincent,Allen,,,1,1893-08-07,1899-03-03,NE,1,Populist,,Other,,,,legislators-historical.json,NE_CLASS_1
H000409,,405276,,Monroe Leland Hayward,Monroe,Leland,Hayward,,,1,1899-12-04,1899-12-31,NE,1,Republican,,R,,,,legislators-historical.json,NE_CLASS_1
A000153,,400808,,William Vincent Allen,William,Vincent,Allen,,,2,1899-12-13,1901-03-28,NE,1,Populist,,Other,,,,legislators-historical.json,NE_CLASS_1
D000341,,403459,,Charles Henry Dietrich,Charles,Henry,Dietrich,,,1,1901-12-02,1905-03-03,NE,1,Republican,,R,,,,legislators-historical.json,NE_CLASS_1
B001103,,402048,,Elmer Jacob Burkett,Elmer,Jacob,Burkett,,,4,1905-12-04,1911-03-03,NE,1,Republican,,R,,,,legislators-historical.json,NE_CLASS_1
H000645,,405500,,Gilbert Monell Hitchcock,Gilbert,Monell,Hitchcock,,,4,1911-04-04,1917-03-03,NE,1,Democrat,,D,,,,legislators-historical.json,NE_CLASS_1
H000645,,405500,,Gilbert Monell Hitchcock,Gilbert,Monell,Hitchcock,,,5,1917-04-02,1923-03-03,NE,1,Democrat,,D,,,,legislators-historical.json,NE_CLASS_1
H000868,,405715,,Robert Beecher Howell,Robert,Beecher,Howell,,,1,1923-12-03,1929-03-03,NE,1,Republican,,R,,,,legislators-historical.json,NE_CLASS_1
H000868,,405715,,Robert Beecher Howell,Robert,Beecher,Howell,,,2,1929-04-15,1933-03-11,NE,1,Republican,,R,,,,legislators-historical.json,NE_CLASS_1
T000225,,410804,,William Henry Thompson,William,Henry,Thompson,,,1,1933-05-24,1934-11-06,NE,1,Democrat,,D,appointment,,,legislators-historical.json,NE_CLASS_1
H000987,,405828,,Richard Charles Hunter,Richard,Charles,Hunter,,,1,1934-11-07,1935-01-03,NE,1,Democrat,,D,,,,legislators-historical.json,NE_CLASS_1
B001089,,402035,,Edward Raymond Burke,Edward,Raymond,Burke,,,2,1935-01-03,1941-01-03,NE,1,Democrat,,D,,,,legislators-historical.json,NE_CLASS_1
B001177,,402119,,Hugh Alfred Butler,Hugh,Alfred,Butler,,,1,1941-01-03,1947-01-03,NE,1,Republican,,R,,,,legislators-historical.json,NE_CLASS_1
B001177,,402119,,Hugh Alfred Butler,Hugh,Alfred,Butler,,,2,1947-01-03,1953-01-03,NE,1,Republican,,R,,,,legislators-historical.json,NE_CLASS_1
B001177,,402119,,Hugh Alfred Butler,Hugh,Alfred,Butler,,,3,1953-01-03,1954-07-01,NE,1,Republican,,R,,,,legislators-historical.json,NE_CLASS_1
R000180,,409156,,Samuel Williams Reynolds,Samuel,Williams,Reynolds,,,1,1954-07-03,1954-11-07,NE,1,Republican,,R,appointment,,,legislators-historical.json,NE_CLASS_1
H000875,,405721,,Roman Lee Hruska,Roman,Lee,Hruska,,,2,1954-11-08,1959-01-03,NE,1,Republican,,R,,,,legislators-historical.json,NE_CLASS_1
H000875,,405721,,Roman Lee Hruska,Roman,Lee,Hruska,,,3,1959-01-07,1965-01-03,NE,1,Republican,,R,,,,legislators-historical.json,NE_CLASS_1
H000875,,405721,,Roman Lee Hruska,Roman,Lee,Hruska,,,4,1965-01-04,1971-01-03,NE,1,Republican,,R,,,,legislators-historical.json,NE_CLASS_1
H000875,,405721,,Roman Lee Hruska,Roman,Lee,Hruska,,,5,1971-01-21,1976-12-27,NE,1,Republican,,R,,,,legislators-historical.json,NE_CLASS_1
Z000013,,412006,,Edward Zorinsky,Edward,,Zorinsky,,,1,1976-12-28,1977-01-03,NE,1,Democrat,,D,,,,legislators-historical.json,NE_CLASS_1
Z000013,,412006,,Edward Zorinsky,Edward,,Zorinsky,,,2,1977-01-04,1983-01-03,NE,1,Democrat,,D,,,,legislators-historical.json,NE_CLASS_1
Z000013,,412006,,Edward Zorinsky,Edward,,Zorinsky,,,3,1983-01-03,1987-03-06,NE,1,Democrat,,D,,,,legislators-historical.json,NE_CLASS_1
K000011,,406183,,David Kemp Karnes,David,Kemp,Karnes,,,1,1987-03-11,1989-01-03,NE,1,Republican,,R,appointment,,,legislators-historical.json,NE_CLASS_1
K000146,S208,400561,S8NE00067,J. Robert Kerrey,J.,Robert,Kerrey,,,1,1989-01-03,1995-01-03,NE,1,Democrat,,D,,,,legislators-historical.json,NE_CLASS_1
K000146,S208,400561,S8NE00067,J. Robert Kerrey,J.,Robert,Kerrey,,,2,1995-01-04,2001-01-03,NE,1,Democrat,,D,,,,legislators-historical.json,NE_CLASS_1
N000180,S283,300077,S6NE00095,Ben Nelson,Ben,E.,Nelson,,,1,2001-01-03,2007-01-03,NE,1,Democrat,,D,,,,legislators-historical.json,NE_CLASS_1
N000180,S283,300077,S6NE00095,Ben Nelson,Ben,E.,Nelson,,,2,2007-01-04,2013-01-03,NE,1,Democrat,,D,,,,legislators-historical.json,NE_CLASS_1
F000463,S357,412556,S2NE00094,Deb Fischer,Deb,,Fischer,,,1,2013-01-03,2019-01-03,NE,1,Republican,,R,,,senior,legislators-current.json,NE_CLASS_1
F000463,S357,412556,S2NE00094,Deb Fischer,Deb,,Fischer,,,2,2019-01-03,2025-01-03,NE,1,Republican,,R,,,senior,legislators-current.json,NE_CLASS_1
F000463,S357,412556,S2NE00094,Deb Fischer,Deb,,Fischer,,,3,2025-01-03,2031-01-03,NE,1,Republican,,R,,,senior,legislators-current.json,NE_CLASS_1
T000148,,410730,,John Milton Thayer,John,Milton,Thayer,,,1,1867-03-04,1871-03-03,NE,2,Republican,,R,,,,legislators-historical.json,NE_CLASS_2
H000648,,405503,,Phineas Warren Hitchcock,Phineas,Warren,Hitchcock,,,2,1871-03-04,1877-03-03,NE,2,Republican,,R,,,,legislators-historical.json,NE_CLASS_2
S000076,,409588,,Alvin Saunders,Alvin,,Saunders,,,1,1877-10-15,1883-03-03,NE,2,Republican,,R,,,,legislators-historical.json,NE_CLASS_2
M000095,,407119,,Charles Frederick Manderson,Charles,Frederick,Manderson,,,1,1883-12-03,1889-03-03,NE,2,Republican,,R,,,,legislators-historical.json,NE_CLASS_2
M000095,,407119,,Charles Frederick Manderson,Charles,Frederick,Manderson,,,2,1889-12-02,1895-03-03,NE,2,Republican,,R,,,,legislators-historical.json,NE_CLASS_2
T000256,,410831,,John Mellen Thurston,John,Mellen,Thurston,,,1,1895-12-02,1901-03-03,NE,2,Republican,,R,,,,legislators-historical.json,NE_CLASS_2
M000710,,407693,,Joseph Hopkins Millard,Joseph,Hopkins,Millard,,,1,1901-12-02,1907-03-03,NE,2,Republican,,R,,,,legislators-historical.json,NE_CLASS_2
B000939,,401893,,Norris Brown,Norris,,Brown,,,1,1907-12-02,1913-03-03,NE,2,Republican,,R,,,,legislators-historical.json,NE_CLASS_2
N000139,,408223,,George William Norris,George,William,Norris,,,6,1913-04-07,1919-03-03,NE,2,Republican,,R,,,,legislators-historical.json,NE_CLASS_2
N000139,,408223,,George William Norris,George,William,Norris,,,7,1919-05-19,1925-03-03,NE,2,Republican,,R,,,,legislators-historical.json,NE_CLASS_2
N000139,,408223,,George William Norris,George,William,Norris,,,8,1925-12-07,1931-03-03,NE,2,Republican,,R,,,,legislators-historical.json,NE_CLASS_2
N000139,,408223,,George William Norris,George,William,Norris,,,9,1931-12-07,1937-01-03,NE,2,Republican,,R,,,,legislators-historical.json,NE_CLASS_2
N000139,,408223,,George William Norris,George,William,Norris,,,10,1937-01-05,1943-01-03,NE,2,Independent,,I,,,,legislators-historical.json,NE_CLASS_2
W000344,,411506,,Kenneth Spicer Wherry,Kenneth,Spicer,Wherry,,,1,1943-01-06,1949-01-03,NE,2,Republican,,R,,,,legislators-historical.json,NE_CLASS_2
W000344,,411506,,Kenneth Spicer Wherry,Kenneth,Spicer,Wherry,,,2,1949-01-03,1951-11-29,NE,2,Republican,,R,,,,legislators-historical.json,NE_CLASS_2
S000214,,409719,,Frederick Andrew Seaton,Frederick,Andrew,Seaton,,,1,1951-12-10,1952-11-04,NE,2,Republican,,R,appointment,,,legislators-historical.json,NE_CLASS_2
G000481,,404826,,Dwight Palmer Griswold,Dwight,Palmer,Griswold,,,1,1952-11-05,1954-04-12,NE,2,Republican,,R,,,,legislators-historical.json,NE_CLASS_2
B000709,,401671,,Eva Kelly Bowring,Eva,Kelly,Bowring,,,1,1954-04-16,1954-11-07,NE,2,Republican,,R,appointment,,,legislators-historical.json,NE_CLASS_2
A000010,,400673,,Hazel Hempel Abel,Hazel,Hempel,Abel,,,1,1954-11-08,1954-12-31,NE,2,Republican,,R,,,,legislators-historical.json,NE_CLASS_2
C001006,,403113,,Carl Thomas Curtis,Carl,Thomas,Curtis,,,9,1955-01-05,1961-01-03,NE,2,Republican,,R,,,,legislators-historical.json,NE_CLASS_2
C001006,,403113,,Carl Thomas Curtis,Carl,Thomas,Curtis,,,10,1961-01-03,1967-01-03,NE,2,Republican,,R,,,,legislators-historical.json,NE_CLASS_2
C001006,,403113,,Carl Thomas Curtis,Carl,Thomas,Curtis,,,11,1967-01-10,1973-01-03,NE,2,Republican,,R,,,,legislators-historical.json,NE_CLASS_2
C001006,,403113,,Carl Thomas Curtis,Carl,Thomas,Curtis,,,12,1973-01-03,1979-01-03,NE,2,Republican,,R,,,,legislators-historical.json,NE_CLASS_2
E000284,S129,403962,,J. James Exon,J.,James,Exon,,,1,1979-01-15,1985-01-03,NE,2,Democrat,,D,,,,legislators-historical.json,NE_CLASS_2
E000284,S129,403962,,J. James Exon,J.,James,Exon,,,2,1985-01-03,1991-01-03,NE,2,Democrat,,D,,,,legislators-historical.json,NE_CLASS_2
E000284,S129,403962,,J. James Exon,J.,James,Exon,,,3,1991-01-03,1997-01-03,NE,2,Democrat,,D,,,,legislators-historical.json,NE_CLASS_2
H001028,S255,300050,S6NE00087,Charles T. Chuck Hagel,Charles,T.,Hagel,,Chuck,1,1997-01-07,2003-01-03,NE,2,Republican,,R,,,,legislators-historical.json,NE_CLASS_2
H001028,S255,300050,S6NE00087,Charles T. Chuck Hagel,Charles,T.,Hagel,,Chuck,2,2003-01-07,2009-01-03,NE,2,Republican,,R,,,,legislators-historical.json,NE_CLASS_2
J000291,S321,412320,S8NE00117,Mike Johanns,Mike,,Johanns,,,1,2009-01-06,2015-01-03,NE,2,Republican,,R,,,senior,legislators-historical.json,NE_CLASS_2
S001197,S382,412671,S4NE00090,Ben Sasse,Benjamin,Eric,Sasse,,Ben,1,2015-01-06,2021-01-03,NE,2,Republican,,R,,,junior,legislators-historical.json,NE_CLASS_2
S001197,S382,412671,S4NE00090,Ben Sasse,Benjamin,Eric,Sasse,,Ben,2,2021-01-03,2023-01-08,NE,2,Republican,,R,,,junior,legislators-historical.json,NE_CLASS_2
R000618,S423,456952,S6NE00129,Pete Ricketts,Pete,,Ricketts,,,1,2023-01-23,2024-11-05,NE,2,Republican,,R,appointment,special-election,junior,legislators-current.json,NE_CLASS_2
R000618,S423,456952,S6NE00129,Pete Ricketts,Pete,,Ricketts,,,2,2024-11-05,2027-01-03,NE,2,Republican,,R,special-election,,junior,legislators-current.json,NE_CLASS_2
W000633,,411787,,Paine Wingate,Paine,,Wingate,,,1,1789-03-04,1793-03-03,NH,2,Anti-Administration,,Other,,,,legislators-historical.json,NH_CLASS_2
L000364,,406856,,Samuel Livermore,Samuel,,Livermore,,,3,1793-12-02,1799-03-03,NH,2,Federalist,,Other,,,,legislators-historical.json,NH_CLASS_2
L000364,,406856,,Samuel Livermore,Samuel,,Livermore,,,4,1799-12-02,1801-12-31,NH,2,Federalist,,Other,,,,legislators-historical.json,NH_CLASS_2
O000060,,408335,,Simeon Olcott,Simeon,,Olcott,,,1,1801-12-07,1805-03-03,NH,2,Federalist,,Other,,,,legislators-historical.json,NH_CLASS_2
G000215,,404577,,Nicholas Gilman,Nicholas,,Gilman,,,5,1805-12-02,1811-03-03,NH,2,Republican,,R,,,,legislators-historical.json,NH_CLASS_2
G000215,,404577,,Nicholas Gilman,Nicholas,,Gilman,,,6,1811-11-04,1815-03-03,NH,2,Republican,,R,,,,legislators-historical.json,NH_CLASS_2
T000220,,410799,,Thomas Weston Thompson,Thomas,Weston,Thompson,,,2,1814-01-01,1817-03-03,NH,2,Federalist,,Other,,,,legislators-historical.json,NH_CLASS_2
M000966,,407934,,David Lawrence Morril,David,Lawrence,Morril,,,1,1817-12-01,1823-03-03,NH,2,Republican,,R,,,,legislators-historical.json,NH_CLASS_2
B000345,,401337,,Samuel Bell,Samuel,,Bell,,,1,1823-12-01,1829-03-03,NH,2,Adams,,Other,,,,legislators-historical.json,NH_CLASS_2
B000345,,401337,,Samuel Bell,Samuel,,Bell,,,2,1829-12-07,1835-03-03,NH,2,,,Other,,,,legislators-historical.json,NH_CLASS_2
H000883,,405729,,Henry Hubbard,Henry,,Hubbard,,,4,1835-12-07,1841-03-03,NH,2,Democrat,,D,,,,legislators-historical.json,NH_CLASS_2
W000711,,411863,,Levi Woodbury,Levi,,Woodbury,,,2,1841-05-31,1845-12-31,NH,2,Democrat,,D,,,,legislators-historical.json,NH_CLASS_2
J000094,,405996,,Benning Wentworth Jenness,Benning,Wentworth,Jenness,,,1,1845-12-01,1847-03-03,NH,2,Democrat,,D,,,,legislators-historical.json,NH_CLASS_2
C000396,,402535,,Joseph Cilley,Joseph,,Cilley,,,1,1846-01-01,1847-03-03,NH,2,Liberty,,Other,,,,legislators-historical.json,NH_CLASS_2
H000034,,404919,,John Parker Hale,John,Parker,Hale,,,2,1847-12-06,1853-03-03,NH,2,Free Soil,,Other,,,,legislators-historical.json,NH_CLASS_2
A000323,,400971,,Charles Gordon Atherton,Charles,Gordon,Atherton,,,5,1853-12-05,1853-12-31,NH,2,Democrat,,D,,,,legislators-historical.json,NH_CLASS_2
W000511,,411668,,Jared Warner Williams,Jared,Warner,Williams,,,3,1853-12-05,1855-03-03,NH,2,Democrat,,D,,,,legislators-historical.json,NH_CLASS_2
H000034,,404919,,John Parker Hale,John,Parker,Hale,,,3,1855-12-03,1859-03-03,NH,2,Republican,,R,,,,legislators-historical.json,NH_CLASS_2
H000034,,404919,,John Parker Hale,John,Parker,Hale,,,4,1859-12-05,1865-03-03,NH,2,Republican,,R,,,,legislators-historical.json,NH_CLASS_2
C000852,,402968,,Aaron Harrison Cragin,Aaron,Harrison,Cragin,,,3,1865-12-04,1871-03-03,NH,2,Republican,,R,,,,legislators-historical.json,NH_CLASS_2
C000852,,402968,,Aaron Harrison Cragin,Aaron,Harrison,Cragin,,,4,1871-03-04,1877-03-03,NH,2,Republican,,R,,,,legislators-historical.json,NH_CLASS_2
R000411,,409377,,Edward Henry Rollins,Edward,Henry,Rollins,,,4,1877-10-15,1883-03-03,NH,2,Republican,,R,,,,legislators-historical.json,NH_CLASS_2
P000345,,408742,,Austin Franklin Pike,Austin,Franklin,Pike,,,2,1883-12-03,1887-03-03,NH,2,Republican,,R,,,,legislators-historical.json,NH_CLASS_2
C000343,,402483,,Person Colby Cheney,Person,Colby,Cheney,,,1,1886-01-01,1887-12-31,NH,2,Republican,,R,,,,legislators-historical.json,NH_CLASS_2
C000298,,402440,,William Eaton Chandler,William,Eaton,Chandler,,,1,1887-12-05,1889-03-03,NH,2,Republican,,R,,,,legislators-historical.json,NH_CLASS_2
M000165,,407187,,Gilman Marston,Gilman,,Marston,,,4,1889-12-02,1889-12-31,NH,2,Republican,,R,,,,legislators-historical.json,NH_CLASS_2
C000298,,402440,,William Eaton Chandler,William,Eaton,Chandler,,,2,1889-12-02,1895-03-03,NH,2,Republican,,R,,,,legislators-historical.json,NH_CLASS_2
C000298,,402440,,William Eaton Chandler,William,Eaton,Chandler,,,3,1895-12-02,1901-03-03,NH,2,Republican,,R,,,,legislators-historical.json,NH_CLASS_2
B001125,,402070,,Henry Eben Burnham,Henry,Eben,Burnham,,,1,1901-12-02,1907-03-03,NH,2,Republican,,R,,,,legislators-historical.json,NH_CLASS_2
B001125,,402070,,Henry Eben Burnham,Henry,Eben,Burnham,,,2,1907-12-02,1913-03-03,NH,2,Republican,,R,,,,legislators-historical.json,NH_CLASS_2
H000727,,405578,,Henry French Hollis,Henry,French,Hollis,,,1,1913-04-07,1919-03-03,NH,2,Democrat,,D,,,,legislators-historical.json,NH_CLASS_2
K000161,,406325,,Henry Wilder Keyes,Henry,Wilder,Keyes,,,1,1919-05-19,1925-03-03,NH,2,Republican,,R,,,,legislators-historical.json,NH_CLASS_2
K000161,,406325,,Henry Wilder Keyes,Henry,Wilder,Keyes,,,2,1925-12-07,1931-03-03,NH,2,Republican,,R,,,,legislators-historical.json,NH_CLASS_2
K000161,,406325,,Henry Wilder Keyes,Henry,Wilder,Keyes,,,3,1931-12-07,1937-01-03,NH,2,Republican,,R,,,,legislators-historical.json,NH_CLASS_2
B000823,,401780,,Henry Styles Styles Bridges,Henry,Styles,Bridges,,Styles,1,1937-01-05,1943-01-03,NH,2,Republican,,R,,,,legislators-historical.json,NH_CLASS_2
B000823,,401780,,Henry Styles Styles Bridges,Henry,Styles,Bridges,,Styles,2,1943-01-06,1949-01-03,NH,2,Republican,,R,,,,legislators-historical.json,NH_CLASS_2
B000823,,401780,,Henry Styles Styles Bridges,Henry,Styles,Bridges,,Styles,3,1949-01-03,1955-01-03,NH,2,Republican,,R,,,,legislators-historical.json,NH_CLASS_2
B000823,,401780,,Henry Styles Styles Bridges,Henry,Styles,Bridges,,Styles,4,1955-01-05,1961-01-03,NH,2,Republican,,R,,,,legislators-historical.json,NH_CLASS_2
B000823,,401780,,Henry Styles Styles Bridges,Henry,Styles,Bridges,,Styles,5,1961-01-03,1961-11-26,NH,2,Republican,,R,,,,legislators-historical.json,NH_CLASS_2
M001100,,408064,,Maurice J. Murphy Jr.,Maurice,J.,Murphy,Jr.,,1,1961-12-07,1962-11-06,NH,2,Republican,,R,appointment,,,legislators-historical.json,NH_CLASS_2
M000486,,407481,,Thomas James McIntyre,Thomas,James,McIntyre,,,1,1962-11-07,1967-01-03,NH,2,Democrat,,D,,,,legislators-historical.json,NH_CLASS_2
M000486,,407481,,Thomas James McIntyre,Thomas,James,McIntyre,,,2,1967-01-10,1973-01-03,NH,2,Democrat,,D,,,,legislators-historical.json,NH_CLASS_2
M000486,,407481,,Thomas James McIntyre,Thomas,James,McIntyre,,,3,1973-01-03,1979-01-03,NH,2,Democrat,,D,,,,legislators-historical.json,NH_CLASS_2
H000951,S138,405795,,Gordon John Humphrey,Gordon,John,Humphrey,,,1,1979-01-15,1985-01-03,NH,2,Republican,,R,,,,legislators-historical.json,NH_CLASS_2
H000951,S138,405795,,Gordon John Humphrey,Gordon,John,Humphrey,,,2,1985-01-03,1990-12-04,NH,2,Republican,,R,,,,legislators-historical.json,NH_CLASS_2
S000606,S216,300155,H0NH01019|S0NH00144,Robert Bob Smith,Robert,,Smith,,Bob,4,1990-12-07,1991-01-03,NH,2,Republican,,R,,,,legislators-historical.json,NH_CLASS_2
S000606,S216,300155,H0NH01019|S0NH00144,Robert Bob Smith,Robert,,Smith,,Bob,5,1991-01-03,1997-01-03,NH,2,Republican,,R,,,,legislators-historical.json,NH_CLASS_2
S000606,S216,300155,H0NH01019|S0NH00144,Robert Bob Smith,Robert,,Smith,,Bob,6,1997-01-07,2003-01-03,NH,2,Republican,,R,,,,legislators-historical.json,NH_CLASS_2
S001078,S296,300095,S0NH00201,John E. Sununu,John,E.,Sununu,,,4,2003-01-07,2009-01-03,NH,2,Republican,,R,,,,legislators-historical.json,NH_CLASS_2
S001181,S324,412323,S0NH00219,Jeanne Shaheen,Jeanne,,Shaheen,,,1,2009-01-06,2015-01-03,NH,2,Democrat,,D,,,senior,legislators-current.json,NH_CLASS_2
S001181,S324,412323,S0NH00219,Jeanne Shaheen,Jeanne,,Shaheen,,,2,2015-01-06,2021-01-03,NH,2,Democrat,,D,,,senior,legislators-current.json,NH_CLASS_2
S001181,S324,412323,S0NH00219,Jeanne Shaheen,Jeanne,,Shaheen,,,3,2021-01-03,2027-01-03,NH,2,Democrat,,D,,,senior,legislators-current.json,NH_CLASS_2
L000067,,406576,,John Langdon,John,,Langdon,,,1,1789-03-04,1795-03-03,NH,3,Democratic Republican,,D,,,,legislators-historical.json,NH_CLASS_3
L000067,,406576,,John Langdon,John,,Langdon,,,2,1795-12-07,1801-03-03,NH,3,Republican,,R,,,,legislators-historical.json,NH_CLASS_3
S000312,,409810,,James Sheafe,James,,Sheafe,,,2,1801-12-07,1803-03-03,NH,3,Federalist,,Other,,,,legislators-historical.json,NH_CLASS_3
P000393,,408787,,William Plumer,William,,Plumer,,,1,1802-01-01,1807-03-03,NH,3,Federalist,,Other,,,,legislators-historical.json,NH_CLASS_3
P000067,,408477,,Nahum Parker,Nahum,,Parker,,,1,1807-10-26,1811-03-03,NH,3,Republican,,R,,,,legislators-historical.json,NH_CLASS_3
C001031,,403138,,Charles Cutts,Charles,,Cutts,,,1,1810-01-01,1813-03-03,NH,3,Republican,,R,,,,legislators-historical.json,NH_CLASS_3
M000217,,407235,,Jeremiah Mason,Jeremiah,,Mason,,,1,1813-05-24,1817-12-31,NH,3,Federalist,,Other,,,,legislators-historical.json,NH_CLASS_3
S000972,,410431,,Clement Storer,Clement,,Storer,,,2,1817-12-01,1819-03-03,NH,3,Republican,,R,,,,legislators-historical.json,NH_CLASS_3
P000084,,408494,,John Fabyan Parrott,John,Fabyan,Parrott,,,2,1819-12-06,1825-03-03,NH,3,Republican,,R,,,,legislators-historical.json,NH_CLASS_3
W000711,,411863,,Levi Woodbury,Levi,,Woodbury,,,1,1825-12-05,1831-03-03,NH,3,Jackson,,Other,,,,legislators-historical.json,NH_CLASS_3
H000593,,405455,,Isaac Hill,Isaac,,Hill,,,1,1831-12-05,1837-03-03,NH,3,Jackson,,Other,,,,legislators-historical.json,NH_CLASS_3
P000019,,408430,,John Page,John,,Page,,,1,1836-01-01,1837-03-03,NH,3,Jackson,,Other,,,,legislators-historical.json,NH_CLASS_3
P000333,,408730,,Franklin Pierce,Franklin,,Pierce,,,3,1837-09-04,1843-03-03,NH,3,Democrat,,D,,,,legislators-historical.json,NH_CLASS_3
W000458,,411615,,Leonard Wilcox,Leonard,,Wilcox,,,1,1842-01-01,1843-03-03,NH,3,Democrat,,D,,,,legislators-historical.json,NH_CLASS_3
A000323,,400971,,Charles Gordon Atherton,Charles,Gordon,Atherton,,,4,1843-12-04,1849-03-03,NH,3,Democrat,,D,,,,legislators-historical.json,NH_CLASS_3
N000140,,408224,,Moses Norris Jr.,Moses,,Norris,Jr.,,3,1849-12-03,1855-03-03,NH,3,Democrat,,D,,,,legislators-historical.json,NH_CLASS_3
B000337,,401329,,James Bell,James,,Bell,,,1,1855-12-03,1857-12-31,NH,3,Republican,,R,,,,legislators-historical.json,NH_CLASS_3
W000285,,411450,,John Sullivan Wells,John,Sullivan,Wells,,,1,1855-12-03,1855-12-31,NH,3,Democrat,,D,,,,legislators-historical.json,NH_CLASS_3
C000427,,402565,,Daniel Clark,Daniel,,Clark,,,1,1857-12-07,1861-03-03,NH,3,Republican,,R,,,,legislators-historical.json,NH_CLASS_3
C000427,,402565,,Daniel Clark,Daniel,,Clark,,,2,1861-07-04,1867-03-03,NH,3,Republican,,R,,,,legislators-historical.json,NH_CLASS_3
F000234,,404189,,George Gilman Fogg,George,Gilman,Fogg,,,1,1866-01-01,1867-03-03,NH,3,Republican,,R,,,,legislators-historical.json,NH_CLASS_3
P000120,,408528,,James Willis Patterson,James,Willis,Patterson,,,3,1867-03-04,1873-03-03,NH,3,Republican,,R,,,,legislators-historical.json,NH_CLASS_3
W000009,,411188,,Bainbridge Wadleigh,Bainbridge,,Wadleigh,,,1,1873-12-01,1879-03-03,NH,3,Republican,,R,,,,legislators-historical.json,NH_CLASS_3
B000331,,401323,,Charles Henry Bell,Charles,Henry,Bell,,,1,1879-03-18,1879-12-31,NH,3,Republican,,R,,,,legislators-historical.json,NH_CLASS_3
B000524,,401500,,Henry William Blair,Henry,William,Blair,,,3,1879-03-18,1885-03-03,NH,3,Republican,,R,,,,legislators-historical.json,NH_CLASS_3
B000524,,401500,,Henry William Blair,Henry,William,Blair,,,4,1885-12-07,1891-03-03,NH,3,Republican,,R,,,,legislators-historical.json,NH_CLASS_3
G000023,,404399,,Jacob Harold Gallinger,Jacob,Harold,Gallinger,,,3,1891-12-07,1897-03-03,NH,3,Republican,,R,,,,legislators-historical.json,NH_CLASS_3
G000023,,404399,,Jacob Harold Gallinger,Jacob,Harold,Gallinger,,,4,1897-03-15,1903-03-03,NH,3,Republican,,R,,,,legislators-historical.json,NH_CLASS_3
G000023,,404399,,Jacob Harold Gallinger,Jacob,Harold,Gallinger,,,5,1903-11-09,1909-03-03,NH,3,Republican,,R,,,,legislators-historical.json,NH_CLASS_3
G000023,,404399,,Jacob Harold Gallinger,Jacob,Harold,Gallinger,,,6,1909-03-15,1915-03-03,NH,3,Republican,,R,,,,legislators-historical.json,NH_CLASS_3
G000023,,404399,,Jacob Harold Gallinger,Jacob,Harold,Gallinger,,,7,1915-12-06,1918-08-17,NH,3,Republican,,R,,,,legislators-historical.json,NH_CLASS_3
D000495,,403602,,Irving Webster Drew,Irving,Webster,Drew,,,1,1918-09-02,1918-11-05,NH,3,Republican,,R,appointment,,,legislators-historical.json,NH_CLASS_3
M001028,,407995,,George Higgins Moses,George,Higgins,Moses,,,1,1918-11-06,1921-03-03,NH,3,Republican,,R,,,,legislators-historical.json,NH_CLASS_3
M001028,,407995,,George Higgins Moses,George,Higgins,Moses,,,2,1921-04-11,1927-03-04,NH,3,Republican,,R,,,,legislators-historical.json,NH_CLASS_3
M001028,,407995,,George Higgins Moses,George,Higgins,Moses,,,3,1927-12-05,1933-03-03,NH,3,Republican,,R,,,,legislators-historical.json,NH_CLASS_3
B000916,,401872,,Fred Herbert Brown,Fred,Herbert,Brown,,,1,1933-03-09,1939-01-03,NH,3,Democrat,,D,,,,legislators-historical.json,NH_CLASS_3
T000289,,410862,,Charles William Tobey,Charles,William,Tobey,,,4,1939-01-03,1945-01-03,NH,3,Republican,,R,,,,legislators-historical.json,NH_CLASS_3
T000289,,410862,,Charles William Tobey,Charles,William,Tobey,,,5,1945-01-03,1951-01-03,NH,3,Republican,,R,,,,legislators-historical.json,NH_CLASS_3
T000289,,410862,,Charles William Tobey,Charles,William,Tobey,,,6,1951-01-03,1953-07-24,NH,3,Republican,,R,,,,legislators-historical.json,NH_CLASS_3
U000032,,411054,,Robert William Upton,Robert,William,Upton,,,1,1953-08-14,1954-11-07,NH,3,Republican,,R,appointment,,,legislators-historical.json,NH_CLASS_3
C000802,,402921,,Norris H. Cotton,Norris,H.,Cotton,,,4,1954-11-08,1957-01-03,NH,3,Republican,,R,,,,legislators-historical.json,NH_CLASS_3
C000802,,402921,,Norris H. Cotton,Norris,H.,Cotton,,,5,1957-01-03,1963-01-03,NH,3,Republican,,R,,,,legislators-historical.json,NH_CLASS_3
C000802,,402921,,Norris H. Cotton,Norris,H.,Cotton,,,6,1963-01-09,1969-01-03,NH,3,Republican,,R,,,,legislators-historical.json,NH_CLASS_3
C000802,,402921,,Norris H. Cotton,Norris,H.,Cotton,,,7,1969-01-03,1974-12-31,NH,3,Republican,,R,,,,legislators-historical.json,NH_CLASS_3
W000782,,411930,,Louis Crosby Wyman,Louis,Crosby,Wyman,,,6,1974-12-31,1975-01-03,NH,3,Republican,,R,appointment,,,legislators-historical.json,NH_CLASS_3
C000802,,402921,,Norris H. Cotton,Norris,H.,Cotton,,,8,1975-08-08,1975-09-18,NH,3,Republican,,R,appointment,,,legislators-historical.json,NH_CLASS_3
D000574,,403677,,John Anthony Durkin,John,Anthony,Durkin,,,1,1975-09-18,1980-12-29,NH,3,Democrat,,D,,,,legislators-historical.json,NH_CLASS_3
R000497,S160,409456,,Warren Bruce Rudman,Warren,Bruce,Rudman,,,1,1980-12-29,1981-01-03,NH,3,Republican,,R,,,,legislators-historical.json,NH_CLASS_3
R000497,S160,409456,,Warren Bruce Rudman,Warren,Bruce,Rudman,,,2,1981-01-05,1987-01-03,NH,3,Republican,,R,,,,legislators-historical.json,NH_CLASS_3
R000497,S160,409456,,Warren Bruce Rudman,Warren,Bruce,Rudman,,,3,1987-01-06,1993-01-03,NH,3,Republican,,R,,,,legislators-historical.json,NH_CLASS_3
G000445,S224,300049,S2NH00025,Judd A. Gregg,Judd,A.,Gregg,,,5,1993-01-05,1999-01-03,NH,3,Republican,,R,,,,legislators-historical.json,NH_CLASS_3
G000445,S224,300049,S2NH00025,Judd A. Gregg,Judd,A.,Gregg,,,6,1999-01-06,2005-01-03,NH,3,Republican,,R,,,,legislators-historical.json,NH_CLASS_3
G000445,S224,300049,S2NH00025,Judd A. Gregg,Judd,A.,Gregg,,,7,2005-01-04,2011-01-03,NH,3,Republican,,R,,,,legislators-historical.json,NH_CLASS_3
A000368,S340,412493,S0NH00235,Kelly Ayotte,Kelly,,Ayotte,,,1,2011-01-05,2017-01-03,NH,3,Republican,,R,,,junior,legislators-historical.json,NH_CLASS_3
H001076,S388,412680,S6NH00091,Margaret Wood Hassan,Margaret,Wood,Hassan,,Maggie,1,2017-01-03,2023-01-03,NH,3,Democrat,,D,,,junior,legislators-current.json,NH_CLASS_3
H001076,S388,412680,S6NH00091,Margaret Wood Hassan,Margaret,Wood,Hassan,,Maggie,2,2023-01-03,2029-01-03,NH,3,Democrat,,D,,,junior,legislators-current.json,NH_CLASS_3
E000155,,403846,,Jonathan Elmer,Jonathan,,Elmer,,,1,1789-03-04,1791-03-03,NJ,1,Pro-Administration,,Other,,,,legislators-historical.json,NJ_CLASS_1
R000550,,409506,,John Rutherfurd,John,,Rutherfurd,,,1,1791-10-24,1797-03-03,NJ,1,Federalist,,Other,,,,legislators-historical.json,NJ_CLASS_1
R000550,,409506,,John Rutherfurd,John,,Rutherfurd,,,2,1797-05-15,1799-03-03,NJ,1,Federalist,,Other,,,,legislators-historical.json,NJ_CLASS_1
D000069,,403207,,Franklin Davenport,Franklin,,Davenport,,,1,1798-12-05,1799-03-03,NJ,1,Federalist,,Other,,,,legislators-historical.json,NJ_CLASS_1
S000150,,409657,,James Schureman,James,,Schureman,,,3,1799-12-02,1801-12-31,NJ,1,Federalist,,Other,,,,legislators-historical.json,NJ_CLASS_1
O000041,,408324,,Aaron Ogden,Aaron,,Ogden,,,1,1801-12-07,1803-03-03,NJ,1,Federalist,,Other,,,,legislators-historical.json,NJ_CLASS_1
C000671,,402797,,John Condit,John,,Condit,,,3,1803-10-17,1809-03-03,NJ,1,Republican,,R,,,,legislators-historical.json,NJ_CLASS_1
L000036,,406546,,John Lambert,John,,Lambert,,,3,1809-05-22,1815-03-03,NJ,1,Republican,,R,,,,legislators-historical.json,NJ_CLASS_1
W000595,,411750,,James Jefferson Wilson,James,Jefferson,Wilson,,,1,1815-12-04,1821-01-08,NJ,1,Republican,,R,,,,legislators-historical.json,NJ_CLASS_1
S000689,,410160,,Samuel Lewis Southard,Samuel,Lewis,Southard,,,1,1821-01-26,1821-03-03,NJ,1,Republican,,R,,,,legislators-historical.json,NJ_CLASS_1
S000689,,410160,,Samuel Lewis Southard,Samuel,Lewis,Southard,,,2,1821-03-06,1823-03-03,NJ,1,Republican,,R,,,,legislators-historical.json,NJ_CLASS_1
M000475,,407473,,Joseph McIlvaine,Joseph,,McIlvaine,,,1,1823-11-12,1826-08-19,NJ,1,Adams,,Other,,,,legislators-historical.json,NJ_CLASS_1
B000228,,401224,,Ephraim Bateman,Ephraim,,Bateman,,,5,1826-11-09,1827-03-03,NJ,1,Adams,,Other,,,,legislators-historical.json,NJ_CLASS_1
B000228,,401224,,Ephraim Bateman,Ephraim,,Bateman,,,6,1827-12-03,1829-01-12,NJ,1,Adams,,Other,,,,legislators-historical.json,NJ_CLASS_1
D000308,,403429,,Mahlon Dickerson,Mahlon,,Dickerson,,,3,1829-12-07,1833-03-03,NJ,1,Jackson,,Other,,,,legislators-historical.json,NJ_CLASS_1
S000689,,410160,,Samuel Lewis Southard,Samuel,Lewis,Southard,,,3,1833-12-02,1839-03-03,NJ,1,Whig,,Other,,,,legislators-historical.json,NJ_CLASS_1
S000689,,410160,,Samuel Lewis Southard,Samuel,Lewis,Southard,,,4,1839-12-02,1842-06-26,NJ,1,Whig,,Other,,,,legislators-historical.json,NJ_CLASS_1
D000166,,403298,,William Lewis Dayton,William,Lewis,Dayton,,,1,1842-01-01,1845-03-03,NJ,1,Whig,,Other,,,,legislators-historical.json,NJ_CLASS_1
D000166,,403298,,William Lewis Dayton,William,Lewis,Dayton,,,2,1845-12-01,1851-03-03,NJ,1,Whig,,Other,,,,legislators-historical.json,NJ_CLASS_1
S000942,,410401,,Robert Field Stockton,Robert,Field,Stockton,,,1,1851-12-01,1853-12-31,NJ,1,Democrat,,D,,,,legislators-historical.json,NJ_CLASS_1
T000231,,410810,,John Renshaw Thomson,John,Renshaw,Thomson,,,1,1853-12-05,1857-03-03,NJ,1,Democrat,,D,,,,legislators-historical.json,NJ_CLASS_1
T000231,,410810,,John Renshaw Thomson,John,Renshaw,Thomson,,,2,1857-12-07,1863-03-03,NJ,1,Democrat,,D,,,,legislators-historical.json,NJ_CLASS_1
F000106,,404063,,Richard Stockton Field,Richard,Stockton,Field,,,1,1862-01-01,1863-03-03,NJ,1,Republican,,R,,,,legislators-historical.json,NJ_CLASS_1
W000072,,411251,,James Walter Wall,James,Walter,Wall,,,1,1863-12-07,1863-12-31,NJ,1,Democrat,,D,,,,legislators-historical.json,NJ_CLASS_1
W000772,,411921,,William Wright,William,,Wright,,,4,1863-12-07,1867-03-03,NJ,1,Democrat,,D,,,,legislators-historical.json,NJ_CLASS_1
F000369,,404315,,Frederick Theodore Frelinghuysen,Frederick,Theodore,Frelinghuysen,,,1,1866-01-01,1869-03-03,NJ,1,Republican,,R,,,,legislators-historical.json,NJ_CLASS_1
S000939,,410398,,John Potter Stockton,John,Potter,Stockton,,,2,1869-03-04,1875-03-03,NJ,1,Democrat,,D,,,,legislators-historical.json,NJ_CLASS_1
R000050,,409031,,Theodore Fitz Randolph,Theodore,Fitz,Randolph,,,1,1875-12-06,1881-03-03,NJ,1,Democrat,,D,,,,legislators-historical.json,NJ_CLASS_1
S000262,,409763,,William Joyce Sewell,William,Joyce,Sewell,,,1,1881-12-05,1887-03-03,NJ,1,Republican,,R,,,,legislators-historical.json,NJ_CLASS_1
B000562,,401536,,Rufus Blodgett,Rufus,,Blodgett,,,1,1887-12-05,1893-03-03,NJ,1,Democrat,,D,,,,legislators-historical.json,NJ_CLASS_1
S000561,,410043,,James Smith Jr.,James,,Smith,Jr.,,1,1893-08-07,1899-03-03,NJ,1,Democrat,,D,,,,legislators-historical.json,NJ_CLASS_1
K000028,,406199,,John Kean,John,,Kean,,,3,1899-12-04,1905-03-03,NJ,1,Republican,,R,,,,legislators-historical.json,NJ_CLASS_1
K000028,,406199,,John Kean,John,,Kean,,,4,1905-12-04,1911-03-03,NJ,1,Republican,,R,,,,legislators-historical.json,NJ_CLASS_1
M000205,,407225,,James Edgar Martine,James,Edgar,Martine,,,1,1911-04-04,1917-03-03,NJ,1,Democrat,,D,,,,legislators-historical.json,NJ_CLASS_1
F000370,,404316,,Joseph Sherman Frelinghuysen,Joseph,Sherman,Frelinghuysen,,,1,1917-04-02,1923-03-03,NJ,1,Republican,,R,,,,legislators-historical.json,NJ_CLASS_1
E000066,,403759,,Edward Irving Edwards,Edward,Irving,Edwards,,,1,1923-12-03,1929-03-03,NJ,1,Democrat,,D,,,,legislators-historical.json,NJ_CLASS_1
K000026,,406197,,Hamilton Fish Kean,Hamilton,Fish,Kean,,,1,1929-04-15,1935-01-03,NJ,1,Republican,,R,,,,legislators-historical.json,NJ_CLASS_1
M000893,,407865,,Arthur Harry Moore,Arthur,Harry,Moore,,,1,1935-01-03,1938-01-18,NJ,1,Democrat,,D,,,,legislators-historical.json,NJ_CLASS_1
M000787,,407765,,John Gerald Milton,John,Gerald,Milton,,,1,1938-01-18,1938-11-08,NJ,1,Democrat,,D,appointment,,,legislators-historical.json,NJ_CLASS_1
B000132,,401133,,William Warren Barbour,William,Warren,Barbour,,,2,1938-11-09,1941-01-03,NJ,1,Republican,,R,,,,legislators-historical.json,NJ_CLASS_1
B000132,,401133,,William Warren Barbour,William,Warren,Barbour,,,3,1941-01-03,1943-11-22,NJ,1,Republican,,R,,,,legislators-historical.json,NJ_CLASS_1
W000096,,411275,,Arthur Walsh,Arthur,,Walsh,,,1,1943-11-26,1944-12-07,NJ,1,Democrat,,D,appointment,,,legislators-historical.json,NJ_CLASS_1
S000553,,410035,,Howard Alexander Smith,Howard,Alexander,Smith,,,1,1944-12-07,1947-01-03,NJ,1,Republican,,R,,,,legislators-historical.json,NJ_CLASS_1
S000553,,410035,,Howard Alexander Smith,Howard,Alexander,Smith,,,2,1947-01-03,1953-01-03,NJ,1,Republican,,R,,,,legislators-historical.json,NJ_CLASS_1
S000553,,410035,,Howard Alexander Smith,Howard,Alexander,Smith,,,3,1953-01-03,1959-01-03,NJ,1,Republican,,R,,,,legislators-historical.json,NJ_CLASS_1
W000502,,411659,,Harrison Arlington Williams Jr.,Harrison,Arlington,Williams,Jr.,,3,1959-01-07,1965-01-03,NJ,1,Democrat,,D,,,,legislators-historical.json,NJ_CLASS_1
W000502,,411659,,Harrison Arlington Williams Jr.,Harrison,Arlington,Williams,Jr.,,4,1965-01-04,1971-01-03,NJ,1,Democrat,,D,,,,legislators-historical.json,NJ_CLASS_1
W000502,,411659,,Harrison Arlington Williams Jr.,Harrison,Arlington,Williams,Jr.,,5,1971-01-21,1977-01-03,NJ,1,Democrat,,D,,,,legislators-historical.json,NJ_CLASS_1
W000502,,411659,,Harrison Arlington Williams Jr.,Harrison,Arlington,Williams,Jr.,,6,1977-01-04,1982-03-11,NJ,1,Democrat,,D,,,,legislators-historical.json,NJ_CLASS_1
B000756,,401715,,Nicholas Frederick Brady,Nicholas,Frederick,Brady,,,1,1982-04-12,1982-12-27,NJ,1,Republican,,R,appointment,,,legislators-historical.json,NJ_CLASS_1
L000123,S166,300064,S2NJ00080,Frank R. Lautenberg,Frank,R.,Lautenberg,,,1,1982-12-27,1983-01-03,NJ,1,Democrat,,D,,,,legislators-historical.json,NJ_CLASS_1
L000123,S166,300064,S2NJ00080,Frank R. Lautenberg,Frank,R.,Lautenberg,,,2,1983-01-03,1989-01-03,NJ,1,Democrat,,D,,,,legislators-historical.json,NJ_CLASS_1
L000123,S166,300064,S2NJ00080,Frank R. Lautenberg,Frank,R.,Lautenberg,,,3,1989-01-03,1995-01-03,NJ,1,Democrat,,D,,,,legislators-historical.json,NJ_CLASS_1
L000123,S166,300064,S2NJ00080,Frank R. Lautenberg,Frank,R.,Lautenberg,,,4,1995-01-04,2001-01-03,NJ,1,Democrat,,D,,,,legislators-historical.json,NJ_CLASS_1
C001042,S279,300028,,Jon Stevens Corzine,Jon,Stevens,Corzine,,,1,2001-01-03,2006-01-17,NJ,1,Democrat,,D,,,,legislators-historical.json,NJ_CLASS_1
M000639,S306,400272,H2NJ13075|S6NJ00289,Robert Menendez,Robert,,Menendez,,Bob,8,2006-01-18,2007-01-03,NJ,1,Democrat,,D,appointment,,,legislators-historical.json,NJ_CLASS_1
M000639,S306,400272,H2NJ13075|S6NJ00289,Robert Menendez,Robert,,Menendez,,Bob,9,2007-01-04,2013-01-03,NJ,1,Democrat,,D,,,,legislators-historical.json,NJ_CLASS_1
M000639,S306,400272,H2NJ13075|S6NJ00289,Robert Menendez,Robert,,Menendez,,Bob,10,2013-01-03,2019-01-03,NJ,1,Democrat,,D,,,senior,legislators-historical.json,NJ_CLASS_1
M000639,S306,400272,H2NJ13075|S6NJ00289,Robert Menendez,Robert,,Menendez,,Bob,11,2019-01-03,2024-08-20,NJ,1,Democrat,,D,,,senior,legislators-historical.json,NJ_CLASS_1
H001097,S425,456961,,George S. Helmy,George,S.,Helmy,,,1,2024-09-09,2024-12-08,NJ,1,Democrat,,D,appointment,,junior,legislators-historical.json,NJ_CLASS_1
K000394,S426,412797,H8NJ03206|S4NJ00466,Andy Kim,Andy,,Kim,,,4,2024-12-09,2025-01-03,NJ,1,Democrat,,D,,,junior,legislators-current.json,NJ_CLASS_1
K000394,S426,412797,H8NJ03206|S4NJ00466,Andy Kim,Andy,,Kim,,,5,2025-01-03,2031-01-03,NJ,1,Democrat,,D,,,junior,legislators-current.json,NJ_CLASS_1
P000102,,408510,,William Paterson,William,,Paterson,,,1,1789-03-04,1791-03-03,NJ,2,Pro-Administration,,Other,,,,legislators-historical.json,NJ_CLASS_2
D000324,,403444,,Philemon Dickinson,Philemon,,Dickinson,,,1,1790-01-01,1793-03-03,NJ,2,Pro-Administration,,Other,,,,legislators-historical.json,NJ_CLASS_2
F000368,,404314,,Frederick Frelinghuysen,Frederick,,Frelinghuysen,,,1,1793-12-02,1797-03-03,NJ,2,Federalist,,Other,,,,legislators-historical.json,NJ_CLASS_2
S000941,,410400,,Richard Stockton,Richard,,Stockton,,,1,1796-01-01,1799-03-03,NJ,2,Federalist,,Other,,,,legislators-historical.json,NJ_CLASS_2
D000165,,403297,,Jonathan Dayton,Jonathan,,Dayton,,,5,1799-12-02,1805-03-03,NJ,2,Federalist,,Other,,,,legislators-historical.json,NJ_CLASS_2
K000246,,406405,,Aaron Kitchell,Aaron,,Kitchell,,,5,1805-12-02,1809-12-31,NJ,2,Republican,,R,,,,legislators-historical.json,NJ_CLASS_2
C000671,,402797,,John Condit,John,,Condit,,,4,1809-05-22,1811-03-03,NJ,2,Republican,,R,,,,legislators-historical.json,NJ_CLASS_2
C000671,,402797,,John Condit,John,,Condit,,,5,1811-11-04,1817-03-03,NJ,2,Republican,,R,,,,legislators-historical.json,NJ_CLASS_2
D000308,,403429,,Mahlon Dickerson,Mahlon,,Dickerson,,,1,1817-12-01,1823-03-03,NJ,2,Republican,,R,,,,legislators-historical.json,NJ_CLASS_2
D000308,,403429,,Mahlon Dickerson,Mahlon,,Dickerson,,,2,1823-12-01,1829-03-03,NJ,2,Jackson,,Other,,,,legislators-historical.json,NJ_CLASS_2
F000373,,404318,,Theodore Frelinghuysen,Theodore,,Frelinghuysen,,,1,1829-12-07,1835-03-03,NJ,2,Anti-Jacksonian,,Other,,,,legislators-historical.json,NJ_CLASS_2
W000071,,411250,,Garret Dorset Wall,Garret,Dorset,Wall,,,1,1835-12-07,1841-03-03,NJ,2,Democrat,,D,,,,legislators-historical.json,NJ_CLASS_2
M000731,,407710,,Jacob Welsh Miller,Jacob,Welsh,Miller,,,1,1841-05-31,1847-03-03,NJ,2,Whig,,Other,,,,legislators-historical.json,NJ_CLASS_2
M000731,,407710,,Jacob Welsh Miller,Jacob,Welsh,Miller,,,2,1847-12-06,1853-03-03,NJ,2,Whig,,Other,,,,legislators-historical.json,NJ_CLASS_2
W000772,,411921,,William Wright,William,,Wright,,,3,1853-12-05,1859-03-03,NJ,2,Democrat,,D,,,,legislators-historical.json,NJ_CLASS_2
T000122,,410705,,John Conover Ten Eyck,John,Conover,Ten Eyck,,,1,1859-12-05,1865-03-03,NJ,2,Republican,,R,,,,legislators-historical.json,NJ_CLASS_2
S000939,,410398,,John Potter Stockton,John,Potter,Stockton,,,1,1865-12-04,1867-03-03,NJ,2,Democrat,,D,,,,legislators-historical.json,NJ_CLASS_2
C000254,,402398,,Alexander Gilmore Cattell,Alexander,Gilmore,Cattell,,,1,1866-01-01,1871-03-03,NJ,2,Republican,,R,,,,legislators-historical.json,NJ_CLASS_2
F000369,,404315,,Frederick Theodore Frelinghuysen,Frederick,Theodore,Frelinghuysen,,,2,1871-03-04,1877-03-03,NJ,2,Republican,,R,,,,legislators-historical.json,NJ_CLASS_2
M000593,,407582,,John Rhoderic McPherson,John,Rhoderic,McPherson,,,1,1877-10-15,1883-03-03,NJ,2,Democrat,,D,,,,legislators-historical.json,NJ_CLASS_2
M000593,,407582,,John Rhoderic McPherson,John,Rhoderic,McPherson,,,2,1883-12-03,1889-03-03,NJ,2,Democrat,,D,,,,legislators-historical.json,NJ_CLASS_2
M000593,,407582,,John Rhoderic McPherson,John,Rhoderic,McPherson,,,3,1889-12-02,1895-03-03,NJ,2,Democrat,,D,,,,legislators-historical.json,NJ_CLASS_2
S000262,,409763,,William Joyce Sewell,William,Joyce,Sewell,,,2,1895-12-02,1901-03-03,NJ,2,Republican,,R,,,,legislators-historical.json,NJ_CLASS_2
D000507,,403614,,John Fairfield Dryden,John,Fairfield,Dryden,,,1,1902-01-29,1907-03-03,NJ,2,Republican,,R,,,,legislators-historical.json,NJ_CLASS_2
B000827,,401784,,Frank Obadiah Briggs,Frank,Obadiah,Briggs,,,1,1907-12-02,1913-03-03,NJ,2,Republican,,R,,,,legislators-historical.json,NJ_CLASS_2
H000929,,405774,,William Hughes,William,,Hughes,,,5,1913-04-07,1918-01-30,NJ,2,Democrat,,D,,,,legislators-historical.json,NJ_CLASS_2
B000052,,401057,,David Baird,David,,Baird,,,1,1918-02-23,1919-03-03,NJ,2,Republican,,R,appointment,,,legislators-historical.json,NJ_CLASS_2
E000044,,403739,,Walter Evans Edge,Walter,Evans,Edge,,,1,1919-05-19,1925-03-03,NJ,2,Republican,,R,,,,legislators-historical.json,NJ_CLASS_2
E000044,,403739,,Walter Evans Edge,Walter,Evans,Edge,,,2,1925-12-07,1929-11-21,NJ,2,Republican,,R,,,,legislators-historical.json,NJ_CLASS_2
B000053,,401058,,David Baird Jr.,David,,Baird,Jr.,,1,1929-11-30,1930-12-02,NJ,2,Republican,,R,appointment,,,legislators-historical.json,NJ_CLASS_2
M001002,,407970,,Dwight Whitney Morrow,Dwight,Whitney,Morrow,,,1,1930-12-03,1931-03-03,NJ,2,Republican,,R,,,,legislators-historical.json,NJ_CLASS_2
M001002,,407970,,Dwight Whitney Morrow,Dwight,Whitney,Morrow,,,2,1931-03-04,1931-10-05,NJ,2,Republican,,R,,,,legislators-historical.json,NJ_CLASS_2
B000132,,401133,,William Warren Barbour,William,Warren,Barbour,,,1,1931-12-07,1937-01-03,NJ,2,Republican,,R,appointment,,,legislators-historical.json,NJ_CLASS_2
S000506,,409993,,William Howell Smathers,William,Howell,Smathers,,,1,1937-04-15,1943-01-03,NJ,2,Democrat,,D,,,,legislators-historical.json,NJ_CLASS_2
H000365,,405234,,Albert Wahl Hawkes,Albert,Wahl,Hawkes,,,1,1943-01-06,1949-01-03,NJ,2,Republican,,R,,,,legislators-historical.json,NJ_CLASS_2
H000495,,405358,,Robert Clymer Hendrickson,Robert,Clymer,Hendrickson,,,1,1949-01-03,1955-01-03,NJ,2,Republican,,R,,,,legislators-historical.json,NJ_CLASS_2
C000220,,402366,,Clifford Philip Case,Clifford,Philip,Case,,,6,1955-01-05,1961-01-03,NJ,2,Republican,,R,,,,legislators-historical.json,NJ_CLASS_2
C000220,,402366,,Clifford Philip Case,Clifford,Philip,Case,,,7,1961-01-03,1967-01-03,NJ,2,Republican,,R,,,,legislators-historical.json,NJ_CLASS_2
C000220,,402366,,Clifford Philip Case,Clifford,Philip,Case,,,8,1967-01-10,1973-01-03,NJ,2,Republican,,R,,,,legislators-historical.json,NJ_CLASS_2
C000220,,402366,,Clifford Philip Case,Clifford,Philip,Case,,,9,1973-01-03,1979-01-03,NJ,2,Republican,,R,,,,legislators-historical.json,NJ_CLASS_2
B001225,S132,401709,,William Warren Bill Bradley,William,Warren,Bradley,,Bill,1,1979-01-15,1985-01-03,NJ,2,Democrat,,D,,,,legislators-historical.json,NJ_CLASS_2
B001225,S132,401709,,William Warren Bill Bradley,William,Warren,Bradley,,Bill,2,1985-01-03,1991-01-03,NJ,2,Democrat,,D,,,,legislators-historical.json,NJ_CLASS_2
B001225,S132,401709,,William Warren Bill Bradley,William,Warren,Bradley,,Bill,3,1991-01-03,1997-01-03,NJ,2,Democrat,,D,,,,legislators-historical.json,NJ_CLASS_2
T000317,S263,300156,H2NJ09016|S6NJ00172,Robert Torricelli,Robert,,Torricelli,,,8,1997-01-07,2003-01-03,NJ,2,Democrat,,D,,,,legislators-historical.json,NJ_CLASS_2
L000123,S166,300064,S2NJ00080,Frank R. Lautenberg,Frank,R.,Lautenberg,,,5,2003-01-07,2009-01-03,NJ,2,Democrat,,D,,,,legislators-historical.json,NJ_CLASS_2
L000123,S166,300064,S2NJ00080,Frank R. Lautenberg,Frank,R.,Lautenberg,,,6,2009-01-06,2013-06-03,NJ,2,Democrat,,D,,,senior,legislators-historical.json,NJ_CLASS_2
C001100,S368,412597,,Jeff Chiesa,Jeffrey,Scott,Chiesa,,,1,2013-06-10,2013-10-31,NJ,2,Republican,,R,appointment,,junior,legislators-historical.json,NJ_CLASS_2
B001288,S370,412598,S4NJ00185,Cory A. Booker,Cory,Anthony,Booker,,,1,2013-10-31,2015-01-03,NJ,2,Democrat,,D,,,junior,legislators-current.json,NJ_CLASS_2
B001288,S370,412598,S4NJ00185,Cory A. Booker,Cory,Anthony,Booker,,,2,2015-01-06,2021-01-03,NJ,2,Democrat,,D,,,junior,legislators-current.json,NJ_CLASS_2
B001288,S370,412598,S4NJ00185,Cory A. Booker,Cory,Anthony,Booker,,,3,2021-01-03,2027-01-03,NJ,2,Democrat,,D,,,senior,legislators-current.json,NJ_CLASS_2
C000253,,402397,,Thomas Benton Catron,Thomas,Benton,Catron,,,2,1912-03-27,1917-03-03,NM,1,Republican,,R,,,,legislators-historical.json,NM_CLASS_1
J000210,,406105,,Andrieus Aristieus Jones,Andrieus,Aristieus,Jones,,,1,1917-04-02,1923-03-03,NM,1,Democrat,,D,,,,legislators-historical.json,NM_CLASS_1
J000210,,406105,,Andrieus Aristieus Jones,Andrieus,Aristieus,Jones,,,2,1923-12-03,1927-12-20,NM,1,Democrat,,D,,,,legislators-historical.json,NM_CLASS_1
C001028,,403135,,Bronson Murray Cutting,Bronson,Murray,Cutting,,,1,1927-12-29,1928-12-06,NM,1,Republican,,R,appointment,,,legislators-historical.json,NM_CLASS_1
L000101,,406608,,Octaviano Ambrosio Larrazolo,Octaviano,Ambrosio,Larrazolo,,,1,1928-12-07,1929-03-03,NM,1,Republican,,R,,,,legislators-historical.json,NM_CLASS_1
C001028,,403135,,Bronson Murray Cutting,Bronson,Murray,Cutting,,,2,1929-04-15,1935-01-03,NM,1,Republican,,R,,,,legislators-historical.json,NM_CLASS_1
C001028,,403135,,Bronson Murray Cutting,Bronson,Murray,Cutting,,,3,1935-01-03,1935-05-06,NM,1,Republican,,R,,,,legislators-historical.json,NM_CLASS_1
C000338,,402478,,Dennis Chavez,Dennis,,Chavez,,,3,1935-05-11,1941-01-03,NM,1,Democrat,,D,appointment,,,legislators-historical.json,NM_CLASS_1
C000338,,402478,,Dennis Chavez,Dennis,,Chavez,,,4,1941-01-03,1947-01-03,NM,1,Democrat,,D,,,,legislators-historical.json,NM_CLASS_1
C000338,,402478,,Dennis Chavez,Dennis,,Chavez,,,5,1947-01-03,1953-01-03,NM,1,Democrat,,D,,,,legislators-historical.json,NM_CLASS_1
C000338,,402478,,Dennis Chavez,Dennis,,Chavez,,,6,1953-01-03,1959-01-03,NM,1,Democrat,,D,,,,legislators-historical.json,NM_CLASS_1
C000338,,402478,,Dennis Chavez,Dennis,,Chavez,,,7,1959-01-07,1962-11-18,NM,1,Democrat,,D,,,,legislators-historical.json,NM_CLASS_1
M000623,,407612,,Edwin Leard Mechem,Edwin,Leard,Mechem,,,1,1962-11-30,1964-11-03,NM,1,Republican,,R,appointment,,,legislators-historical.json,NM_CLASS_1
M000876,,407848,,Joseph Manuel Montoya,Joseph,Manuel,Montoya,,,5,1964-11-04,1965-01-03,NM,1,Democrat,,D,,,,legislators-historical.json,NM_CLASS_1
M000876,,407848,,Joseph Manuel Montoya,Joseph,Manuel,Montoya,,,6,1965-01-04,1971-01-03,NM,1,Democrat,,D,,,,legislators-historical.json,NM_CLASS_1
M000876,,407848,,Joseph Manuel Montoya,Joseph,Manuel,Montoya,,,7,1971-01-21,1977-01-03,NM,1,Democrat,,D,,,,legislators-historical.json,NM_CLASS_1
S000132,,409640,,Harrison Hagan Schmitt,Harrison,Hagan,Schmitt,,,1,1977-01-04,1983-01-03,NM,1,Republican,,R,,,,legislators-historical.json,NM_CLASS_1
B000468,S167,300009,S2NM00021,Jeff Bingaman,Jeff,,Bingaman,,,1,1983-01-03,1989-01-03,NM,1,Democrat,,D,,,,legislators-historical.json,NM_CLASS_1
B000468,S167,300009,S2NM00021,Jeff Bingaman,Jeff,,Bingaman,,,2,1989-01-03,1995-01-03,NM,1,Democrat,,D,,,,legislators-historical.json,NM_CLASS_1
B000468,S167,300009,S2NM00021,Jeff Bingaman,Jeff,,Bingaman,,,3,1995-01-04,2001-01-03,NM,1,Democrat,,D,,,,legislators-historical.json,NM_CLASS_1
B000468,S167,300009,S2NM00021,Jeff Bingaman,Jeff,,Bingaman,,,4,2001-01-03,2007-01-03,NM,1,Democrat,,D,,,,legislators-historical.json,NM_CLASS_1
B000468,S167,300009,S2NM00021,Jeff Bingaman,Jeff,,Bingaman,,,5,2007-01-04,2013-01-03,NM,1,Democrat,,D,,,,legislators-historical.json,NM_CLASS_1
H001046,S359,412281,H8NM01224|S2NM00088,Martin Heinrich,Martin,,Heinrich,,,3,2013-01-03,2019-01-03,NM,1,Democrat,,D,,,junior,legislators-current.json,NM_CLASS_1
H001046,S359,412281,H8NM01224|S2NM00088,Martin Heinrich,Martin,,Heinrich,,,4,2019-01-03,2025-01-03,NM,1,Democrat,,D,,,senior,legislators-current.json,NM_CLASS_1
H001046,S359,412281,H8NM01224|S2NM00088,Martin Heinrich,Martin,,Heinrich,,,5,2025-01-03,2031-01-03,NM,1,Democrat,,D,,,senior,legislators-current.json,NM_CLASS_1
F000011,,403973,,Albert Bacon Fall,Albert,Bacon,Fall,,,1,1912-03-27,1913-03-03,NM,2,Republican,,R,,,,legislators-historical.json,NM_CLASS_2
F000011,,403973,,Albert Bacon Fall,Albert,Bacon,Fall,,,2,1913-03-04,1919-03-03,NM,2,Republican,,R,,,,legislators-historical.json,NM_CLASS_2
F000011,,403973,,Albert Bacon Fall,Albert,Bacon,Fall,,,3,1919-05-19,1921-03-04,NM,2,Republican,,R,,,,legislators-historical.json,NM_CLASS_2
B001144,,402087,,Holm Olaf Bursum,Holm,Olaf,Bursum,,,1,1921-04-11,1925-03-03,NM,2,Republican,,R,appointment,,,legislators-historical.json,NM_CLASS_2
B000774,,401733,,Sam Gilbert Bratton,Sam,Gilbert,Bratton,,,1,1925-12-07,1931-03-03,NM,2,Democrat,,D,,,,legislators-historical.json,NM_CLASS_2
B000774,,401733,,Sam Gilbert Bratton,Sam,Gilbert,Bratton,,,2,1931-12-07,1933-06-24,NM,2,Democrat,,D,,,,legislators-historical.json,NM_CLASS_2
H000334,,405204,,Carl Atwood Hatch,Carl,Atwood,Hatch,,,1,1933-10-10,1937-01-03,NM,2,Democrat,,D,appointment,,,legislators-historical.json,NM_CLASS_2
H000334,,405204,,Carl Atwood Hatch,Carl,Atwood,Hatch,,,2,1937-01-05,1943-01-03,NM,2,Democrat,,D,,,,legislators-historical.json,NM_CLASS_2
H000334,,405204,,Carl Atwood Hatch,Carl,Atwood,Hatch,,,3,1943-01-06,1949-01-03,NM,2,Democrat,,D,,,,legislators-historical.json,NM_CLASS_2
A000186,,400841,,Clinton Presba Anderson,Clinton,Presba,Anderson,,,4,1949-01-03,1955-01-03,NM,2,Democrat,,D,,,,legislators-historical.json,NM_CLASS_2
A000186,,400841,,Clinton Presba Anderson,Clinton,Presba,Anderson,,,5,1955-01-05,1961-01-03,NM,2,Democrat,,D,,,,legislators-historical.json,NM_CLASS_2
A000186,,400841,,Clinton Presba Anderson,Clinton,Presba,Anderson,,,6,1961-01-03,1967-01-03,NM,2,Democrat,,D,,,,legislators-historical.json,NM_CLASS_2
A000186,,400841,,Clinton Presba Anderson,Clinton,Presba,Anderson,,,7,1967-01-10,1973-01-03,NM,2,Democrat,,D,,,,legislators-historical.json,NM_CLASS_2
D000407,S027,300036,S8NM00010,Pete V. Domenici,Pete,V.,Domenici,,,1,1973-01-03,1979-01-03,NM,2,Republican,,R,,,,legislators-historical.json,NM_CLASS_2
D000407,S027,300036,S8NM00010,Pete V. Domenici,Pete,V.,Domenici,,,2,1979-01-15,1985-01-03,NM,2,Republican,,R,,,,legislators-historical.json,NM_CLASS_2
D000407,S027,300036,S8NM00010,Pete V. Domenici,Pete,V.,Domenici,,,3,1985-01-03,1991-01-03,NM,2,Republican,,R,,,,legislators-historical.json,NM_CLASS_2
D000407,S027,300036,S8NM00010,Pete V. Domenici,Pete,V.,Domenici,,,4,1991-01-03,1997-01-03,NM,2,Republican,,R,,,,legislators-historical.json,NM_CLASS_2
D000407,S027,300036,S8NM00010,Pete V. Domenici,Pete,V.,Domenici,,,5,1997-01-07,2003-01-03,NM,2,Republican,,R,,,,legislators-historical.json,NM_CLASS_2
D000407,S027,300036,S8NM00010,Pete V. Domenici,Pete,V.,Domenici,,,6,2003-01-07,2009-01-03,NM,2,Republican,,R,,,,legislators-historical.json,NM_CLASS_2
U000039,S326,400413,H8NM03097|S8NM00184,Tom Udall,Tom,S.,Udall,,,6,2009-01-06,2015-01-03,NM,2,Democrat,,D,,,senior,legislators-historical.json,NM_CLASS_2
U000039,S326,400413,H8NM03097|S8NM00184,Tom Udall,Tom,S.,Udall,,,7,2015-01-06,2021-01-03,NM,2,Democrat,,D,,,senior,legislators-historical.json,NM_CLASS_2
L000570,S409,412293,H8NM03196|S0NM00058,Ben Ray Luján,Ben,Ray,Luján,,,7,2021-01-03,2027-01-03,NM,2,Democrat,,D,,,junior,legislators-current.json,NM_CLASS_2
S000922,,410382,,William Morris Stewart,William,Morris,Stewart,,,1,1864-01-01,1869-03-03,NV,1,Republican,,R,,,,legislators-historical.json,NV_CLASS_1
S000922,,410382,,William Morris Stewart,William,Morris,Stewart,,,2,1869-03-04,1875-03-03,NV,1,Republican,,R,,,,legislators-historical.json,NV_CLASS_1
S000292,,409791,,William Sharon,William,,Sharon,,,1,1875-12-06,1881-03-03,NV,1,Republican,,R,,,,legislators-historical.json,NV_CLASS_1
F000002,,403964,,James Graham Fair,James,Graham,Fair,,,1,1881-12-05,1887-03-03,NV,1,Democrat,,D,,,,legislators-historical.json,NV_CLASS_1
S000922,,410382,,William Morris Stewart,William,Morris,Stewart,,,3,1887-12-05,1893-03-03,NV,1,Republican,,R,,,,legislators-historical.json,NV_CLASS_1
S000922,,410382,,William Morris Stewart,William,Morris,Stewart,,,4,1893-08-07,1899-03-03,NV,1,Silver,,Other,,,,legislators-historical.json,NV_CLASS_1
S000922,,410382,,William Morris Stewart,William,Morris,Stewart,,,5,1899-12-04,1905-03-03,NV,1,Republican,,R,,,,legislators-historical.json,NV_CLASS_1
N000114,,408198,,George Stuart Nixon,George,Stuart,Nixon,,,1,1905-12-04,1911-03-03,NV,1,Republican,,R,,,,legislators-historical.json,NV_CLASS_1
N000114,,408198,,George Stuart Nixon,George,Stuart,Nixon,,,2,1911-04-04,1912-06-05,NV,1,Republican,,R,,,,legislators-historical.json,NV_CLASS_1
M000229,,407247,,William Alexander Massey,William,Alexander,Massey,,,1,1912-07-01,1913-01-29,NV,1,Republican,,R,,,,legislators-historical.json,NV_CLASS_1
P000372,,408767,,Key Pittman,Key,,Pittman,,,1,1913-04-07,1917-03-03,NV,1,Democrat,,D,,,,legislators-historical.json,NV_CLASS_1
P000372,,408767,,Key Pittman,Key,,Pittman,,,2,1917-04-02,1923-03-03,NV,1,Democrat,,D,,,,legislators-historical.json,NV_CLASS_1
P000372,,408767,,Key Pittman,Key,,Pittman,,,3,1923-12-03,1929-03-03,NV,1,Democrat,,D,,,,legislators-historical.json,NV_CLASS_1
P000372,,408767,,Key Pittman,Key,,Pittman,,,4,1929-04-15,1935-01-03,NV,1,Democrat,,D,,,,legislators-historical.json,NV_CLASS_1
P000372,,408767,,Key Pittman,Key,,Pittman,,,5,1935-01-03,1940-11-10,NV,1,Democrat,,D,,,,legislators-historical.json,NV_CLASS_1
B001061,,402008,,Berkeley Lloyd Bunker,Berkeley,Lloyd,Bunker,,,1,1940-11-27,1941-01-03,NV,1,Democrat,,D,appointment,,,legislators-historical.json,NV_CLASS_1
B001061,,402008,,Berkeley Lloyd Bunker,Berkeley,Lloyd,Bunker,,,2,1941-01-03,1942-12-06,NV,1,Democrat,,D,,,,legislators-historical.json,NV_CLASS_1
S000196,,409701,,James Graves Scrugham,James,Graves,Scrugham,,,5,1942-12-07,1945-06-23,NV,1,Democrat,,D,,,,legislators-historical.json,NV_CLASS_1
C000211,,402357,,Edward Peter Carville,Edward,Peter,Carville,,,1,1945-07-25,1947-01-03,NV,1,Democrat,,D,appointment,,,legislators-historical.json,NV_CLASS_1
M000086,,407112,,George Wilson Malone,George,Wilson,Malone,,,1,1947-01-03,1953-01-03,NV,1,Republican,,R,,,,legislators-historical.json,NV_CLASS_1
M000086,,407112,,George Wilson Malone,George,Wilson,Malone,,,2,1953-01-03,1959-01-03,NV,1,Republican,,R,,,,legislators-historical.json,NV_CLASS_1
C000120,,402271,,Howard Walter Cannon,Howard,Walter,Cannon,,,1,1959-01-07,1965-01-03,NV,1,Democrat,,D,,,,legislators-historical.json,NV_CLASS_1
C000120,,402271,,Howard Walter Cannon,Howard,Walter,Cannon,,,2,1965-01-04,1971-01-03,NV,1,Democrat,,D,,,,legislators-historical.json,NV_CLASS_1
C000120,,402271,,Howard Walter Cannon,Howard,Walter,Cannon,,,3,1971-01-21,1977-01-03,NV,1,Democrat,,D,,,,legislators-historical.json,NV_CLASS_1
C000120,,402271,,Howard Walter Cannon,Howard,Walter,Cannon,,,4,1977-01-04,1983-01-03,NV,1,Democrat,,D,,,,legislators-historical.json,NV_CLASS_1
H000439,,405305,,Jacob Chic Hecht,Jacob,Chic,Hecht,,,1,1983-01-03,1989-01-03,NV,1,Republican,,R,,,,legislators-historical.json,NV_CLASS_1
B000993,S206,400557,S8NV00016,Richard H. Bryan,Richard,H.,Bryan,,,1,1989-01-03,1995-01-03,NV,1,Democrat,,D,,,,legislators-historical.json,NV_CLASS_1
B000993,S206,400557,S8NV00016,Richard H. Bryan,Richard,H.,Bryan,,,2,1995-01-04,2001-01-03,NV,1,Democrat,,D,,,,legislators-historical.json,NV_CLASS_1
E000194,S281,300040,S8NV00073,John Eric Ensign,John,Eric,Ensign,,,3,2001-01-03,2007-01-03,NV,1,Republican,,R,,,,legislators-historical.json,NV_CLASS_1
E000194,S281,300040,S8NV00073,John Eric Ensign,John,Eric,Ensign,,,4,2007-01-04,2011-05-03,NV,1,Republican,,R,,,,legislators-historical.json,NV_CLASS_1
H001041,S352,412218,H6NV02164|S2NV00183,Dean Heller,Dean,,Heller,,,4,2011-05-09,2013-01-03,NV,1,Republican,,R,appointment,,,legislators-historical.json,NV_CLASS_1
H001041,S352,412218,H6NV02164|S2NV00183,Dean Heller,Dean,,Heller,,,5,2013-01-03,2019-01-03,NV,1,Republican,,R,,,senior,legislators-historical.json,NV_CLASS_1
R000608,S402,412715,H6NV03139|S8NV00156,Jacky Rosen,Jacky,,Rosen,,,2,2019-01-03,2025-01-03,NV,1,Democrat,,D,,,junior,legislators-current.json,NV_CLASS_1
R000608,S402,412715,H6NV03139|S8NV00156,Jacky Rosen,Jacky,,Rosen,,,3,2025-01-03,2031-01-03,NV,1,Democrat,,D,,,junior,legislators-current.json,NV_CLASS_1
N000177,,408257,,James Warren Nye,James,Warren,Nye,,,1,1864-01-01,1867-03-03,NV,3,Republican,,R,,,,legislators-historical.json,NV_CLASS_3
N000177,,408257,,James Warren Nye,James,Warren,Nye,,,2,1867-03-04,1873-03-03,NV,3,Republican,,R,,,,legislators-historical.json,NV_CLASS_3
J000237,,406130,,John Percival Jones,John,Percival,Jones,,,1,1873-12-01,1879-03-03,NV,3,Republican,,R,,,,legislators-historical.json,NV_CLASS_3
J000237,,406130,,John Percival Jones,John,Percival,Jones,,,2,1879-03-18,1885-03-03,NV,3,Republican,,R,,,,legislators-historical.json,NV_CLASS_3
J000237,,406130,,John Percival Jones,John,Percival,Jones,,,3,1885-12-07,1891-03-03,NV,3,Republican,,R,,,,legislators-historical.json,NV_CLASS_3
J000237,,406130,,John Percival Jones,John,Percival,Jones,,,4,1891-12-07,1897-03-03,NV,3,Republican,,R,,,,legislators-historical.json,NV_CLASS_3
J000237,,406130,,John Percival Jones,John,Percival,Jones,,,5,1897-03-15,1903-03-03,NV,3,Republican,,R,,,,legislators-historical.json,NV_CLASS_3
N000069,,408157,,Francis Griffith Newlands,Francis,Griffith,Newlands,,,6,1903-11-09,1909-03-03,NV,3,Democrat,,D,,,,legislators-historical.json,NV_CLASS_3
N000069,,408157,,Francis Griffith Newlands,Francis,Griffith,Newlands,,,7,1909-03-15,1915-03-03,NV,3,Democrat,,D,,,,legislators-historical.json,NV_CLASS_3
N000069,,408157,,Francis Griffith Newlands,Francis,Griffith,Newlands,,,8,1915-12-06,1917-12-24,NV,3,Democrat,,D,,,,legislators-historical.json,NV_CLASS_3
H000477,,405340,,Charles Belknap Henderson,Charles,Belknap,Henderson,,,1,1918-01-12,1921-03-03,NV,3,Democrat,,D,appointment,,,legislators-historical.json,NV_CLASS_3
O000035,,408320,,Tasker Lowndes Oddie,Tasker,Lowndes,Oddie,,,1,1921-04-11,1927-03-04,NV,3,Republican,,R,,,,legislators-historical.json,NV_CLASS_3
O000035,,408320,,Tasker Lowndes Oddie,Tasker,Lowndes,Oddie,,,2,1927-12-05,1933-03-03,NV,3,Republican,,R,,,,legislators-historical.json,NV_CLASS_3
M000308,,407322,,Patrick Anthony Pat McCarran,Patrick,Anthony,McCarran,,Pat,1,1933-03-09,1939-01-03,NV,3,Democrat,,D,,,,legislators-historical.json,NV_CLASS_3
M000308,,407322,,Patrick Anthony Pat McCarran,Patrick,Anthony,McCarran,,Pat,2,1939-01-03,1945-01-03,NV,3,Democrat,,D,,,,legislators-historical.json,NV_CLASS_3
M000308,,407322,,Patrick Anthony Pat McCarran,Patrick,Anthony,McCarran,,Pat,3,1945-01-03,1951-01-03,NV,3,Democrat,,D,,,,legislators-historical.json,NV_CLASS_3
M000308,,407322,,Patrick Anthony Pat McCarran,Patrick,Anthony,McCarran,,Pat,4,1951-01-03,1954-08-28,NV,3,Democrat,,D,,,,legislators-historical.json,NV_CLASS_3
B000913,,401869,,Ernest S. Brown,Ernest,S.,Brown,,,1,1954-10-01,1954-12-01,NV,3,Republican,,R,appointment,,,legislators-historical.json,NV_CLASS_3
B000436,,401422,,Alan Harvey Bible,Alan,Harvey,Bible,,,1,1954-12-02,1957-01-03,NV,3,Democrat,,D,,,,legislators-historical.json,NV_CLASS_3
B000436,,401422,,Alan Harvey Bible,Alan,Harvey,Bible,,,2,1957-01-03,1963-01-03,NV,3,Democrat,,D,,,,legislators-historical.json,NV_CLASS_3
B000436,,401422,,Alan Harvey Bible,Alan,Harvey,Bible,,,3,1963-01-09,1969-01-03,NV,3,Democrat,,D,,,,legislators-historical.json,NV_CLASS_3
B000436,,401422,,Alan Harvey Bible,Alan,Harvey,Bible,,,4,1969-01-03,1974-12-17,NV,3,Democrat,,D,,,,legislators-historical.json,NV_CLASS_3
L000148,,406653,,Paul Dominque Laxalt,Paul,Dominque,Laxalt,,,1,1974-12-18,1975-01-03,NV,3,Republican,,R,,,,legislators-historical.json,NV_CLASS_3
L000148,,406653,,Paul Dominque Laxalt,Paul,Dominque,Laxalt,,,2,1975-01-14,1981-01-03,NV,3,Republican,,R,,,,legislators-historical.json,NV_CLASS_3
L000148,,406653,,Paul Dominque Laxalt,Paul,Dominque,Laxalt,,,3,1981-01-05,1987-01-03,NV,3,Republican,,R,,,,legislators-historical.json,NV_CLASS_3
R000146,S198,300082,S6NV00028,Harry Reid,Harry,M.,Reid,,,3,1987-01-06,1993-01-03,NV,3,Democrat,,D,,,,legislators-historical.json,NV_CLASS_3
R000146,S198,300082,S6NV00028,Harry Reid,Harry,M.,Reid,,,4,1993-01-05,1999-01-03,NV,3,Democrat,,D,,,,legislators-historical.json,NV_CLASS_3
R000146,S198,300082,S6NV00028,Harry Reid,Harry,M.,Reid,,,5,1999-01-06,2005-01-03,NV,3,Democrat,,D,,,,legislators-historical.json,NV_CLASS_3
R000146,S198,300082,S6NV00028,Harry Reid,Harry,M.,Reid,,,6,2005-01-04,2011-01-03,NV,3,Democrat,,D,,,,legislators-historical.json,NV_CLASS_3
R000146,S198,300082,S6NV00028,Harry Reid,Harry,M.,Reid,,,7,2011-01-05,2017-01-03,NV,3,Democrat,,D,,,senior,legislators-historical.json,NV_CLASS_3
C001113,S385,412681,S6NV00200,Catherine Cortez Masto,Catherine,,Cortez Masto,,,1,2017-01-03,2023-01-03,NV,3,Democrat,,D,,,senior,legislators-current.json,NV_CLASS_3
C001113,S385,412681,S6NV00200,Catherine Cortez Masto,Catherine,,Cortez Masto,,,2,2023-01-03,2029-01-03,NV,3,Democrat,,D,,,senior,legislators-current.json,NV_CLASS_3
S000154,,409661,,Philip John Schuyler,Philip,John,Schuyler,,,1,1789-03-04,1791-03-03,NY,1,Pro-Administration,,Other,,,,legislators-historical.json,NY_CLASS_1
B001133,,402077,,Aaron Burr,Aaron,,Burr,,,1,1791-10-24,1797-03-03,NY,1,Republican,,R,,,,legislators-historical.json,NY_CLASS_1
S000154,,409661,,Philip John Schuyler,Philip,John,Schuyler,,,2,1797-05-15,1799-03-03,NY,1,Federalist,,Other,,,,legislators-historical.json,NY_CLASS_1
W000202,,411373,,James Watson,James,,Watson,,,1,1798-01-01,1801-03-03,NY,1,Federalist,,Other,,,,legislators-historical.json,NY_CLASS_1
H000661,,405516,,John Sloss Hobart,John,Sloss,Hobart,,,1,1798-01-01,1799-03-03,NY,1,Federalist,,Other,,,,legislators-historical.json,NY_CLASS_1
N000142,,408226,,William North,William,,North,,,1,1798-01-01,1799-03-03,NY,1,Federalist,,Other,,,,legislators-historical.json,NY_CLASS_1
M000976,,407944,,Gouverneur Morris,Gouverneur,,Morris,,,1,1800-01-01,1803-03-03,NY,1,Federalist,,Other,,,,legislators-historical.json,NY_CLASS_1
B000049,,401054,,Theodorus Bailey,Theodorus,,Bailey,,,5,1803-10-17,1805-03-03,NY,1,Republican,,R,,,,legislators-historical.json,NY_CLASS_1
A000282,,400922,,John Armstrong Jr.,John,,Armstrong,Jr.,,3,1804-02-25,1804-06-30,NY,1,Republican,,R,,,,legislators-historical.json,NY_CLASS_1
M000831,,407806,,Samuel Latham Mitchill,Samuel,Latham,Mitchill,,,3,1804-11-23,1809-03-03,NY,1,Republican,,R,,,,legislators-historical.json,NY_CLASS_1
G000136,,404505,,Obadiah German,Obadiah,,German,,,1,1809-05-22,1815-03-03,NY,1,Republican,,R,,,,legislators-historical.json,NY_CLASS_1
S000052,,409567,,Nathan Sanford,Nathan,,Sanford,,,1,1815-12-04,1821-03-03,NY,1,Republican,,R,,,,legislators-historical.json,NY_CLASS_1
V000009,,411074,,Martin Van Buren,Martin,,Van Buren,,,1,1821-12-03,1827-03-03,NY,1,Jackson,,Other,,,,legislators-historical.json,NY_CLASS_1
V000009,,411074,,Martin Van Buren,Martin,,Van Buren,,,2,1827-12-03,1829-03-03,NY,1,Jackson,,Other,,,,legislators-historical.json,NY_CLASS_1
D000511,,403621,,Charles Edward Dudley,Charles,Edward,Dudley,,,1,1829-12-07,1833-03-03,NY,1,Jackson,,Other,,,,legislators-historical.json,NY_CLASS_1
T000032,,410621,,Nathaniel Pitcher Tallmadge,Nathaniel,Pitcher,Tallmadge,,,1,1833-12-02,1839-03-03,NY,1,Democrat,,D,,,,legislators-historical.json,NY_CLASS_1
T000032,,410621,,Nathaniel Pitcher Tallmadge,Nathaniel,Pitcher,Tallmadge,,,2,1839-12-02,1845-03-03,NY,1,Whig,,Other,,,,legislators-historical.json,NY_CLASS_1
D000317,,403437,,Daniel Stevens Dickinson,Daniel,Stevens,Dickinson,,,1,1844-11-30,1845-03-03,NY,1,Democrat,,D,,,,legislators-historical.json,NY_CLASS_1
D000317,,403437,,Daniel Stevens Dickinson,Daniel,Stevens,Dickinson,,,2,1845-03-04,1851-03-03,NY,1,Democrat,,D,,,,legislators-historical.json,NY_CLASS_1
F000140,,404094,,Hamilton Fish,Hamilton,,Fish,,,2,1851-12-01,1857-03-03,NY,1,Ind. Republican-Democrat,,Other,,,,legislators-historical.json,NY_CLASS_1
K000211,,406371,,Preston King,Preston,,King,,,5,1857-12-07,1863-03-03,NY,1,Republican,,R,,,,legislators-historical.json,NY_CLASS_1
M000949,,407917,,Edwin Denison Morgan,Edwin,Denison,Morgan,,,1,1863-12-07,1869-03-03,NY,1,Republican,,R,,,,legislators-historical.json,NY_CLASS_1
F000077,,404035,,Reuben Eaton Fenton,Reuben,Eaton,Fenton,,,6,1869-03-04,1875-03-03,NY,1,Liberal Republican,,Other,,,,legislators-historical.json,NY_CLASS_1
K000133,,406299,,Francis Kernan,Francis,,Kernan,,,2,1875-12-06,1881-03-03,NY,1,Democrat,,D,,,,legislators-historical.json,NY_CLASS_1
P000383,,408777,,Thomas Collier Platt,Thomas,Collier,Platt,,,3,1881-12-05,1881-12-31,NY,1,Republican,,R,,,,legislators-historical.json,NY_CLASS_1
M000760,,407738,,Warner Miller,Warner,,Miller,,,2,1881-12-05,1887-03-03,NY,1,Republican,,R,,,,legislators-historical.json,NY_CLASS_1
H000643,,405498,,Frank Hiscock,Frank,,Hiscock,,,6,1887-12-05,1893-03-03,NY,1,Republican,,R,,,,legislators-historical.json,NY_CLASS_1
M001090,,408054,,Edward Murphy Jr.,Edward,,Murphy,Jr.,,1,1893-08-07,1899-03-03,NY,1,Democrat,,D,,,,legislators-historical.json,NY_CLASS_1
D000264,,403401,,Chauncey Mitchell Depew,Chauncey,Mitchell,Depew,,,1,1899-12-04,1905-03-03,NY,1,Republican,,R,,,,legislators-historical.json,NY_CLASS_1
D000264,,403401,,Chauncey Mitchell Depew,Chauncey,Mitchell,Depew,,,2,1905-12-04,1911-03-03,NY,1,Republican,,R,,,,legislators-historical.json,NY_CLASS_1
O000050,,408285,,James Aloysius O’Gorman,James,Aloysius,O’Gorman,,,1,1911-04-04,1917-03-03,NY,1,Democrat,,D,,,,legislators-historical.json,NY_CLASS_1
C000025,,402186,,William Musgrave Calder,William,Musgrave,Calder,,,6,1917-04-02,1923-03-03,NY,1,Republican,,R,,,,legislators-historical.json,NY_CLASS_1
C000769,,402888,,Royal Samuel Copeland,Royal,Samuel,Copeland,,,1,1923-12-03,1929-03-03,NY,1,Democrat,,D,,,,legislators-historical.json,NY_CLASS_1
C000769,,402888,,Royal Samuel Copeland,Royal,Samuel,Copeland,,,2,1929-04-15,1935-01-03,NY,1,Democrat,,D,,,,legislators-historical.json,NY_CLASS_1
C000769,,402888,,Royal Samuel Copeland,Royal,Samuel,Copeland,,,3,1935-01-03,1938-06-17,NY,1,Democrat,,D,,,,legislators-historical.json,NY_CLASS_1
M000615,,407604,,James Michael Mead,James,Michael,Mead,,,10,1938-12-03,1941-01-03,NY,1,Democrat,,D,,,,legislators-historical.json,NY_CLASS_1
M000615,,407604,,James Michael Mead,James,Michael,Mead,,,11,1941-01-03,1947-01-03,NY,1,Democrat,,D,,,,legislators-historical.json,NY_CLASS_1
I000050,,405905,,Irving McNeil Ives,Irving,McNeil,Ives,,,1,1947-01-03,1953-01-03,NY,1,Republican,,R,,,,legislators-historical.json,NY_CLASS_1
I000050,,405905,,Irving McNeil Ives,Irving,McNeil,Ives,,,2,1953-01-03,1959-01-03,NY,1,Republican,,R,,,,legislators-historical.json,NY_CLASS_1
K000036,,406206,,Kenneth Barnard Keating,Kenneth,Barnard,Keating,,,7,1959-01-07,1965-01-03,NY,1,Republican,,R,,,,legislators-historical.json,NY_CLASS_1
K000114,,406280,,Robert Francis Kennedy,Robert,Francis,Kennedy,,,1,1965-01-04,1968-06-06,NY,1,Democrat,,D,,,,legislators-historical.json,NY_CLASS_1
G000282,,404643,,Charles Ellsworth Goodell,Charles,Ellsworth,Goodell,,,5,1968-09-10,1971-01-03,NY,1,Republican,,R,appointment,,,legislators-historical.json,NY_CLASS_1
B001026,,401976,,James Lane Buckley,James,Lane,Buckley,,,1,1971-01-21,1977-01-03,NY,1,Conservative,,Other,,,,legislators-historical.json,NY_CLASS_1
M001054,S113,400563,S6NY00052,Daniel Patrick Moynihan,Daniel,Patrick,Moynihan,,,1,1977-01-04,1983-01-03,NY,1,Democrat,,D,,,,legislators-historical.json,NY_CLASS_1
M001054,S113,400563,S6NY00052,Daniel Patrick Moynihan,Daniel,Patrick,Moynihan,,,2,1983-01-03,1989-01-03,NY,1,Democrat,,D,,,,legislators-historical.json,NY_CLASS_1
M001054,S113,400563,S6NY00052,Daniel Patrick Moynihan,Daniel,Patrick,Moynihan,,,3,1989-01-03,1995-01-03,NY,1,Democrat,,D,,,,legislators-historical.json,NY_CLASS_1
M001054,S113,400563,S6NY00052,Daniel Patrick Moynihan,Daniel,Patrick,Moynihan,,,4,1995-01-04,2001-01-03,NY,1,Democrat,,D,,,,legislators-historical.json,NY_CLASS_1
C001041,S278,300022,S0NY00188,Hillary Rodham Clinton,Hillary,Rodham,Clinton,,,1,2001-01-03,2007-01-03,NY,1,Democrat,,D,,,,legislators-historical.json,NY_CLASS_1
C001041,S278,300022,S0NY00188,Hillary Rodham Clinton,Hillary,Rodham,Clinton,,,2,2007-01-04,2009-01-21,NY,1,Democrat,,D,,,,legislators-historical.json,NY_CLASS_1
G000555,S331,412223,H6NY20167|S0NY00410,Kirsten E. Gillibrand,Kirsten,E.,Gillibrand,,,3,2009-01-27,2013-01-03,NY,1,Democrat,,D,appointment,,,legislators-current.json,NY_CLASS_1
G000555,S331,412223,H6NY20167|S0NY00410,Kirsten E. Gillibrand,Kirsten,E.,Gillibrand,,,4,2013-01-03,2019-01-03,NY,1,Democrat,,D,,,junior,legislators-current.json,NY_CLASS_1
G000555,S331,412223,H6NY20167|S0NY00410,Kirsten E. Gillibrand,Kirsten,E.,Gillibrand,,,5,2019-01-03,2025-01-03,NY,1,Democrat,,D,,,junior,legislators-current.json,NY_CLASS_1
G000555,S331,412223,H6NY20167|S0NY00410,Kirsten E. Gillibrand,Kirsten,E.,Gillibrand,,,6,2025-01-03,2031-01-03,NY,1,Democrat,,D,,,junior,legislators-current.json,NY_CLASS_1
K000212,,406372,,Rufus King,Rufus,,King,,,1,1789-03-04,1795-03-03,NY,3,Federalist,,Other,,,,legislators-historical.json,NY_CLASS_3
K000212,,406372,,Rufus King,Rufus,,King,,,2,1795-12-07,1797-03-03,NY,3,Federalist,,Other,,,,legislators-historical.json,NY_CLASS_3
L000120,,406626,,John Laurance,John,,Laurance,,,3,1796-01-01,1801-03-03,NY,3,Federalist,,Other,,,,legislators-historical.json,NY_CLASS_3
A000282,,400922,,John Armstrong Jr.,John,,Armstrong,Jr.,,1,1800-11-06,1801-03-03,NY,3,Republican,,R,,,,legislators-historical.json,NY_CLASS_3
A000282,,400922,,John Armstrong Jr.,John,,Armstrong,Jr.,,2,1801-03-04,1802-02-05,NY,3,Republican,,R,,,,legislators-historical.json,NY_CLASS_3
C000525,,402659,,De Witt Clinton,De,Witt,Clinton,,,1,1802-01-01,1803-12-31,NY,3,Republican,,R,,,,legislators-historical.json,NY_CLASS_3
S000566,,410046,,John Smith,John,,Smith,,,3,1804-01-01,1807-03-03,NY,3,Republican,,R,,,,legislators-historical.json,NY_CLASS_3
S000566,,410046,,John Smith,John,,Smith,,,4,1807-10-26,1813-03-03,NY,3,Republican,,R,,,,legislators-historical.json,NY_CLASS_3
K000212,,406372,,Rufus King,Rufus,,King,,,3,1813-05-24,1819-03-03,NY,3,Federalist,,Other,,,,legislators-historical.json,NY_CLASS_3
K000212,,406372,,Rufus King,Rufus,,King,,,4,1819-12-06,1825-03-03,NY,3,Federalist,,Other,,,,legislators-historical.json,NY_CLASS_3
S000052,,409567,,Nathan Sanford,Nathan,,Sanford,,,2,1826-01-01,1831-03-03,NY,3,Adams,,Other,,,,legislators-historical.json,NY_CLASS_3
M000127,,407151,,William Learned Marcy,William,Learned,Marcy,,,1,1831-12-05,1833-12-31,NY,3,Jackson,,Other,,,,legislators-historical.json,NY_CLASS_3
W000770,,411919,,Silas Wright Jr.,Silas,,Wright,Jr.,,3,1833-12-02,1837-03-03,NY,3,Jackson,,Other,,,,legislators-historical.json,NY_CLASS_3
W000770,,411919,,Silas Wright Jr.,Silas,,Wright,Jr.,,4,1837-09-04,1843-03-03,NY,3,Democrat,,D,,,,legislators-historical.json,NY_CLASS_3
W000770,,411919,,Silas Wright Jr.,Silas,,Wright,Jr.,,5,1843-12-04,1845-03-03,NY,3,Democrat,,D,,,,legislators-historical.json,NY_CLASS_3
F000304,,404253,,Henry Allen Foster,Henry,Allen,Foster,,,2,1844-01-01,1845-12-31,NY,3,Democrat,,D,,,,legislators-historical.json,NY_CLASS_3
D000365,,403482,,John Adams Dix,John,Adams,Dix,,,1,1845-12-01,1849-03-03,NY,3,Democrat,,D,,,,legislators-historical.json,NY_CLASS_3
S000261,,409762,,William Henry Seward,William,Henry,Seward,,,1,1849-12-03,1855-03-03,NY,3,Whig,,Other,,,,legislators-historical.json,NY_CLASS_3
S000261,,409762,,William Henry Seward,William,Henry,Seward,,,2,1855-12-03,1861-03-03,NY,3,Republican,,R,,,,legislators-historical.json,NY_CLASS_3
H000242,,405120,,Ira Harris,Ira,,Harris,,,1,1861-07-04,1867-03-03,NY,3,Republican,,R,,,,legislators-historical.json,NY_CLASS_3
C000681,,402807,,Roscoe Conkling,Roscoe,,Conkling,,,4,1867-03-04,1873-03-03,NY,3,Republican,,R,,,,legislators-historical.json,NY_CLASS_3
C000681,,402807,,Roscoe Conkling,Roscoe,,Conkling,,,5,1873-12-01,1879-03-03,NY,3,Republican,,R,,,,legislators-historical.json,NY_CLASS_3
C000681,,402807,,Roscoe Conkling,Roscoe,,Conkling,,,6,1879-03-18,1881-12-31,NY,3,Republican,,R,,,,legislators-historical.json,NY_CLASS_3
L000092,,406600,,Elbridge Gerry Lapham,Elbridge,Gerry,Lapham,,,4,1881-12-05,1885-03-03,NY,3,Republican,,R,,,,legislators-historical.json,NY_CLASS_3
E000262,,403943,,William Maxwell Evarts,William,Maxwell,Evarts,,,1,1885-12-07,1891-03-03,NY,3,Republican,,R,,,,legislators-historical.json,NY_CLASS_3
H000590,,405452,,David Bennett Hill,David,Bennett,Hill,,,1,1892-01-01,1897-03-03,NY,3,Democrat,,D,,,,legislators-historical.json,NY_CLASS_3
P000383,,408777,,Thomas Collier Platt,Thomas,Collier,Platt,,,4,1897-03-15,1903-03-03,NY,3,Republican,,R,,,,legislators-historical.json,NY_CLASS_3
P000383,,408777,,Thomas Collier Platt,Thomas,Collier,Platt,,,5,1903-11-09,1909-03-03,NY,3,Republican,,R,,,,legislators-historical.json,NY_CLASS_3
R000430,,409395,,Elihu Root,Elihu,,Root,,,1,1909-03-15,1915-03-03,NY,3,Republican,,R,,,,legislators-historical.json,NY_CLASS_3
W000012,,411191,,James Wolcott Wadsworth Jr.,James,Wolcott,Wadsworth,Jr.,,1,1915-12-06,1921-03-03,NY,3,Republican,,R,,,,legislators-historical.json,NY_CLASS_3
W000012,,411191,,James Wolcott Wadsworth Jr.,James,Wolcott,Wadsworth,Jr.,,2,1921-04-11,1927-03-04,NY,3,Republican,,R,,,,legislators-historical.json,NY_CLASS_3
W000021,,411200,,Robert Ferdinand Wagner,Robert,Ferdinand,Wagner,,,1,1927-12-05,1933-03-03,NY,3,Democrat,,D,,,,legislators-historical.json,NY_CLASS_3
W000021,,411200,,Robert Ferdinand Wagner,Robert,Ferdinand,Wagner,,,2,1933-03-09,1939-01-03,NY,3,Democrat,,D,,,,legislators-historical.json,NY_CLASS_3
W000021,,411200,,Robert Ferdinand Wagner,Robert,Ferdinand,Wagner,,,3,1939-01-03,1945-01-03,NY,3,Democrat,,D,,,,legislators-historical.json,NY_CLASS_3
W000021,,411200,,Robert Ferdinand Wagner,Robert,Ferdinand,Wagner,,,4,1945-01-03,1949-06-28,NY,3,Democrat,,D,,,,legislators-historical.json,NY_CLASS_3
D000522,,403632,,John Foster Dulles,John,Foster,Dulles,,,1,1949-07-07,1949-11-08,NY,3,Republican,,R,appointment,,,legislators-historical.json,NY_CLASS_3
L000224,,406728,,Herbert Henry Lehman,Herbert,Henry,Lehman,,,1,1949-11-09,1951-01-03,NY,3,Democrat,,D,,,,legislators-historical.json,NY_CLASS_3
L000224,,406728,,Herbert Henry Lehman,Herbert,Henry,Lehman,,,2,1951-01-03,1957-01-03,NY,3,Democrat,,D,,,,legislators-historical.json,NY_CLASS_3
J000064,,405969,,Jacob Koppel Javits,Jacob,Koppel,Javits,,,5,1957-01-03,1963-01-03,NY,3,Republican,,R,,,,legislators-historical.json,NY_CLASS_3
J000064,,405969,,Jacob Koppel Javits,Jacob,Koppel,Javits,,,6,1963-01-09,1969-01-03,NY,3,Republican,,R,,,,legislators-historical.json,NY_CLASS_3
J000064,,405969,,Jacob Koppel Javits,Jacob,Koppel,Javits,,,7,1969-01-03,1975-01-03,NY,3,Republican,,R,,,,legislators-historical.json,NY_CLASS_3
J000064,,405969,,Jacob Koppel Javits,Jacob,Koppel,Javits,,,8,1975-01-14,1981-01-03,NY,3,Republican,,R,,,,legislators-historical.json,NY_CLASS_3
D000018,S147,403142,,Alfonse Marcello D’Amato,Alfonse,Marcello,D’Amato,,,1,1981-01-05,1987-01-03,NY,3,Republican,,R,,,,legislators-historical.json,NY_CLASS_3
D000018,S147,403142,,Alfonse Marcello D’Amato,Alfonse,Marcello,D’Amato,,,2,1987-01-06,1993-01-03,NY,3,Republican,,R,,,,legislators-historical.json,NY_CLASS_3
D000018,S147,403142,,Alfonse Marcello D’Amato,Alfonse,Marcello,D’Amato,,,3,1993-01-05,1999-01-03,NY,3,Republican,,R,,,,legislators-historical.json,NY_CLASS_3
S000148,S270,300087,S8NY00082|H0NY16010,Charles E. Schumer,Charles,E.,Schumer,,Chuck,10,1999-01-06,2005-01-03,NY,3,Democrat,,D,,,,legislators-current.json,NY_CLASS_3
S000148,S270,300087,S8NY00082|H0NY16010,Charles E. Schumer,Charles,E.,Schumer,,Chuck,11,2005-01-04,2011-01-03,NY,3,Democrat,,D,,,,legislators-current.json,NY_CLASS_3
S000148,S270,300087,S8NY00082|H0NY16010,Charles E. Schumer,Charles,E.,Schumer,,Chuck,12,2011-01-05,2017-01-03,NY,3,Democrat,,D,,,senior,legislators-current.json,NY_CLASS_3
S000148,S270,300087,S8NY00082|H0NY16010,Charles E. Schumer,Charles,E.,Schumer,,Chuck,13,2017-01-03,2023-01-03,NY,3,Democrat,,D,,,senior,legislators-current.json,NY_CLASS_3
S000148,S270,300087,S8NY00082|H0NY16010,Charles E. Schumer,Charles,E.,Schumer,,Chuck,14,2023-01-03,2029-01-03,NY,3,Democrat,,D,,,senior,legislators-current.json,NY_CLASS_3
S000567,,410048,,John Smith,John,,Smith,,,1,1803-10-17,1809-03-03,OH,1,Republican,,R,,,,legislators-historical.json,OH_CLASS_1
M000633,,407620,,Return Jonathan Meigs Jr.,Return,Jonathan,Meigs,Jr.,,1,1808-12-12,1809-03-03,OH,1,Republican,,R,,,,legislators-historical.json,OH_CLASS_1
M000633,,407620,,Return Jonathan Meigs Jr.,Return,Jonathan,Meigs,Jr.,,2,1809-03-04,1810-12-08,OH,1,Republican,,R,,,,legislators-historical.json,OH_CLASS_1
W000750,,411899,,Thomas Worthington,Thomas,,Worthington,,,2,1810-01-01,1815-03-03,OH,1,Republican,,R,,,,legislators-historical.json,OH_CLASS_1
K000141,,406307,,Joseph Kerr,Joseph,,Kerr,,,1,1814-01-01,1815-03-03,OH,1,Republican,,R,,,,legislators-historical.json,OH_CLASS_1
R000500,,409459,,Benjamin Ruggles,Benjamin,,Ruggles,,,1,1815-12-04,1821-03-03,OH,1,Republican,,R,,,,legislators-historical.json,OH_CLASS_1
R000500,,409459,,Benjamin Ruggles,Benjamin,,Ruggles,,,2,1821-12-03,1827-03-03,OH,1,Adams,,Other,,,,legislators-historical.json,OH_CLASS_1
R000500,,409459,,Benjamin Ruggles,Benjamin,,Ruggles,,,3,1827-12-03,1833-03-03,OH,1,Adams,,Other,,,,legislators-historical.json,OH_CLASS_1
M000989,,407957,,Thomas Morris,Thomas,,Morris,,,1,1833-12-02,1839-03-03,OH,1,Democrat,,D,,,,legislators-historical.json,OH_CLASS_1
T000039,,410627,,Benjamin Tappan,Benjamin,,Tappan,,,1,1839-12-02,1845-03-03,OH,1,Democrat,,D,,,,legislators-historical.json,OH_CLASS_1
C000791,,402911,,Thomas Corwin,Thomas,,Corwin,,,6,1845-12-01,1851-03-03,OH,1,Whig,,Other,,,,legislators-historical.json,OH_CLASS_1
E000281,,403959,,Thomas Ewing,Thomas,,Ewing,,,2,1850-01-01,1851-03-03,OH,1,Whig,,Other,,,,legislators-historical.json,OH_CLASS_1
W000005,,411184,,Benjamin Franklin Wade,Benjamin,Franklin,Wade,,,1,1851-12-01,1857-03-03,OH,1,Ind. Republican-Democrat,,Other,,,,legislators-historical.json,OH_CLASS_1
W000005,,411184,,Benjamin Franklin Wade,Benjamin,Franklin,Wade,,,2,1857-12-07,1863-03-03,OH,1,Republican,,R,,,,legislators-historical.json,OH_CLASS_1
W000005,,411184,,Benjamin Franklin Wade,Benjamin,Franklin,Wade,,,3,1863-12-07,1869-03-03,OH,1,Republican,,R,,,,legislators-historical.json,OH_CLASS_1
T000251,,410828,,Allen Granberry Thurman,Allen,Granberry,Thurman,,,2,1869-03-04,1875-03-03,OH,1,Democrat,,D,,,,legislators-historical.json,OH_CLASS_1
T000251,,410828,,Allen Granberry Thurman,Allen,Granberry,Thurman,,,3,1875-12-06,1881-03-03,OH,1,Democrat,,D,,,,legislators-historical.json,OH_CLASS_1
S000346,,409842,,John Sherman,John,,Sherman,,,7,1881-12-05,1887-03-03,OH,1,Republican,,R,,,,legislators-historical.json,OH_CLASS_1
S000346,,409842,,John Sherman,John,,Sherman,,,8,1887-12-05,1893-03-03,OH,1,Republican,,R,,,,legislators-historical.json,OH_CLASS_1
S000346,,409842,,John Sherman,John,,Sherman,,,9,1893-08-07,1897-12-31,OH,1,Republican,,R,,,,legislators-historical.json,OH_CLASS_1
H000163,,405045,,Marcus Alonzo Hanna,Marcus,Alonzo,Hanna,,,1,1897-03-15,1899-03-03,OH,1,Republican,,R,,,,legislators-historical.json,OH_CLASS_1
H000163,,405045,,Marcus Alonzo Hanna,Marcus,Alonzo,Hanna,,,2,1899-12-04,1904-02-15,OH,1,Republican,,R,,,,legislators-historical.json,OH_CLASS_1
D000302,,403424,,Charles William Frederick Dick,Charles,William Frederick,Dick,,,5,1904-03-24,1905-03-03,OH,1,Republican,,R,,,,legislators-historical.json,OH_CLASS_1
D000302,,403424,,Charles William Frederick Dick,Charles,William Frederick,Dick,,,6,1905-03-05,1911-03-03,OH,1,Republican,,R,,,,legislators-historical.json,OH_CLASS_1
P000420,,408812,,Atlee Pomerene,Atlee,,Pomerene,,,1,1911-04-04,1917-03-03,OH,1,Democrat,,D,,,,legislators-historical.json,OH_CLASS_1
P000420,,408812,,Atlee Pomerene,Atlee,,Pomerene,,,2,1917-04-02,1923-03-03,OH,1,Democrat,,D,,,,legislators-historical.json,OH_CLASS_1
F000096,,404053,,Simeon Davison Fess,Simeon,Davison,Fess,,,6,1923-12-03,1929-03-03,OH,1,Republican,,R,,,,legislators-historical.json,OH_CLASS_1
F000096,,404053,,Simeon Davison Fess,Simeon,Davison,Fess,,,7,1929-04-15,1935-01-03,OH,1,Republican,,R,,,,legislators-historical.json,OH_CLASS_1
D000410,,403523,,Alvin Victor Donahey,Alvin,Victor,Donahey,,,1,1935-01-03,1941-01-03,OH,1,Democrat,,D,,,,legislators-historical.json,OH_CLASS_1
B001150,,402092,,Harold Hitz Burton,Harold,Hitz,Burton,,,1,1941-01-03,1945-09-30,OH,1,Republican,,R,,,,legislators-historical.json,OH_CLASS_1
H000913,,405759,,James Wylie Huffman,James,Wylie,Huffman,,,1,1945-10-08,1946-11-05,OH,1,Democrat,,D,appointment,,,legislators-historical.json,OH_CLASS_1
T000008,,410598,,Kingsley Arter Taft,Kingsley,Arter,Taft,,,1,1946-11-06,1947-01-03,OH,1,Republican,,R,,,,legislators-historical.json,OH_CLASS_1
B000820,,401777,,John William Bricker,John,William,Bricker,,,1,1947-01-03,1953-01-03,OH,1,Republican,,R,,,,legislators-historical.json,OH_CLASS_1
B000820,,401777,,John William Bricker,John,William,Bricker,,,2,1953-01-03,1959-01-03,OH,1,Republican,,R,,,,legislators-historical.json,OH_CLASS_1
Y000053,,411985,,Stephen Marvin Young,Stephen,Marvin,Young,,,5,1959-01-07,1965-01-03,OH,1,Democrat,,D,,,,legislators-historical.json,OH_CLASS_1
Y000053,,411985,,Stephen Marvin Young,Stephen,Marvin,Young,,,6,1965-01-04,1971-01-03,OH,1,Democrat,,D,,,,legislators-historical.json,OH_CLASS_1
T000010,,410600,,Robert Taft Jr.,Robert,,Taft,Jr.,,4,1971-01-21,1976-12-28,OH,1,Republican,,R,,,,legislators-historical.json,OH_CLASS_1
M000678,S114,407663,,Howard Morton Metzenbaum,Howard,Morton,Metzenbaum,,,2,1976-12-29,1977-01-03,OH,1,Democrat,,D,,,,legislators-historical.json,OH_CLASS_1
M000678,S114,407663,,Howard Morton Metzenbaum,Howard,Morton,Metzenbaum,,,3,1977-01-04,1983-01-03,OH,1,Democrat,,D,,,,legislators-historical.json,OH_CLASS_1
M000678,S114,407663,,Howard Morton Metzenbaum,Howard,Morton,Metzenbaum,,,4,1983-01-03,1989-01-03,OH,1,Democrat,,D,,,,legislators-historical.json,OH_CLASS_1
M000678,S114,407663,,Howard Morton Metzenbaum,Howard,Morton,Metzenbaum,,,5,1989-01-03,1995-01-03,OH,1,Democrat,,D,,,,legislators-historical.json,OH_CLASS_1
D000294,S240,300033,H2OH07027|S2OH00113,Michael Mike DeWine,Michael,,DeWine,,Mike,5,1995-01-04,2001-01-03,OH,1,Republican,,R,,,,legislators-historical.json,OH_CLASS_1
D000294,S240,300033,H2OH07027|S2OH00113,Michael Mike DeWine,Michael,,DeWine,,Mike,6,2001-01-03,2007-01-03,OH,1,Republican,,R,,,,legislators-historical.json,OH_CLASS_1
B000944,S307,400050,H2OH13033|S6OH00163,Sherrod Brown,Sherrod,,Brown,,,8,2007-01-04,2013-01-03,OH,1,Democrat,,D,,,,legislators-historical.json,OH_CLASS_1
B000944,S307,400050,H2OH13033|S6OH00163,Sherrod Brown,Sherrod,,Brown,,,9,2013-01-03,2019-01-03,OH,1,Democrat,,D,,,senior,legislators-historical.json,OH_CLASS_1
B000944,S307,400050,H2OH13033|S6OH00163,Sherrod Brown,Sherrod,,Brown,,,10,2019-01-03,2025-01-03,OH,1,Democrat,,D,,,senior,legislators-historical.json,OH_CLASS_1
M001242,S434,456967,S4OH00192,Bernie Moreno,Bernie,,Moreno,,,1,2025-01-03,2031-01-03,OH,1,Republican,,R,,,senior,legislators-current.json,OH_CLASS_1
W000750,,411899,,Thomas Worthington,Thomas,,Worthington,,,1,1803-10-17,1807-03-03,OH,3,Republican,,R,,,,legislators-historical.json,OH_CLASS_3
T000268,,410841,,Edward Tiffin,Edward,,Tiffin,,,1,1807-10-26,1809-12-31,OH,3,Republican,,R,,,,legislators-historical.json,OH_CLASS_3
C000076,,402232,,Alexander Campbell,Alexander,,Campbell,,,1,1809-05-22,1813-03-03,OH,3,Republican,,R,,,,legislators-historical.json,OH_CLASS_3
G000489,,404834,,Stanley Griswold,Stanley,,Griswold,,,1,1809-05-22,1809-12-31,OH,3,Republican,,R,,,,legislators-historical.json,OH_CLASS_3
M001003,,407971,,Jeremiah Morrow,Jeremiah,,Morrow,,,6,1813-05-24,1819-03-03,OH,3,Republican,,R,,,,legislators-historical.json,OH_CLASS_3
T000377,,410946,,William Allen Trimble,William,Allen,Trimble,,,1,1819-12-06,1821-12-31,OH,3,Republican,,R,,,,legislators-historical.json,OH_CLASS_3
B000914,,401870,,Ethan Allen Brown,Ethan,Allen,Brown,,,1,1822-01-01,1825-03-03,OH,3,Republican,,R,,,,legislators-historical.json,OH_CLASS_3
H000279,,405153,,William Henry Harrison,William,Henry,Harrison,,,4,1825-12-05,1829-03-03,OH,3,Adams,,Other,,,,legislators-historical.json,OH_CLASS_3
B001117,,402062,,Jacob Burnet,Jacob,,Burnet,,,1,1828-01-01,1831-03-03,OH,3,Adams,,Other,,,,legislators-historical.json,OH_CLASS_3
E000281,,403959,,Thomas Ewing,Thomas,,Ewing,,,1,1831-12-05,1837-03-03,OH,3,Anti-Jacksonian,,Other,,,,legislators-historical.json,OH_CLASS_3
A000150,,400804,,William Allen,William,,Allen,,,2,1837-09-04,1843-03-03,OH,3,Democrat,,D,,,,legislators-historical.json,OH_CLASS_3
A000150,,400804,,William Allen,William,,Allen,,,3,1843-12-04,1849-03-03,OH,3,Democrat,,D,,,,legislators-historical.json,OH_CLASS_3
C000332,,402473,,Salmon Portland Chase,Salmon,Portland,Chase,,,1,1849-12-03,1855-03-03,OH,3,Free Soil,,Other,,,,legislators-historical.json,OH_CLASS_3
P000560,,408943,,George Ellis Pugh,George,Ellis,Pugh,,,1,1855-12-03,1861-03-03,OH,3,Democrat,,D,,,,legislators-historical.json,OH_CLASS_3
S000346,,409842,,John Sherman,John,,Sherman,,,4,1861-07-04,1867-03-03,OH,3,Republican,,R,,,,legislators-historical.json,OH_CLASS_3
C000332,,402473,,Salmon Portland Chase,Salmon,Portland,Chase,,,2,1861-07-04,1861-12-31,OH,3,Republican,,R,,,,legislators-historical.json,OH_CLASS_3
S000346,,409842,,John Sherman,John,,Sherman,,,5,1867-03-04,1873-03-03,OH,3,Republican,,R,,,,legislators-historical.json,OH_CLASS_3
S000346,,409842,,John Sherman,John,,Sherman,,,6,1873-12-01,1877-12-31,OH,3,Republican,,R,,,,legislators-historical.json,OH_CLASS_3
M000255,,407273,,Stanley Matthews,Stanley,,Matthews,,,1,1877-10-15,1879-03-03,OH,3,Republican,,R,,,,legislators-historical.json,OH_CLASS_3
P000203,,408606,,George Hunt Pendleton,George,Hunt,Pendleton,,,5,1879-03-18,1885-03-03,OH,3,Democrat,,D,,,,legislators-historical.json,OH_CLASS_3
P000151,,408555,,Henry B. Payne,Henry,B.,Payne,,,2,1885-12-07,1891-03-03,OH,3,Democrat,,D,,,,legislators-historical.json,OH_CLASS_3
B000818,,401775,,Calvin Stewart Brice,Calvin,Stewart,Brice,,,1,1891-12-07,1897-03-03,OH,3,Democrat,,D,,,,legislators-historical.json,OH_CLASS_3
F000253,,404207,,Joseph Benson Foraker,Joseph,Benson,Foraker,,,1,1897-03-15,1903-03-03,OH,3,Republican,,R,,,,legislators-historical.json,OH_CLASS_3
F000253,,404207,,Joseph Benson Foraker,Joseph,Benson,Foraker,,,2,1903-11-09,1909-03-03,OH,3,Republican,,R,,,,legislators-historical.json,OH_CLASS_3
B001159,,402101,,Theodore Elijah Burton,Theodore,Elijah,Burton,,,9,1909-03-15,1915-03-03,OH,3,Republican,,R,,,,legislators-historical.json,OH_CLASS_3
H000192,,405073,,Warren Gamaliel Harding,Warren,Gamaliel,Harding,,,1,1915-12-06,1921-03-03,OH,3,Republican,,R,,,,legislators-historical.json,OH_CLASS_3
W000561,,411717,,Frank Bartlett Willis,Frank,Bartlett,Willis,,,3,1921-04-11,1927-03-04,OH,3,Republican,,R,,,,legislators-historical.json,OH_CLASS_3
W000561,,411717,,Frank Bartlett Willis,Frank,Bartlett,Willis,,,4,1927-12-05,1928-03-30,OH,3,Republican,,R,,,,legislators-historical.json,OH_CLASS_3
L000386,,406878,,Cyrus Locher,Cyrus,,Locher,,,1,1928-04-04,1928-12-14,OH,3,Democrat,,D,appointment,,,legislators-historical.json,OH_CLASS_3
B001159,,402101,,Theodore Elijah Burton,Theodore,Elijah,Burton,,,14,1928-12-15,1929-10-28,OH,3,Republican,,R,,,,legislators-historical.json,OH_CLASS_3
M000392,,407393,,Roscoe Conkling McCulloch,Roscoe,Conkling,McCulloch,,,4,1929-11-05,1930-11-30,OH,3,Republican,,R,appointment,,,legislators-historical.json,OH_CLASS_3
B001045,,401995,,Robert Johns Bulkley,Robert,Johns,Bulkley,,,3,1930-12-01,1933-03-03,OH,3,Democrat,,D,,,,legislators-historical.json,OH_CLASS_3
B001045,,401995,,Robert Johns Bulkley,Robert,Johns,Bulkley,,,4,1933-03-09,1939-01-03,OH,3,Democrat,,D,,,,legislators-historical.json,OH_CLASS_3
T000009,,410599,,Robert Alphonso Taft,Robert,Alphonso,Taft,,,1,1939-01-03,1945-01-03,OH,3,Republican,,R,,,,legislators-historical.json,OH_CLASS_3
T000009,,410599,,Robert Alphonso Taft,Robert,Alphonso,Taft,,,2,1945-01-03,1951-01-03,OH,3,Republican,,R,,,,legislators-historical.json,OH_CLASS_3
T000009,,410599,,Robert Alphonso Taft,Robert,Alphonso,Taft,,,3,1951-01-03,1953-07-31,OH,3,Republican,,R,,,,legislators-historical.json,OH_CLASS_3
B001099,,402044,,Thomas A. Burke,Thomas,A.,Burke,,,1,1953-11-10,1954-12-02,OH,3,Democrat,,D,appointment,,,legislators-historical.json,OH_CLASS_3
B000356,,401348,,George Harrison Bender,George,Harrison,Bender,,,7,1954-12-16,1957-01-03,OH,3,Republican,,R,,,,legislators-historical.json,OH_CLASS_3
L000122,,406628,,Frank John Lausche,Frank,John,Lausche,,,1,1957-01-03,1963-01-03,OH,3,Democrat,,D,,,,legislators-historical.json,OH_CLASS_3
L000122,,406628,,Frank John Lausche,Frank,John,Lausche,,,2,1963-01-09,1969-01-03,OH,3,Democrat,,D,,,,legislators-historical.json,OH_CLASS_3
S000096,,409607,,William Bart Saxbe,William,Bart,Saxbe,,,1,1969-01-03,1974-01-03,OH,3,Republican,,R,,,,legislators-historical.json,OH_CLASS_3
M000678,S114,407663,,Howard Morton Metzenbaum,Howard,Morton,Metzenbaum,,,1,1974-01-04,1974-12-23,OH,3,Democrat,,D,appointment,,,legislators-historical.json,OH_CLASS_3
G000236,S035,404598,,John Herschel Glenn Jr.,John,Herschel,Glenn,Jr.,,1,1974-12-24,1975-01-03,OH,3,Democrat,,D,,,,legislators-historical.json,OH_CLASS_3
G000236,S035,404598,,John Herschel Glenn Jr.,John,Herschel,Glenn,Jr.,,2,1975-01-14,1981-01-03,OH,3,Democrat,,D,,,,legislators-historical.json,OH_CLASS_3
G000236,S035,404598,,John Herschel Glenn Jr.,John,Herschel,Glenn,Jr.,,3,1981-01-05,1987-01-03,OH,3,Democrat,,D,,,,legislators-historical.json,OH_CLASS_3
G000236,S035,404598,,John Herschel Glenn Jr.,John,Herschel,Glenn,Jr.,,4,1987-01-06,1993-01-03,OH,3,Democrat,,D,,,,legislators-historical.json,OH_CLASS_3
G000236,S035,404598,,John Herschel Glenn Jr.,John,Herschel,Glenn,Jr.,,5,1993-01-05,1999-01-03,OH,3,Democrat,,D,,,,legislators-historical.json,OH_CLASS_3
V000126,S271,300098,S8OH00011,George V. Voinovich,George,V.,Voinovich,,,1,1999-01-06,2005-01-03,OH,3,Republican,,R,,,,legislators-historical.json,OH_CLASS_3
V000126,S271,300098,S8OH00011,George V. Voinovich,George,V.,Voinovich,,,2,2005-01-04,2011-01-03,OH,3,Republican,,R,,,,legislators-historical.json,OH_CLASS_3
P000449,S349,400325,S0OH00133|H4OH02032,Rob Portman,Robert,J.,Portman,,Rob,8,2011-01-05,2017-01-03,OH,3,Republican,,R,,,junior,legislators-historical.json,OH_CLASS_3
P000449,S349,400325,S0OH00133|H4OH02032,Rob Portman,Robert,J.,Portman,,Rob,9,2017-01-03,2023-01-03,OH,3,Republican,,R,,,junior,legislators-historical.json,OH_CLASS_3
V000137,S421,456876,S2OH00436,J.D. Vance,James David,,Vance,,J.D.,1,2023-01-03,2025-01-09,OH,3,Republican,,R,,,senior,legislators-historical.json,OH_CLASS_3
H001104,S438,457032,S6OH00304,Jon Husted,Jon,Allen,Husted,,,1,2025-01-21,2026-11-03,OH,3,Republican,,R,appointment,special-election,junior,legislators-current.json,OH_CLASS_3
O000153,,408404,,Robert Latham Owen,Robert,Latham,Owen,,,1,1907-12-02,1913-03-03,OK,2,Democrat,,D,,,,legislators-historical.json,OK_CLASS_2
O000153,,408404,,Robert Latham Owen,Robert,Latham,Owen,,,2,1913-04-07,1919-03-03,OK,2,Democrat,,D,,,,legislators-historical.json,OK_CLASS_2
O000153,,408404,,Robert Latham Owen,Robert,Latham,Owen,,,3,1919-05-19,1925-03-03,OK,2,Democrat,,D,,,,legislators-historical.json,OK_CLASS_2
P000360,,408756,,William Bliss Pine,William,Bliss,Pine,,,1,1925-12-07,1931-03-03,OK,2,Republican,,R,,,,legislators-historical.json,OK_CLASS_2
G000323,,404681,,Thomas Pryor Gore,Thomas,Pryor,Gore,,,4,1931-12-07,1937-01-03,OK,2,Democrat,,D,,,,legislators-historical.json,OK_CLASS_2
L000198,,406701,,Joshua Bryan Lee,Joshua,Bryan,Lee,,,2,1937-01-05,1943-01-03,OK,2,Democrat,,D,,,,legislators-historical.json,OK_CLASS_2
M000895,,407867,,Edward Hall Moore,Edward,Hall,Moore,,,1,1943-01-06,1949-01-03,OK,2,Republican,,R,,,,legislators-historical.json,OK_CLASS_2
K000144,,406310,,Robert Samuel Kerr,Robert,Samuel,Kerr,,,1,1949-01-03,1955-01-03,OK,2,Democrat,,D,,,,legislators-historical.json,OK_CLASS_2
K000144,,406310,,Robert Samuel Kerr,Robert,Samuel,Kerr,,,2,1955-01-05,1961-01-03,OK,2,Democrat,,D,,,,legislators-historical.json,OK_CLASS_2
K000144,,406310,,Robert Samuel Kerr,Robert,Samuel,Kerr,,,3,1961-01-03,1963-01-01,OK,2,Democrat,,D,,,,legislators-historical.json,OK_CLASS_2
E000055,,403750,,James Howard Edmondson,James,Howard,Edmondson,,,1,1963-01-09,1964-11-03,OK,2,Democrat,,D,appointment,,,legislators-historical.json,OK_CLASS_2
H000237,,405115,,Fred Roy Harris,Fred,Roy,Harris,,,1,1964-11-04,1967-01-03,OK,2,Democrat,,D,,,,legislators-historical.json,OK_CLASS_2
H000237,,405115,,Fred Roy Harris,Fred,Roy,Harris,,,2,1967-01-10,1973-01-03,OK,2,Democrat,,D,,,,legislators-historical.json,OK_CLASS_2
B000200,,401199,,Dewey Follett Bartlett,Dewey,Follett,Bartlett,,,1,1973-01-03,1979-01-03,OK,2,Republican,,R,,,,legislators-historical.json,OK_CLASS_2
B000639,S128,401604,,David Lyle Boren,David,Lyle,Boren,,,1,1979-01-15,1985-01-03,OK,2,Democrat,,D,,,,legislators-historical.json,OK_CLASS_2
B000639,S128,401604,,David Lyle Boren,David,Lyle,Boren,,,2,1985-01-03,1991-01-03,OK,2,Democrat,,D,,,,legislators-historical.json,OK_CLASS_2
B000639,S128,401604,,David Lyle Boren,David,Lyle,Boren,,,3,1991-01-03,1994-11-15,OK,2,Democrat,,D,,,,legislators-historical.json,OK_CLASS_2
I000024,S236,300055,S4OK00083|H6OK01102,James M. Inhofe,James,M.,Inhofe,,Jim,5,1994-11-17,1997-01-03,OK,2,Republican,,R,,,,legislators-historical.json,OK_CLASS_2
I000024,S236,300055,S4OK00083|H6OK01102,James M. Inhofe,James,M.,Inhofe,,Jim,6,1997-01-07,2003-01-03,OK,2,Republican,,R,,,,legislators-historical.json,OK_CLASS_2
I000024,S236,300055,S4OK00083|H6OK01102,James M. Inhofe,James,M.,Inhofe,,Jim,7,2003-01-07,2009-01-03,OK,2,Republican,,R,,,,legislators-historical.json,OK_CLASS_2
I000024,S236,300055,S4OK00083|H6OK01102,James M. Inhofe,James,M.,Inhofe,,Jim,8,2009-01-06,2015-01-03,OK,2,Republican,,R,,,senior,legislators-historical.json,OK_CLASS_2
I000024,S236,300055,S4OK00083|H6OK01102,James M. Inhofe,James,M.,Inhofe,,Jim,9,2015-01-06,2021-01-03,OK,2,Republican,,R,,,senior,legislators-historical.json,OK_CLASS_2
I000024,S236,300055,S4OK00083|H6OK01102,James M. Inhofe,James,M.,Inhofe,,Jim,10,2021-01-03,2023-01-03,OK,2,Republican,,R,,,senior,legislators-historical.json,OK_CLASS_2
M001190,S419,412568,H2OK02083|S2OK00186,Markwayne Mullin,Markwayne,,Mullin,,,6,2023-01-03,2026-03-23,OK,2,Republican,,R,,,junior,legislators-historical.json,OK_CLASS_2
A000383,S440,457040,,Alan Armstrong,Alan,,Armstrong,,,1,2026-03-24,2027-01-03,OK,2,Republican,,R,appointment,,junior,legislators-current.json,OK_CLASS_2
G000323,,404681,,Thomas Pryor Gore,Thomas,Pryor,Gore,,,1,1907-12-02,1909-03-03,OK,3,Democrat,,D,,,,legislators-historical.json,OK_CLASS_3
G000323,,404681,,Thomas Pryor Gore,Thomas,Pryor,Gore,,,2,1909-03-15,1915-03-03,OK,3,Democrat,,D,,,,legislators-historical.json,OK_CLASS_3
G000323,,404681,,Thomas Pryor Gore,Thomas,Pryor,Gore,,,3,1915-12-06,1921-03-03,OK,3,Democrat,,D,,,,legislators-historical.json,OK_CLASS_3
H000227,,405105,,John William Harreld,John,William,Harreld,,,2,1921-04-11,1927-03-04,OK,3,Republican,,R,,,,legislators-historical.json,OK_CLASS_3
T000177,,410758,,John William Elmer Thomas,John,William Elmer,Thomas,,,3,1927-12-05,1933-03-03,OK,3,Democrat,,D,,,,legislators-historical.json,OK_CLASS_3
T000177,,410758,,John William Elmer Thomas,John,William Elmer,Thomas,,,4,1933-03-09,1939-01-03,OK,3,Democrat,,D,,,,legislators-historical.json,OK_CLASS_3
T000177,,410758,,John William Elmer Thomas,John,William Elmer,Thomas,,,5,1939-01-03,1945-01-03,OK,3,Democrat,,D,,,,legislators-historical.json,OK_CLASS_3
T000177,,410758,,John William Elmer Thomas,John,William Elmer,Thomas,,,6,1945-01-03,1951-01-03,OK,3,Democrat,,D,,,,legislators-historical.json,OK_CLASS_3
M000859,,407832,,Almer Stillwell Mike Monroney,Almer,Stillwell Mike,Monroney,,,7,1951-01-03,1957-01-03,OK,3,Democrat,,D,,,,legislators-historical.json,OK_CLASS_3
M000859,,407832,,Almer Stillwell Mike Monroney,Almer,Stillwell Mike,Monroney,,,8,1957-01-03,1963-01-03,OK,3,Democrat,,D,,,,legislators-historical.json,OK_CLASS_3
M000859,,407832,,Almer Stillwell Mike Monroney,Almer,Stillwell Mike,Monroney,,,9,1963-01-09,1969-01-03,OK,3,Democrat,,D,,,,legislators-historical.json,OK_CLASS_3
B000351,,401343,,Henry Louis Bellmon,Henry,Louis,Bellmon,,,1,1969-01-03,1975-01-03,OK,3,Republican,,R,,,,legislators-historical.json,OK_CLASS_3
B000351,,401343,,Henry Louis Bellmon,Henry,Louis,Bellmon,,,2,1975-01-14,1981-01-03,OK,3,Republican,,R,,,,legislators-historical.json,OK_CLASS_3
N000102,S158,300079,S0OK00107,Don Nickles,Don,,Nickles,,,1,1981-01-05,1987-01-03,OK,3,Republican,,R,,,,legislators-historical.json,OK_CLASS_3
N000102,S158,300079,S0OK00107,Don Nickles,Don,,Nickles,,,2,1987-01-06,1993-01-03,OK,3,Republican,,R,,,,legislators-historical.json,OK_CLASS_3
N000102,S158,300079,S0OK00107,Don Nickles,Don,,Nickles,,,3,1993-01-05,1999-01-03,OK,3,Republican,,R,,,,legislators-historical.json,OK_CLASS_3
N000102,S158,300079,S0OK00107,Don Nickles,Don,,Nickles,,,4,1999-01-06,2005-01-03,OK,3,Republican,,R,,,,legislators-historical.json,OK_CLASS_3
C000560,S301,400576,S4OK00174|H4OK02048,Tom Coburn,Thomas,A.,Coburn,,,4,2005-01-04,2011-01-03,OK,3,Republican,,R,,,,legislators-historical.json,OK_CLASS_3
C000560,S301,400576,S4OK00174|H4OK02048,Tom Coburn,Thomas,A.,Coburn,,,5,2011-01-05,2015-01-03,OK,3,Republican,,R,,,junior,legislators-historical.json,OK_CLASS_3
L000575,S378,412464,H0OK05114|S4OK00232,James Lankford,James,,Lankford,,,3,2015-01-06,2017-01-03,OK,3,Republican,,R,,,junior,legislators-current.json,OK_CLASS_3
L000575,S378,412464,H0OK05114|S4OK00232,James Lankford,James,,Lankford,,,4,2017-01-03,2023-01-03,OK,3,Republican,,R,,,junior,legislators-current.json,OK_CLASS_3
L000575,S378,412464,H0OK05114|S4OK00232,James Lankford,James,,Lankford,,,5,2023-01-03,2029-01-03,OK,3,Republican,,R,,,senior,legislators-current.json,OK_CLASS_3
S000526,,410009,,Delazon Smith,Delazon,,Smith,,,1,1859-12-05,1859-12-31,OR,2,Democrat,,D,,,,legislators-historical.json,OR_CLASS_2
B000059,,401064,,Edward Dickinson Baker,Edward,Dickinson,Baker,,,3,1860-01-01,1861-12-31,OR,2,Republican,,R,,,,legislators-historical.json,OR_CLASS_2
S000809,,410275,,Benjamin Stark,Benjamin,,Stark,,,1,1861-07-04,1863-03-03,OR,2,Democrat,,D,,,,legislators-historical.json,OR_CLASS_2
H000189,,405070,,Benjamin Franklin Harding,Benjamin,Franklin,Harding,,,1,1862-01-01,1865-03-03,OR,2,Democrat,,D,,,,legislators-historical.json,OR_CLASS_2
W000498,,411655,,George Henry Williams,George,Henry,Williams,,,1,1865-12-04,1871-03-03,OR,2,Republican,,R,,,,legislators-historical.json,OR_CLASS_2
K000074,,406244,,James Kerr Kelly,James,Kerr,Kelly,,,1,1871-03-04,1877-03-03,OR,2,Democrat,,D,,,,legislators-historical.json,OR_CLASS_2
G000505,,404850,,La Fayette Grover,La,Fayette,Grover,,,2,1877-10-15,1883-03-03,OR,2,Democrat,,D,,,,legislators-historical.json,OR_CLASS_2
D000405,,403519,,Joseph Norton Dolph,Joseph,Norton,Dolph,,,1,1883-12-03,1889-03-03,OR,2,Republican,,R,,,,legislators-historical.json,OR_CLASS_2
D000405,,403519,,Joseph Norton Dolph,Joseph,Norton,Dolph,,,2,1889-12-02,1895-03-03,OR,2,Republican,,R,,,,legislators-historical.json,OR_CLASS_2
M000300,,407315,,George Wycliffe McBride,George,Wycliffe,McBride,,,1,1895-12-02,1901-03-03,OR,2,Republican,,R,,,,legislators-historical.json,OR_CLASS_2
M000818,,407793,,John Hipple Mitchell,John,Hipple,Mitchell,,,4,1901-12-02,1905-12-08,OR,2,Republican,,R,,,,legislators-historical.json,OR_CLASS_2
G000112,,404484,,John McDermeid Gearin,John,McDermeid,Gearin,,,1,1905-12-13,1907-01-23,OR,2,Democrat,,D,,,,legislators-historical.json,OR_CLASS_2
M001069,,408035,,Frederick William Mulkey,Frederick,William,Mulkey,,,1,1907-01-23,1907-03-03,OR,2,Republican,,R,,,,legislators-historical.json,OR_CLASS_2
B000670,,401632,,Jonathan Bourne Jr.,Jonathan,,Bourne,Jr.,,1,1907-12-02,1913-03-03,OR,2,Republican,,R,,,,legislators-historical.json,OR_CLASS_2
L000059,,406568,,Harry Lane,Harry,,Lane,,,1,1913-04-07,1917-05-23,OR,2,Democrat,,D,,,,legislators-historical.json,OR_CLASS_2
M000583,,407574,,Charles Linza McNary,Charles,Linza,McNary,,,1,1917-05-29,1918-11-05,OR,2,Republican,,R,appointment,,,legislators-historical.json,OR_CLASS_2
M001069,,408035,,Frederick William Mulkey,Frederick,William,Mulkey,,,2,1918-11-06,1918-12-17,OR,2,Republican,,R,,,,legislators-historical.json,OR_CLASS_2
M000583,,407574,,Charles Linza McNary,Charles,Linza,McNary,,,2,1918-12-18,1919-03-03,OR,2,Republican,,R,appointment,,,legislators-historical.json,OR_CLASS_2
M000583,,407574,,Charles Linza McNary,Charles,Linza,McNary,,,3,1919-05-19,1925-03-03,OR,2,Republican,,R,,,,legislators-historical.json,OR_CLASS_2
M000583,,407574,,Charles Linza McNary,Charles,Linza,McNary,,,4,1925-12-07,1931-03-03,OR,2,Republican,,R,,,,legislators-historical.json,OR_CLASS_2
M000583,,407574,,Charles Linza McNary,Charles,Linza,McNary,,,5,1931-12-07,1937-01-03,OR,2,Republican,,R,,,,legislators-historical.json,OR_CLASS_2
M000583,,407574,,Charles Linza McNary,Charles,Linza,McNary,,,6,1937-01-05,1943-01-03,OR,2,Republican,,R,,,,legislators-historical.json,OR_CLASS_2
M000583,,407574,,Charles Linza McNary,Charles,Linza,McNary,,,7,1943-01-06,1944-02-25,OR,2,Republican,,R,,,,legislators-historical.json,OR_CLASS_2
C000774,,402894,,Guy Cordon,Guy,,Cordon,,,1,1944-03-04,1949-01-03,OR,2,Republican,,R,appointment,,,legislators-historical.json,OR_CLASS_2
C000774,,402894,,Guy Cordon,Guy,,Cordon,,,2,1949-01-03,1955-01-03,OR,2,Republican,,R,,,,legislators-historical.json,OR_CLASS_2
N000053,,408141,,Richard Lewis Neuberger,Richard,Lewis,Neuberger,,,1,1955-01-05,1960-03-09,OR,2,Democrat,,D,,,,legislators-historical.json,OR_CLASS_2
L000520,,407005,,Hall Stoner Lusk,Hall,Stoner,Lusk,,,1,1960-03-16,1960-11-08,OR,2,Democrat,,D,appointment,,,legislators-historical.json,OR_CLASS_2
N000052,,408140,,Maurine Brown Neuberger,Maurine,Brown,Neuberger,,,1,1960-11-09,1961-01-03,OR,2,Democrat,,D,,,,legislators-historical.json,OR_CLASS_2
N000052,,408140,,Maurine Brown Neuberger,Maurine,Brown,Neuberger,,,2,1961-01-03,1967-01-03,OR,2,Democrat,,D,,,,legislators-historical.json,OR_CLASS_2
H000343,S044,405212,,Mark Odom Hatfield,Mark,Odom,Hatfield,,,1,1967-01-10,1973-01-03,OR,2,Republican,,R,,,,legislators-historical.json,OR_CLASS_2
H000343,S044,405212,,Mark Odom Hatfield,Mark,Odom,Hatfield,,,2,1973-01-03,1979-01-03,OR,2,Republican,,R,,,,legislators-historical.json,OR_CLASS_2
H000343,S044,405212,,Mark Odom Hatfield,Mark,Odom,Hatfield,,,3,1979-01-15,1985-01-03,OR,2,Republican,,R,,,,legislators-historical.json,OR_CLASS_2
H000343,S044,405212,,Mark Odom Hatfield,Mark,Odom,Hatfield,,,4,1985-01-03,1991-01-03,OR,2,Republican,,R,,,,legislators-historical.json,OR_CLASS_2
H000343,S044,405212,,Mark Odom Hatfield,Mark,Odom,Hatfield,,,5,1991-01-03,1997-01-03,OR,2,Republican,,R,,,,legislators-historical.json,OR_CLASS_2
S001142,S262,300090,S6OR00094,Gordon Harold Smith,Gordon,Harold,Smith,,,1,1997-01-07,2003-01-03,OR,2,Republican,,R,,,,legislators-historical.json,OR_CLASS_2
S001142,S262,300090,S6OR00094,Gordon Harold Smith,Gordon,Harold,Smith,,,2,2003-01-07,2009-01-03,OR,2,Republican,,R,,,,legislators-historical.json,OR_CLASS_2
M001176,S322,412325,S8OR00207,Jeff Merkley,Jeff,,Merkley,,,1,2009-01-06,2015-01-03,OR,2,Democrat,,D,,,junior,legislators-current.json,OR_CLASS_2
M001176,S322,412325,S8OR00207,Jeff Merkley,Jeff,,Merkley,,,2,2015-01-06,2021-01-03,OR,2,Democrat,,D,,,junior,legislators-current.json,OR_CLASS_2
M001176,S322,412325,S8OR00207,Jeff Merkley,Jeff,,Merkley,,,3,2021-01-03,2027-01-03,OR,2,Democrat,,D,,,junior,legislators-current.json,OR_CLASS_2
L000062,,406571,,Joseph Lane,Joseph,,Lane,,,5,1859-12-05,1861-03-03,OR,3,Democrat,,D,,,,legislators-historical.json,OR_CLASS_3
N000050,,408139,,James Willis Nesmith,James,Willis,Nesmith,,,1,1861-07-04,1867-03-03,OR,3,Democrat,,D,,,,legislators-historical.json,OR_CLASS_3
C000771,,402891,,Henry Winslow Corbett,Henry,Winslow,Corbett,,,1,1867-03-04,1873-03-03,OR,3,Republican,,R,,,,legislators-historical.json,OR_CLASS_3
M000818,,407793,,John Hipple Mitchell,John,Hipple,Mitchell,,,1,1873-12-01,1879-03-03,OR,3,Republican,,R,,,,legislators-historical.json,OR_CLASS_3
S000476,,409965,,James Harvey Slater,James,Harvey,Slater,,,2,1879-03-18,1885-03-03,OR,3,Democrat,,D,,,,legislators-historical.json,OR_CLASS_3
M000818,,407793,,John Hipple Mitchell,John,Hipple,Mitchell,,,2,1885-12-07,1891-03-03,OR,3,Republican,,R,,,,legislators-historical.json,OR_CLASS_3
M000818,,407793,,John Hipple Mitchell,John,Hipple,Mitchell,,,3,1891-12-07,1897-03-03,OR,3,Republican,,R,,,,legislators-historical.json,OR_CLASS_3
S000422,,409916,,Joseph Simon,Joseph,,Simon,,,1,1898-01-01,1903-03-03,OR,3,Republican,,R,,,,legislators-historical.json,OR_CLASS_3
F000420,,404362,,Charles William Fulton,Charles,William,Fulton,,,1,1903-11-09,1909-03-03,OR,3,Republican,,R,,,,legislators-historical.json,OR_CLASS_3
C000277,,402420,,George Earle Chamberlain,George,Earle,Chamberlain,,,1,1909-03-15,1915-03-03,OR,3,Democrat,,D,,,,legislators-historical.json,OR_CLASS_3
C000277,,402420,,George Earle Chamberlain,George,Earle,Chamberlain,,,2,1915-12-06,1921-03-03,OR,3,Democrat,,D,,,,legislators-historical.json,OR_CLASS_3
S000791,,410257,,Robert Nelson Stanfield,Robert,Nelson,Stanfield,,,1,1921-04-11,1927-03-04,OR,3,Republican,,R,,,,legislators-historical.json,OR_CLASS_3
S000848,,410312,,Frederick Steiwer,Frederick,,Steiwer,,,1,1927-12-05,1933-03-03,OR,3,Republican,,R,,,,legislators-historical.json,OR_CLASS_3
S000848,,410312,,Frederick Steiwer,Frederick,,Steiwer,,,2,1933-03-09,1938-01-31,OR,3,Republican,,R,,,,legislators-historical.json,OR_CLASS_3
R000099,,409079,,Alfred Evan Reames,Alfred,Evan,Reames,,,1,1938-02-01,1938-11-08,OR,3,Democrat,,D,appointment,,,legislators-historical.json,OR_CLASS_3
B000187,,401186,,Alexander Grant Barry,Alexander,Grant,Barry,,,1,1938-11-09,1939-01-03,OR,3,Republican,,R,,,,legislators-historical.json,OR_CLASS_3
H000731,,405582,,Rufus Cecil Holman,Rufus,Cecil,Holman,,,1,1939-01-03,1945-01-03,OR,3,Republican,,R,,,,legislators-historical.json,OR_CLASS_3
M001014,,407981,,Wayne Lyman Morse,Wayne,Lyman,Morse,,,1,1945-01-03,1951-01-03,OR,3,Republican,,R,,,,legislators-historical.json,OR_CLASS_3
M001014,,407981,,Wayne Lyman Morse,Wayne,Lyman,Morse,,,2,1951-01-03,1957-01-03,OR,3,Independent,,I,,,,legislators-historical.json,OR_CLASS_3
M001014,,407981,,Wayne Lyman Morse,Wayne,Lyman,Morse,,,3,1957-01-03,1963-01-03,OR,3,Democrat,,D,,,,legislators-historical.json,OR_CLASS_3
M001014,,407981,,Wayne Lyman Morse,Wayne,Lyman,Morse,,,4,1963-01-09,1969-01-03,OR,3,Democrat,,D,,,,legislators-historical.json,OR_CLASS_3
P000009,S075,408420,,Robert William Packwood,Robert,William,Packwood,,,1,1969-01-03,1975-01-03,OR,3,Republican,,R,,,,legislators-historical.json,OR_CLASS_3
P000009,S075,408420,,Robert William Packwood,Robert,William,Packwood,,,2,1975-01-14,1981-01-03,OR,3,Republican,,R,,,,legislators-historical.json,OR_CLASS_3
P000009,S075,408420,,Robert William Packwood,Robert,William,Packwood,,,3,1981-01-05,1987-01-03,OR,3,Republican,,R,,,,legislators-historical.json,OR_CLASS_3
P000009,S075,408420,,Robert William Packwood,Robert,William,Packwood,,,4,1987-01-06,1993-01-03,OR,3,Republican,,R,,,,legislators-historical.json,OR_CLASS_3
P000009,S075,408420,,Robert William Packwood,Robert,William,Packwood,,,5,1993-01-05,1995-10-01,OR,3,Republican,,R,,,,legislators-historical.json,OR_CLASS_3
W000779,S247,300100,S6OR00110|H0OR03026,Ron Wyden,Ron,,Wyden,,,9,1996-02-05,1999-01-03,OR,3,Democrat,,D,,,,legislators-current.json,OR_CLASS_3
W000779,S247,300100,S6OR00110|H0OR03026,Ron Wyden,Ron,,Wyden,,,10,1999-01-06,2005-01-03,OR,3,Democrat,,D,,,,legislators-current.json,OR_CLASS_3
W000779,S247,300100,S6OR00110|H0OR03026,Ron Wyden,Ron,,Wyden,,,11,2005-01-04,2011-01-03,OR,3,Democrat,,D,,,,legislators-current.json,OR_CLASS_3
W000779,S247,300100,S6OR00110|H0OR03026,Ron Wyden,Ron,,Wyden,,,12,2011-01-05,2017-01-03,OR,3,Democrat,,D,,,senior,legislators-current.json,OR_CLASS_3
W000779,S247,300100,S6OR00110|H0OR03026,Ron Wyden,Ron,,Wyden,,,13,2017-01-03,2023-01-03,OR,3,Democrat,,D,,,senior,legislators-current.json,OR_CLASS_3
W000779,S247,300100,S6OR00110|H0OR03026,Ron Wyden,Ron,,Wyden,,,14,2023-01-03,2029-01-03,OR,3,Democrat,,D,,,senior,legislators-current.json,OR_CLASS_3
M000031,,407058,,William Maclay,William,,Maclay,,,1,1789-03-04,1791-03-03,PA,1,Anti-Administration,,Other,,,,legislators-historical.json,PA_CLASS_1
R000448,,409412,,James Ross,James,,Ross,,,1,1794-01-01,1797-03-03,PA,1,Federalist,,Other,,,,legislators-historical.json,PA_CLASS_1
R000448,,409412,,James Ross,James,,Ross,,,2,1797-05-15,1803-03-03,PA,1,Federalist,,Other,,,,legislators-historical.json,PA_CLASS_1
M000029,,407057,,Samuel Maclay,Samuel,,Maclay,,,2,1803-10-17,1809-03-03,PA,1,Republican,,R,,,,legislators-historical.json,PA_CLASS_1
L000229,,406733,,Michael Leib,Michael,,Leib,,,5,1809-05-22,1815-03-03,PA,1,Republican,,R,,,,legislators-historical.json,PA_CLASS_1
R000313,,409284,,Jonathan Roberts,Jonathan,,Roberts,,,3,1814-02-24,1815-03-03,PA,1,Republican,,R,,,,legislators-historical.json,PA_CLASS_1
R000313,,409284,,Jonathan Roberts,Jonathan,,Roberts,,,4,1815-12-04,1821-03-03,PA,1,Republican,,R,,,,legislators-historical.json,PA_CLASS_1
F000122,,404078,,William Findlay,William,,Findlay,,,1,1821-12-03,1827-03-03,PA,1,Jackson,,Other,,,,legislators-historical.json,PA_CLASS_1
B000154,,401156,,Isaac Dutton Barnard,Isaac,Dutton,Barnard,,,1,1827-12-03,1831-12-31,PA,1,Jackson,,Other,,,,legislators-historical.json,PA_CLASS_1
D000011,,403154,,George Mifflin Dallas,George,Mifflin,Dallas,,,1,1831-12-05,1833-03-03,PA,1,Jackson,,Other,,,,legislators-historical.json,PA_CLASS_1
M000492,,407487,,Samuel McKean,Samuel,,McKean,,,4,1833-12-02,1839-03-03,PA,1,Democrat,,D,,,,legislators-historical.json,PA_CLASS_1
S001046,,410500,,Daniel Sturgeon,Daniel,,Sturgeon,,,1,1840-01-01,1845-03-03,PA,1,Democrat,,D,,,,legislators-historical.json,PA_CLASS_1
S001046,,410500,,Daniel Sturgeon,Daniel,,Sturgeon,,,2,1845-12-01,1851-03-03,PA,1,Democrat,,D,,,,legislators-historical.json,PA_CLASS_1
B000861,,401818,,Richard Brodhead,Richard,,Brodhead,,,4,1851-12-01,1857-03-03,PA,1,Democrat,,D,,,,legislators-historical.json,PA_CLASS_1
C000068,,402226,,Simon Cameron,Simon,,Cameron,,,2,1857-12-07,1861-12-31,PA,1,Republican,,R,,,,legislators-historical.json,PA_CLASS_1
W000566,,411722,,David Wilmot,David,,Wilmot,,,4,1861-07-04,1863-03-03,PA,1,Republican,,R,,,,legislators-historical.json,PA_CLASS_1
B001019,,401969,,Charles Rollin Buckalew,Charles,Rollin,Buckalew,,,1,1863-12-07,1869-03-03,PA,1,Democrat,,D,,,,legislators-historical.json,PA_CLASS_1
S000177,,409683,,John Scott,John,,Scott,,,1,1869-03-04,1875-03-03,PA,1,Republican,,R,,,,legislators-historical.json,PA_CLASS_1
W000084,,411263,,William Andrew Wallace,William,Andrew,Wallace,,,1,1875-12-06,1881-03-03,PA,1,Democrat,,D,,,,legislators-historical.json,PA_CLASS_1
M000819,,407794,,John Inscho Mitchell,John,Inscho,Mitchell,,,3,1881-12-05,1887-03-03,PA,1,Republican,,R,,,,legislators-historical.json,PA_CLASS_1
Q000006,,408969,,Matthew Stanley Quay,Matthew,Stanley,Quay,,,1,1887-12-05,1893-03-03,PA,1,Republican,,R,,,,legislators-historical.json,PA_CLASS_1
Q000006,,408969,,Matthew Stanley Quay,Matthew,Stanley,Quay,,,2,1893-03-04,1899-03-03,PA,1,Republican,,R,,,,legislators-historical.json,PA_CLASS_1
Q000006,,408969,,Matthew Stanley Quay,Matthew,Stanley,Quay,,,3,1901-01-16,1904-05-28,PA,1,Republican,,R,,,,legislators-historical.json,PA_CLASS_1
K000296,,406452,,Philander Chase Knox,Philander,Chase,Knox,,,1,1904-06-10,1905-03-03,PA,1,Republican,,R,,,,legislators-historical.json,PA_CLASS_1
K000296,,406452,,Philander Chase Knox,Philander,Chase,Knox,,,2,1905-03-04,1909-03-04,PA,1,Republican,,R,,,,legislators-historical.json,PA_CLASS_1
O000073,,408346,,George Tener Oliver,George,Tener,Oliver,,,1,1909-03-15,1911-03-03,PA,1,Republican,,R,,,,legislators-historical.json,PA_CLASS_1
O000073,,408346,,George Tener Oliver,George,Tener,Oliver,,,2,1911-04-04,1917-03-03,PA,1,Republican,,R,,,,legislators-historical.json,PA_CLASS_1
K000296,,406452,,Philander Chase Knox,Philander,Chase,Knox,,,3,1917-04-02,1921-10-12,PA,1,Republican,,R,,,,legislators-historical.json,PA_CLASS_1
C000938,,403050,,William Evans Crow,William,Evans,Crow,,,1,1921-10-24,1922-08-02,PA,1,Republican,,R,appointment,,,legislators-historical.json,PA_CLASS_1
R000114,,409094,,David Aiken Reed,David,Aiken,Reed,,,1,1922-08-08,1923-03-03,PA,1,Republican,,R,appointment,,,legislators-historical.json,PA_CLASS_1
R000114,,409094,,David Aiken Reed,David,Aiken,Reed,,,2,1923-12-03,1929-03-03,PA,1,Republican,,R,,,,legislators-historical.json,PA_CLASS_1
R000114,,409094,,David Aiken Reed,David,Aiken,Reed,,,3,1929-04-15,1935-01-03,PA,1,Republican,,R,,,,legislators-historical.json,PA_CLASS_1
G000519,,404864,,Joseph F. Guffey,Joseph,F.,Guffey,,,1,1935-01-03,1941-01-03,PA,1,Democrat,,D,,,,legislators-historical.json,PA_CLASS_1
G000519,,404864,,Joseph F. Guffey,Joseph,F.,Guffey,,,2,1941-01-03,1947-01-03,PA,1,Democrat,,D,,,,legislators-historical.json,PA_CLASS_1
M000177,,407199,,Edward Martin,Edward,,Martin,,,1,1947-01-03,1953-01-03,PA,1,Republican,,R,,,,legislators-historical.json,PA_CLASS_1
M000177,,407199,,Edward Martin,Edward,,Martin,,,2,1953-01-03,1959-01-03,PA,1,Republican,,R,,,,legislators-historical.json,PA_CLASS_1
S000174,,409680,,Hugh Doggett Scott Jr.,Hugh,Doggett,Scott,Jr.,,9,1959-01-07,1965-01-03,PA,1,Republican,,R,,,,legislators-historical.json,PA_CLASS_1
S000174,,409680,,Hugh Doggett Scott Jr.,Hugh,Doggett,Scott,Jr.,,10,1965-01-04,1971-01-03,PA,1,Republican,,R,,,,legislators-historical.json,PA_CLASS_1
S000174,,409680,,Hugh Doggett Scott Jr.,Hugh,Doggett,Scott,Jr.,,11,1971-01-21,1977-01-03,PA,1,Republican,,R,,,,legislators-historical.json,PA_CLASS_1
H000456,S115,405321,,Henry John Heinz III,Henry,John,Heinz,III,,4,1977-01-04,1983-01-03,PA,1,Republican,,R,,,,legislators-historical.json,PA_CLASS_1
H000456,S115,405321,,Henry John Heinz III,Henry,John,Heinz,III,,5,1983-01-03,1989-01-03,PA,1,Republican,,R,,,,legislators-historical.json,PA_CLASS_1
H000456,S115,405321,,Henry John Heinz III,Henry,John,Heinz,III,,6,1989-01-03,1991-04-04,PA,1,Republican,,R,,,,legislators-historical.json,PA_CLASS_1
W000665,S219,411818,,Harris Wofford,Harris,,Wofford,,,1,1991-05-08,1995-01-03,PA,1,Democrat,,D,appointment,,,legislators-historical.json,PA_CLASS_1
S000059,S244,300085,H0PA18030|S4PA00063,Richard J. Rick Santorum,Richard,J.,Santorum,,Rick,3,1995-01-04,2001-01-03,PA,1,Republican,,R,,,,legislators-historical.json,PA_CLASS_1
S000059,S244,300085,H0PA18030|S4PA00063,Richard J. Rick Santorum,Richard,J.,Santorum,,Rick,4,2001-01-03,2007-01-03,PA,1,Republican,,R,,,,legislators-historical.json,PA_CLASS_1
C001070,S309,412246,S6PA00217,"Robert P. Casey, Jr.",Robert,P.,Casey,Jr.,Bob,1,2007-01-04,2013-01-03,PA,1,Democrat,,D,,,,legislators-historical.json,PA_CLASS_1
C001070,S309,412246,S6PA00217,"Robert P. Casey, Jr.",Robert,P.,Casey,Jr.,Bob,2,2013-01-03,2019-01-03,PA,1,Democrat,,D,,,senior,legislators-historical.json,PA_CLASS_1
C001070,S309,412246,S6PA00217,"Robert P. Casey, Jr.",Robert,P.,Casey,Jr.,Bob,3,2019-01-03,2025-01-03,PA,1,Democrat,,D,,,senior,legislators-historical.json,PA_CLASS_1
M001243,S433,456968,S2PA00661,David McCormick,Dave,Harold,McCormick,,,1,2025-01-03,2031-01-03,PA,1,Republican,,R,,,junior,legislators-current.json,PA_CLASS_1
M000985,,407953,,Robert Morris,Robert,,Morris,,,1,1789-03-04,1795-03-03,PA,3,Pro-Administration,,Other,,,,legislators-historical.json,PA_CLASS_3
B000474,,401455,,William Bingham,William,,Bingham,,,1,1795-12-07,1801-03-03,PA,3,Federalist,,Other,,,,legislators-historical.json,PA_CLASS_3
L000401,,406892,,George Logan,George,,Logan,,,1,1801-12-07,1807-03-03,PA,3,Republican,,R,,,,legislators-historical.json,PA_CLASS_3
M001066,,408032,,John Peter Gabriel Muhlenberg,John,Peter Gabriel,Muhlenberg,,,4,1801-12-07,1801-12-31,PA,3,Democratic Republican,,D,,,,legislators-historical.json,PA_CLASS_3
G000442,,404789,,Andrew Gregg,Andrew,,Gregg,,,9,1807-10-26,1813-03-03,PA,3,Republican,,R,,,,legislators-historical.json,PA_CLASS_3
L000011,,406521,,Abner Lacock,Abner,,Lacock,,,2,1813-05-24,1819-03-03,PA,3,Republican,,R,,,,legislators-historical.json,PA_CLASS_3
L000485,,406973,,Walter Lowrie,Walter,,Lowrie,,,1,1819-12-06,1825-03-03,PA,3,Republican,,R,,,,legislators-historical.json,PA_CLASS_3
M000137,,407160,,William Marks,William,,Marks,,,1,1825-12-05,1831-03-03,PA,3,Adams,,Other,,,,legislators-historical.json,PA_CLASS_3
W000475,,411632,,William Wilkins,William,,Wilkins,,,2,1831-12-05,1835-03-03,PA,3,Jackson,,Other,,,,legislators-historical.json,PA_CLASS_3
B001005,,401954,,James Buchanan,James,,Buchanan,,,6,1834-01-01,1837-03-03,PA,3,Jackson,,Other,,,,legislators-historical.json,PA_CLASS_3
B001005,,401954,,James Buchanan,James,,Buchanan,,,7,1837-09-04,1843-03-03,PA,3,Democrat,,D,,,,legislators-historical.json,PA_CLASS_3
B001005,,401954,,James Buchanan,James,,Buchanan,,,8,1843-12-04,1845-12-31,PA,3,Democrat,,D,,,,legislators-historical.json,PA_CLASS_3
C000068,,402226,,Simon Cameron,Simon,,Cameron,,,1,1845-12-01,1849-03-03,PA,3,Democrat,,D,,,,legislators-historical.json,PA_CLASS_3
C000753,,402874,,James Cooper,James,,Cooper,,,3,1849-12-03,1855-03-03,PA,3,Whig,,Other,,,,legislators-historical.json,PA_CLASS_3
B000459,,401444,,William Bigler,William,,Bigler,,,1,1856-01-01,1861-03-03,PA,3,Democrat,,D,,,,legislators-historical.json,PA_CLASS_3
C000819,,402937,,Edgar Cowan,Edgar,,Cowan,,,1,1861-07-04,1867-03-03,PA,3,Republican,,R,,,,legislators-historical.json,PA_CLASS_3
C000068,,402226,,Simon Cameron,Simon,,Cameron,,,3,1867-03-04,1873-03-03,PA,3,Republican,,R,,,,legislators-historical.json,PA_CLASS_3
C000068,,402226,,Simon Cameron,Simon,,Cameron,,,4,1873-12-01,1877-12-31,PA,3,Republican,,R,,,,legislators-historical.json,PA_CLASS_3
C000065,,402223,,James Donald Cameron,James,Donald,Cameron,,,1,1877-10-15,1879-03-03,PA,3,Republican,,R,,,,legislators-historical.json,PA_CLASS_3
C000065,,402223,,James Donald Cameron,James,Donald,Cameron,,,2,1879-03-18,1885-03-03,PA,3,Republican,,R,,,,legislators-historical.json,PA_CLASS_3
C000065,,402223,,James Donald Cameron,James,Donald,Cameron,,,3,1885-12-07,1891-03-03,PA,3,Republican,,R,,,,legislators-historical.json,PA_CLASS_3
C000065,,402223,,James Donald Cameron,James,Donald,Cameron,,,4,1891-12-07,1897-03-03,PA,3,Republican,,R,,,,legislators-historical.json,PA_CLASS_3
P000217,,408620,,Boies Penrose,Boies,,Penrose,,,1,1897-03-15,1903-03-03,PA,3,Republican,,R,,,,legislators-historical.json,PA_CLASS_3
P000217,,408620,,Boies Penrose,Boies,,Penrose,,,2,1903-11-09,1909-03-03,PA,3,Republican,,R,,,,legislators-historical.json,PA_CLASS_3
P000217,,408620,,Boies Penrose,Boies,,Penrose,,,3,1909-03-15,1915-03-03,PA,3,Republican,,R,,,,legislators-historical.json,PA_CLASS_3
P000217,,408620,,Boies Penrose,Boies,,Penrose,,,4,1915-12-06,1921-03-03,PA,3,Republican,,R,,,,legislators-historical.json,PA_CLASS_3
P000219,,408622,,George Wharton Pepper,George,Wharton,Pepper,,,1,1922-01-09,1927-03-04,PA,3,Republican,,R,appointment,,,legislators-historical.json,PA_CLASS_3
V000071,,411129,,William Scott Vare,William,Scott,Vare,,,9,1927-12-05,1929-12-06,PA,3,Republican,,R,,,,legislators-historical.json,PA_CLASS_3
G000510,,404855,,Joseph Ridgway Grundy,Joseph,Ridgway,Grundy,,,1,1929-12-11,1930-12-01,PA,3,Republican,,R,appointment,,,legislators-historical.json,PA_CLASS_3
D000111,,403247,,James John Davis,James,John,Davis,,,1,1930-12-02,1933-03-03,PA,3,Republican,,R,,,,legislators-historical.json,PA_CLASS_3
D000111,,403247,,James John Davis,James,John,Davis,,,2,1933-03-09,1939-01-03,PA,3,Republican,,R,,,,legislators-historical.json,PA_CLASS_3
D000111,,403247,,James John Davis,James,John,Davis,,,3,1939-01-03,1945-01-03,PA,3,Republican,,R,,,,legislators-historical.json,PA_CLASS_3
M001127,,408089,,Francis John Myers,Francis,John,Myers,,,4,1945-01-03,1951-01-03,PA,3,Democrat,,D,,,,legislators-historical.json,PA_CLASS_3
D000516,,403626,,James Henderson Duff,James,Henderson,Duff,,,1,1951-01-03,1957-01-03,PA,3,Republican,,R,,,,legislators-historical.json,PA_CLASS_3
C000444,,402582,,Joseph Sill Clark,Joseph,Sill,Clark,,,1,1957-01-03,1963-01-03,PA,3,Democrat,,D,,,,legislators-historical.json,PA_CLASS_3
C000444,,402582,,Joseph Sill Clark,Joseph,Sill,Clark,,,2,1963-01-09,1969-01-03,PA,3,Democrat,,D,,,,legislators-historical.json,PA_CLASS_3
S000159,,409666,,Richard Schultz Schweiker,Richard,Schultz,Schweiker,,,5,1969-01-03,1975-01-03,PA,3,Republican,,R,,,,legislators-historical.json,PA_CLASS_3
S000159,,409666,,Richard Schultz Schweiker,Richard,Schultz,Schweiker,,,6,1975-01-14,1981-01-03,PA,3,Republican,,R,,,,legislators-historical.json,PA_CLASS_3
S000709,S161,300092,S6PA00100,Arlen Specter,Arlen,,Specter,,,1,1981-01-05,1987-01-03,PA,3,Republican,,R,,,,legislators-historical.json,PA_CLASS_3
S000709,S161,300092,S6PA00100,Arlen Specter,Arlen,,Specter,,,2,1987-01-06,1993-01-03,PA,3,Republican,,R,,,,legislators-historical.json,PA_CLASS_3
S000709,S161,300092,S6PA00100,Arlen Specter,Arlen,,Specter,,,3,1993-01-05,1999-01-03,PA,3,Republican,,R,,,,legislators-historical.json,PA_CLASS_3
S000709,S161,300092,S6PA00100,Arlen Specter,Arlen,,Specter,,,4,1999-01-06,2005-01-03,PA,3,Republican,,R,,,,legislators-historical.json,PA_CLASS_3
S000709,S161,300092,S6PA00100,Arlen Specter,Arlen,,Specter,,,5,2005-01-04,2011-01-03,PA,3,Democrat,,D,,,,legislators-historical.json,PA_CLASS_3
T000461,S351,400408,S4PA00121|H8PA15096,Patrick J. Toomey,Patrick,J.,Toomey,,Pat,4,2011-01-05,2017-01-03,PA,3,Republican,,R,,,junior,legislators-historical.json,PA_CLASS_3
T000461,S351,400408,S4PA00121|H8PA15096,Patrick J. Toomey,Patrick,J.,Toomey,,Pat,5,2017-01-03,2023-01-03,PA,3,Republican,,R,,,junior,legislators-historical.json,PA_CLASS_3
F000479,S418,456877,S6PA00274,John Fetterman,John,Karl,Fetterman,,,1,2023-01-03,2029-01-03,PA,3,Democrat,,D,,,senior,legislators-current.json,PA_CLASS_3
F000313,,404262,,Theodore Foster,Theodore,,Foster,,,1,1790-06-12,1791-03-03,RI,1,Federalist,,Other,,,,legislators-historical.json,RI_CLASS_1
F000313,,404262,,Theodore Foster,Theodore,,Foster,,,2,1791-03-04,1797-03-03,RI,1,Federalist,,Other,,,,legislators-historical.json,RI_CLASS_1
F000313,,404262,,Theodore Foster,Theodore,,Foster,,,3,1797-05-15,1803-03-03,RI,1,Republican,,R,,,,legislators-historical.json,RI_CLASS_1
P000468,,408854,,Samuel John Potter,Samuel,John,Potter,,,1,1803-10-17,1805-03-03,RI,1,Republican,,R,,,,legislators-historical.json,RI_CLASS_1
H000870,,405717,,Benjamin Howland,Benjamin,,Howland,,,1,1804-01-01,1809-03-03,RI,1,Republican,,R,,,,legislators-historical.json,RI_CLASS_1
C000289,,402431,,Christopher Grant Champlin,Christopher,Grant,Champlin,,,3,1809-05-22,1811-12-31,RI,1,Federalist,,Other,,,,legislators-historical.json,RI_CLASS_1
M000076,,407104,,Francis Malbone,Francis,,Malbone,,,3,1809-05-22,1809-12-31,RI,1,Federalist,,Other,,,,legislators-historical.json,RI_CLASS_1
H000991,,405831,,William Hunter,William,,Hunter,,,1,1811-11-04,1815-03-03,RI,1,Federalist,,Other,,,,legislators-historical.json,RI_CLASS_1
H000991,,405831,,William Hunter,William,,Hunter,,,2,1815-12-04,1821-03-03,RI,1,Federalist,,Other,,,,legislators-historical.json,RI_CLASS_1
D000295,,403330,,James De Wolf,James,,De Wolf,,,1,1821-12-03,1825-12-31,RI,1,Republican,,R,,,,legislators-historical.json,RI_CLASS_1
R000297,,409269,,Asher Robbins,Asher,,Robbins,,,1,1825-12-05,1827-03-03,RI,1,Adams,,Other,,,,legislators-historical.json,RI_CLASS_1
R000297,,409269,,Asher Robbins,Asher,,Robbins,,,2,1827-12-03,1833-03-03,RI,1,Adams,,Other,,,,legislators-historical.json,RI_CLASS_1
R000297,,409269,,Asher Robbins,Asher,,Robbins,,,3,1833-12-02,1839-03-03,RI,1,Whig,,Other,,,,legislators-historical.json,RI_CLASS_1
D000376,,403491,,Nathan Fellows Dixon,Nathan,Fellows,Dixon,,,1,1839-12-02,1843-03-03,RI,1,Whig,,Other,,,,legislators-historical.json,RI_CLASS_1
S000746,,410214,,William Sprague,William,,Sprague,,,2,1842-01-01,1845-03-03,RI,1,Whig,,Other,,,,legislators-historical.json,RI_CLASS_1
F000336,,404285,,John Brown Francis,John,Brown,Francis,,,1,1844-01-01,1845-03-03,RI,1,Law and Order,,Other,,,,legislators-historical.json,RI_CLASS_1
G000424,,404771,,Albert Collins Greene,Albert,Collins,Greene,,,1,1845-12-01,1851-03-03,RI,1,Whig,,Other,,,,legislators-historical.json,RI_CLASS_1
J000046,,405951,,Charles Tillinghast James,Charles,Tillinghast,James,,,1,1851-12-01,1857-03-03,RI,1,Democrat,,D,,,,legislators-historical.json,RI_CLASS_1
S000417,,409911,,James Fowler Simmons,James,Fowler,Simmons,,,2,1857-12-07,1863-03-03,RI,1,Republican,,R,,,,legislators-historical.json,RI_CLASS_1
A000295,,400937,,Samuel Greene Arnold,Samuel,Greene,Arnold,,,1,1862-01-01,1863-03-03,RI,1,Republican,,R,,,,legislators-historical.json,RI_CLASS_1
S000747,,410216,,William Sprague,William,,Sprague,,,1,1863-12-07,1869-03-03,RI,1,Republican,,R,,,,legislators-historical.json,RI_CLASS_1
S000747,,410216,,William Sprague,William,,Sprague,,,2,1869-03-04,1875-03-03,RI,1,Liberal Republican,,Other,,,,legislators-historical.json,RI_CLASS_1
B001130,,402074,,Ambrose Everett Burnside,Ambrose,Everett,Burnside,,,1,1875-12-06,1881-03-03,RI,1,Republican,,R,,,,legislators-historical.json,RI_CLASS_1
A000083,,400742,,Nelson Wilmarth Aldrich,Nelson,Wilmarth,Aldrich,,,3,1881-10-05,1887-03-03,RI,1,Republican,,R,,,,legislators-historical.json,RI_CLASS_1
A000083,,400742,,Nelson Wilmarth Aldrich,Nelson,Wilmarth,Aldrich,,,4,1887-12-05,1893-03-03,RI,1,Republican,,R,,,,legislators-historical.json,RI_CLASS_1
A000083,,400742,,Nelson Wilmarth Aldrich,Nelson,Wilmarth,Aldrich,,,5,1893-08-07,1899-03-03,RI,1,Republican,,R,,,,legislators-historical.json,RI_CLASS_1
A000083,,400742,,Nelson Wilmarth Aldrich,Nelson,Wilmarth,Aldrich,,,6,1899-12-04,1905-03-03,RI,1,Republican,,R,,,,legislators-historical.json,RI_CLASS_1
A000083,,400742,,Nelson Wilmarth Aldrich,Nelson,Wilmarth,Aldrich,,,7,1905-12-04,1911-03-03,RI,1,Republican,,R,,,,legislators-historical.json,RI_CLASS_1
L000343,,406835,,Henry Frederick Lippitt,Henry,Frederick,Lippitt,,,1,1911-04-04,1917-03-03,RI,1,Republican,,R,,,,legislators-historical.json,RI_CLASS_1
G000141,,404510,,Peter Goelet Gerry,Peter,Goelet,Gerry,,,2,1917-04-02,1923-03-03,RI,1,Democrat,,D,,,,legislators-historical.json,RI_CLASS_1
G000141,,404510,,Peter Goelet Gerry,Peter,Goelet,Gerry,,,3,1923-12-03,1929-03-03,RI,1,Democrat,,D,,,,legislators-historical.json,RI_CLASS_1
H000436,,405302,,Felix Hebert,Felix,,Hebert,,,1,1929-04-15,1935-01-03,RI,1,Republican,,R,,,,legislators-historical.json,RI_CLASS_1
G000141,,404510,,Peter Goelet Gerry,Peter,Goelet,Gerry,,,4,1935-01-03,1941-01-03,RI,1,Democrat,,D,,,,legislators-historical.json,RI_CLASS_1
G000141,,404510,,Peter Goelet Gerry,Peter,Goelet,Gerry,,,5,1941-01-03,1947-01-03,RI,1,Democrat,,D,,,,legislators-historical.json,RI_CLASS_1
M000456,,407455,,James Howard McGrath,James,Howard,McGrath,,,1,1947-01-03,1949-08-23,RI,1,Democrat,,D,,,,legislators-historical.json,RI_CLASS_1
L000173,,406676,,Edward Laurence Leahy,Edward,Laurence,Leahy,,,1,1949-08-24,1950-12-18,RI,1,Democrat,,D,appointment,,,legislators-historical.json,RI_CLASS_1
P000100,,408508,,John Orlando Pastore,John,Orlando,Pastore,,,1,1950-12-19,1953-01-03,RI,1,Democrat,,D,,,,legislators-historical.json,RI_CLASS_1
P000100,,408508,,John Orlando Pastore,John,Orlando,Pastore,,,2,1953-01-03,1959-01-03,RI,1,Democrat,,D,,,,legislators-historical.json,RI_CLASS_1
P000100,,408508,,John Orlando Pastore,John,Orlando,Pastore,,,3,1959-01-07,1965-01-03,RI,1,Democrat,,D,,,,legislators-historical.json,RI_CLASS_1
P000100,,408508,,John Orlando Pastore,John,Orlando,Pastore,,,4,1965-01-04,1971-01-03,RI,1,Democrat,,D,,,,legislators-historical.json,RI_CLASS_1
P000100,,408508,,John Orlando Pastore,John,Orlando,Pastore,,,5,1971-01-21,1976-12-28,RI,1,Democrat,,D,,,,legislators-historical.json,RI_CLASS_1
C000269,S116,402412,,John Hubbard Chafee,John,Hubbard,Chafee,,,1,1976-12-29,1977-01-03,RI,1,Republican,,R,,,,legislators-historical.json,RI_CLASS_1
C000269,S116,402412,,John Hubbard Chafee,John,Hubbard,Chafee,,,2,1977-01-04,1983-01-03,RI,1,Republican,,R,,,,legislators-historical.json,RI_CLASS_1
C000269,S116,402412,,John Hubbard Chafee,John,Hubbard,Chafee,,,3,1983-01-03,1989-01-03,RI,1,Republican,,R,,,,legislators-historical.json,RI_CLASS_1
C000269,S116,402412,,John Hubbard Chafee,John,Hubbard,Chafee,,,4,1989-01-03,1995-01-03,RI,1,Republican,,R,,,,legislators-historical.json,RI_CLASS_1
C000269,S116,402412,,John Hubbard Chafee,John,Hubbard,Chafee,,,5,1995-01-04,1999-10-24,RI,1,Republican,,R,,,,legislators-historical.json,RI_CLASS_1
C001040,S272,300020,S8RI00102,Lincoln D. Chafee,Lincoln,D.,Chafee,,,1,1999-11-02,2001-01-03,RI,1,Republican,,R,appointment,,,legislators-historical.json,RI_CLASS_1
C001040,S272,300020,S8RI00102,Lincoln D. Chafee,Lincoln,D.,Chafee,,,2,2001-01-03,2007-01-03,RI,1,Republican,,R,,,,legislators-historical.json,RI_CLASS_1
W000802,S316,412247,S6RI00221,Sheldon Whitehouse,Sheldon,,Whitehouse,,,1,2007-01-04,2013-01-03,RI,1,Democrat,,D,,,,legislators-current.json,RI_CLASS_1
W000802,S316,412247,S6RI00221,Sheldon Whitehouse,Sheldon,,Whitehouse,,,2,2013-01-03,2019-01-03,RI,1,Democrat,,D,,,junior,legislators-current.json,RI_CLASS_1
W000802,S316,412247,S6RI00221,Sheldon Whitehouse,Sheldon,,Whitehouse,,,3,2019-01-03,2025-01-03,RI,1,Democrat,,D,,,junior,legislators-current.json,RI_CLASS_1
W000802,S316,412247,S6RI00221,Sheldon Whitehouse,Sheldon,,Whitehouse,,,4,2025-01-03,2031-01-03,RI,1,Democrat,,D,,,junior,legislators-current.json,RI_CLASS_1
S000805,,410271,,Joseph Stanton Jr.,Joseph,,Stanton,Jr.,,1,1790-01-01,1793-03-03,RI,2,Anti-Administration,,Other,,,,legislators-historical.json,RI_CLASS_2
B000739,,401699,,William Bradford,William,,Bradford,,,1,1793-12-02,1797-12-31,RI,2,Federalist,,Other,,,,legislators-historical.json,RI_CLASS_2
G000427,,404775,,Ray Greene,Ray,,Greene,,,1,1797-05-15,1799-03-03,RI,2,Federalist,,Other,,,,legislators-historical.json,RI_CLASS_2
G000427,,404775,,Ray Greene,Ray,,Greene,,,2,1799-12-02,1801-12-31,RI,2,Federalist,,Other,,,,legislators-historical.json,RI_CLASS_2
E000114,,403805,,Christopher Ellery,Christopher,,Ellery,,,1,1801-12-07,1805-03-03,RI,2,Republican,,R,,,,legislators-historical.json,RI_CLASS_2
F000074,,404032,,James Fenner,James,,Fenner,,,1,1805-12-02,1807-12-31,RI,2,Republican,,R,,,,legislators-historical.json,RI_CLASS_2
M000240,,407258,,Elisha Mathewson,Elisha,,Mathewson,,,1,1807-10-26,1811-03-03,RI,2,Republican,,R,,,,legislators-historical.json,RI_CLASS_2
H000865,,405712,,Jeremiah Brown Howell,Jeremiah,Brown,Howell,,,1,1811-11-04,1817-03-03,RI,2,Republican,,R,,,,legislators-historical.json,RI_CLASS_2
B001137,,402080,,James Burrill Jr.,James,,Burrill,Jr.,,1,1817-12-01,1821-03-03,RI,2,Federalist,,Other,,,,legislators-historical.json,RI_CLASS_2
K000287,,406444,,Nehemiah Rice Knight,Nehemiah,Rice,Knight,,,1,1821-12-03,1823-03-03,RI,2,Republican,,R,,,,legislators-historical.json,RI_CLASS_2
K000287,,406444,,Nehemiah Rice Knight,Nehemiah,Rice,Knight,,,2,1823-12-01,1829-03-03,RI,2,Adams,,Other,,,,legislators-historical.json,RI_CLASS_2
K000287,,406444,,Nehemiah Rice Knight,Nehemiah,Rice,Knight,,,3,1829-12-07,1835-03-03,RI,2,Whig,,Other,,,,legislators-historical.json,RI_CLASS_2
K000287,,406444,,Nehemiah Rice Knight,Nehemiah,Rice,Knight,,,4,1835-12-07,1841-03-03,RI,2,Whig,,Other,,,,legislators-historical.json,RI_CLASS_2
S000417,,409911,,James Fowler Simmons,James,Fowler,Simmons,,,1,1841-05-31,1847-03-03,RI,2,Whig,,Other,,,,legislators-historical.json,RI_CLASS_2
C000466,,402604,,John Hopkins Clarke,John,Hopkins,Clarke,,,1,1847-12-06,1853-03-03,RI,2,Whig,,Other,,,,legislators-historical.json,RI_CLASS_2
A000141,,400797,,Philip Allen,Philip,,Allen,,,1,1853-12-05,1859-03-03,RI,2,Democrat,,D,,,,legislators-historical.json,RI_CLASS_2
A000262,,400900,,Henry Bowen Anthony,Henry,Bowen,Anthony,,,1,1859-12-05,1865-03-03,RI,2,Republican,,R,,,,legislators-historical.json,RI_CLASS_2
A000262,,400900,,Henry Bowen Anthony,Henry,Bowen,Anthony,,,2,1865-12-04,1871-03-03,RI,2,Republican,,R,,,,legislators-historical.json,RI_CLASS_2
A000262,,400900,,Henry Bowen Anthony,Henry,Bowen,Anthony,,,3,1871-03-04,1877-03-03,RI,2,Republican,,R,,,,legislators-historical.json,RI_CLASS_2
A000262,,400900,,Henry Bowen Anthony,Henry,Bowen,Anthony,,,4,1877-10-15,1883-03-03,RI,2,Republican,,R,,,,legislators-historical.json,RI_CLASS_2
A000262,,400900,,Henry Bowen Anthony,Henry,Bowen,Anthony,,,5,1883-12-03,1885-03-03,RI,2,Republican,,R,,,,legislators-historical.json,RI_CLASS_2
S000319,,409816,,William Paine Sheffield,William,Paine,Sheffield,,,2,1884-01-01,1885-12-31,RI,2,Republican,,R,,,,legislators-historical.json,RI_CLASS_2
C000267,,402410,,Jonathan Chace,Jonathan,,Chace,,,3,1885-12-07,1889-03-03,RI,2,Republican,,R,,,,legislators-historical.json,RI_CLASS_2
D000377,,403493,,Nathan Fellows Dixon,Nathan,Fellows,Dixon,,,2,1889-12-02,1895-03-03,RI,2,Republican,,R,,,,legislators-historical.json,RI_CLASS_2
W000312,,411476,,George Peabody Wetmore,George,Peabody,Wetmore,,,1,1895-12-02,1901-03-03,RI,2,Republican,,R,,,,legislators-historical.json,RI_CLASS_2
W000312,,411476,,George Peabody Wetmore,George,Peabody,Wetmore,,,2,1901-12-02,1907-03-03,RI,2,Republican,,R,,,,legislators-historical.json,RI_CLASS_2
W000312,,411476,,George Peabody Wetmore,George,Peabody,Wetmore,,,3,1908-01-22,1913-03-03,RI,2,Republican,,R,,,,legislators-historical.json,RI_CLASS_2
C000651,,402779,,LeBaron Bradford Colt,LeBaron,Bradford,Colt,,,1,1913-04-07,1919-03-03,RI,2,Republican,,R,,,,legislators-historical.json,RI_CLASS_2
C000651,,402779,,LeBaron Bradford Colt,LeBaron,Bradford,Colt,,,2,1919-05-19,1924-08-18,RI,2,Republican,,R,,,,legislators-historical.json,RI_CLASS_2
M000670,,407655,,Jesse Houghton Metcalf,Jesse,Houghton,Metcalf,,,1,1924-11-05,1925-03-03,RI,2,Republican,,R,,,,legislators-historical.json,RI_CLASS_2
M000670,,407655,,Jesse Houghton Metcalf,Jesse,Houghton,Metcalf,,,2,1925-12-07,1931-03-03,RI,2,Republican,,R,,,,legislators-historical.json,RI_CLASS_2
M000670,,407655,,Jesse Houghton Metcalf,Jesse,Houghton,Metcalf,,,3,1931-12-07,1937-01-03,RI,2,Republican,,R,,,,legislators-historical.json,RI_CLASS_2
G000418,,404766,,Theodore Francis Green,Theodore,Francis,Green,,,1,1937-01-05,1943-01-03,RI,2,Democrat,,D,,,,legislators-historical.json,RI_CLASS_2
G000418,,404766,,Theodore Francis Green,Theodore,Francis,Green,,,2,1943-01-06,1949-01-03,RI,2,Democrat,,D,,,,legislators-historical.json,RI_CLASS_2
G000418,,404766,,Theodore Francis Green,Theodore,Francis,Green,,,3,1949-01-03,1955-01-03,RI,2,Democrat,,D,,,,legislators-historical.json,RI_CLASS_2
G000418,,404766,,Theodore Francis Green,Theodore,Francis,Green,,,4,1955-01-05,1961-01-03,RI,2,Democrat,,D,,,,legislators-historical.json,RI_CLASS_2
P000193,S078,408597,,Claiborne de Borda Pell,Claiborne,de Borda,Pell,,,1,1961-01-03,1967-01-03,RI,2,Democrat,,D,,,,legislators-historical.json,RI_CLASS_2
P000193,S078,408597,,Claiborne de Borda Pell,Claiborne,de Borda,Pell,,,2,1967-01-10,1973-01-03,RI,2,Democrat,,D,,,,legislators-historical.json,RI_CLASS_2
P000193,S078,408597,,Claiborne de Borda Pell,Claiborne,de Borda,Pell,,,3,1973-01-03,1979-01-03,RI,2,Democrat,,D,,,,legislators-historical.json,RI_CLASS_2
P000193,S078,408597,,Claiborne de Borda Pell,Claiborne,de Borda,Pell,,,4,1979-01-15,1985-01-03,RI,2,Democrat,,D,,,,legislators-historical.json,RI_CLASS_2
P000193,S078,408597,,Claiborne de Borda Pell,Claiborne,de Borda,Pell,,,5,1985-01-03,1991-01-03,RI,2,Democrat,,D,,,,legislators-historical.json,RI_CLASS_2
P000193,S078,408597,,Claiborne de Borda Pell,Claiborne,de Borda,Pell,,,6,1991-01-03,1997-01-03,RI,2,Democrat,,D,,,,legislators-historical.json,RI_CLASS_2
R000122,S259,300081,S6RI00163|H0RI02071,Jack Reed,John,F.,Reed,,Jack,4,1997-01-07,2003-01-03,RI,2,Democrat,,D,,,,legislators-current.json,RI_CLASS_2
R000122,S259,300081,S6RI00163|H0RI02071,Jack Reed,John,F.,Reed,,Jack,5,2003-01-07,2009-01-03,RI,2,Democrat,,D,,,,legislators-current.json,RI_CLASS_2
R000122,S259,300081,S6RI00163|H0RI02071,Jack Reed,John,F.,Reed,,Jack,6,2009-01-06,2015-01-03,RI,2,Democrat,,D,,,senior,legislators-current.json,RI_CLASS_2
R000122,S259,300081,S6RI00163|H0RI02071,Jack Reed,John,F.,Reed,,Jack,7,2015-01-06,2021-01-03,RI,2,Democrat,,D,,,senior,legislators-current.json,RI_CLASS_2
R000122,S259,300081,S6RI00163|H0RI02071,Jack Reed,John,F.,Reed,,Jack,8,2021-01-03,2027-01-03,RI,2,Democrat,,D,,,senior,legislators-current.json,RI_CLASS_2
B001186,,402128,,Pierce Butler,Pierce,,Butler,,,1,1789-03-04,1793-03-03,SC,2,Democratic Republican,,D,,,,legislators-historical.json,SC_CLASS_2
B001186,,402128,,Pierce Butler,Pierce,,Butler,,,2,1793-12-02,1797-03-03,SC,2,Republican,,R,,,,legislators-historical.json,SC_CLASS_2
H000982,,412128,,John Hunter,John,,Hunter,,,2,1796-01-01,1799-03-03,SC,2,Republican,,R,,,,legislators-historical.json,SC_CLASS_2
P000354,,408751,,Charles Pinckney,Charles,,Pinckney,,,1,1798-12-06,1799-03-03,SC,2,Republican,,R,,,,legislators-historical.json,SC_CLASS_2
P000354,,408751,,Charles Pinckney,Charles,,Pinckney,,,2,1799-12-02,1801-03-03,SC,2,Republican,,R,,,,legislators-historical.json,SC_CLASS_2
S001073,,410527,,Thomas Sumter,Thomas,,Sumter,,,6,1801-12-15,1805-03-03,SC,2,Republican,,R,,,,legislators-historical.json,SC_CLASS_2
S001073,,410527,,Thomas Sumter,Thomas,,Sumter,,,7,1805-12-02,1810-12-16,SC,2,Republican,,R,,,,legislators-historical.json,SC_CLASS_2
T000085,,410669,,John Taylor,John,,Taylor,,,3,1810-12-31,1811-03-03,SC,2,Republican,,R,,,,legislators-historical.json,SC_CLASS_2
T000085,,410669,,John Taylor,John,,Taylor,,,4,1811-03-04,1816-11-15,SC,2,Republican,,R,,,,legislators-historical.json,SC_CLASS_2
S000628,,410101,,William Smith,William,,Smith,,,1,1816-12-04,1817-03-03,SC,2,Republican,,R,,,,legislators-historical.json,SC_CLASS_2
S000628,,410101,,William Smith,William,,Smith,,,2,1817-03-04,1823-03-03,SC,2,Republican,,R,,,,legislators-historical.json,SC_CLASS_2
H000398,,405265,,Robert Young Hayne,Robert,Young,Hayne,,,1,1823-12-01,1829-03-03,SC,2,Jackson,,Other,,,,legislators-historical.json,SC_CLASS_2
H000398,,405265,,Robert Young Hayne,Robert,Young,Hayne,,,2,1829-12-07,1833-03-03,SC,2,Nullifier,,Other,,,,legislators-historical.json,SC_CLASS_2
C000044,,402205,,John Caldwell Calhoun,John,Caldwell,Calhoun,,,5,1832-12-29,1835-03-03,SC,2,Nullifier,,Other,,,,legislators-historical.json,SC_CLASS_2
C000044,,402205,,John Caldwell Calhoun,John,Caldwell,Calhoun,,,6,1835-12-07,1841-03-03,SC,2,Democrat,,D,,,,legislators-historical.json,SC_CLASS_2
C000044,,402205,,John Caldwell Calhoun,John,Caldwell,Calhoun,,,7,1841-05-31,1843-12-31,SC,2,Democrat,,D,,,,legislators-historical.json,SC_CLASS_2
H000917,,405762,,Daniel Elliott Huger,Daniel,Elliott,Huger,,,1,1843-12-04,1845-12-31,SC,2,Democrat,,D,,,,legislators-historical.json,SC_CLASS_2
C000044,,402205,,John Caldwell Calhoun,John,Caldwell,Calhoun,,,8,1845-12-01,1847-03-03,SC,2,Democrat,,D,,,,legislators-historical.json,SC_CLASS_2
C000044,,402205,,John Caldwell Calhoun,John,Caldwell,Calhoun,,,9,1847-12-06,1851-03-03,SC,2,Democrat,,D,,,,legislators-historical.json,SC_CLASS_2
E000158,,403849,,Franklin Harper Elmore,Franklin,Harper,Elmore,,,3,1850-01-01,1851-03-03,SC,2,Democrat,,D,,,,legislators-historical.json,SC_CLASS_2
R000184,,409160,,Robert Barnwell Rhett,Robert,Barnwell,Rhett,,,7,1850-01-01,1853-03-03,SC,2,Democrat,,D,,,,legislators-historical.json,SC_CLASS_2
B000168,,401170,,Robert Woodward Barnwell,Robert,Woodward,Barnwell,,,3,1850-01-01,1851-03-03,SC,2,Democrat,,D,,,,legislators-historical.json,SC_CLASS_2
D000270,,403321,,William Ford De Saussure,William,Ford,De Saussure,,,1,1852-01-01,1853-03-03,SC,2,Democrat,,D,,,,legislators-historical.json,SC_CLASS_2
E000249,,403932,,Josiah James Evans,Josiah,James,Evans,,,1,1853-12-05,1859-03-03,SC,2,Democrat,,D,,,,legislators-historical.json,SC_CLASS_2
H000397,,412127,,Arthur Peronneau Hayne,Arthur,Peronneau,Hayne,,,1,1858-01-01,1859-03-03,SC,2,Democrat,,D,,,,legislators-historical.json,SC_CLASS_2
C000348,,402487,,James Chesnut Jr.,James,,Chesnut,Jr.,,1,1858-12-03,1859-03-03,SC,2,Democrat,,D,,,,legislators-historical.json,SC_CLASS_2
C000348,,402487,,James Chesnut Jr.,James,,Chesnut,Jr.,,2,1859-03-04,1860-11-10,SC,2,Democrat,,D,,,,legislators-historical.json,SC_CLASS_2
R000327,,409298,,Thomas James Robertson,Thomas,James,Robertson,,,1,1868-01-01,1871-03-03,SC,2,Republican,,R,,,,legislators-historical.json,SC_CLASS_2
R000327,,409298,,Thomas James Robertson,Thomas,James,Robertson,,,2,1871-03-04,1877-03-03,SC,2,Republican,,R,,,,legislators-historical.json,SC_CLASS_2
B001184,,402126,,Matthew Calbraith Butler,Matthew,Calbraith,Butler,,,1,1877-10-15,1883-03-03,SC,2,Democrat,,D,,,,legislators-historical.json,SC_CLASS_2
B001184,,402126,,Matthew Calbraith Butler,Matthew,Calbraith,Butler,,,2,1883-12-03,1889-03-03,SC,2,Democrat,,D,,,,legislators-historical.json,SC_CLASS_2
B001184,,402126,,Matthew Calbraith Butler,Matthew,Calbraith,Butler,,,3,1889-12-02,1895-03-03,SC,2,Democrat,,D,,,,legislators-historical.json,SC_CLASS_2
T000274,,410847,,Benjamin Ryan Tillman,Benjamin,Ryan,Tillman,,,1,1895-12-02,1901-03-03,SC,2,Democrat,,D,,,,legislators-historical.json,SC_CLASS_2
T000274,,410847,,Benjamin Ryan Tillman,Benjamin,Ryan,Tillman,,,2,1901-12-02,1907-03-03,SC,2,Democrat,,D,,,,legislators-historical.json,SC_CLASS_2
T000274,,410847,,Benjamin Ryan Tillman,Benjamin,Ryan,Tillman,,,3,1907-12-02,1913-03-03,SC,2,Democrat,,D,,,,legislators-historical.json,SC_CLASS_2
T000274,,410847,,Benjamin Ryan Tillman,Benjamin,Ryan,Tillman,,,4,1913-04-07,1918-07-03,SC,2,Democrat,,D,,,,legislators-historical.json,SC_CLASS_2
B000360,,401352,,Christie Benet,Christie,,Benet,,,1,1918-07-06,1918-11-05,SC,2,Democrat,,D,appointment,,,legislators-historical.json,SC_CLASS_2
P000417,,408810,,William Pegues Pollock,William,Pegues,Pollock,,,1,1918-11-06,1919-03-03,SC,2,Democrat,,D,,,,legislators-historical.json,SC_CLASS_2
D000298,,403421,,Nathaniel Barksdale Dial,Nathaniel,Barksdale,Dial,,,1,1919-05-19,1925-03-03,SC,2,Democrat,,D,,,,legislators-historical.json,SC_CLASS_2
B000553,,401528,,Coleman Livingston Blease,Coleman,Livingston,Blease,,,1,1925-12-07,1931-03-03,SC,2,Democrat,,D,,,,legislators-historical.json,SC_CLASS_2
B001215,,402154,,James Francis Byrnes,James,Francis,Byrnes,,,8,1931-12-07,1937-01-03,SC,2,Democrat,,D,,,,legislators-historical.json,SC_CLASS_2
B001215,,402154,,James Francis Byrnes,James,Francis,Byrnes,,,9,1937-01-05,1941-07-08,SC,2,Democrat,,D,,,,legislators-historical.json,SC_CLASS_2
L000510,,406996,,Alva Moore Lumpkin,Alva,Moore,Lumpkin,,,1,1941-07-22,1941-08-01,SC,2,Democrat,,D,appointment,,,legislators-historical.json,SC_CLASS_2
P000159,,408563,,Roger Craft Peace,Roger,Craft,Peace,,,1,1941-08-05,1941-11-04,SC,2,Democrat,,D,appointment,,,legislators-historical.json,SC_CLASS_2
M000279,,407296,,Burnet Rhett Maybank,Burnet,Rhett,Maybank,,,1,1941-11-05,1943-01-03,SC,2,Democrat,,D,,,,legislators-historical.json,SC_CLASS_2
M000279,,407296,,Burnet Rhett Maybank,Burnet,Rhett,Maybank,,,2,1943-01-06,1949-01-03,SC,2,Democrat,,D,,,,legislators-historical.json,SC_CLASS_2
M000279,,407296,,Burnet Rhett Maybank,Burnet,Rhett,Maybank,,,3,1949-01-03,1954-09-01,SC,2,Democrat,,D,,,,legislators-historical.json,SC_CLASS_2
D000031,,403172,,Charles Ezra Daniel,Charles,Ezra,Daniel,,,1,1954-09-06,1954-12-23,SC,2,Democrat,,D,appointment,,,legislators-historical.json,SC_CLASS_2
T000254,S096,300157,S8SC00019,J. Strom Thurmond,J.,Strom,Thurmond,,,1,1954-12-24,1955-01-03,SC,2,Democrat,,D,,,,legislators-historical.json,SC_CLASS_2
T000254,S096,300157,S8SC00019,J. Strom Thurmond,J.,Strom,Thurmond,,,2,1955-01-05,1956-04-04,SC,2,Democrat,,D,,,,legislators-historical.json,SC_CLASS_2
W000666,,411819,,Thomas Albert Wofford,Thomas,Albert,Wofford,,,1,1956-04-05,1956-11-06,SC,2,Democrat,,D,appointment,,,legislators-historical.json,SC_CLASS_2
T000254,S096,300157,S8SC00019,J. Strom Thurmond,J.,Strom,Thurmond,,,3,1956-11-07,1961-01-03,SC,2,Democrat,,D,,,,legislators-historical.json,SC_CLASS_2
T000254,S096,300157,S8SC00019,J. Strom Thurmond,J.,Strom,Thurmond,,,4,1961-01-03,1967-01-03,SC,2,Republican,,R,,,,legislators-historical.json,SC_CLASS_2
T000254,S096,300157,S8SC00019,J. Strom Thurmond,J.,Strom,Thurmond,,,5,1967-01-10,1973-01-03,SC,2,Republican,,R,,,,legislators-historical.json,SC_CLASS_2
T000254,S096,300157,S8SC00019,J. Strom Thurmond,J.,Strom,Thurmond,,,6,1973-01-03,1979-01-03,SC,2,Republican,,R,,,,legislators-historical.json,SC_CLASS_2
T000254,S096,300157,S8SC00019,J. Strom Thurmond,J.,Strom,Thurmond,,,7,1979-01-15,1985-01-03,SC,2,Republican,,R,,,,legislators-historical.json,SC_CLASS_2
T000254,S096,300157,S8SC00019,J. Strom Thurmond,J.,Strom,Thurmond,,,8,1985-01-03,1991-01-03,SC,2,Republican,,R,,,,legislators-historical.json,SC_CLASS_2
T000254,S096,300157,S8SC00019,J. Strom Thurmond,J.,Strom,Thurmond,,,9,1991-01-03,1997-01-03,SC,2,Republican,,R,,,,legislators-historical.json,SC_CLASS_2
T000254,S096,300157,S8SC00019,J. Strom Thurmond,J.,Strom,Thurmond,,,10,1997-01-07,2003-01-03,SC,2,Republican,,R,,,,legislators-historical.json,SC_CLASS_2
G000359,S293,300047,S0SC00149|H4SC03087,Lindsey Graham,Lindsey,O.,Graham,,,5,2003-01-07,2009-01-03,SC,2,Republican,,R,,,,legislators-historical.json,SC_CLASS_2
G000359,S293,300047,S0SC00149|H4SC03087,Lindsey Graham,Lindsey,O.,Graham,,,6,2009-01-06,2015-01-03,SC,2,Republican,,R,,,senior,legislators-historical.json,SC_CLASS_2
G000359,S293,300047,S0SC00149|H4SC03087,Lindsey Graham,Lindsey,O.,Graham,,,7,2015-01-06,2021-01-03,SC,2,Republican,,R,,,senior,legislators-historical.json,SC_CLASS_2
G000359,S293,300047,S0SC00149|H4SC03087,Lindsey Graham,Lindsey,O.,Graham,,,8,2021-01-03,2026-07-11,SC,2,Republican,,R,,,senior,legislators-historical.json,SC_CLASS_2
G000608,S441,457044,,Darline Graham,Darline,,Graham Nordone,,,1,2026-07-14,2027-01-03,SC,2,Republican,,R,appointment,,junior,legislators-current.json,SC_CLASS_2
I000053,,412129,,Ralph Izard,Ralph,,Izard,,,1,1789-03-04,1795-03-03,SC,3,Pro-Administration,,Other,,,,legislators-historical.json,SC_CLASS_3
R000092,,409072,,Jacob Read,Jacob,,Read,,,1,1795-12-07,1801-03-03,SC,3,Federalist,,Other,,,,legislators-historical.json,SC_CLASS_3
C000627,,402756,,John Ewing Colhoun,John,Ewing,Colhoun,,,1,1801-12-07,1803-03-03,SC,3,Republican,,R,,,,legislators-historical.json,SC_CLASS_3
B001186,,402128,,Pierce Butler,Pierce,,Butler,,,3,1802-01-01,1805-03-03,SC,3,Republican,,R,,,,legislators-historical.json,SC_CLASS_3
G000005,,404382,,John Gaillard,John,,Gaillard,,,1,1804-01-01,1807-03-03,SC,3,Republican,,R,,,,legislators-historical.json,SC_CLASS_3
G000005,,404382,,John Gaillard,John,,Gaillard,,,2,1807-10-26,1813-03-03,SC,3,Republican,,R,,,,legislators-historical.json,SC_CLASS_3
G000005,,404382,,John Gaillard,John,,Gaillard,,,3,1813-05-24,1819-03-03,SC,3,Republican,,R,,,,legislators-historical.json,SC_CLASS_3
G000005,,404382,,John Gaillard,John,,Gaillard,,,4,1819-12-06,1825-03-03,SC,3,Republican,,R,,,,legislators-historical.json,SC_CLASS_3
G000005,,404382,,John Gaillard,John,,Gaillard,,,5,1825-12-05,1827-03-03,SC,3,Jackson,,Other,,,,legislators-historical.json,SC_CLASS_3
H000226,,405104,,William Harper,William,,Harper,,,1,1826-01-01,1827-03-03,SC,3,Jackson,,Other,,,,legislators-historical.json,SC_CLASS_3
S000628,,410101,,William Smith,William,,Smith,,,3,1826-11-29,1831-03-03,SC,3,Jackson,,Other,,,,legislators-historical.json,SC_CLASS_3
M000755,,407733,,Stephen Decatur Miller,Stephen,Decatur,Miller,,,3,1831-12-05,1833-12-31,SC,3,Nullifier,,Other,,,,legislators-historical.json,SC_CLASS_3
P000519,,408904,,William Campbell Preston,William,Campbell,Preston,,,1,1833-12-02,1837-03-03,SC,3,Nullifier,,Other,,,,legislators-historical.json,SC_CLASS_3
P000519,,408904,,William Campbell Preston,William,Campbell,Preston,,,2,1837-09-04,1843-03-03,SC,3,Whig,,Other,,,,legislators-historical.json,SC_CLASS_3
M000426,,407426,,George McDuffie,George,,McDuffie,,,8,1842-12-23,1843-03-03,SC,3,Democrat,,D,,,,legislators-historical.json,SC_CLASS_3
M000426,,407426,,George McDuffie,George,,McDuffie,,,9,1843-12-04,1846-08-17,SC,3,Democrat,,D,,,,legislators-historical.json,SC_CLASS_3
B001173,,402115,,Andrew Pickens Butler,Andrew,Pickens,Butler,,,1,1846-01-01,1849-03-03,SC,3,Democrat,,D,,,,legislators-historical.json,SC_CLASS_3
B001173,,402115,,Andrew Pickens Butler,Andrew,Pickens,Butler,,,2,1849-12-03,1855-03-03,SC,3,Democrat,,D,,,,legislators-historical.json,SC_CLASS_3
B001173,,402115,,Andrew Pickens Butler,Andrew,Pickens,Butler,,,3,1855-12-03,1857-12-31,SC,3,Democrat,,D,,,,legislators-historical.json,SC_CLASS_3
H000128,,405010,,James Henry Hammond,James,Henry,Hammond,,,2,1857-12-07,1861-03-03,SC,3,Democrat,,D,,,,legislators-historical.json,SC_CLASS_3
S000086,,409598,,Frederick Adolphus Sawyer,Frederick,Adolphus,Sawyer,,,1,1868-01-01,1873-03-03,SC,3,Republican,,R,,,,legislators-historical.json,SC_CLASS_3
P000123,,408531,,John James Patterson,John,James,Patterson,,,1,1873-12-01,1879-03-03,SC,3,Republican,,R,,,,legislators-historical.json,SC_CLASS_3
H000141,,405023,,Wade Hampton,Wade,,Hampton,,,1,1879-03-18,1885-03-03,SC,3,Democrat,,D,,,,legislators-historical.json,SC_CLASS_3
H000141,,405023,,Wade Hampton,Wade,,Hampton,,,2,1885-12-07,1891-03-03,SC,3,Democrat,,D,,,,legislators-historical.json,SC_CLASS_3
I000027,,405885,,John Laurens Manning Irby,John,Laurens Manning,Irby,,,1,1891-12-07,1897-03-03,SC,3,Democrat,,D,,,,legislators-historical.json,SC_CLASS_3
E000009,,403705,,Joseph Haynsworth Earle,Joseph,Haynsworth,Earle,,,1,1897-03-15,1897-12-31,SC,3,Democrat,,D,,,,legislators-historical.json,SC_CLASS_3
M000543,,407535,,John Lowndes McLaurin,John,Lowndes,McLaurin,,,4,1897-06-01,1903-03-03,SC,3,Democrat,,D,,,,legislators-historical.json,SC_CLASS_3
L000114,,406620,,Asbury Churchwell Latimer,Asbury,Churchwell,Latimer,,,6,1903-11-09,1908-02-20,SC,3,Democrat,,D,,,,legislators-historical.json,SC_CLASS_3
G000090,,404462,,Frank Boyd Gary,Frank,Boyd,Gary,,,1,1908-03-06,1909-03-03,SC,3,Democrat,,D,,,,legislators-historical.json,SC_CLASS_3
S000530,,410013,,Ellison DuRant Smith,Ellison,DuRant,Smith,,,1,1909-03-15,1915-03-03,SC,3,Democrat,,D,,,,legislators-historical.json,SC_CLASS_3
S000530,,410013,,Ellison DuRant Smith,Ellison,DuRant,Smith,,,2,1915-12-06,1921-03-03,SC,3,Democrat,,D,,,,legislators-historical.json,SC_CLASS_3
S000530,,410013,,Ellison DuRant Smith,Ellison,DuRant,Smith,,,3,1921-04-11,1927-03-04,SC,3,Democrat,,D,,,,legislators-historical.json,SC_CLASS_3
S000530,,410013,,Ellison DuRant Smith,Ellison,DuRant,Smith,,,4,1927-12-05,1933-03-03,SC,3,Democrat,,D,,,,legislators-historical.json,SC_CLASS_3
S000530,,410013,,Ellison DuRant Smith,Ellison,DuRant,Smith,,,5,1933-03-09,1939-01-03,SC,3,Democrat,,D,,,,legislators-historical.json,SC_CLASS_3
S000530,,410013,,Ellison DuRant Smith,Ellison,DuRant,Smith,,,6,1939-01-03,1944-11-17,SC,3,Democrat,,D,,,,legislators-historical.json,SC_CLASS_3
H000080,,404963,,Wilton Earle Hall,Wilton,Earle,Hall,,,1,1944-11-20,1945-01-03,SC,3,Democrat,,D,appointment,,,legislators-historical.json,SC_CLASS_3
J000195,,406090,,Olin DeWitt Talmadge Johnston,Olin,DeWitt Talmadge,Johnston,,,1,1945-01-03,1951-01-03,SC,3,Democrat,,D,,,,legislators-historical.json,SC_CLASS_3
J000195,,406090,,Olin DeWitt Talmadge Johnston,Olin,DeWitt Talmadge,Johnston,,,2,1951-01-03,1957-01-03,SC,3,Democrat,,D,,,,legislators-historical.json,SC_CLASS_3
J000195,,406090,,Olin DeWitt Talmadge Johnston,Olin,DeWitt Talmadge,Johnston,,,3,1957-01-03,1963-01-03,SC,3,Democrat,,D,,,,legislators-historical.json,SC_CLASS_3
J000195,,406090,,Olin DeWitt Talmadge Johnston,Olin,DeWitt Talmadge,Johnston,,,4,1963-01-09,1965-04-18,SC,3,Democrat,,D,,,,legislators-historical.json,SC_CLASS_3
R000525,,409483,,Donald Stuart Russell,Donald,Stuart,Russell,,,1,1965-04-22,1966-11-08,SC,3,Democrat,,D,appointment,,,legislators-historical.json,SC_CLASS_3
H000725,S047,300053,S4SC00018,Ernest F. Fritz Hollings,Ernest,F.,Hollings,,Fritz,1,1966-11-09,1969-01-03,SC,3,Democrat,,D,,,,legislators-historical.json,SC_CLASS_3
H000725,S047,300053,S4SC00018,Ernest F. Fritz Hollings,Ernest,F.,Hollings,,Fritz,2,1969-01-03,1975-01-03,SC,3,Democrat,,D,,,,legislators-historical.json,SC_CLASS_3
H000725,S047,300053,S4SC00018,Ernest F. Fritz Hollings,Ernest,F.,Hollings,,Fritz,3,1975-01-14,1981-01-03,SC,3,Democrat,,D,,,,legislators-historical.json,SC_CLASS_3
H000725,S047,300053,S4SC00018,Ernest F. Fritz Hollings,Ernest,F.,Hollings,,Fritz,4,1981-01-05,1987-01-03,SC,3,Democrat,,D,,,,legislators-historical.json,SC_CLASS_3
H000725,S047,300053,S4SC00018,Ernest F. Fritz Hollings,Ernest,F.,Hollings,,Fritz,5,1987-01-06,1993-01-03,SC,3,Democrat,,D,,,,legislators-historical.json,SC_CLASS_3
H000725,S047,300053,S4SC00018,Ernest F. Fritz Hollings,Ernest,F.,Hollings,,Fritz,6,1993-01-05,1999-01-03,SC,3,Democrat,,D,,,,legislators-historical.json,SC_CLASS_3
H000725,S047,300053,S4SC00018,Ernest F. Fritz Hollings,Ernest,F.,Hollings,,Fritz,7,1999-01-06,2005-01-03,SC,3,Democrat,,D,,,,legislators-historical.json,SC_CLASS_3
D000595,S302,400105,S4SC00083,Jim DeMint,Jim,W.,DeMint,,,4,2005-01-04,2011-01-03,SC,3,Republican,,R,,,,legislators-historical.json,SC_CLASS_3
D000595,S302,400105,S4SC00083,Jim DeMint,Jim,W.,DeMint,,,5,2011-01-05,2013-01-01,SC,3,Republican,,R,,,,legislators-historical.json,SC_CLASS_3
S001184,S365,412471,H0SC01279|S4SC00240,Tim Scott,Tim,,Scott,,,2,2013-01-03,2015-01-03,SC,3,Republican,,R,appointment,,junior,legislators-current.json,SC_CLASS_3
S001184,S365,412471,H0SC01279|S4SC00240,Tim Scott,Tim,,Scott,,,3,2015-01-06,2017-01-03,SC,3,Republican,,R,,,junior,legislators-current.json,SC_CLASS_3
S001184,S365,412471,H0SC01279|S4SC00240,Tim Scott,Tim,,Scott,,,4,2017-01-03,2023-01-03,SC,3,Republican,,R,,,junior,legislators-current.json,SC_CLASS_3
S001184,S365,412471,H0SC01279|S4SC00240,Tim Scott,Tim,,Scott,,,5,2023-01-03,2029-01-03,SC,3,Republican,,R,,,senior,legislators-current.json,SC_CLASS_3
P000271,,408671,,Richard Franklin Pettigrew,Richard,Franklin,Pettigrew,,,2,1889-12-02,1895-03-03,SD,2,Republican,,R,,,,legislators-historical.json,SD_CLASS_2
P000271,,408671,,Richard Franklin Pettigrew,Richard,Franklin,Pettigrew,,,3,1895-12-02,1901-03-03,SD,2,Silver Republican,,Other,,,,legislators-historical.json,SD_CLASS_2
G000032,,404408,,Robert Jackson Gamble,Robert,Jackson,Gamble,,,3,1901-12-02,1907-03-03,SD,2,Republican,,R,,,,legislators-historical.json,SD_CLASS_2
G000032,,404408,,Robert Jackson Gamble,Robert,Jackson,Gamble,,,4,1907-12-02,1913-03-03,SD,2,Republican,,R,,,,legislators-historical.json,SD_CLASS_2
S000872,,410334,,Thomas Sterling,Thomas,,Sterling,,,1,1913-04-07,1919-03-03,SD,2,Republican,,R,,,,legislators-historical.json,SD_CLASS_2
S000872,,410334,,Thomas Sterling,Thomas,,Sterling,,,2,1919-05-19,1925-03-03,SD,2,Republican,,R,,,,legislators-historical.json,SD_CLASS_2
M000563,,407555,,William Henry McMaster,William,Henry,McMaster,,,1,1925-12-07,1931-03-03,SD,2,Republican,,R,,,,legislators-historical.json,SD_CLASS_2
B001055,,402002,,William John Bulow,William,John,Bulow,,,1,1931-12-07,1937-01-03,SD,2,Democrat,,D,,,,legislators-historical.json,SD_CLASS_2
B001055,,402002,,William John Bulow,William,John,Bulow,,,2,1937-01-05,1943-01-03,SD,2,Democrat,,D,,,,legislators-historical.json,SD_CLASS_2
B001168,,402110,,Harlan John Bushfield,Harlan,John,Bushfield,,,1,1943-01-06,1948-09-27,SD,2,Republican,,R,,,,legislators-historical.json,SD_CLASS_2
B001169,,402111,,Vera Cahalan Bushfield,Vera,Cahalan,Bushfield,,,1,1948-10-06,1948-12-26,SD,2,Republican,,R,appointment,,,legislators-historical.json,SD_CLASS_2
M001078,,408043,,Karl Earl Mundt,Karl,Earl,Mundt,,,6,1948-12-31,1949-01-03,SD,2,Republican,,R,,,,legislators-historical.json,SD_CLASS_2
M001078,,408043,,Karl Earl Mundt,Karl,Earl,Mundt,,,7,1949-01-03,1955-01-03,SD,2,Republican,,R,,,,legislators-historical.json,SD_CLASS_2
M001078,,408043,,Karl Earl Mundt,Karl,Earl,Mundt,,,8,1955-01-05,1961-01-03,SD,2,Republican,,R,,,,legislators-historical.json,SD_CLASS_2
M001078,,408043,,Karl Earl Mundt,Karl,Earl,Mundt,,,9,1961-01-03,1967-01-03,SD,2,Republican,,R,,,,legislators-historical.json,SD_CLASS_2
M001078,,408043,,Karl Earl Mundt,Karl,Earl,Mundt,,,10,1967-01-10,1973-01-03,SD,2,Republican,,R,,,,legislators-historical.json,SD_CLASS_2
A000017,,400679,,James George Abourezk,James,George,Abourezk,,,2,1973-01-03,1979-01-03,SD,2,Democrat,,D,,,,legislators-historical.json,SD_CLASS_2
P000513,S141,408898,,Larry Lee Pressler,Larry,Lee,Pressler,,,3,1979-01-15,1985-01-03,SD,2,Republican,,R,,,,legislators-historical.json,SD_CLASS_2
P000513,S141,408898,,Larry Lee Pressler,Larry,Lee,Pressler,,,4,1985-01-03,1991-01-03,SD,2,Republican,,R,,,,legislators-historical.json,SD_CLASS_2
P000513,S141,408898,,Larry Lee Pressler,Larry,Lee,Pressler,,,5,1991-01-03,1997-01-03,SD,2,Republican,,R,,,,legislators-historical.json,SD_CLASS_2
J000177,S257,300058,S6SD00051|H6SD00044,Tim Johnson,Tim,P.,Johnson,,,6,1997-01-07,2003-01-03,SD,2,Democrat,,D,,,,legislators-historical.json,SD_CLASS_2
J000177,S257,300058,S6SD00051|H6SD00044,Tim Johnson,Tim,P.,Johnson,,,7,2003-01-07,2009-01-03,SD,2,Democrat,,D,,,,legislators-historical.json,SD_CLASS_2
J000177,S257,300058,S6SD00051|H6SD00044,Tim Johnson,Tim,P.,Johnson,,,8,2009-01-06,2015-01-03,SD,2,Democrat,,D,,,senior,legislators-historical.json,SD_CLASS_2
R000605,S381,412669,S4SD00049,Mike Rounds,Mike,,Rounds,,,1,2015-01-06,2021-01-03,SD,2,Republican,,R,,,junior,legislators-current.json,SD_CLASS_2
R000605,S381,412669,S4SD00049,Mike Rounds,Mike,,Rounds,,,2,2021-01-03,2027-01-03,SD,2,Republican,,R,,,junior,legislators-current.json,SD_CLASS_2
M000879,,407851,,Gideon Curtis Moody,Gideon,Curtis,Moody,,,1,1889-12-02,1891-03-03,SD,3,Republican,,R,,,,legislators-historical.json,SD_CLASS_3
K000353,,406505,,James Henderson Kyle,James,Henderson,Kyle,,,1,1891-12-07,1897-03-03,SD,3,Populist,,Other,,,,legislators-historical.json,SD_CLASS_3
K000353,,406505,,James Henderson Kyle,James,Henderson,Kyle,,,2,1897-03-15,1901-07-01,SD,3,Republican,,R,,,,legislators-historical.json,SD_CLASS_3
K000255,,406414,,Alfred Beard Kittredge,Alfred,Beard,Kittredge,,,1,1901-12-02,1903-03-03,SD,3,Republican,,R,,,,legislators-historical.json,SD_CLASS_3
K000255,,406414,,Alfred Beard Kittredge,Alfred,Beard,Kittredge,,,2,1903-11-09,1909-03-03,SD,3,Republican,,R,,,,legislators-historical.json,SD_CLASS_3
C000888,,403000,,Coe Isaac Crawford,Coe,Isaac,Crawford,,,1,1909-03-15,1915-03-03,SD,3,Republican,,R,,,,legislators-historical.json,SD_CLASS_3
J000128,,406027,,Edwin Stockton Johnson,Edwin,Stockton,Johnson,,,1,1915-12-06,1921-03-03,SD,3,Democrat,,D,,,,legislators-historical.json,SD_CLASS_3
N000132,,408216,,Peter Norbeck,Peter,,Norbeck,,,1,1921-04-11,1927-03-04,SD,3,Republican,,R,,,,legislators-historical.json,SD_CLASS_3
N000132,,408216,,Peter Norbeck,Peter,,Norbeck,,,2,1927-12-05,1933-03-03,SD,3,Republican,,R,,,,legislators-historical.json,SD_CLASS_3
N000132,,408216,,Peter Norbeck,Peter,,Norbeck,,,3,1933-03-09,1936-12-20,SD,3,Republican,,R,,,,legislators-historical.json,SD_CLASS_3
H000646,,405501,,Herbert Emery Hitchcock,Herbert,Emery,Hitchcock,,,1,1936-12-29,1938-11-08,SD,3,Democrat,,D,appointment,,,legislators-historical.json,SD_CLASS_3
P000581,,408964,,Gladys Pyle,Gladys,,Pyle,,,1,1938-11-09,1939-01-03,SD,3,Republican,,R,,,,legislators-historical.json,SD_CLASS_3
G000532,,404877,,John Chandler Chan Gurney,John,Chandler,Gurney,,Chan,1,1939-01-03,1945-01-03,SD,3,Republican,,R,,,,legislators-historical.json,SD_CLASS_3
G000532,,404877,,John Chandler Chan Gurney,John,Chandler,Gurney,,Chan,2,1945-01-03,1951-01-03,SD,3,Republican,,R,,,,legislators-historical.json,SD_CLASS_3
C000221,,402367,,Francis Higbee Case,Francis,Higbee,Case,,,8,1951-01-03,1957-01-03,SD,3,Republican,,R,,,,legislators-historical.json,SD_CLASS_3
C000221,,402367,,Francis Higbee Case,Francis,Higbee,Case,,,9,1957-01-03,1962-06-22,SD,3,Republican,,R,,,,legislators-historical.json,SD_CLASS_3
B000656,,401619,,Joseph H. Bottum,Joseph,H.,Bottum,,,1,1962-07-09,1963-01-03,SD,3,Republican,,R,appointment,,,legislators-historical.json,SD_CLASS_3
M000452,,407451,,George Stanley McGovern,George,Stanley,McGovern,,,3,1963-01-09,1969-01-03,SD,3,Democrat,,D,,,,legislators-historical.json,SD_CLASS_3
M000452,,407451,,George Stanley McGovern,George,Stanley,McGovern,,,4,1969-01-03,1975-01-03,SD,3,Democrat,,D,,,,legislators-historical.json,SD_CLASS_3
M000452,,407451,,George Stanley McGovern,George,Stanley,McGovern,,,5,1975-01-14,1981-01-03,SD,3,Democrat,,D,,,,legislators-historical.json,SD_CLASS_3
A000009,,400672,,James Abdnor,James,,Abdnor,,,5,1981-01-05,1987-01-03,SD,3,Republican,,R,,,,legislators-historical.json,SD_CLASS_3
D000064,S185,300031,H8SD01014|S6SD00028,Thomas A. Tom Daschle,Thomas,A.,Daschle,,Tom,5,1987-01-06,1993-01-03,SD,3,Democrat,,D,,,,legislators-historical.json,SD_CLASS_3
D000064,S185,300031,H8SD01014|S6SD00028,Thomas A. Tom Daschle,Thomas,A.,Daschle,,Tom,6,1993-01-05,1999-01-03,SD,3,Democrat,,D,,,,legislators-historical.json,SD_CLASS_3
D000064,S185,300031,H8SD01014|S6SD00028,Thomas A. Tom Daschle,Thomas,A.,Daschle,,Tom,7,1999-01-06,2005-01-03,SD,3,Democrat,,D,,,,legislators-historical.json,SD_CLASS_3
T000250,S303,400546,S2SD00068|H6SD00085,John Thune,John,,Thune,,,4,2005-01-04,2011-01-03,SD,3,Republican,,R,,,,legislators-current.json,SD_CLASS_3
T000250,S303,400546,S2SD00068|H6SD00085,John Thune,John,,Thune,,,5,2011-01-05,2017-01-03,SD,3,Republican,,R,,,senior,legislators-current.json,SD_CLASS_3
T000250,S303,400546,S2SD00068|H6SD00085,John Thune,John,,Thune,,,6,2017-01-03,2023-01-03,SD,3,Republican,,R,,,senior,legislators-current.json,SD_CLASS_3
T000250,S303,400546,S2SD00068|H6SD00085,John Thune,John,,Thune,,,7,2023-01-03,2029-01-03,SD,3,Republican,,R,,,senior,legislators-current.json,SD_CLASS_3
C000572,,402701,,William Cocke,William,,Cocke,,,1,1796-01-01,1797-03-03,TN,1,Republican,,R,,,,legislators-historical.json,TN_CLASS_1
J000005,,405913,,Andrew Jackson,Andrew,,Jackson,,,2,1797-05-15,1799-03-03,TN,1,Republican,,R,,,,legislators-historical.json,TN_CLASS_1
S000524,,410007,,Daniel Smith,Daniel,,Smith,,,1,1798-01-01,1799-12-31,TN,1,Republican,,R,,,,legislators-historical.json,TN_CLASS_1
A000197,,400852,,Joseph Anderson,Joseph,,Anderson,,,2,1799-12-02,1803-03-03,TN,1,Republican,,R,,,,legislators-historical.json,TN_CLASS_1
A000197,,400852,,Joseph Anderson,Joseph,,Anderson,,,3,1803-10-17,1809-03-03,TN,1,Republican,,R,,,,legislators-historical.json,TN_CLASS_1
A000197,,400852,,Joseph Anderson,Joseph,,Anderson,,,4,1809-05-22,1815-03-03,TN,1,Republican,,R,,,,legislators-historical.json,TN_CLASS_1
C000083,,402239,,George Washington Campbell,George,Washington,Campbell,,,5,1815-12-04,1819-03-03,TN,1,Republican,,R,,,,legislators-historical.json,TN_CLASS_1
E000024,,403720,,John Henry Eaton,John,Henry,Eaton,,,1,1818-09-05,1821-03-03,TN,1,Republican,,R,,,,legislators-historical.json,TN_CLASS_1
E000024,,403720,,John Henry Eaton,John,Henry,Eaton,,,2,1821-12-03,1825-03-03,TN,1,,,Other,,,,legislators-historical.json,TN_CLASS_1
E000024,,403720,,John Henry Eaton,John,Henry,Eaton,,,3,1827-12-03,1829-03-09,TN,1,Jackson,,Other,,,,legislators-historical.json,TN_CLASS_1
G000509,,404854,,Felix Grundy,Felix,,Grundy,,,3,1829-12-07,1833-03-03,TN,1,Jackson,,Other,,,,legislators-historical.json,TN_CLASS_1
G000509,,404854,,Felix Grundy,Felix,,Grundy,,,4,1833-12-02,1839-03-03,TN,1,Democrat,,D,,,,legislators-historical.json,TN_CLASS_1
F000302,,404251,,Ephraim Hubbard Foster,Ephraim,Hubbard,Foster,,,1,1838-01-01,1839-03-03,TN,1,Whig,,Other,,,,legislators-historical.json,TN_CLASS_1
G000509,,404854,,Felix Grundy,Felix,,Grundy,,,5,1839-12-02,1841-03-03,TN,1,Democrat,,D,,,,legislators-historical.json,TN_CLASS_1
N000096,,408181,,Alfred Osborn Pope Nicholson,Alfred,Osborn Pope,Nicholson,,,1,1840-01-01,1843-03-03,TN,1,Democrat,,D,,,,legislators-historical.json,TN_CLASS_1
F000302,,404251,,Ephraim Hubbard Foster,Ephraim,Hubbard,Foster,,,2,1843-12-04,1845-03-03,TN,1,Whig,,Other,,,,legislators-historical.json,TN_CLASS_1
T000430,,410998,,Hopkins Lacy Turney,Hopkins,Lacy,Turney,,,4,1845-12-01,1851-03-03,TN,1,Democrat,,D,,,,legislators-historical.json,TN_CLASS_1
J000229,,406122,,James Chamberlain Jones,James,Chamberlain,Jones,,,1,1851-12-01,1857-03-03,TN,1,Ind. Republican-Democrat,,Other,,,,legislators-historical.json,TN_CLASS_1
J000116,,406017,,Andrew Johnson,Andrew,,Johnson,,,6,1857-12-07,1863-03-03,TN,1,Democrat,,D,,,,legislators-historical.json,TN_CLASS_1
P000110,,408518,,David Trotter Patterson,David,Trotter,Patterson,,,1,1866-01-01,1869-03-03,TN,1,Democrat,,D,,,,legislators-historical.json,TN_CLASS_1
B000963,,401915,,William Gannaway Brownlow,William,Gannaway,Brownlow,,,1,1869-03-04,1875-03-03,TN,1,Republican,,R,,,,legislators-historical.json,TN_CLASS_1
J000116,,406017,,Andrew Johnson,Andrew,,Johnson,,,7,1875-12-06,1875-12-31,TN,1,Democrat,,D,,,,legislators-historical.json,TN_CLASS_1
K000156,,406320,,David McKendree Key,David,McKendree,Key,,,1,1875-12-06,1877-12-31,TN,1,Democrat,,D,,,,legislators-historical.json,TN_CLASS_1
B000039,,401044,,James Edmund Bailey,James,Edmund,Bailey,,,1,1877-10-15,1881-03-03,TN,1,Democrat,,D,,,,legislators-historical.json,TN_CLASS_1
J000014,,405921,,Howell Edmunds Jackson,Howell,Edmunds,Jackson,,,1,1881-12-05,1887-03-03,TN,1,Democrat,,D,,,,legislators-historical.json,TN_CLASS_1
W000429,,411588,,Washington Curran Whitthorne,Washington,Curran,Whitthorne,,,7,1886-01-01,1887-03-03,TN,1,Democrat,,D,,,,legislators-historical.json,TN_CLASS_1
B000227,,401223,,William Brimage Bate,William,Brimage,Bate,,,1,1887-12-05,1893-03-03,TN,1,Democrat,,D,,,,legislators-historical.json,TN_CLASS_1
B000227,,401223,,William Brimage Bate,William,Brimage,Bate,,,2,1893-08-07,1899-03-03,TN,1,Democrat,,D,,,,legislators-historical.json,TN_CLASS_1
B000227,,401223,,William Brimage Bate,William,Brimage,Bate,,,3,1899-12-04,1905-03-03,TN,1,Democrat,,D,,,,legislators-historical.json,TN_CLASS_1
F000352,,404299,,James Beriah Frazier,James,Beriah,Frazier,,,1,1905-12-04,1911-03-03,TN,1,Democrat,,D,,,,legislators-historical.json,TN_CLASS_1
L000165,,406669,,Luke Lea,Luke,,Lea,,,1,1911-04-04,1917-03-03,TN,1,Democrat,,D,,,,legislators-historical.json,TN_CLASS_1
M000499,,407494,,Kenneth Douglas McKellar,Kenneth,Douglas,McKellar,,,4,1917-04-02,1923-03-03,TN,1,Democrat,,D,,,,legislators-historical.json,TN_CLASS_1
M000499,,407494,,Kenneth Douglas McKellar,Kenneth,Douglas,McKellar,,,5,1923-12-03,1929-03-03,TN,1,Democrat,,D,,,,legislators-historical.json,TN_CLASS_1
M000499,,407494,,Kenneth Douglas McKellar,Kenneth,Douglas,McKellar,,,6,1929-04-15,1935-01-03,TN,1,Democrat,,D,,,,legislators-historical.json,TN_CLASS_1
M000499,,407494,,Kenneth Douglas McKellar,Kenneth,Douglas,McKellar,,,7,1935-01-03,1941-01-03,TN,1,Democrat,,D,,,,legislators-historical.json,TN_CLASS_1
M000499,,407494,,Kenneth Douglas McKellar,Kenneth,Douglas,McKellar,,,8,1941-01-03,1947-01-03,TN,1,Democrat,,D,,,,legislators-historical.json,TN_CLASS_1
M000499,,407494,,Kenneth Douglas McKellar,Kenneth,Douglas,McKellar,,,9,1947-01-03,1953-01-03,TN,1,Democrat,,D,,,,legislators-historical.json,TN_CLASS_1
G000320,,404678,,Albert Arnold Gore,Albert,Arnold,Gore,,,8,1953-01-03,1959-01-03,TN,1,Democrat,,D,,,,legislators-historical.json,TN_CLASS_1
G000320,,404678,,Albert Arnold Gore,Albert,Arnold,Gore,,,9,1959-01-07,1965-01-03,TN,1,Democrat,,D,,,,legislators-historical.json,TN_CLASS_1
G000320,,404678,,Albert Arnold Gore,Albert,Arnold,Gore,,,10,1965-01-04,1971-01-03,TN,1,Democrat,,D,,,,legislators-historical.json,TN_CLASS_1
B000851,,401808,,William Emerson Brock III,William,Emerson,Brock,III,,5,1971-01-21,1977-01-03,TN,1,Republican,,R,,,,legislators-historical.json,TN_CLASS_1
S000068,S117,409580,,James Ralph Sasser,James,Ralph,Sasser,,,1,1977-01-04,1983-01-03,TN,1,Democrat,,D,,,,legislators-historical.json,TN_CLASS_1
S000068,S117,409580,,James Ralph Sasser,James,Ralph,Sasser,,,2,1983-01-03,1989-01-03,TN,1,Democrat,,D,,,,legislators-historical.json,TN_CLASS_1
S000068,S117,409580,,James Ralph Sasser,James,Ralph,Sasser,,,3,1989-01-03,1995-01-03,TN,1,Democrat,,D,,,,legislators-historical.json,TN_CLASS_1
F000439,S241,300045,S4TN00153,William H. Bill Frist,William,H.,Frist,,Bill,1,1995-01-04,2001-01-03,TN,1,Republican,,R,,,,legislators-historical.json,TN_CLASS_1
F000439,S241,300045,S4TN00153,William H. Bill Frist,William,H.,Frist,,Bill,2,2001-01-03,2007-01-03,TN,1,Republican,,R,,,,legislators-historical.json,TN_CLASS_1
C001071,S310,412248,S6TN00216|S4TN00187,Bob Corker,Bob,,Corker,,,1,2007-01-04,2013-01-03,TN,1,Republican,,R,,,,legislators-historical.json,TN_CLASS_1
C001071,S310,412248,S6TN00216|S4TN00187,Bob Corker,Bob,,Corker,,,2,2013-01-03,2019-01-03,TN,1,Republican,,R,,,junior,legislators-historical.json,TN_CLASS_1
B001243,S396,400032,H2TN06030|S8TN00337,Marsha Blackburn,Marsha,W.,Blackburn,,,9,2019-01-03,2025-01-03,TN,1,Republican,,R,,,senior,legislators-current.json,TN_CLASS_1
B001243,S396,400032,H2TN06030|S8TN00337,Marsha Blackburn,Marsha,W.,Blackburn,,,10,2025-01-03,2031-01-03,TN,1,Republican,,R,,,senior,legislators-current.json,TN_CLASS_1
B000570,,401543,,William Blount,William,,Blount,,,1,1796-01-01,1797-12-31,TN,2,Republican,,R,,,,legislators-historical.json,TN_CLASS_2
A000197,,400852,,Joseph Anderson,Joseph,,Anderson,,,1,1797-05-15,1799-03-03,TN,2,Republican,,R,,,,legislators-historical.json,TN_CLASS_2
C000572,,402701,,William Cocke,William,,Cocke,,,2,1799-12-02,1805-03-03,TN,2,Republican,,R,,,,legislators-historical.json,TN_CLASS_2
S000524,,410007,,Daniel Smith,Daniel,,Smith,,,2,1805-12-02,1809-12-31,TN,2,Republican,,R,,,,legislators-historical.json,TN_CLASS_2
W000411,,411571,,Jenkin Whiteside,Jenkin,,Whiteside,,,1,1809-05-22,1811-03-03,TN,2,Republican,,R,,,,legislators-historical.json,TN_CLASS_2
C000083,,402239,,George Washington Campbell,George,Washington,Campbell,,,4,1811-11-04,1815-03-03,TN,2,Republican,,R,,,,legislators-historical.json,TN_CLASS_2
W000324,,411486,,Jesse Wharton,Jesse,,Wharton,,,2,1814-01-01,1815-12-31,TN,2,Republican,,R,,,,legislators-historical.json,TN_CLASS_2
W000516,,411672,,John Williams,John,,Williams,,,1,1815-12-04,1817-03-03,TN,2,Republican,,R,,,,legislators-historical.json,TN_CLASS_2
W000516,,411672,,John Williams,John,,Williams,,,2,1817-12-01,1823-03-03,TN,2,Republican,,R,,,,legislators-historical.json,TN_CLASS_2
J000005,,405913,,Andrew Jackson,Andrew,,Jackson,,,3,1823-12-01,1825-12-31,TN,2,Democratic Republican,,D,,,,legislators-historical.json,TN_CLASS_2
W000376,,411537,,Hugh Lawson White,Hugh,Lawson,White,,,1,1825-12-05,1829-03-03,TN,2,Jackson,,Other,,,,legislators-historical.json,TN_CLASS_2
W000376,,411537,,Hugh Lawson White,Hugh,Lawson,White,,,2,1829-12-07,1835-03-03,TN,2,Jackson,,Other,,,,legislators-historical.json,TN_CLASS_2
W000376,,411537,,Hugh Lawson White,Hugh,Lawson,White,,,3,1835-12-07,1841-03-03,TN,2,Whig,,Other,,,,legislators-historical.json,TN_CLASS_2
A000181,,400836,,Alexander Outlaw Anderson,Alexander,Outlaw,Anderson,,,1,1840-01-01,1841-03-03,TN,2,Democrat,,D,,,,legislators-historical.json,TN_CLASS_2
J000059,,405964,,Spencer Jarnagin,Spencer,,Jarnagin,,,1,1843-12-04,1847-03-03,TN,2,Whig,,Other,,,,legislators-historical.json,TN_CLASS_2
B000340,,401331,,John Bell,John,,Bell,,,8,1847-12-06,1853-03-03,TN,2,Whig,,Other,,,,legislators-historical.json,TN_CLASS_2
B000340,,401331,,John Bell,John,,Bell,,,9,1853-12-05,1859-03-03,TN,2,American,,Other,,,,legislators-historical.json,TN_CLASS_2
N000096,,408181,,Alfred Osborn Pope Nicholson,Alfred,Osborn Pope,Nicholson,,,2,1859-12-05,1861-12-31,TN,2,Democrat,,D,,,,legislators-historical.json,TN_CLASS_2
F000324,,404273,,Joseph Smith Fowler,Joseph,Smith,Fowler,,,1,1866-01-01,1871-03-03,TN,2,Republican,,R,,,,legislators-historical.json,TN_CLASS_2
C000751,,402872,,Henry Cooper,Henry,,Cooper,,,1,1871-03-04,1877-03-03,TN,2,Democrat,,D,,,,legislators-historical.json,TN_CLASS_2
H000243,,405121,,Isham Green Harris,Isham,Green,Harris,,,3,1877-10-15,1883-03-03,TN,2,Democrat,,D,,,,legislators-historical.json,TN_CLASS_2
H000243,,405121,,Isham Green Harris,Isham,Green,Harris,,,4,1883-12-03,1889-03-03,TN,2,Democrat,,D,,,,legislators-historical.json,TN_CLASS_2
H000243,,405121,,Isham Green Harris,Isham,Green,Harris,,,5,1889-12-02,1895-03-03,TN,2,Democrat,,D,,,,legislators-historical.json,TN_CLASS_2
H000243,,405121,,Isham Green Harris,Isham,Green,Harris,,,6,1895-12-02,1897-12-31,TN,2,Democrat,,D,,,,legislators-historical.json,TN_CLASS_2
T000412,,410981,,Thomas Battle Turley,Thomas,Battle,Turley,,,1,1897-07-20,1901-03-03,TN,2,Democrat,,D,,,,legislators-historical.json,TN_CLASS_2
C000157,,402306,,Edward Ward Carmack,Edward,Ward,Carmack,,,3,1901-12-02,1907-03-03,TN,2,Democrat,,D,,,,legislators-historical.json,TN_CLASS_2
T000098,,410681,,Robert Love Taylor,Robert,Love,Taylor,,,2,1907-12-02,1912-03-31,TN,2,Democrat,,D,,,,legislators-historical.json,TN_CLASS_2
S000038,,409555,,Newell Sanders,Newell,,Sanders,,,1,1912-04-11,1913-01-24,TN,2,Republican,,R,,,,legislators-historical.json,TN_CLASS_2
W000232,,411400,,William Robert Webb,William,Robert,Webb,,,1,1913-01-27,1913-03-03,TN,2,Democrat,,D,,,,legislators-historical.json,TN_CLASS_2
S000363,,409858,,John Knight Shields,John,Knight,Shields,,,1,1913-04-07,1919-03-03,TN,2,Democrat,,D,,,,legislators-historical.json,TN_CLASS_2
S000363,,409858,,John Knight Shields,John,Knight,Shields,,,2,1919-05-19,1925-03-03,TN,2,Democrat,,D,,,,legislators-historical.json,TN_CLASS_2
T000456,,411024,,Lawrence Davis Tyson,Lawrence,Davis,Tyson,,,1,1925-12-07,1929-08-24,TN,2,Democrat,,D,,,,legislators-historical.json,TN_CLASS_2
B000850,,401807,,William Emerson Brock,William,Emerson,Brock,,,1,1929-09-02,1931-03-03,TN,2,Democrat,,D,appointment,,,legislators-historical.json,TN_CLASS_2
H000940,,405785,,Cordell Hull,Cordell,,Hull,,,12,1931-12-07,1933-03-03,TN,2,Democrat,,D,,,,legislators-historical.json,TN_CLASS_2
B000010,,401016,,Nathan Lynn Bachman,Nathan,Lynn,Bachman,,,1,1933-03-09,1937-01-03,TN,2,Democrat,,D,appointment,,,legislators-historical.json,TN_CLASS_2
B000417,,401404,,George Leonard Berry,George,Leonard,Berry,,,1,1937-05-06,1939-01-03,TN,2,Democrat,,D,appointment,,,legislators-historical.json,TN_CLASS_2
S000901,,410362,,Arthur Thomas Stewart,Arthur,Thomas,Stewart,,,1,1939-01-03,1943-01-03,TN,2,Democrat,,D,,,,legislators-historical.json,TN_CLASS_2
S000901,,410362,,Arthur Thomas Stewart,Arthur,Thomas,Stewart,,,2,1943-01-06,1949-01-03,TN,2,Democrat,,D,,,,legislators-historical.json,TN_CLASS_2
K000044,,406214,,Carey Estes Kefauver,Carey,Estes,Kefauver,,,6,1949-01-03,1955-01-03,TN,2,Democrat,,D,,,,legislators-historical.json,TN_CLASS_2
K000044,,406214,,Carey Estes Kefauver,Carey,Estes,Kefauver,,,7,1955-01-05,1961-01-03,TN,2,Democrat,,D,,,,legislators-historical.json,TN_CLASS_2
K000044,,406214,,Carey Estes Kefauver,Carey,Estes,Kefauver,,,8,1961-01-03,1963-08-10,TN,2,Democrat,,D,,,,legislators-historical.json,TN_CLASS_2
W000110,,411288,,Herbert Sanford Walters,Herbert,Sanford,Walters,,,1,1963-08-20,1964-11-03,TN,2,Democrat,,D,appointment,,,legislators-historical.json,TN_CLASS_2
B000223,,401219,,Ross Bass,Ross,,Bass,,,6,1964-11-04,1967-01-03,TN,2,Democrat,,D,,,,legislators-historical.json,TN_CLASS_2
B000063,,401067,,Howard Henry Baker Jr.,Howard,Henry,Baker,Jr.,,1,1967-01-10,1973-01-03,TN,2,Republican,,R,,,,legislators-historical.json,TN_CLASS_2
B000063,,401067,,Howard Henry Baker Jr.,Howard,Henry,Baker,Jr.,,2,1973-01-03,1979-01-03,TN,2,Republican,,R,,,,legislators-historical.json,TN_CLASS_2
B000063,,401067,,Howard Henry Baker Jr.,Howard,Henry,Baker,Jr.,,3,1979-01-15,1985-01-03,TN,2,Republican,,R,,,,legislators-historical.json,TN_CLASS_2
G000321,S170,404679,,Albert Arnold Gore Jr.,Albert,Arnold,Gore,Jr.,,5,1985-01-03,1991-01-03,TN,2,Democrat,,D,,,,legislators-historical.json,TN_CLASS_2
G000321,S170,404679,,Albert Arnold Gore Jr.,Albert,Arnold,Gore,Jr.,,6,1991-01-03,1993-01-02,TN,2,Democrat,,D,,,,legislators-historical.json,TN_CLASS_2
M000236,S233,407254,,Harlan Mathews,Harlan,,Mathews,,,1,1993-01-05,1994-12-01,TN,2,Democrat,,D,appointment,,,legislators-historical.json,TN_CLASS_2
T000457,S237,300158,S4TN00138,Fred Thompson,Fred,,Thompson,,,1,1994-12-02,1997-01-03,TN,2,Republican,,R,,,,legislators-historical.json,TN_CLASS_2
T000457,S237,300158,S4TN00138,Fred Thompson,Fred,,Thompson,,,2,1997-01-07,2003-01-03,TN,2,Republican,,R,,,,legislators-historical.json,TN_CLASS_2
A000360,S289,300002,S2TN00058|P60003225,Lamar Alexander,Lamar,,Alexander,,,1,2003-01-07,2009-01-03,TN,2,Republican,,R,,,,legislators-historical.json,TN_CLASS_2
A000360,S289,300002,S2TN00058|P60003225,Lamar Alexander,Lamar,,Alexander,,,2,2009-01-06,2015-01-03,TN,2,Republican,,R,,,senior,legislators-historical.json,TN_CLASS_2
A000360,S289,300002,S2TN00058|P60003225,Lamar Alexander,Lamar,,Alexander,,,3,2015-01-06,2021-01-03,TN,2,Republican,,R,,,senior,legislators-historical.json,TN_CLASS_2
H000601,S407,456798,S0TN00169,Bill Hagerty,Bill,Francis,Hagerty,,,1,2021-01-03,2027-01-03,TN,2,Republican,,R,,,junior,legislators-current.json,TN_CLASS_2
R000518,,409476,,Thomas Jefferson Rusk,Thomas,Jefferson,Rusk,,,1,1846-01-01,1851-03-03,TX,1,Democrat,,D,,,,legislators-historical.json,TX_CLASS_1
R000518,,409476,,Thomas Jefferson Rusk,Thomas,Jefferson,Rusk,,,2,1851-12-01,1857-03-03,TX,1,Democrat,,D,,,,legislators-historical.json,TX_CLASS_1
H000481,,405344,,James Pinckney Henderson,James,Pinckney,Henderson,,,1,1857-12-07,1859-03-03,TX,1,Democrat,,D,,,,legislators-historical.json,TX_CLASS_1
W000138,,411313,,Matthias Ward,Matthias,,Ward,,,1,1858-01-01,1859-12-31,TX,1,Democrat,,D,,,,legislators-historical.json,TX_CLASS_1
W000447,,411604,,Louis Trezevant Wigfall,Louis,Trezevant,Wigfall,,,1,1859-12-05,1861-12-31,TX,1,Democrat,,D,,,,legislators-historical.json,TX_CLASS_1
F000186,,404141,,James Winright Flanagan,James,Winright,Flanagan,,,1,1870-01-01,1875-03-03,TX,1,Republican,,R,,,,legislators-historical.json,TX_CLASS_1
M000265,,407283,,Samuel Bell Maxey,Samuel,Bell,Maxey,,,1,1875-12-06,1881-03-03,TX,1,Democrat,,D,,,,legislators-historical.json,TX_CLASS_1
M000265,,407283,,Samuel Bell Maxey,Samuel,Bell,Maxey,,,2,1881-12-05,1887-03-03,TX,1,Democrat,,D,,,,legislators-historical.json,TX_CLASS_1
R000098,,409078,,John Henninger Reagan,John,Henninger,Reagan,,,9,1887-12-05,1891-12-31,TX,1,Democrat,,D,,,,legislators-historical.json,TX_CLASS_1
C000357,,402496,,Horace Chilton,Horace,,Chilton,,,1,1891-12-07,1893-03-03,TX,1,Democrat,,D,,,,legislators-historical.json,TX_CLASS_1
M000777,,407755,,Roger Quarles Mills,Roger,Quarles,Mills,,,11,1892-03-30,1893-03-03,TX,1,Democrat,,D,,,,legislators-historical.json,TX_CLASS_1
M000777,,407755,,Roger Quarles Mills,Roger,Quarles,Mills,,,12,1893-03-04,1899-03-03,TX,1,Democrat,,D,,,,legislators-historical.json,TX_CLASS_1
C000963,,403074,,Charles Allen Culberson,Charles,Allen,Culberson,,,1,1899-12-04,1905-03-03,TX,1,Democrat,,D,,,,legislators-historical.json,TX_CLASS_1
C000963,,403074,,Charles Allen Culberson,Charles,Allen,Culberson,,,2,1905-12-04,1911-03-03,TX,1,Democrat,,D,,,,legislators-historical.json,TX_CLASS_1
C000963,,403074,,Charles Allen Culberson,Charles,Allen,Culberson,,,3,1911-04-04,1917-03-03,TX,1,Democrat,,D,,,,legislators-historical.json,TX_CLASS_1
C000963,,403074,,Charles Allen Culberson,Charles,Allen,Culberson,,,4,1917-04-02,1923-03-03,TX,1,Democrat,,D,,,,legislators-historical.json,TX_CLASS_1
M000281,,407298,,Earle Bradford Mayfield,Earle,Bradford,Mayfield,,,1,1923-12-03,1929-03-03,TX,1,Democrat,,D,,,,legislators-historical.json,TX_CLASS_1
C000684,,402810,,Thomas Terry Tom Connally,Thomas,Terry,Connally,,Tom,7,1929-04-15,1935-01-03,TX,1,Democrat,,D,,,,legislators-historical.json,TX_CLASS_1
C000684,,402810,,Thomas Terry Tom Connally,Thomas,Terry,Connally,,Tom,8,1935-01-03,1941-01-03,TX,1,Democrat,,D,,,,legislators-historical.json,TX_CLASS_1
C000684,,402810,,Thomas Terry Tom Connally,Thomas,Terry,Connally,,Tom,9,1941-01-03,1947-01-03,TX,1,Democrat,,D,,,,legislators-historical.json,TX_CLASS_1
C000684,,402810,,Thomas Terry Tom Connally,Thomas,Terry,Connally,,Tom,10,1947-01-03,1953-01-03,TX,1,Democrat,,D,,,,legislators-historical.json,TX_CLASS_1
D000036,,403176,,Marion Price Daniel,Marion,Price,Daniel,,,1,1953-01-03,1957-01-14,TX,1,Democrat,,D,,,,legislators-historical.json,TX_CLASS_1
B000536,,401511,,William Arvis Blakley,William,Arvis,Blakley,,,1,1957-01-15,1957-04-28,TX,1,Democrat,,D,appointment,,,legislators-historical.json,TX_CLASS_1
Y000006,,411940,,Ralph Webster Yarborough,Ralph,Webster,Yarborough,,,1,1957-04-29,1959-01-03,TX,1,Democrat,,D,,,,legislators-historical.json,TX_CLASS_1
Y000006,,411940,,Ralph Webster Yarborough,Ralph,Webster,Yarborough,,,2,1959-01-07,1965-01-03,TX,1,Democrat,,D,,,,legislators-historical.json,TX_CLASS_1
Y000006,,411940,,Ralph Webster Yarborough,Ralph,Webster,Yarborough,,,3,1965-01-04,1971-01-03,TX,1,Democrat,,D,,,,legislators-historical.json,TX_CLASS_1
B000401,S009,401391,,Lloyd Millard Bentsen Jr.,Lloyd,Millard,Bentsen,Jr.,,5,1971-01-21,1977-01-03,TX,1,Democrat,,D,,,,legislators-historical.json,TX_CLASS_1
B000401,S009,401391,,Lloyd Millard Bentsen Jr.,Lloyd,Millard,Bentsen,Jr.,,6,1977-01-04,1983-01-03,TX,1,Democrat,,D,,,,legislators-historical.json,TX_CLASS_1
B000401,S009,401391,,Lloyd Millard Bentsen Jr.,Lloyd,Millard,Bentsen,Jr.,,7,1983-01-03,1989-01-03,TX,1,Democrat,,D,,,,legislators-historical.json,TX_CLASS_1
B000401,S009,401391,,Lloyd Millard Bentsen Jr.,Lloyd,Millard,Bentsen,Jr.,,8,1989-01-03,1993-01-20,TX,1,Democrat,,D,,,,legislators-historical.json,TX_CLASS_1
K000333,S234,406487,,Robert Charles Krueger,Robert,Charles,Krueger,,,3,1993-01-21,1993-06-14,TX,1,Democrat,,D,appointment,,,legislators-historical.json,TX_CLASS_1
H001016,S235,300054,S4TX00086,Kay Bailey Hutchison,Kay,Bailey,Hutchison,,,1,1993-06-14,1995-01-03,TX,1,Republican,,R,,,,legislators-historical.json,TX_CLASS_1
H001016,S235,300054,S4TX00086,Kay Bailey Hutchison,Kay,Bailey,Hutchison,,,2,1995-01-04,2001-01-03,TX,1,Republican,,R,,,,legislators-historical.json,TX_CLASS_1
H001016,S235,300054,S4TX00086,Kay Bailey Hutchison,Kay,Bailey,Hutchison,,,3,2001-01-03,2007-01-03,TX,1,Republican,,R,,,,legislators-historical.json,TX_CLASS_1
H001016,S235,300054,S4TX00086,Kay Bailey Hutchison,Kay,Bailey,Hutchison,,,4,2007-01-04,2013-01-03,TX,1,Republican,,R,,,,legislators-historical.json,TX_CLASS_1
C001098,S355,412573,S2TX00312,Ted Cruz,Ted,,Cruz,,,1,2013-01-03,2019-01-03,TX,1,Republican,,R,,,junior,legislators-current.json,TX_CLASS_1
C001098,S355,412573,S2TX00312,Ted Cruz,Ted,,Cruz,,,2,2019-01-03,2025-01-03,TX,1,Republican,,R,,,junior,legislators-current.json,TX_CLASS_1
C001098,S355,412573,S2TX00312,Ted Cruz,Ted,,Cruz,,,3,2025-01-03,2031-01-03,TX,1,Republican,,R,,,junior,legislators-current.json,TX_CLASS_1
H000827,,405674,,Samuel Houston,Samuel,,Houston,,,3,1846-02-21,1847-03-03,TX,2,Democrat,,D,,,,legislators-historical.json,TX_CLASS_2
H000827,,405674,,Samuel Houston,Samuel,,Houston,,,4,1847-12-06,1853-03-03,TX,2,Democrat,,D,,,,legislators-historical.json,TX_CLASS_2
H000827,,405674,,Samuel Houston,Samuel,,Houston,,,5,1853-12-05,1859-03-03,TX,2,American,,Other,,,,legislators-historical.json,TX_CLASS_2
H000468,,405331,,John Hemphill,John,,Hemphill,,,1,1859-12-05,1861-12-31,TX,2,Democrat,,D,,,,legislators-historical.json,TX_CLASS_2
H000115,,404997,,Morgan Calvin Hamilton,Morgan,Calvin,Hamilton,,,1,1870-03-31,1871-03-03,TX,2,Republican,,R,,,,legislators-historical.json,TX_CLASS_2
H000115,,404997,,Morgan Calvin Hamilton,Morgan,Calvin,Hamilton,,,2,1871-03-04,1877-03-03,TX,2,Republican,,R,,,,legislators-historical.json,TX_CLASS_2
C000601,,402730,,Richard Coke,Richard,,Coke,,,1,1877-10-15,1883-03-03,TX,2,Democrat,,D,,,,legislators-historical.json,TX_CLASS_2
C000601,,402730,,Richard Coke,Richard,,Coke,,,2,1883-12-03,1889-03-03,TX,2,Democrat,,D,,,,legislators-historical.json,TX_CLASS_2
C000601,,402730,,Richard Coke,Richard,,Coke,,,3,1889-12-02,1895-03-03,TX,2,Democrat,,D,,,,legislators-historical.json,TX_CLASS_2
C000357,,402496,,Horace Chilton,Horace,,Chilton,,,2,1895-12-02,1901-03-03,TX,2,Democrat,,D,,,,legislators-historical.json,TX_CLASS_2
B000044,,401049,,Joseph Weldon Bailey,Joseph,Weldon,Bailey,,,6,1901-12-02,1907-03-03,TX,2,Democrat,,D,,,,legislators-historical.json,TX_CLASS_2
B000044,,401049,,Joseph Weldon Bailey,Joseph,Weldon,Bailey,,,7,1907-12-02,1913-01-03,TX,2,Democrat,,D,,,,legislators-historical.json,TX_CLASS_2
J000196,,406091,,Rienzi Melville Johnston,Rienzi,Melville,Johnston,,,1,1913-01-04,1913-01-29,TX,2,Democrat,,D,appointment,,,legislators-historical.json,TX_CLASS_2
S000337,,409834,,Morris Sheppard,Morris,,Sheppard,,,6,1913-04-07,1919-03-03,TX,2,Democrat,,D,,,,legislators-historical.json,TX_CLASS_2
S000337,,409834,,Morris Sheppard,Morris,,Sheppard,,,7,1919-05-19,1925-03-03,TX,2,Democrat,,D,,,,legislators-historical.json,TX_CLASS_2
S000337,,409834,,Morris Sheppard,Morris,,Sheppard,,,8,1925-12-07,1931-03-03,TX,2,Democrat,,D,,,,legislators-historical.json,TX_CLASS_2
S000337,,409834,,Morris Sheppard,Morris,,Sheppard,,,9,1931-12-07,1937-01-03,TX,2,Democrat,,D,,,,legislators-historical.json,TX_CLASS_2
S000337,,409834,,Morris Sheppard,Morris,,Sheppard,,,10,1937-01-05,1941-04-09,TX,2,Democrat,,D,,,,legislators-historical.json,TX_CLASS_2
H000821,,405668,,Andrew Jackson Houston,Andrew,Jackson,Houston,,,1,1941-04-21,1941-06-26,TX,2,Democrat,,D,appointment,,,legislators-historical.json,TX_CLASS_2
O000034,,408281,,Wilbert Lee Pappy O’Daniel,Wilbert,Lee,O’Daniel,,Pappy,1,1941-08-04,1943-01-03,TX,2,Democrat,,D,,,,legislators-historical.json,TX_CLASS_2
O000034,,408281,,Wilbert Lee Pappy O’Daniel,Wilbert,Lee,O’Daniel,,Pappy,2,1943-01-06,1949-01-03,TX,2,Democrat,,D,,,,legislators-historical.json,TX_CLASS_2
J000160,,406058,,Lyndon Baines Johnson,Lyndon,Baines,Johnson,,,7,1949-01-03,1955-01-03,TX,2,Democrat,,D,,,,legislators-historical.json,TX_CLASS_2
J000160,,406058,,Lyndon Baines Johnson,Lyndon,Baines,Johnson,,,8,1955-01-05,1961-01-03,TX,2,Democrat,,D,,,,legislators-historical.json,TX_CLASS_2
B000536,,401511,,William Arvis Blakley,William,Arvis,Blakley,,,2,1961-01-03,1961-06-14,TX,2,Democrat,,D,appointment,,,legislators-historical.json,TX_CLASS_2
T000322,,410894,,John Goodwin Tower,John,Goodwin,Tower,,,1,1961-06-15,1967-01-03,TX,2,Republican,,R,,,,legislators-historical.json,TX_CLASS_2
T000322,,410894,,John Goodwin Tower,John,Goodwin,Tower,,,2,1967-01-10,1973-01-03,TX,2,Republican,,R,,,,legislators-historical.json,TX_CLASS_2
T000322,,410894,,John Goodwin Tower,John,Goodwin,Tower,,,3,1973-01-03,1979-01-03,TX,2,Republican,,R,,,,legislators-historical.json,TX_CLASS_2
T000322,,410894,,John Goodwin Tower,John,Goodwin,Tower,,,4,1979-01-15,1985-01-03,TX,2,Republican,,R,,,,legislators-historical.json,TX_CLASS_2
G000365,S171,300159,H8TX06027|S6TX00040,Phil Gramm,Phil,,Gramm,,,4,1985-01-03,1991-01-03,TX,2,Republican,,R,,,,legislators-historical.json,TX_CLASS_2
G000365,S171,300159,H8TX06027|S6TX00040,Phil Gramm,Phil,,Gramm,,,5,1991-01-03,1997-01-03,TX,2,Republican,,R,,,,legislators-historical.json,TX_CLASS_2
G000365,S171,300159,H8TX06027|S6TX00040,Phil Gramm,Phil,,Gramm,,,6,1997-01-07,2002-11-29,TX,2,Republican,,R,,,,legislators-historical.json,TX_CLASS_2
C001056,S287,300027,S2TX00106,John Cornyn,John,,Cornyn,,,1,2002-11-30,2003-01-03,TX,2,Republican,,R,,,,legislators-current.json,TX_CLASS_2
C001056,S287,300027,S2TX00106,John Cornyn,John,,Cornyn,,,2,2003-01-07,2009-01-03,TX,2,Republican,,R,,,,legislators-current.json,TX_CLASS_2
C001056,S287,300027,S2TX00106,John Cornyn,John,,Cornyn,,,3,2009-01-06,2015-01-03,TX,2,Republican,,R,,,senior,legislators-current.json,TX_CLASS_2
C001056,S287,300027,S2TX00106,John Cornyn,John,,Cornyn,,,4,2015-01-06,2021-01-03,TX,2,Republican,,R,,,senior,legislators-current.json,TX_CLASS_2
C001056,S287,300027,S2TX00106,John Cornyn,John,,Cornyn,,,5,2021-01-03,2027-01-03,TX,2,Republican,,R,,,senior,legislators-current.json,TX_CLASS_2
C000118,,402269,,Frank Jenne Cannon,Frank,Jenne,Cannon,,,2,1896-01-22,1899-03-03,UT,1,Silver Republican,,Other,,,,legislators-historical.json,UT_CLASS_1
K000034,,406204,,Thomas Kearns,Thomas,,Kearns,,,1,1901-12-02,1905-03-03,UT,1,Republican,,R,,,,legislators-historical.json,UT_CLASS_1
S001080,,410533,,George Sutherland,George,,Sutherland,,,2,1905-12-04,1911-03-03,UT,1,Republican,,R,,,,legislators-historical.json,UT_CLASS_1
S001080,,410533,,George Sutherland,George,,Sutherland,,,3,1911-04-04,1917-03-03,UT,1,Republican,,R,,,,legislators-historical.json,UT_CLASS_1
K000216,,406376,,William Henry King,William,Henry,King,,,3,1917-04-02,1923-03-03,UT,1,Democrat,,D,,,,legislators-historical.json,UT_CLASS_1
K000216,,406376,,William Henry King,William,Henry,King,,,4,1923-12-03,1929-03-03,UT,1,Democrat,,D,,,,legislators-historical.json,UT_CLASS_1
K000216,,406376,,William Henry King,William,Henry,King,,,5,1929-04-15,1935-01-03,UT,1,Democrat,,D,,,,legislators-historical.json,UT_CLASS_1
K000216,,406376,,William Henry King,William,Henry,King,,,6,1935-01-03,1941-01-03,UT,1,Democrat,,D,,,,legislators-historical.json,UT_CLASS_1
M001082,,408047,,Orrice Abram Abe Murdock Jr.,Orrice,Abram,Murdock,Jr.,Abe,5,1941-01-03,1947-01-03,UT,1,Democrat,,D,,,,legislators-historical.json,UT_CLASS_1
W000190,,411362,,Arthur Vivian Watkins,Arthur,Vivian,Watkins,,,1,1947-01-03,1953-01-03,UT,1,Republican,,R,,,,legislators-historical.json,UT_CLASS_1
W000190,,411362,,Arthur Vivian Watkins,Arthur,Vivian,Watkins,,,2,1953-01-03,1959-01-03,UT,1,Republican,,R,,,,legislators-historical.json,UT_CLASS_1
M001033,,408000,,Frank Edward Moss,Frank,Edward,Moss,,,1,1959-01-07,1965-01-03,UT,1,Democrat,,D,,,,legislators-historical.json,UT_CLASS_1
M001033,,408000,,Frank Edward Moss,Frank,Edward,Moss,,,2,1965-01-04,1971-01-03,UT,1,Democrat,,D,,,,legislators-historical.json,UT_CLASS_1
M001033,,408000,,Frank Edward Moss,Frank,Edward,Moss,,,3,1971-01-21,1977-01-03,UT,1,Democrat,,D,,,,legislators-historical.json,UT_CLASS_1
H000338,S118,300052,S6UT00063|P00003806,Orrin G. Hatch,Orrin,G.,Hatch,,,1,1977-01-04,1983-01-03,UT,1,Republican,,R,,,,legislators-historical.json,UT_CLASS_1
H000338,S118,300052,S6UT00063|P00003806,Orrin G. Hatch,Orrin,G.,Hatch,,,2,1983-01-03,1989-01-03,UT,1,Republican,,R,,,,legislators-historical.json,UT_CLASS_1
H000338,S118,300052,S6UT00063|P00003806,Orrin G. Hatch,Orrin,G.,Hatch,,,3,1989-01-03,1995-01-03,UT,1,Republican,,R,,,,legislators-historical.json,UT_CLASS_1
H000338,S118,300052,S6UT00063|P00003806,Orrin G. Hatch,Orrin,G.,Hatch,,,4,1995-01-04,2001-01-03,UT,1,Republican,,R,,,,legislators-historical.json,UT_CLASS_1
H000338,S118,300052,S6UT00063|P00003806,Orrin G. Hatch,Orrin,G.,Hatch,,,5,2001-01-03,2007-01-03,UT,1,Republican,,R,,,,legislators-historical.json,UT_CLASS_1
H000338,S118,300052,S6UT00063|P00003806,Orrin G. Hatch,Orrin,G.,Hatch,,,6,2007-01-04,2013-01-03,UT,1,Republican,,R,,,,legislators-historical.json,UT_CLASS_1
H000338,S118,300052,S6UT00063|P00003806,Orrin G. Hatch,Orrin,G.,Hatch,,,7,2013-01-03,2019-01-03,UT,1,Republican,,R,,,senior,legislators-historical.json,UT_CLASS_1
R000615,S401,412841,S8UT00176|S4MA00143,Mitt Romney,Mitt,,Romney,,,1,2019-01-03,2025-01-03,UT,1,Republican,,R,,,junior,legislators-historical.json,UT_CLASS_1
C001114,S431,412740,H8UT03238|S4UT00282,John R. Curtis,John,R.,Curtis,,,5,2025-01-03,2031-01-03,UT,1,Republican,,R,,,junior,legislators-current.json,UT_CLASS_1
B000902,,401859,,Arthur Brown,Arthur,,Brown,,,1,1896-01-01,1897-03-03,UT,3,Republican,,R,,,,legislators-historical.json,UT_CLASS_3
R000073,,409053,,Joseph Lafayette Rawlins,Joseph,Lafayette,Rawlins,,,2,1897-03-15,1903-03-03,UT,3,Democrat,,D,,,,legislators-historical.json,UT_CLASS_3
S000644,,410118,,Reed Smoot,Reed,,Smoot,,,1,1903-11-09,1909-03-03,UT,3,Republican,,R,,,,legislators-historical.json,UT_CLASS_3
S000644,,410118,,Reed Smoot,Reed,,Smoot,,,2,1909-03-15,1915-03-03,UT,3,Republican,,R,,,,legislators-historical.json,UT_CLASS_3
S000644,,410118,,Reed Smoot,Reed,,Smoot,,,3,1915-12-06,1921-03-03,UT,3,Republican,,R,,,,legislators-historical.json,UT_CLASS_3
S000644,,410118,,Reed Smoot,Reed,,Smoot,,,4,1921-04-11,1927-03-04,UT,3,Republican,,R,,,,legislators-historical.json,UT_CLASS_3
S000644,,410118,,Reed Smoot,Reed,,Smoot,,,5,1927-12-05,1933-03-03,UT,3,Republican,,R,,,,legislators-historical.json,UT_CLASS_3
T000164,,410745,,Elbert Duncan Thomas,Elbert,Duncan,Thomas,,,1,1933-03-09,1939-01-03,UT,3,Democrat,,D,,,,legislators-historical.json,UT_CLASS_3
T000164,,410745,,Elbert Duncan Thomas,Elbert,Duncan,Thomas,,,2,1939-01-03,1945-01-03,UT,3,Democrat,,D,,,,legislators-historical.json,UT_CLASS_3
T000164,,410745,,Elbert Duncan Thomas,Elbert,Duncan,Thomas,,,3,1945-01-03,1951-01-03,UT,3,Democrat,,D,,,,legislators-historical.json,UT_CLASS_3
B000384,,401375,,Wallace Foster Bennett,Wallace,Foster,Bennett,,,1,1951-01-03,1957-01-03,UT,3,Republican,,R,,,,legislators-historical.json,UT_CLASS_3
B000384,,401375,,Wallace Foster Bennett,Wallace,Foster,Bennett,,,2,1957-01-03,1963-01-03,UT,3,Republican,,R,,,,legislators-historical.json,UT_CLASS_3
B000384,,401375,,Wallace Foster Bennett,Wallace,Foster,Bennett,,,3,1963-01-09,1969-01-03,UT,3,Republican,,R,,,,legislators-historical.json,UT_CLASS_3
B000384,,401375,,Wallace Foster Bennett,Wallace,Foster,Bennett,,,4,1969-01-03,1974-12-20,UT,3,Republican,,R,,,,legislators-historical.json,UT_CLASS_3
G000072,S034,404444,,Edwin Jacob Jake Garn,Edwin,Jacob,Garn,,Jake,1,1974-12-21,1975-01-03,UT,3,Republican,,R,,,,legislators-historical.json,UT_CLASS_3
G000072,S034,404444,,Edwin Jacob Jake Garn,Edwin,Jacob,Garn,,Jake,2,1975-01-14,1981-01-03,UT,3,Republican,,R,,,,legislators-historical.json,UT_CLASS_3
G000072,S034,404444,,Edwin Jacob Jake Garn,Edwin,Jacob,Garn,,Jake,3,1981-01-05,1987-01-03,UT,3,Republican,,R,,,,legislators-historical.json,UT_CLASS_3
G000072,S034,404444,,Edwin Jacob Jake Garn,Edwin,Jacob,Garn,,Jake,4,1987-01-06,1993-01-03,UT,3,Republican,,R,,,,legislators-historical.json,UT_CLASS_3
B000382,S231,300007,S2UT00104,Robert F. Bennett,Robert,F.,Bennett,,,1,1993-01-05,1999-01-03,UT,3,Republican,,R,,,,legislators-historical.json,UT_CLASS_3
B000382,S231,300007,S2UT00104,Robert F. Bennett,Robert,F.,Bennett,,,2,1999-01-06,2005-01-03,UT,3,Republican,,R,,,,legislators-historical.json,UT_CLASS_3
B000382,S231,300007,S2UT00104,Robert F. Bennett,Robert,F.,Bennett,,,3,2005-01-04,2011-01-03,UT,3,Republican,,R,,,,legislators-historical.json,UT_CLASS_3
L000577,S346,412495,S0UT00165,Mike Lee,Mike,,Lee,,,1,2011-01-05,2017-01-03,UT,3,Republican,,R,,,junior,legislators-current.json,UT_CLASS_3
L000577,S346,412495,S0UT00165,Mike Lee,Mike,,Lee,,,2,2017-01-03,2023-01-03,UT,3,Republican,,R,,,senior,legislators-current.json,UT_CLASS_3
L000577,S346,412495,S0UT00165,Mike Lee,Mike,,Lee,,,3,2023-01-03,2029-01-03,UT,3,Republican,,R,,,senior,legislators-current.json,UT_CLASS_3
G000403,,404753,,William Grayson,William,,Grayson,,,1,1789-03-04,1791-03-03,VA,1,Anti-Administration,,Other,,,,legislators-historical.json,VA_CLASS_1
W000059,,411238,,John Walker,John,,Walker,,,1,1790-01-01,1791-03-03,VA,1,Pro-Administration,,Other,,,,legislators-historical.json,VA_CLASS_1
M000858,,407829,,James Monroe,James,,Monroe,,,1,1790-11-09,1791-03-03,VA,1,Anti-Administration,,Other,,,,legislators-historical.json,VA_CLASS_1
M000858,,407829,,James Monroe,James,,Monroe,,,2,1791-03-04,1794-05-27,VA,1,Anti-Administration,,Other,,,,legislators-historical.json,VA_CLASS_1
M000226,,407244,,Stevens Thomson Mason,Stevens,Thomson,Mason,,,1,1794-01-01,1797-03-03,VA,1,Republican,,R,,,,legislators-historical.json,VA_CLASS_1
M000226,,407244,,Stevens Thomson Mason,Stevens,Thomson,Mason,,,2,1797-05-15,1803-03-03,VA,1,Republican,,R,,,,legislators-historical.json,VA_CLASS_1
V000083,,411139,,Abraham Bedford Venable,Abraham,Bedford,Venable,,,5,1803-10-17,1805-03-03,VA,1,Republican,,R,,,,legislators-historical.json,VA_CLASS_1
T000086,,410668,,John Taylor,John,,Taylor,,,3,1803-10-17,1803-12-07,VA,1,Republican,,R,,,,legislators-historical.json,VA_CLASS_1
M000891,,407863,,Andrew Moore,Andrew,,Moore,,,5,1804-01-01,1809-03-03,VA,1,Republican,,R,,,,legislators-historical.json,VA_CLASS_1
G000183,,404548,,William Branch Giles,William,Branch,Giles,,,7,1804-11-05,1804-12-04,VA,1,Republican,,R,,,,legislators-historical.json,VA_CLASS_1
B000802,,401759,,Richard Brent,Richard,,Brent,,,4,1809-05-22,1815-03-03,VA,1,Republican,,R,,,,legislators-historical.json,VA_CLASS_1
B000127,,401128,,James Barbour,James,,Barbour,,,1,1815-12-04,1821-03-03,VA,1,Republican,,R,,,,legislators-historical.json,VA_CLASS_1
B000127,,401128,,James Barbour,James,,Barbour,,,2,1821-12-03,1825-12-31,VA,1,Republican,,R,,,,legislators-historical.json,VA_CLASS_1
R000047,,409028,,John Randolph,John,,Randolph,,,13,1825-12-26,1827-03-03,VA,1,Jackson,,Other,,,,legislators-historical.json,VA_CLASS_1
T000450,,411018,,John Tyler,John,,Tyler,,,4,1827-12-03,1833-03-03,VA,1,Jackson,,Other,,,,legislators-historical.json,VA_CLASS_1
T000450,,411018,,John Tyler,John,,Tyler,,,5,1833-12-02,1837-03-03,VA,1,,,Other,,,,legislators-historical.json,VA_CLASS_1
R000285,,409258,,William Cabell Rives,William,Cabell,Rives,,,6,1836-01-01,1839-03-03,VA,1,Democrat,,D,,,,legislators-historical.json,VA_CLASS_1
R000285,,409258,,William Cabell Rives,William,Cabell,Rives,,,7,1841-05-31,1845-03-03,VA,1,Whig,,Other,,,,legislators-historical.json,VA_CLASS_1
P000216,,408619,,Isaac Samuels Pennybacker,Isaac,Samuels,Pennybacker,,,2,1845-12-01,1847-12-31,VA,1,Democrat,,D,,,,legislators-historical.json,VA_CLASS_1
M000216,,407234,,James Murray Mason,James,Murray,Mason,,,2,1847-12-06,1851-03-03,VA,1,Democrat,,D,,,,legislators-historical.json,VA_CLASS_1
M000216,,407234,,James Murray Mason,James,Murray,Mason,,,3,1851-12-01,1857-03-03,VA,1,Democrat,,D,,,,legislators-historical.json,VA_CLASS_1
M000216,,407234,,James Murray Mason,James,Murray,Mason,,,4,1857-12-07,1861-12-31,VA,1,Democrat,,D,,,,legislators-historical.json,VA_CLASS_1
W000484,,411641,,Waitman Thomas Willey,Waitman,Thomas,Willey,,,1,1861-07-04,1863-03-03,VA,1,Unionist,,Other,,,,legislators-historical.json,VA_CLASS_1
B000678,,401640,,Lemuel Jackson Bowden,Lemuel,Jackson,Bowden,,,1,1863-12-07,1865-03-03,VA,1,Unionist,,Other,,,,legislators-historical.json,VA_CLASS_1
L000285,,406783,,John Francis Lewis,John,Francis,Lewis,,,1,1870-01-01,1875-03-03,VA,1,Republican,,R,,,,legislators-historical.json,VA_CLASS_1
W000659,,411812,,Robert Enoch Withers,Robert,Enoch,Withers,,,1,1875-12-06,1881-03-03,VA,1,Democrat,,D,,,,legislators-historical.json,VA_CLASS_1
M000067,,407095,,William Mahone,William,,Mahone,,,1,1881-12-05,1887-03-03,VA,1,Republican,,R,,,,legislators-historical.json,VA_CLASS_1
D000035,,403175,,John Warwick Daniel,John,Warwick,Daniel,,,2,1887-12-05,1893-03-03,VA,1,Democrat,,D,,,,legislators-historical.json,VA_CLASS_1
D000035,,403175,,John Warwick Daniel,John,Warwick,Daniel,,,3,1893-08-07,1899-03-03,VA,1,Democrat,,D,,,,legislators-historical.json,VA_CLASS_1
D000035,,403175,,John Warwick Daniel,John,Warwick,Daniel,,,4,1899-12-04,1905-03-03,VA,1,Democrat,,D,,,,legislators-historical.json,VA_CLASS_1
D000035,,403175,,John Warwick Daniel,John,Warwick,Daniel,,,5,1905-12-04,1910-06-29,VA,1,Democrat,,D,,,,legislators-historical.json,VA_CLASS_1
S001094,,410547,,Claude Augustus Swanson,Claude,Augustus,Swanson,,,8,1910-08-01,1911-03-03,VA,1,Democrat,,D,,,,legislators-historical.json,VA_CLASS_1
S001094,,410547,,Claude Augustus Swanson,Claude,Augustus,Swanson,,,9,1911-04-04,1917-03-03,VA,1,Democrat,,D,,,,legislators-historical.json,VA_CLASS_1
S001094,,410547,,Claude Augustus Swanson,Claude,Augustus,Swanson,,,10,1917-04-02,1923-03-03,VA,1,Democrat,,D,,,,legislators-historical.json,VA_CLASS_1
S001094,,410547,,Claude Augustus Swanson,Claude,Augustus,Swanson,,,11,1923-12-03,1929-03-03,VA,1,Democrat,,D,,,,legislators-historical.json,VA_CLASS_1
S001094,,410547,,Claude Augustus Swanson,Claude,Augustus,Swanson,,,12,1929-04-15,1933-03-03,VA,1,Democrat,,D,,,,legislators-historical.json,VA_CLASS_1
B001208,,402148,,Harry Flood Byrd,Harry,Flood,Byrd,,,1,1933-03-09,1935-01-03,VA,1,Democrat,,D,appointment,,,legislators-historical.json,VA_CLASS_1
B001208,,402148,,Harry Flood Byrd,Harry,Flood,Byrd,,,2,1935-01-03,1941-01-03,VA,1,Democrat,,D,,,,legislators-historical.json,VA_CLASS_1
B001208,,402148,,Harry Flood Byrd,Harry,Flood,Byrd,,,3,1941-01-03,1947-01-03,VA,1,Democrat,,D,,,,legislators-historical.json,VA_CLASS_1
B001208,,402148,,Harry Flood Byrd,Harry,Flood,Byrd,,,4,1947-01-03,1953-01-03,VA,1,Democrat,,D,,,,legislators-historical.json,VA_CLASS_1
B001208,,402148,,Harry Flood Byrd,Harry,Flood,Byrd,,,5,1953-01-03,1959-01-03,VA,1,Democrat,,D,,,,legislators-historical.json,VA_CLASS_1
B001208,,402148,,Harry Flood Byrd,Harry,Flood,Byrd,,,6,1959-01-07,1965-01-03,VA,1,Democrat,,D,,,,legislators-historical.json,VA_CLASS_1
B001208,,402148,,Harry Flood Byrd,Harry,Flood,Byrd,,,7,1965-01-04,1965-11-10,VA,1,Democrat,,D,,,,legislators-historical.json,VA_CLASS_1
B001209,,402149,,Harry Flood Byrd Jr.,Harry,Flood,Byrd,Jr.,,1,1965-11-12,1971-01-03,VA,1,Democrat,,D,appointment,,,legislators-historical.json,VA_CLASS_1
B001209,,402149,,Harry Flood Byrd Jr.,Harry,Flood,Byrd,Jr.,,2,1971-01-21,1977-01-03,VA,1,Independent,Democrat,D,,,,legislators-historical.json,VA_CLASS_1
B001209,,402149,,Harry Flood Byrd Jr.,Harry,Flood,Byrd,Jr.,,3,1977-01-04,1983-01-03,VA,1,Independent,Democrat,D,,,,legislators-historical.json,VA_CLASS_1
T000367,,410936,,Paul Seward Trible Jr.,Paul,Seward,Trible,Jr.,,4,1983-01-03,1989-01-03,VA,1,Republican,,R,,,,legislators-historical.json,VA_CLASS_1
R000295,S207,400564,S8VA00156,Charles S. Robb,Charles,S.,Robb,,,1,1989-01-03,1995-01-03,VA,1,Democrat,,D,,,,legislators-historical.json,VA_CLASS_1
R000295,S207,400564,S8VA00156,Charles S. Robb,Charles,S.,Robb,,,2,1995-01-04,2001-01-03,VA,1,Democrat,,D,,,,legislators-historical.json,VA_CLASS_1
A000121,S274,300004,,George Felix Allen,George,Felix,Allen,,,2,2001-01-03,2007-01-03,VA,1,Republican,,R,,,,legislators-historical.json,VA_CLASS_1
W000803,S315,412249,S6VA00127,Jim Webb,Jim,,Webb,,,1,2007-01-04,2013-01-03,VA,1,Democrat,,D,,,,legislators-historical.json,VA_CLASS_1
K000384,S362,412582,S2VA00142,Tim Kaine,Timothy,,Kaine,,Tim,1,2013-01-03,2019-01-03,VA,1,Democrat,,D,,,junior,legislators-current.json,VA_CLASS_1
K000384,S362,412582,S2VA00142,Tim Kaine,Timothy,,Kaine,,Tim,2,2019-01-03,2025-01-03,VA,1,Democrat,,D,,,junior,legislators-current.json,VA_CLASS_1
K000384,S362,412582,S2VA00142,Tim Kaine,Timothy,,Kaine,,Tim,3,2025-01-03,2031-01-03,VA,1,Democrat,,D,,,junior,legislators-current.json,VA_CLASS_1
L000201,,406704,,Richard Henry Lee,Richard,Henry,Lee,,,1,1789-03-04,1793-03-03,VA,2,Anti-Administration,,Other,,,,legislators-historical.json,VA_CLASS_2
T000086,,410668,,John Taylor,John,,Taylor,,,1,1792-10-18,1793-03-02,VA,2,,,Other,,,,legislators-historical.json,VA_CLASS_2
T000086,,410668,,John Taylor,John,,Taylor,,,2,1793-03-04,1794-05-11,VA,2,,,Other,,,,legislators-historical.json,VA_CLASS_2
T000107,,410689,,Henry Tazewell,Henry,,Tazewell,,,1,1794-01-01,1799-03-03,VA,2,Republican,,R,,,,legislators-historical.json,VA_CLASS_2
N000086,,408171,,Wilson Cary Nicholas,Wilson,Cary,Nicholas,,,1,1799-12-02,1805-03-03,VA,2,Republican,,R,,,,legislators-historical.json,VA_CLASS_2
G000183,,404548,,William Branch Giles,William,Branch,Giles,,,8,1804-12-04,1805-03-03,VA,2,Republican,,R,,,,legislators-historical.json,VA_CLASS_2
G000183,,404548,,William Branch Giles,William,Branch,Giles,,,9,1805-03-04,1811-03-03,VA,2,Republican,,R,,,,legislators-historical.json,VA_CLASS_2
G000183,,404548,,William Branch Giles,William,Branch,Giles,,,10,1811-11-04,1815-03-03,VA,2,Republican,,R,,,,legislators-historical.json,VA_CLASS_2
M000213,,407231,,Armistead Thomson Mason,Armistead,Thomson,Mason,,,1,1816-01-01,1817-03-03,VA,2,Republican,,R,,,,legislators-historical.json,VA_CLASS_2
E000197,,403884,,John Wayles Eppes,John,Wayles,Eppes,,,6,1817-12-01,1819-12-31,VA,2,Republican,,R,,,,legislators-historical.json,VA_CLASS_2
P000386,,408780,,James Pleasants,James,,Pleasants,,,5,1819-12-06,1823-03-03,VA,2,Republican,,R,,,,legislators-historical.json,VA_CLASS_2
T000086,,410668,,John Taylor,John,,Taylor,,,4,1822-12-18,1823-03-03,VA,2,Republican,,R,,,,legislators-historical.json,VA_CLASS_2
T000086,,410668,,John Taylor,John,,Taylor,,,5,1823-12-01,1824-08-21,VA,2,Republican,,R,,,,legislators-historical.json,VA_CLASS_2
T000108,,410690,,Littleton Waller Tazewell,Littleton,Waller,Tazewell,,,2,1824-01-01,1829-03-03,VA,2,Jackson,,Other,,,,legislators-historical.json,VA_CLASS_2
T000108,,410690,,Littleton Waller Tazewell,Littleton,Waller,Tazewell,,,3,1829-12-07,1833-03-03,VA,2,Jackson,,Other,,,,legislators-historical.json,VA_CLASS_2
R000285,,409258,,William Cabell Rives,William,Cabell,Rives,,,5,1832-01-01,1835-03-03,VA,2,Jackson,,Other,,,,legislators-historical.json,VA_CLASS_2
L000232,,406735,,Benjamin Watkins Leigh,Benjamin,Watkins,Leigh,,,1,1834-02-26,1835-03-03,VA,2,Anti-Jacksonian,,Other,,,,legislators-historical.json,VA_CLASS_2
L000232,,406735,,Benjamin Watkins Leigh,Benjamin,Watkins,Leigh,,,2,1835-12-07,1836-07-04,VA,2,Anti-Jacksonian,,Other,,,,legislators-historical.json,VA_CLASS_2
P000069,,408479,,Richard Elliott Parker,Richard,Elliott,Parker,,,1,1836-01-01,1837-12-31,VA,2,Democrat,,D,,,,legislators-historical.json,VA_CLASS_2
R000293,,409266,,William Henry Roane,William,Henry,Roane,,,2,1837-09-04,1841-03-03,VA,2,Democrat,,D,,,,legislators-historical.json,VA_CLASS_2
A000275,,400914,,William Segar Archer,William,Segar,Archer,,,9,1841-05-31,1847-03-03,VA,2,Whig,,Other,,,,legislators-historical.json,VA_CLASS_2
H000988,,405829,,Robert Mercer Taliaferro Hunter,Robert,Mercer Taliaferro,Hunter,,,5,1847-12-06,1853-03-03,VA,2,Democrat,,D,,,,legislators-historical.json,VA_CLASS_2
H000988,,405829,,Robert Mercer Taliaferro Hunter,Robert,Mercer Taliaferro,Hunter,,,6,1853-12-05,1859-03-03,VA,2,Democrat,,D,,,,legislators-historical.json,VA_CLASS_2
H000988,,405829,,Robert Mercer Taliaferro Hunter,Robert,Mercer Taliaferro,Hunter,,,7,1859-12-05,1861-12-31,VA,2,Democrat,,D,,,,legislators-historical.json,VA_CLASS_2
C000150,,402299,,John Snyder Carlile,John,Snyder,Carlile,,,3,1861-07-09,1865-03-03,VA,2,Unionist,,Other,,,,legislators-historical.json,VA_CLASS_2
J000191,,406086,,John Warfield Johnston,John,Warfield,Johnston,,,1,1870-01-26,1871-03-03,VA,2,Democrat,,D,,,,legislators-historical.json,VA_CLASS_2
J000191,,406086,,John Warfield Johnston,John,Warfield,Johnston,,,2,1871-03-15,1877-03-03,VA,2,Democrat,,D,,,,legislators-historical.json,VA_CLASS_2
J000191,,406086,,John Warfield Johnston,John,Warfield,Johnston,,,3,1877-10-15,1883-03-03,VA,2,Democrat,,D,,,,legislators-historical.json,VA_CLASS_2
R000241,,409217,,Harrison Holt Riddleberger,Harrison,Holt,Riddleberger,,,1,1883-12-03,1889-03-03,VA,2,Republican,,R,,,,legislators-historical.json,VA_CLASS_2
B000129,,401130,,John Strode Barbour Jr.,John,Strode,Barbour,Jr.,,4,1889-12-02,1893-03-03,VA,2,Democrat,,D,,,,legislators-historical.json,VA_CLASS_2
H000999,,405839,,Eppa Hunton,Eppa,,Hunton,,,5,1892-01-01,1895-03-03,VA,2,Democrat,,D,,,,legislators-historical.json,VA_CLASS_2
M000200,,407220,,Thomas Staples Martin,Thomas,Staples,Martin,,,1,1895-12-02,1901-03-03,VA,2,Democrat,,D,,,,legislators-historical.json,VA_CLASS_2
M000200,,407220,,Thomas Staples Martin,Thomas,Staples,Martin,,,2,1901-12-02,1907-03-03,VA,2,Democrat,,D,,,,legislators-historical.json,VA_CLASS_2
M000200,,407220,,Thomas Staples Martin,Thomas,Staples,Martin,,,3,1907-12-02,1913-03-03,VA,2,Democrat,,D,,,,legislators-historical.json,VA_CLASS_2
M000200,,407220,,Thomas Staples Martin,Thomas,Staples,Martin,,,4,1913-04-07,1919-03-03,VA,2,Democrat,,D,,,,legislators-historical.json,VA_CLASS_2
M000200,,407220,,Thomas Staples Martin,Thomas,Staples,Martin,,,5,1919-05-19,1919-11-12,VA,2,Democrat,,D,,,,legislators-historical.json,VA_CLASS_2
G000232,,404594,,Carter Glass,Carter,,Glass,,,10,1920-02-20,1925-03-03,VA,2,Democrat,,D,appointment,,,legislators-historical.json,VA_CLASS_2
G000232,,404594,,Carter Glass,Carter,,Glass,,,11,1925-12-07,1931-03-03,VA,2,Democrat,,D,,,,legislators-historical.json,VA_CLASS_2
G000232,,404594,,Carter Glass,Carter,,Glass,,,12,1931-12-07,1937-01-03,VA,2,Democrat,,D,,,,legislators-historical.json,VA_CLASS_2
G000232,,404594,,Carter Glass,Carter,,Glass,,,13,1937-01-05,1943-01-03,VA,2,Democrat,,D,,,,legislators-historical.json,VA_CLASS_2
G000232,,404594,,Carter Glass,Carter,,Glass,,,14,1943-01-06,1946-05-28,VA,2,Democrat,,D,,,,legislators-historical.json,VA_CLASS_2
B001069,,402015,,Thomas Granville Burch,Thomas,Granville,Burch,,,9,1946-05-31,1946-11-05,VA,2,Democrat,,D,appointment,,,legislators-historical.json,VA_CLASS_2
R000317,,409288,,Absalom Willis Robertson,Absalom,Willis,Robertson,,,8,1946-11-06,1949-01-03,VA,2,Democrat,,D,,,,legislators-historical.json,VA_CLASS_2
R000317,,409288,,Absalom Willis Robertson,Absalom,Willis,Robertson,,,9,1949-01-03,1955-01-03,VA,2,Democrat,,D,,,,legislators-historical.json,VA_CLASS_2
R000317,,409288,,Absalom Willis Robertson,Absalom,Willis,Robertson,,,10,1955-01-05,1961-01-03,VA,2,Democrat,,D,,,,legislators-historical.json,VA_CLASS_2
R000317,,409288,,Absalom Willis Robertson,Absalom,Willis,Robertson,,,11,1961-01-03,1966-12-30,VA,2,Democrat,,D,,,,legislators-historical.json,VA_CLASS_2
S000739,,410208,,William Belser Spong Jr.,William,Belser,Spong,Jr.,,1,1966-12-31,1967-01-03,VA,2,Democrat,,D,,,,legislators-historical.json,VA_CLASS_2
S000739,,410208,,William Belser Spong Jr.,William,Belser,Spong,Jr.,,2,1967-01-10,1973-01-03,VA,2,Democrat,,D,,,,legislators-historical.json,VA_CLASS_2
S000189,,409694,,William Lloyd Scott,William,Lloyd,Scott,,,4,1973-01-03,1979-01-03,VA,2,Republican,,R,,,,legislators-historical.json,VA_CLASS_2
W000154,S143,300099,S8VA00107,John W. Warner,John,W.,Warner,,,1,1979-01-15,1985-01-03,VA,2,Republican,,R,,,,legislators-historical.json,VA_CLASS_2
W000154,S143,300099,S8VA00107,John W. Warner,John,W.,Warner,,,2,1985-01-03,1991-01-03,VA,2,Republican,,R,,,,legislators-historical.json,VA_CLASS_2
W000154,S143,300099,S8VA00107,John W. Warner,John,W.,Warner,,,3,1991-01-03,1997-01-03,VA,2,Republican,,R,,,,legislators-historical.json,VA_CLASS_2
W000154,S143,300099,S8VA00107,John W. Warner,John,W.,Warner,,,4,1997-01-07,2003-01-03,VA,2,Republican,,R,,,,legislators-historical.json,VA_CLASS_2
W000154,S143,300099,S8VA00107,John W. Warner,John,W.,Warner,,,5,2003-01-07,2009-01-03,VA,2,Republican,,R,,,,legislators-historical.json,VA_CLASS_2
W000805,S327,412321,S6VA00093|P80003023,Mark R. Warner,Mark,R.,Warner,,,1,2009-01-06,2015-01-03,VA,2,Democrat,,D,,,senior,legislators-current.json,VA_CLASS_2
W000805,S327,412321,S6VA00093|P80003023,Mark R. Warner,Mark,R.,Warner,,,2,2015-01-06,2021-01-03,VA,2,Democrat,,D,,,senior,legislators-current.json,VA_CLASS_2
W000805,S327,412321,S6VA00093|P80003023,Mark R. Warner,Mark,R.,Warner,,,3,2021-01-03,2027-01-03,VA,2,Democrat,,D,,,senior,legislators-current.json,VA_CLASS_2
R000350,,409321,,Moses Robinson,Moses,,Robinson,,,1,1791-10-24,1796-10-15,VT,1,Anti-Administration,,Other,,,,legislators-historical.json,VT_CLASS_1
T000264,,410838,,Isaac Tichenor,Isaac,,Tichenor,,,1,1796-01-01,1797-03-03,VT,1,Federalist,,Other,,,,legislators-historical.json,VT_CLASS_1
C000369,,402508,,Nathaniel Chipman,Nathaniel,,Chipman,,,1,1797-05-15,1803-03-03,VT,1,Federalist,,Other,,,,legislators-historical.json,VT_CLASS_1
S000557,,410039,,Israel Smith,Israel,,Smith,,,5,1803-10-17,1807-12-31,VT,1,Republican,,R,,,,legislators-historical.json,VT_CLASS_1
R000346,,409317,,Jonathan Robinson,Jonathan,,Robinson,,,1,1807-10-26,1809-03-03,VT,1,Republican,,R,,,,legislators-historical.json,VT_CLASS_1
R000346,,409317,,Jonathan Robinson,Jonathan,,Robinson,,,2,1809-05-22,1815-03-03,VT,1,Republican,,R,,,,legislators-historical.json,VT_CLASS_1
T000264,,410838,,Isaac Tichenor,Isaac,,Tichenor,,,2,1815-12-04,1821-03-03,VT,1,Federalist,,Other,,,,legislators-historical.json,VT_CLASS_1
S000268,,409769,,Horatio Seymour,Horatio,,Seymour,,,1,1821-12-03,1827-03-03,VT,1,Adams,,Other,,,,legislators-historical.json,VT_CLASS_1
S000268,,409769,,Horatio Seymour,Horatio,,Seymour,,,2,1827-12-03,1833-03-03,VT,1,Adams,,Other,,,,legislators-historical.json,VT_CLASS_1
S001116,,410568,,Benjamin Swift,Benjamin,,Swift,,,3,1833-12-02,1839-03-03,VT,1,Whig,,Other,,,,legislators-historical.json,VT_CLASS_1
P000299,,408699,,Samuel Shethar Phelps,Samuel,Shethar,Phelps,,,1,1839-12-02,1845-03-03,VT,1,Whig,,Other,,,,legislators-historical.json,VT_CLASS_1
P000299,,408699,,Samuel Shethar Phelps,Samuel,Shethar,Phelps,,,2,1845-12-01,1851-03-03,VT,1,Whig,,Other,,,,legislators-historical.json,VT_CLASS_1
F000248,,404201,,Solomon Foot,Solomon,,Foot,,,3,1851-12-01,1857-03-03,VT,1,Ind. Republican-Democrat,,Other,,,,legislators-historical.json,VT_CLASS_1
F000248,,404201,,Solomon Foot,Solomon,,Foot,,,4,1857-12-07,1863-03-03,VT,1,Republican,,R,,,,legislators-historical.json,VT_CLASS_1
F000248,,404201,,Solomon Foot,Solomon,,Foot,,,5,1863-12-07,1867-03-03,VT,1,Republican,,R,,,,legislators-historical.json,VT_CLASS_1
E000056,,403751,,George Franklin Edmunds,George,Franklin,Edmunds,,,1,1866-01-01,1869-03-03,VT,1,Republican,,R,,,,legislators-historical.json,VT_CLASS_1
E000056,,403751,,George Franklin Edmunds,George,Franklin,Edmunds,,,2,1869-03-04,1875-03-03,VT,1,Republican,,R,,,,legislators-historical.json,VT_CLASS_1
E000056,,403751,,George Franklin Edmunds,George,Franklin,Edmunds,,,3,1875-12-06,1881-03-03,VT,1,Republican,,R,,,,legislators-historical.json,VT_CLASS_1
E000056,,403751,,George Franklin Edmunds,George,Franklin,Edmunds,,,4,1881-12-05,1887-03-03,VT,1,Republican,,R,,,,legislators-historical.json,VT_CLASS_1
E000056,,403751,,George Franklin Edmunds,George,Franklin,Edmunds,,,5,1887-12-05,1891-12-31,VT,1,Republican,,R,,,,legislators-historical.json,VT_CLASS_1
P000547,,408931,,Redfield Proctor,Redfield,,Proctor,,,1,1891-12-07,1893-03-03,VT,1,Republican,,R,,,,legislators-historical.json,VT_CLASS_1
P000547,,408931,,Redfield Proctor,Redfield,,Proctor,,,2,1893-08-07,1899-03-03,VT,1,Republican,,R,,,,legislators-historical.json,VT_CLASS_1
P000547,,408931,,Redfield Proctor,Redfield,,Proctor,,,3,1899-12-04,1905-03-03,VT,1,Republican,,R,,,,legislators-historical.json,VT_CLASS_1
P000547,,408931,,Redfield Proctor,Redfield,,Proctor,,,4,1905-12-04,1908-03-04,VT,1,Republican,,R,,,,legislators-historical.json,VT_CLASS_1
S000917,,410377,,John Wolcott Stewart,John,Wolcott,Stewart,,,5,1908-03-24,1908-10-20,VT,1,Republican,,R,,,,legislators-historical.json,VT_CLASS_1
P000014,,408425,,Carroll Smalley Page,Carroll,Smalley,Page,,,1,1908-10-21,1911-03-03,VT,1,Republican,,R,,,,legislators-historical.json,VT_CLASS_1
P000014,,408425,,Carroll Smalley Page,Carroll,Smalley,Page,,,2,1911-04-04,1917-03-03,VT,1,Republican,,R,,,,legislators-historical.json,VT_CLASS_1
P000014,,408425,,Carroll Smalley Page,Carroll,Smalley,Page,,,3,1917-04-02,1923-03-03,VT,1,Republican,,R,,,,legislators-historical.json,VT_CLASS_1
G000425,,404773,,Frank Lester Greene,Frank,Lester,Greene,,,7,1923-12-03,1929-03-03,VT,1,Republican,,R,,,,legislators-historical.json,VT_CLASS_1
G000425,,404773,,Frank Lester Greene,Frank,Lester,Greene,,,8,1929-04-15,1930-12-17,VT,1,Republican,,R,,,,legislators-historical.json,VT_CLASS_1
P000091,,408501,,Frank Charles Partridge,Frank,Charles,Partridge,,,1,1930-12-23,1931-03-31,VT,1,Republican,,R,appointment,,,legislators-historical.json,VT_CLASS_1
A000342,,400992,,Warren Robinson Austin,Warren,Robinson,Austin,,,1,1931-12-07,1935-01-03,VT,1,Republican,,R,,,,legislators-historical.json,VT_CLASS_1
A000342,,400992,,Warren Robinson Austin,Warren,Robinson,Austin,,,2,1935-01-03,1941-01-03,VT,1,Republican,,R,,,,legislators-historical.json,VT_CLASS_1
A000342,,400992,,Warren Robinson Austin,Warren,Robinson,Austin,,,3,1941-01-03,1946-08-02,VT,1,Republican,,R,,,,legislators-historical.json,VT_CLASS_1
F000190,,404145,,Ralph Edward Flanders,Ralph,Edward,Flanders,,,1,1946-11-01,1947-01-03,VT,1,Republican,,R,appointment,,,legislators-historical.json,VT_CLASS_1
F000190,,404145,,Ralph Edward Flanders,Ralph,Edward,Flanders,,,2,1947-01-03,1953-01-03,VT,1,Republican,,R,,,,legislators-historical.json,VT_CLASS_1
F000190,,404145,,Ralph Edward Flanders,Ralph,Edward,Flanders,,,3,1953-01-03,1959-01-03,VT,1,Republican,,R,,,,legislators-historical.json,VT_CLASS_1
P000552,,408936,,Winston Lewis Prouty,Winston,Lewis,Prouty,,,5,1959-01-07,1965-01-03,VT,1,Republican,,R,,,,legislators-historical.json,VT_CLASS_1
P000552,,408936,,Winston Lewis Prouty,Winston,Lewis,Prouty,,,6,1965-01-04,1971-01-03,VT,1,Republican,,R,,,,legislators-historical.json,VT_CLASS_1
S000776,,410242,,Robert Theodore Stafford,Robert,Theodore,Stafford,,,7,1971-09-16,1977-01-03,VT,1,Republican,,R,appointment,,,legislators-historical.json,VT_CLASS_1
S000776,,410242,,Robert Theodore Stafford,Robert,Theodore,Stafford,,,8,1977-01-04,1983-01-03,VT,1,Republican,,R,,,,legislators-historical.json,VT_CLASS_1
S000776,,410242,,Robert Theodore Stafford,Robert,Theodore,Stafford,,,9,1983-01-03,1989-01-03,VT,1,Republican,,R,,,,legislators-historical.json,VT_CLASS_1
J000072,S204,300057,H6VT00053|S8VT00018,James M. Jim Jeffords,James,M.,Jeffords,,Jim,8,1989-01-03,1995-01-03,VT,1,Republican,,R,,,,legislators-historical.json,VT_CLASS_1
J000072,S204,300057,H6VT00053|S8VT00018,James M. Jim Jeffords,James,M.,Jeffords,,Jim,9,1995-01-04,2001-01-03,VT,1,Republican,,R,,,,legislators-historical.json,VT_CLASS_1
J000072,S204,300057,H6VT00053|S8VT00018,James M. Jim Jeffords,James,M.,Jeffords,,Jim,10,2001-01-03,2007-01-03,VT,1,Independent,Democrat,D,,,,legislators-historical.json,VT_CLASS_1
S000033,S313,400357,H8VT01016|S4VT00033,Bernard Sanders,Bernard,,Sanders,,Bernie,9,2007-01-04,2013-01-03,VT,1,Independent,Democrat,D,,,,legislators-current.json,VT_CLASS_1
S000033,S313,400357,H8VT01016|S4VT00033,Bernard Sanders,Bernard,,Sanders,,Bernie,10,2013-01-03,2019-01-03,VT,1,Independent,Democrat,D,,,junior,legislators-current.json,VT_CLASS_1
S000033,S313,400357,H8VT01016|S4VT00033,Bernard Sanders,Bernard,,Sanders,,Bernie,11,2019-01-03,2025-01-03,VT,1,Independent,Democrat,D,,,senior,legislators-current.json,VT_CLASS_1
S000033,S313,400357,H8VT01016|S4VT00033,Bernard Sanders,Bernard,,Sanders,,Bernie,12,2025-01-03,2031-01-03,VT,1,Independent,Democrat,D,,,senior,legislators-current.json,VT_CLASS_1
B000745,,401704,,Stephen Row Bradley,Stephen,Row,Bradley,,,1,1791-10-24,1795-03-03,VT,3,,,Other,,,,legislators-historical.json,VT_CLASS_3
P000026,,408437,,Elijah Paine,Elijah,,Paine,,,1,1795-12-07,1801-03-03,VT,3,Federalist,,Other,,,,legislators-historical.json,VT_CLASS_3
B000745,,401704,,Stephen Row Bradley,Stephen,Row,Bradley,,,2,1801-12-07,1807-03-03,VT,3,Republican,,R,,,,legislators-historical.json,VT_CLASS_3
B000745,,401704,,Stephen Row Bradley,Stephen,Row,Bradley,,,3,1807-10-26,1813-03-03,VT,3,Republican,,R,,,,legislators-historical.json,VT_CLASS_3
C000325,,402467,,Dudley Chase,Dudley,,Chase,,,1,1813-05-24,1817-12-31,VT,3,Republican,,R,,,,legislators-historical.json,VT_CLASS_3
F000154,,404109,,James Fisk,James,,Fisk,,,5,1817-12-01,1819-03-03,VT,3,Republican,,R,,,,legislators-historical.json,VT_CLASS_3
P000045,,408455,,William Adams Palmer,William,Adams,Palmer,,,1,1818-10-20,1819-03-03,VT,3,Republican,,R,,,,legislators-historical.json,VT_CLASS_3
P000045,,408455,,William Adams Palmer,William,Adams,Palmer,,,2,1819-03-04,1825-03-03,VT,3,Republican,,R,,,,legislators-historical.json,VT_CLASS_3
C000325,,402467,,Dudley Chase,Dudley,,Chase,,,2,1825-12-05,1831-03-03,VT,3,Adams,,Other,,,,legislators-historical.json,VT_CLASS_3
P000510,,408895,,Samuel Prentiss,Samuel,,Prentiss,,,1,1831-12-05,1837-03-03,VT,3,Anti-Jacksonian,,Other,,,,legislators-historical.json,VT_CLASS_3
P000510,,408895,,Samuel Prentiss,Samuel,,Prentiss,,,2,1837-09-04,1843-03-03,VT,3,Whig,,Other,,,,legislators-historical.json,VT_CLASS_3
C000851,,402967,,Samuel Chandler Crafts,Samuel,Chandler,Crafts,,,5,1842-01-01,1843-03-03,VT,3,Whig,,Other,,,,legislators-historical.json,VT_CLASS_3
U000025,,411048,,William Upham,William,,Upham,,,1,1843-12-04,1849-03-03,VT,3,Whig,,Other,,,,legislators-historical.json,VT_CLASS_3
U000025,,411048,,William Upham,William,,Upham,,,2,1849-12-03,1853-12-31,VT,3,Whig,,Other,,,,legislators-historical.json,VT_CLASS_3
P000299,,408699,,Samuel Shethar Phelps,Samuel,Shethar,Phelps,,,3,1853-12-05,1855-03-03,VT,3,Whig,,Other,,,,legislators-historical.json,VT_CLASS_3
B000760,,401719,,Lawrence Brainerd,Lawrence,,Brainerd,,,1,1854-01-01,1855-03-03,VT,3,Free Soil,,Other,,,,legislators-historical.json,VT_CLASS_3
C000628,,402757,,Jacob Collamer,Jacob,,Collamer,,,4,1855-12-03,1861-03-03,VT,3,Republican,,R,,,,legislators-historical.json,VT_CLASS_3
C000628,,402757,,Jacob Collamer,Jacob,,Collamer,,,5,1861-07-04,1865-12-31,VT,3,Republican,,R,,,,legislators-historical.json,VT_CLASS_3
P000406,,408799,,Luke Potter Poland,Luke,Potter,Poland,,,1,1865-12-04,1867-03-03,VT,3,Republican,,R,,,,legislators-historical.json,VT_CLASS_3
M000969,,407937,,Justin Smith Morrill,Justin,Smith,Morrill,,,7,1867-03-04,1873-03-03,VT,3,Republican,,R,,,,legislators-historical.json,VT_CLASS_3
M000969,,407937,,Justin Smith Morrill,Justin,Smith,Morrill,,,8,1873-12-01,1879-03-03,VT,3,Republican,,R,,,,legislators-historical.json,VT_CLASS_3
M000969,,407937,,Justin Smith Morrill,Justin,Smith,Morrill,,,9,1879-03-18,1885-03-03,VT,3,Republican,,R,,,,legislators-historical.json,VT_CLASS_3
M000969,,407937,,Justin Smith Morrill,Justin,Smith,Morrill,,,10,1885-12-07,1891-03-03,VT,3,Republican,,R,,,,legislators-historical.json,VT_CLASS_3
M000969,,407937,,Justin Smith Morrill,Justin,Smith,Morrill,,,11,1891-12-07,1897-03-03,VT,3,Republican,,R,,,,legislators-historical.json,VT_CLASS_3
M000969,,407937,,Justin Smith Morrill,Justin,Smith,Morrill,,,12,1897-03-15,1899-03-03,VT,3,Republican,,R,,,,legislators-historical.json,VT_CLASS_3
R000450,,409414,,Jonathan Ross,Jonathan,,Ross,,,1,1899-12-04,1900-10-18,VT,3,Republican,,R,,,,legislators-historical.json,VT_CLASS_3
D000347,,403465,,William Paul Dillingham,William,Paul,Dillingham,,,1,1900-10-18,1903-03-03,VT,3,Republican,,R,,,,legislators-historical.json,VT_CLASS_3
D000347,,403465,,William Paul Dillingham,William,Paul,Dillingham,,,2,1903-11-09,1909-03-03,VT,3,Republican,,R,,,,legislators-historical.json,VT_CLASS_3
D000347,,403465,,William Paul Dillingham,William,Paul,Dillingham,,,3,1909-03-15,1915-03-03,VT,3,Republican,,R,,,,legislators-historical.json,VT_CLASS_3
D000347,,403465,,William Paul Dillingham,William,Paul,Dillingham,,,4,1915-12-06,1921-03-03,VT,3,Republican,,R,,,,legislators-historical.json,VT_CLASS_3
D000347,,403465,,William Paul Dillingham,William,Paul,Dillingham,,,5,1921-04-11,1923-07-12,VT,3,Republican,,R,,,,legislators-historical.json,VT_CLASS_3
D000009,,403152,,Porter Hinman Dale,Porter,Hinman,Dale,,,5,1923-12-03,1927-03-04,VT,3,Republican,,R,,,,legislators-historical.json,VT_CLASS_3
D000009,,403152,,Porter Hinman Dale,Porter,Hinman,Dale,,,6,1927-12-05,1933-03-03,VT,3,Republican,,R,,,,legislators-historical.json,VT_CLASS_3
G000158,,404525,,Ernest Willard Gibson,Ernest,Willard,Gibson,,,6,1933-11-21,1939-01-03,VT,3,Republican,,R,appointment,,,legislators-historical.json,VT_CLASS_3
G000158,,404525,,Ernest Willard Gibson,Ernest,Willard,Gibson,,,7,1939-01-03,1940-06-20,VT,3,Republican,,R,,,,legislators-historical.json,VT_CLASS_3
G000159,,404526,,Ernest William Gibson Jr.,Ernest,William,Gibson,Jr.,,1,1940-06-24,1941-01-03,VT,3,Republican,,R,appointment,,,legislators-historical.json,VT_CLASS_3
A000062,,400722,,George David Aiken,George,David,Aiken,,,1,1941-01-10,1945-01-03,VT,3,Republican,,R,,,,legislators-historical.json,VT_CLASS_3
A000062,,400722,,George David Aiken,George,David,Aiken,,,2,1945-01-03,1951-01-03,VT,3,Republican,,R,,,,legislators-historical.json,VT_CLASS_3
A000062,,400722,,George David Aiken,George,David,Aiken,,,3,1951-01-03,1957-01-03,VT,3,Republican,,R,,,,legislators-historical.json,VT_CLASS_3
A000062,,400722,,George David Aiken,George,David,Aiken,,,4,1957-01-03,1963-01-03,VT,3,Republican,,R,,,,legislators-historical.json,VT_CLASS_3
A000062,,400722,,George David Aiken,George,David,Aiken,,,5,1963-01-09,1969-01-03,VT,3,Republican,,R,,,,legislators-historical.json,VT_CLASS_3
A000062,,400722,,George David Aiken,George,David,Aiken,,,6,1969-01-03,1975-01-03,VT,3,Republican,,R,,,,legislators-historical.json,VT_CLASS_3
L000174,S057,300065,S4VT00017,Patrick J. Leahy,Patrick,J.,Leahy,,,1,1975-01-14,1981-01-03,VT,3,Democrat,,D,,,,legislators-historical.json,VT_CLASS_3
L000174,S057,300065,S4VT00017,Patrick J. Leahy,Patrick,J.,Leahy,,,2,1981-01-05,1987-01-03,VT,3,Democrat,,D,,,,legislators-historical.json,VT_CLASS_3
L000174,S057,300065,S4VT00017,Patrick J. Leahy,Patrick,J.,Leahy,,,3,1987-01-06,1993-01-03,VT,3,Democrat,,D,,,,legislators-historical.json,VT_CLASS_3
L000174,S057,300065,S4VT00017,Patrick J. Leahy,Patrick,J.,Leahy,,,4,1993-01-05,1999-01-03,VT,3,Democrat,,D,,,,legislators-historical.json,VT_CLASS_3
L000174,S057,300065,S4VT00017,Patrick J. Leahy,Patrick,J.,Leahy,,,5,1999-01-06,2005-01-03,VT,3,Democrat,,D,,,,legislators-historical.json,VT_CLASS_3
L000174,S057,300065,S4VT00017,Patrick J. Leahy,Patrick,J.,Leahy,,,6,2005-01-04,2011-01-03,VT,3,Democrat,,D,,,,legislators-historical.json,VT_CLASS_3
L000174,S057,300065,S4VT00017,Patrick J. Leahy,Patrick,J.,Leahy,,,7,2011-01-05,2017-01-03,VT,3,Democrat,,D,,,senior,legislators-historical.json,VT_CLASS_3
L000174,S057,300065,S4VT00017,Patrick J. Leahy,Patrick,J.,Leahy,,,8,2017-01-03,2023-01-03,VT,3,Democrat,,D,,,senior,legislators-historical.json,VT_CLASS_3
W000800,S422,412239,H6VT00160|H8VT00034|S2VT00235,Peter Welch,Peter,,Welch,,,9,2023-01-03,2029-01-03,VT,3,Democrat,,D,,,junior,legislators-current.json,VT_CLASS_3
A000130,,400786,,John Beard Allen,John,Beard,Allen,,,2,1889-11-19,1893-03-03,WA,1,Republican,,R,,,,legislators-historical.json,WA_CLASS_1
W000602,,411757,,John Lockwood Wilson,John,Lockwood,Wilson,,,4,1895-12-02,1899-03-03,WA,1,Republican,,R,,,,legislators-historical.json,WA_CLASS_1
F000298,,404247,,Addison Gardner Foster,Addison,Gardner,Foster,,,1,1899-12-04,1905-03-03,WA,1,Republican,,R,,,,legislators-historical.json,WA_CLASS_1
P000351,,408748,,Samuel Henry Piles,Samuel,Henry,Piles,,,1,1905-12-04,1911-03-03,WA,1,Republican,,R,,,,legislators-historical.json,WA_CLASS_1
P000403,,408796,,Miles Poindexter,Miles,,Poindexter,,,2,1911-04-04,1917-03-03,WA,1,Republican,,R,,,,legislators-historical.json,WA_CLASS_1
P000403,,408796,,Miles Poindexter,Miles,,Poindexter,,,3,1917-04-02,1923-03-03,WA,1,Republican,,R,,,,legislators-historical.json,WA_CLASS_1
D000345,,403463,,Clarence Cleveland Dill,Clarence,Cleveland,Dill,,,3,1923-12-03,1929-03-03,WA,1,Democrat,,D,,,,legislators-historical.json,WA_CLASS_1
D000345,,403463,,Clarence Cleveland Dill,Clarence,Cleveland,Dill,,,4,1929-04-15,1935-01-03,WA,1,Democrat,,D,,,,legislators-historical.json,WA_CLASS_1
S000160,,409667,,Lewis Baxter Schwellenbach,Lewis,Baxter,Schwellenbach,,,1,1935-01-03,1940-12-16,WA,1,Democrat,,D,,,,legislators-historical.json,WA_CLASS_1
W000088,,411267,,Monrad Charles Wallgren,Monrad,Charles,Wallgren,,,5,1940-12-19,1941-01-03,WA,1,Democrat,,D,,,,legislators-historical.json,WA_CLASS_1
W000088,,411267,,Monrad Charles Wallgren,Monrad,Charles,Wallgren,,,6,1941-01-03,1945-01-09,WA,1,Democrat,,D,,,,legislators-historical.json,WA_CLASS_1
M000814,,407789,,Hugh Burnton Mitchell,Hugh,Burnton,Mitchell,,,1,1945-01-10,1946-12-25,WA,1,Democrat,,D,appointment,,,legislators-historical.json,WA_CLASS_1
C000021,,402182,,Harry Pulliam Cain,Harry,Pulliam,Cain,,,1,1946-12-31,1947-01-03,WA,1,Republican,,R,,,,legislators-historical.json,WA_CLASS_1
C000021,,402182,,Harry Pulliam Cain,Harry,Pulliam,Cain,,,2,1947-01-03,1953-01-03,WA,1,Republican,,R,,,,legislators-historical.json,WA_CLASS_1
J000013,,405920,,Henry Martin Scoop Jackson,Henry,Martin,Jackson,,Scoop,7,1953-01-03,1959-01-03,WA,1,Democrat,,D,,,,legislators-historical.json,WA_CLASS_1
J000013,,405920,,Henry Martin Scoop Jackson,Henry,Martin,Jackson,,Scoop,8,1959-01-07,1965-01-03,WA,1,Democrat,,D,,,,legislators-historical.json,WA_CLASS_1
J000013,,405920,,Henry Martin Scoop Jackson,Henry,Martin,Jackson,,Scoop,9,1965-01-04,1971-01-03,WA,1,Democrat,,D,,,,legislators-historical.json,WA_CLASS_1
J000013,,405920,,Henry Martin Scoop Jackson,Henry,Martin,Jackson,,Scoop,10,1971-01-21,1977-01-03,WA,1,Democrat,,D,,,,legislators-historical.json,WA_CLASS_1
J000013,,405920,,Henry Martin Scoop Jackson,Henry,Martin,Jackson,,Scoop,11,1977-01-04,1983-01-03,WA,1,Democrat,,D,,,,legislators-historical.json,WA_CLASS_1
J000013,,405920,,Henry Martin Scoop Jackson,Henry,Martin,Jackson,,Scoop,12,1983-01-03,1983-09-01,WA,1,Democrat,,D,,,,legislators-historical.json,WA_CLASS_1
E000236,,403920,,Daniel Jackson Evans,Daniel,Jackson,Evans,,,1,1983-09-08,1989-01-03,WA,1,Republican,,R,appointment,,,legislators-historical.json,WA_CLASS_1
G000333,S152,400559,S0WA00019,T. Slade Gorton,T.,Slade,Gorton,,,2,1989-01-03,1995-01-03,WA,1,Republican,,R,,,,legislators-historical.json,WA_CLASS_1
G000333,S152,400559,S0WA00019,T. Slade Gorton,T.,Slade,Gorton,,,3,1995-01-04,2001-01-03,WA,1,Republican,,R,,,,legislators-historical.json,WA_CLASS_1
C000127,S275,300018,S8WA00194|H2WA01054,Maria Cantwell,Maria,,Cantwell,,,2,2001-01-03,2007-01-03,WA,1,Democrat,,D,,,,legislators-current.json,WA_CLASS_1
C000127,S275,300018,S8WA00194|H2WA01054,Maria Cantwell,Maria,,Cantwell,,,3,2007-01-04,2013-01-03,WA,1,Democrat,,D,,,,legislators-current.json,WA_CLASS_1
C000127,S275,300018,S8WA00194|H2WA01054,Maria Cantwell,Maria,,Cantwell,,,4,2013-01-03,2019-01-03,WA,1,Democrat,,D,,,junior,legislators-current.json,WA_CLASS_1
C000127,S275,300018,S8WA00194|H2WA01054,Maria Cantwell,Maria,,Cantwell,,,5,2019-01-03,2025-01-03,WA,1,Democrat,,D,,,junior,legislators-current.json,WA_CLASS_1
C000127,S275,300018,S8WA00194|H2WA01054,Maria Cantwell,Maria,,Cantwell,,,6,2025-01-03,2031-01-03,WA,1,Democrat,,D,,,junior,legislators-current.json,WA_CLASS_1
S000761,,410228,,Watson Carvosso Squire,Watson,Carvosso,Squire,,,1,1889-12-02,1891-03-03,WA,3,Republican,,R,,,,legislators-historical.json,WA_CLASS_3
S000761,,410228,,Watson Carvosso Squire,Watson,Carvosso,Squire,,,2,1891-12-07,1897-03-03,WA,3,Republican,,R,,,,legislators-historical.json,WA_CLASS_3
T000420,,410989,,George Turner,George,,Turner,,,1,1897-03-15,1903-03-03,WA,3,Democrat,,D,,,,legislators-historical.json,WA_CLASS_3
A000258,,400894,,Levi Ankeny,Levi,,Ankeny,,,1,1903-11-09,1909-03-03,WA,3,Republican,,R,,,,legislators-historical.json,WA_CLASS_3
J000257,,406149,,Wesley Livsey Jones,Wesley,Livsey,Jones,,,6,1909-03-15,1915-03-03,WA,3,Republican,,R,,,,legislators-historical.json,WA_CLASS_3
J000257,,406149,,Wesley Livsey Jones,Wesley,Livsey,Jones,,,7,1915-12-06,1921-03-03,WA,3,Republican,,R,,,,legislators-historical.json,WA_CLASS_3
J000257,,406149,,Wesley Livsey Jones,Wesley,Livsey,Jones,,,8,1921-04-11,1927-03-04,WA,3,Republican,,R,,,,legislators-historical.json,WA_CLASS_3
J000257,,406149,,Wesley Livsey Jones,Wesley,Livsey,Jones,,,9,1927-12-05,1932-11-19,WA,3,Republican,,R,,,,legislators-historical.json,WA_CLASS_3
G000366,,404719,,Elijah Sherman Grammer,Elijah,Sherman,Grammer,,,1,1932-11-22,1933-03-03,WA,3,Republican,,R,appointment,,,legislators-historical.json,WA_CLASS_3
B000614,,401581,,Homer Truett Bone,Homer,Truett,Bone,,,1,1933-03-09,1939-01-03,WA,3,Democrat,,D,,,,legislators-historical.json,WA_CLASS_3
B000614,,401581,,Homer Truett Bone,Homer,Truett,Bone,,,2,1939-01-03,1944-11-13,WA,3,Democrat,,D,,,,legislators-historical.json,WA_CLASS_3
M000053,,407081,,Warren Grant Magnuson,Warren,Grant,Magnuson,,,5,1944-12-14,1945-01-03,WA,3,Democrat,,D,,,,legislators-historical.json,WA_CLASS_3
M000053,,407081,,Warren Grant Magnuson,Warren,Grant,Magnuson,,,6,1945-01-03,1951-01-03,WA,3,Democrat,,D,,,,legislators-historical.json,WA_CLASS_3
M000053,,407081,,Warren Grant Magnuson,Warren,Grant,Magnuson,,,7,1951-01-03,1957-01-03,WA,3,Democrat,,D,,,,legislators-historical.json,WA_CLASS_3
M000053,,407081,,Warren Grant Magnuson,Warren,Grant,Magnuson,,,8,1957-01-03,1963-01-03,WA,3,Democrat,,D,,,,legislators-historical.json,WA_CLASS_3
M000053,,407081,,Warren Grant Magnuson,Warren,Grant,Magnuson,,,9,1963-01-09,1969-01-03,WA,3,Democrat,,D,,,,legislators-historical.json,WA_CLASS_3
M000053,,407081,,Warren Grant Magnuson,Warren,Grant,Magnuson,,,10,1969-01-03,1975-01-03,WA,3,Democrat,,D,,,,legislators-historical.json,WA_CLASS_3
M000053,,407081,,Warren Grant Magnuson,Warren,Grant,Magnuson,,,11,1975-01-14,1981-01-03,WA,3,Democrat,,D,,,,legislators-historical.json,WA_CLASS_3
G000333,S152,400559,S0WA00019,T. Slade Gorton,T.,Slade,Gorton,,,1,1981-01-05,1987-01-03,WA,3,Republican,,R,,,,legislators-historical.json,WA_CLASS_3
A000031,S180,400692,,Brockman Brock Adams,Brockman,,Adams,,Brock,8,1987-01-06,1993-01-03,WA,3,Democrat,,D,,,,legislators-historical.json,WA_CLASS_3
M001111,S229,300076,S2WA00189,Patty Murray,Patty,,Murray,,,1,1993-01-05,1999-01-03,WA,3,Democrat,,D,,,,legislators-current.json,WA_CLASS_3
M001111,S229,300076,S2WA00189,Patty Murray,Patty,,Murray,,,2,1999-01-06,2005-01-03,WA,3,Democrat,,D,,,,legislators-current.json,WA_CLASS_3
M001111,S229,300076,S2WA00189,Patty Murray,Patty,,Murray,,,3,2005-01-04,2011-01-03,WA,3,Democrat,,D,,,,legislators-current.json,WA_CLASS_3
M001111,S229,300076,S2WA00189,Patty Murray,Patty,,Murray,,,4,2011-01-05,2017-01-03,WA,3,Democrat,,D,,,senior,legislators-current.json,WA_CLASS_3
M001111,S229,300076,S2WA00189,Patty Murray,Patty,,Murray,,,5,2017-01-03,2023-01-03,WA,3,Democrat,,D,,,senior,legislators-current.json,WA_CLASS_3
M001111,S229,300076,S2WA00189,Patty Murray,Patty,,Murray,,,6,2023-01-03,2029-01-03,WA,3,Democrat,,D,,,senior,legislators-current.json,WA_CLASS_3
D000396,,403511,,Henry Dodge,Henry,,Dodge,,,3,1848-01-01,1851-03-03,WI,1,Democrat,,D,,,,legislators-historical.json,WI_CLASS_1
D000396,,403511,,Henry Dodge,Henry,,Dodge,,,4,1851-12-01,1857-03-03,WI,1,Democrat,,D,,,,legislators-historical.json,WI_CLASS_1
D000428,,403540,,James Rood Doolittle,James,Rood,Doolittle,,,1,1857-12-07,1863-03-03,WI,1,Republican,,R,,,,legislators-historical.json,WI_CLASS_1
D000428,,403540,,James Rood Doolittle,James,Rood,Doolittle,,,2,1863-12-07,1869-03-03,WI,1,Republican,,R,,,,legislators-historical.json,WI_CLASS_1
C000171,,402319,,Matthew Hale Carpenter,Matthew,Hale,Carpenter,,,1,1869-03-04,1875-03-03,WI,1,Republican,,R,,,,legislators-historical.json,WI_CLASS_1
C000064,,402222,,Angus Cameron,Angus,,Cameron,,,1,1875-12-06,1881-03-03,WI,1,Republican,,R,,,,legislators-historical.json,WI_CLASS_1
S000091,,409603,,Philetus Sawyer,Philetus,,Sawyer,,,6,1881-12-05,1887-03-03,WI,1,Republican,,R,,,,legislators-historical.json,WI_CLASS_1
S000091,,409603,,Philetus Sawyer,Philetus,,Sawyer,,,7,1887-12-05,1893-03-03,WI,1,Republican,,R,,,,legislators-historical.json,WI_CLASS_1
M000821,,407796,,John Lendrum Mitchell,John,Lendrum,Mitchell,,,2,1893-08-07,1899-03-03,WI,1,Democrat,,D,,,,legislators-historical.json,WI_CLASS_1
Q000003,,408967,,Joseph Very Quarles,Joseph,Very,Quarles,,,1,1899-12-04,1905-03-03,WI,1,Republican,,R,,,,legislators-historical.json,WI_CLASS_1
L000004,,406514,,Robert Marion La Follette,Robert,Marion,La Follette,,,4,1906-01-04,1911-03-03,WI,1,Republican,,R,,,,legislators-historical.json,WI_CLASS_1
L000004,,406514,,Robert Marion La Follette,Robert,Marion,La Follette,,,5,1911-04-04,1917-03-03,WI,1,Republican,,R,,,,legislators-historical.json,WI_CLASS_1
L000004,,406514,,Robert Marion La Follette,Robert,Marion,La Follette,,,6,1917-04-02,1923-03-03,WI,1,Republican,,R,,,,legislators-historical.json,WI_CLASS_1
L000004,,406514,,Robert Marion La Follette,Robert,Marion,La Follette,,,7,1923-12-03,1925-06-18,WI,1,Republican,,R,,,,legislators-historical.json,WI_CLASS_1
L000005,,406515,,Robert Marion La Follette Jr.,Robert,Marion,La Follette,Jr.,,1,1925-12-07,1929-03-03,WI,1,Republican,,R,,,,legislators-historical.json,WI_CLASS_1
L000005,,406515,,Robert Marion La Follette Jr.,Robert,Marion,La Follette,Jr.,,2,1929-04-15,1935-01-03,WI,1,Republican,,R,,,,legislators-historical.json,WI_CLASS_1
L000005,,406515,,Robert Marion La Follette Jr.,Robert,Marion,La Follette,Jr.,,3,1935-01-03,1941-01-03,WI,1,Progressive,,Other,,,,legislators-historical.json,WI_CLASS_1
L000005,,406515,,Robert Marion La Follette Jr.,Robert,Marion,La Follette,Jr.,,4,1941-01-03,1947-01-03,WI,1,Progressive,,Other,,,,legislators-historical.json,WI_CLASS_1
M000315,,407327,,Joseph Raymond McCarthy,Joseph,Raymond,McCarthy,,,1,1947-01-03,1953-01-03,WI,1,Republican,,R,,,,legislators-historical.json,WI_CLASS_1
M000315,,407327,,Joseph Raymond McCarthy,Joseph,Raymond,McCarthy,,,2,1953-01-03,1957-05-02,WI,1,Republican,,R,,,,legislators-historical.json,WI_CLASS_1
P000553,,408937,,William Proxmire,William,,Proxmire,,,1,1957-08-28,1959-01-03,WI,1,Democrat,,D,,,,legislators-historical.json,WI_CLASS_1
P000553,,408937,,William Proxmire,William,,Proxmire,,,2,1959-01-07,1965-01-03,WI,1,Democrat,,D,,,,legislators-historical.json,WI_CLASS_1
P000553,,408937,,William Proxmire,William,,Proxmire,,,3,1965-01-04,1971-01-03,WI,1,Democrat,,D,,,,legislators-historical.json,WI_CLASS_1
P000553,,408937,,William Proxmire,William,,Proxmire,,,4,1971-01-21,1977-01-03,WI,1,Democrat,,D,,,,legislators-historical.json,WI_CLASS_1
P000553,,408937,,William Proxmire,William,,Proxmire,,,5,1977-01-04,1983-01-03,WI,1,Democrat,,D,,,,legislators-historical.json,WI_CLASS_1
P000553,,408937,,William Proxmire,William,,Proxmire,,,6,1983-01-03,1989-01-03,WI,1,Democrat,,D,,,,legislators-historical.json,WI_CLASS_1
K000305,S209,300061,S6WI00061,Herb Kohl,Herbert,H.,Kohl,,Herb,1,1989-01-03,1995-01-03,WI,1,Democrat,,D,,,,legislators-historical.json,WI_CLASS_1
K000305,S209,300061,S6WI00061,Herb Kohl,Herbert,H.,Kohl,,Herb,2,1995-01-04,2001-01-03,WI,1,Democrat,,D,,,,legislators-historical.json,WI_CLASS_1
K000305,S209,300061,S6WI00061,Herb Kohl,Herbert,H.,Kohl,,Herb,3,2001-01-03,2007-01-03,WI,1,Democrat,,D,,,,legislators-historical.json,WI_CLASS_1
K000305,S209,300061,S6WI00061,Herb Kohl,Herbert,H.,Kohl,,Herb,4,2007-01-04,2013-01-03,WI,1,Democrat,,D,,,,legislators-historical.json,WI_CLASS_1
B001230,S354,400013,H8WI00018|S2WI00219,Tammy Baldwin,Tammy,,Baldwin,,,8,2013-01-03,2019-01-03,WI,1,Democrat,,D,,,junior,legislators-current.json,WI_CLASS_1
B001230,S354,400013,H8WI00018|S2WI00219,Tammy Baldwin,Tammy,,Baldwin,,,9,2019-01-03,2025-01-03,WI,1,Democrat,,D,,,junior,legislators-current.json,WI_CLASS_1
B001230,S354,400013,H8WI00018|S2WI00219,Tammy Baldwin,Tammy,,Baldwin,,,10,2025-01-03,2031-01-03,WI,1,Democrat,,D,,,junior,legislators-current.json,WI_CLASS_1
W000055,,411234,,Isaac Pigeon Walker,Isaac,Pigeon,Walker,,,1,1848-06-08,1849-03-03,WI,3,Democrat,,D,,,,legislators-historical.json,WI_CLASS_3
W000055,,411234,,Isaac Pigeon Walker,Isaac,Pigeon,Walker,,,2,1849-03-05,1855-03-03,WI,3,Democrat,,D,,,,legislators-historical.json,WI_CLASS_3
D000573,,403676,,Charles Durkee,Charles,,Durkee,,,3,1855-12-03,1861-03-03,WI,3,Republican,,R,,,,legislators-historical.json,WI_CLASS_3
H000856,,405703,,Timothy Otis Howe,Timothy,Otis,Howe,,,1,1861-07-04,1867-03-03,WI,3,Republican,,R,,,,legislators-historical.json,WI_CLASS_3
H000856,,405703,,Timothy Otis Howe,Timothy,Otis,Howe,,,2,1867-03-04,1873-03-03,WI,3,Republican,,R,,,,legislators-historical.json,WI_CLASS_3
H000856,,405703,,Timothy Otis Howe,Timothy,Otis,Howe,,,3,1873-12-01,1879-03-03,WI,3,Republican,,R,,,,legislators-historical.json,WI_CLASS_3
C000171,,402319,,Matthew Hale Carpenter,Matthew,Hale,Carpenter,,,2,1879-03-18,1881-12-31,WI,3,Republican,,R,,,,legislators-historical.json,WI_CLASS_3
C000064,,402222,,Angus Cameron,Angus,,Cameron,,,2,1881-12-05,1885-03-03,WI,3,Republican,,R,,,,legislators-historical.json,WI_CLASS_3
S000741,,410210,,John Coit Spooner,John,Coit,Spooner,,,1,1885-12-07,1891-03-03,WI,3,Republican,,R,,,,legislators-historical.json,WI_CLASS_3
V000099,,411154,,William Freeman Vilas,William,Freeman,Vilas,,,1,1891-12-07,1897-03-03,WI,3,Democrat,,D,,,,legislators-historical.json,WI_CLASS_3
S000741,,410210,,John Coit Spooner,John,Coit,Spooner,,,2,1897-03-15,1903-03-03,WI,3,Republican,,R,,,,legislators-historical.json,WI_CLASS_3
S000741,,410210,,John Coit Spooner,John,Coit,Spooner,,,3,1903-11-09,1907-04-30,WI,3,Republican,,R,,,,legislators-historical.json,WI_CLASS_3
S000863,,410325,,Isaac Stephenson,Isaac,,Stephenson,,,4,1907-12-02,1909-03-03,WI,3,Republican,,R,,,,legislators-historical.json,WI_CLASS_3
S000863,,410325,,Isaac Stephenson,Isaac,,Stephenson,,,5,1909-03-15,1915-03-03,WI,3,Republican,,R,,,,legislators-historical.json,WI_CLASS_3
H001006,,405846,,Paul Oscar Husting,Paul,Oscar,Husting,,,1,1915-12-06,1917-10-21,WI,3,Democrat,,D,,,,legislators-historical.json,WI_CLASS_3
L000241,,406744,,Irvine Luther Lenroot,Irvine,Luther,Lenroot,,,6,1918-04-18,1921-03-03,WI,3,Republican,,R,,,,legislators-historical.json,WI_CLASS_3
L000241,,406744,,Irvine Luther Lenroot,Irvine,Luther,Lenroot,,,7,1921-04-11,1927-03-04,WI,3,Republican,,R,,,,legislators-historical.json,WI_CLASS_3
B000520,,401496,,John James Blaine,John,James,Blaine,,,1,1927-12-05,1933-03-03,WI,3,Republican,,R,,,,legislators-historical.json,WI_CLASS_3
D000518,,403628,,Francis Ryan Duffy,Francis,Ryan,Duffy,,,1,1933-03-09,1939-01-03,WI,3,Democrat,,D,,,,legislators-historical.json,WI_CLASS_3
W000465,,411622,,Alexander Wiley,Alexander,,Wiley,,,1,1939-01-03,1945-01-03,WI,3,Republican,,R,,,,legislators-historical.json,WI_CLASS_3
W000465,,411622,,Alexander Wiley,Alexander,,Wiley,,,2,1945-01-03,1951-01-03,WI,3,Republican,,R,,,,legislators-historical.json,WI_CLASS_3
W000465,,411622,,Alexander Wiley,Alexander,,Wiley,,,3,1951-01-03,1957-01-03,WI,3,Republican,,R,,,,legislators-historical.json,WI_CLASS_3
W000465,,411622,,Alexander Wiley,Alexander,,Wiley,,,4,1957-01-03,1963-01-03,WI,3,Republican,,R,,,,legislators-historical.json,WI_CLASS_3
N000033,,408123,,Gaylord Anton Nelson,Gaylord,Anton,Nelson,,,1,1963-01-09,1969-01-03,WI,3,Democrat,,D,,,,legislators-historical.json,WI_CLASS_3
N000033,,408123,,Gaylord Anton Nelson,Gaylord,Anton,Nelson,,,2,1969-01-03,1975-01-03,WI,3,Democrat,,D,,,,legislators-historical.json,WI_CLASS_3
N000033,,408123,,Gaylord Anton Nelson,Gaylord,Anton,Nelson,,,3,1975-01-14,1981-01-03,WI,3,Democrat,,D,,,,legislators-historical.json,WI_CLASS_3
K000019,S155,406190,,Robert Walter Kasten Jr.,Robert,Walter,Kasten,Jr.,,3,1981-01-05,1987-01-03,WI,3,Republican,,R,,,,legislators-historical.json,WI_CLASS_3
K000019,S155,406190,,Robert Walter Kasten Jr.,Robert,Walter,Kasten,Jr.,,4,1987-01-06,1993-01-03,WI,3,Republican,,R,,,,legislators-historical.json,WI_CLASS_3
F000061,S230,300042,S8WI00026,Russell D. Feingold,Russell,D.,Feingold,,,1,1993-01-05,1999-01-03,WI,3,Democrat,,D,,,,legislators-historical.json,WI_CLASS_3
F000061,S230,300042,S8WI00026,Russell D. Feingold,Russell,D.,Feingold,,,2,1999-01-06,2005-01-03,WI,3,Democrat,,D,,,,legislators-historical.json,WI_CLASS_3
F000061,S230,300042,S8WI00026,Russell D. Feingold,Russell,D.,Feingold,,,3,2005-01-04,2011-01-03,WI,3,Democrat,,D,,,,legislators-historical.json,WI_CLASS_3
J000293,S345,412496,S0WI00197,Ron Johnson,Ron,,Johnson,,,1,2011-01-05,2017-01-03,WI,3,Republican,,R,,,senior,legislators-current.json,WI_CLASS_3
J000293,S345,412496,S0WI00197,Ron Johnson,Ron,,Johnson,,,2,2017-01-03,2023-01-03,WI,3,Republican,,R,,,senior,legislators-current.json,WI_CLASS_3
J000293,S345,412496,S0WI00197,Ron Johnson,Ron,,Johnson,,,3,2023-01-03,2029-01-03,WI,3,Republican,,R,,,senior,legislators-current.json,WI_CLASS_3
V000066,,411108,,Peter Godwin Van Winkle,Peter,Godwin,Van Winkle,,,1,1863-12-07,1869-03-03,WV,1,Republican,,R,,,,legislators-historical.json,WV_CLASS_1
B000638,,401603,,Arthur Inghram Boreman,Arthur,Inghram,Boreman,,,1,1869-03-04,1875-03-03,WV,1,Republican,,R,,,,legislators-historical.json,WV_CLASS_1
C000130,,402280,,Allen Taylor Caperton,Allen,Taylor,Caperton,,,1,1875-12-06,1877-03-03,WV,1,Democrat,,D,,,,legislators-historical.json,WV_CLASS_1
P000530,,408914,,Samuel Price,Samuel,,Price,,,1,1876-01-01,1877-12-31,WV,1,Democrat,,D,,,,legislators-historical.json,WV_CLASS_1
H000527,,405390,,Frank Hereford,Frank,,Hereford,,,4,1877-10-15,1881-03-03,WV,1,Democrat,,D,,,,legislators-historical.json,WV_CLASS_1
C000062,,402220,,Johnson Newlon Camden,Johnson,Newlon,Camden,,,1,1881-12-05,1887-03-03,WV,1,Democrat,,D,,,,legislators-historical.json,WV_CLASS_1
F000045,,404005,,Charles James Faulkner,Charles,James,Faulkner,,,1,1887-12-05,1893-03-03,WV,1,Democrat,,D,,,,legislators-historical.json,WV_CLASS_1
F000045,,404005,,Charles James Faulkner,Charles,James,Faulkner,,,2,1893-08-07,1899-03-03,WV,1,Democrat,,D,,,,legislators-historical.json,WV_CLASS_1
S000182,,409688,,Nathan Bay Scott,Nathan,Bay,Scott,,,1,1899-12-04,1905-03-03,WV,1,Republican,,R,,,,legislators-historical.json,WV_CLASS_1
S000182,,409688,,Nathan Bay Scott,Nathan,Bay,Scott,,,2,1905-12-04,1911-03-03,WV,1,Republican,,R,,,,legislators-historical.json,WV_CLASS_1
C000360,,402499,,William Edwin Chilton,William,Edwin,Chilton,,,1,1911-04-04,1917-03-03,WV,1,Democrat,,D,,,,legislators-historical.json,WV_CLASS_1
S001081,,410534,,Howard Sutherland,Howard,,Sutherland,,,3,1917-04-02,1923-03-03,WV,1,Republican,,R,,,,legislators-historical.json,WV_CLASS_1
N000023,,408115,,Matthew Mansfield Neely,Matthew,Mansfield,Neely,,,5,1923-12-03,1929-03-03,WV,1,Democrat,,D,,,,legislators-historical.json,WV_CLASS_1
H000342,,405211,,Henry Drury Hatfield,Henry,Drury,Hatfield,,,1,1929-04-15,1935-01-03,WV,1,Republican,,R,,,,legislators-historical.json,WV_CLASS_1
H000749,,405600,,Rush Dew Holt,Rush,Dew,Holt,,,1,1935-01-03,1941-01-03,WV,1,Democrat,,D,,,,legislators-historical.json,WV_CLASS_1
K000176,,406339,,Harley Martin Kilgore,Harley,Martin,Kilgore,,,1,1941-01-03,1947-01-03,WV,1,Democrat,,D,,,,legislators-historical.json,WV_CLASS_1
K000176,,406339,,Harley Martin Kilgore,Harley,Martin,Kilgore,,,2,1947-01-03,1953-01-03,WV,1,Democrat,,D,,,,legislators-historical.json,WV_CLASS_1
K000176,,406339,,Harley Martin Kilgore,Harley,Martin,Kilgore,,,3,1953-01-03,1956-02-28,WV,1,Democrat,,D,,,,legislators-historical.json,WV_CLASS_1
L000025,,406535,,William Ramsey Laird III,William,Ramsey,Laird,III,,1,1956-03-13,1956-11-06,WV,1,Democrat,,D,appointment,,,legislators-historical.json,WV_CLASS_1
R000167,,409144,,William Chapman Revercomb,William,Chapman,Revercomb,,,2,1956-11-07,1959-01-03,WV,1,Republican,,R,,,,legislators-historical.json,WV_CLASS_1
B001210,S017,300016,S6WV00014,Robert C. Byrd,Robert,C.,Byrd,,,4,1959-01-07,1965-01-03,WV,1,Democrat,,D,,,,legislators-historical.json,WV_CLASS_1
B001210,S017,300016,S6WV00014,Robert C. Byrd,Robert,C.,Byrd,,,5,1965-01-04,1971-01-03,WV,1,Democrat,,D,,,,legislators-historical.json,WV_CLASS_1
B001210,S017,300016,S6WV00014,Robert C. Byrd,Robert,C.,Byrd,,,6,1971-01-21,1977-01-03,WV,1,Democrat,,D,,,,legislators-historical.json,WV_CLASS_1
B001210,S017,300016,S6WV00014,Robert C. Byrd,Robert,C.,Byrd,,,7,1977-01-04,1983-01-03,WV,1,Democrat,,D,,,,legislators-historical.json,WV_CLASS_1
B001210,S017,300016,S6WV00014,Robert C. Byrd,Robert,C.,Byrd,,,8,1983-01-03,1989-01-03,WV,1,Democrat,,D,,,,legislators-historical.json,WV_CLASS_1
B001210,S017,300016,S6WV00014,Robert C. Byrd,Robert,C.,Byrd,,,9,1989-01-03,1995-01-03,WV,1,Democrat,,D,,,,legislators-historical.json,WV_CLASS_1
B001210,S017,300016,S6WV00014,Robert C. Byrd,Robert,C.,Byrd,,,10,1995-01-04,2001-01-03,WV,1,Democrat,,D,,,,legislators-historical.json,WV_CLASS_1
B001210,S017,300016,S6WV00014,Robert C. Byrd,Robert,C.,Byrd,,,11,2001-01-03,2007-01-03,WV,1,Democrat,,D,,,,legislators-historical.json,WV_CLASS_1
B001210,S017,300016,S6WV00014,Robert C. Byrd,Robert,C.,Byrd,,,12,2007-01-04,2010-06-28,WV,1,Democrat,,D,,,,legislators-historical.json,WV_CLASS_1
G000561,S336,412389,,Carte P. Goodwin,Carte,P.,Goodwin,,,1,2010-07-20,2010-11-14,WV,1,Democrat,,D,appointment,,,legislators-historical.json,WV_CLASS_1
M001183,S338,412391,S0WV00090,"Joe Manchin, III",Joe,,Manchin,III,,1,2010-11-15,2013-01-03,WV,1,Democrat,,D,,,,legislators-historical.json,WV_CLASS_1
M001183,S338,412391,S0WV00090,"Joe Manchin, III",Joe,,Manchin,III,,2,2013-01-03,2019-01-03,WV,1,Democrat,,D,,,senior,legislators-historical.json,WV_CLASS_1
M001183,S338,412391,S0WV00090,"Joe Manchin, III",Joe,,Manchin,III,,3,2019-01-03,2025-01-03,WV,1,Independent,Democrat,D,,,senior,legislators-historical.json,WV_CLASS_1
J000312,S437,456969,S4WV00332,James C. Justice,Jim,Conley,Justice,II,,1,2025-01-14,2031-01-03,WV,1,Republican,,R,,,junior,legislators-current.json,WV_CLASS_1
W000484,,411641,,Waitman Thomas Willey,Waitman,Thomas,Willey,,,2,1863-12-07,1865-03-03,WV,2,Unconditional Unionist,,Other,,,,legislators-historical.json,WV_CLASS_2
W000484,,411641,,Waitman Thomas Willey,Waitman,Thomas,Willey,,,3,1865-12-04,1871-03-03,WV,2,Republican,,R,,,,legislators-historical.json,WV_CLASS_2
D000103,,403239,,Henry Gassaway Davis,Henry,Gassaway,Davis,,,1,1871-03-04,1877-03-03,WV,2,Democrat,,D,,,,legislators-historical.json,WV_CLASS_2
D000103,,403239,,Henry Gassaway Davis,Henry,Gassaway,Davis,,,2,1877-10-15,1883-03-03,WV,2,Democrat,,D,,,,legislators-historical.json,WV_CLASS_2
K000099,,406267,,John Edward Kenna,John,Edward,Kenna,,,4,1883-12-03,1889-03-03,WV,2,Democrat,,D,,,,legislators-historical.json,WV_CLASS_2
K000099,,406267,,John Edward Kenna,John,Edward,Kenna,,,5,1889-12-02,1893-12-31,WV,2,Democrat,,D,,,,legislators-historical.json,WV_CLASS_2
C000062,,402220,,Johnson Newlon Camden,Johnson,Newlon,Camden,,,2,1893-08-07,1895-03-03,WV,2,Democrat,,D,,,,legislators-historical.json,WV_CLASS_2
E000110,,403801,,Stephen Benton Elkins,Stephen,Benton,Elkins,,,3,1895-12-02,1901-03-03,WV,2,Republican,,R,,,,legislators-historical.json,WV_CLASS_2
E000110,,403801,,Stephen Benton Elkins,Stephen,Benton,Elkins,,,4,1901-12-02,1907-03-03,WV,2,Republican,,R,,,,legislators-historical.json,WV_CLASS_2
E000110,,403801,,Stephen Benton Elkins,Stephen,Benton,Elkins,,,5,1907-12-02,1911-01-04,WV,2,Republican,,R,,,,legislators-historical.json,WV_CLASS_2
E000109,,403800,,Davis Elkins,Davis,,Elkins,,,1,1911-01-09,1911-01-31,WV,2,Republican,,R,,,,legislators-historical.json,WV_CLASS_2
W000198,,411369,,Clarence Wayland Watson,Clarence,Wayland,Watson,,,1,1911-04-04,1913-03-03,WV,2,Democrat,,D,,,,legislators-historical.json,WV_CLASS_2
G000255,,404617,,Nathan Goff,Nathan,,Goff,,,4,1913-04-07,1919-03-03,WV,2,Republican,,R,,,,legislators-historical.json,WV_CLASS_2
E000109,,403800,,Davis Elkins,Davis,,Elkins,,,2,1919-05-19,1925-03-03,WV,2,Republican,,R,,,,legislators-historical.json,WV_CLASS_2
G000254,,404616,,Guy Despard Goff,Guy,Despard,Goff,,,1,1925-12-07,1931-03-03,WV,2,Republican,,R,,,,legislators-historical.json,WV_CLASS_2
N000023,,408115,,Matthew Mansfield Neely,Matthew,Mansfield,Neely,,,6,1931-12-07,1937-01-03,WV,2,Democrat,,D,,,,legislators-historical.json,WV_CLASS_2
N000023,,408115,,Matthew Mansfield Neely,Matthew,Mansfield,Neely,,,7,1937-01-05,1941-01-12,WV,2,Democrat,,D,,,,legislators-historical.json,WV_CLASS_2
R000443,,409407,,Joseph Rosier,Joseph,,Rosier,,,1,1941-01-13,1942-11-17,WV,2,Democrat,,D,appointment,,,legislators-historical.json,WV_CLASS_2
S000381,,409875,,Hugh Ike Shott,Hugh,Ike,Shott,,,3,1942-11-18,1943-01-03,WV,2,Republican,,R,,,,legislators-historical.json,WV_CLASS_2
R000167,,409144,,William Chapman Revercomb,William,Chapman,Revercomb,,,1,1943-01-06,1949-01-03,WV,2,Republican,,R,,,,legislators-historical.json,WV_CLASS_2
N000023,,408115,,Matthew Mansfield Neely,Matthew,Mansfield,Neely,,,9,1949-01-03,1955-01-03,WV,2,Democrat,,D,,,,legislators-historical.json,WV_CLASS_2
N000023,,408115,,Matthew Mansfield Neely,Matthew,Mansfield,Neely,,,10,1955-01-05,1958-01-18,WV,2,Democrat,,D,,,,legislators-historical.json,WV_CLASS_2
H000665,,405520,,John Dempsey Hoblitzell Jr.,John,Dempsey,Hoblitzell,Jr.,,1,1958-01-25,1958-11-04,WV,2,Republican,,R,appointment,,,legislators-historical.json,WV_CLASS_2
R000046,,409027,,Jennings Randolph,Jennings,,Randolph,,,8,1958-11-05,1961-01-03,WV,2,Democrat,,D,,,,legislators-historical.json,WV_CLASS_2
R000046,,409027,,Jennings Randolph,Jennings,,Randolph,,,9,1961-01-03,1967-01-03,WV,2,Democrat,,D,,,,legislators-historical.json,WV_CLASS_2
R000046,,409027,,Jennings Randolph,Jennings,,Randolph,,,10,1967-01-10,1973-01-03,WV,2,Democrat,,D,,,,legislators-historical.json,WV_CLASS_2
R000046,,409027,,Jennings Randolph,Jennings,,Randolph,,,11,1973-01-03,1979-01-03,WV,2,Democrat,,D,,,,legislators-historical.json,WV_CLASS_2
R000046,,409027,,Jennings Randolph,Jennings,,Randolph,,,12,1979-01-15,1985-01-03,WV,2,Democrat,,D,,,,legislators-historical.json,WV_CLASS_2
R000361,S176,300084,S4WV00027,"John D. Rockefeller, IV",John,D.,Rockefeller,IV,Jay,1,1985-01-03,1991-01-03,WV,2,Democrat,,D,,,,legislators-historical.json,WV_CLASS_2
R000361,S176,300084,S4WV00027,"John D. Rockefeller, IV",John,D.,Rockefeller,IV,Jay,2,1991-01-03,1997-01-03,WV,2,Democrat,,D,,,,legislators-historical.json,WV_CLASS_2
R000361,S176,300084,S4WV00027,"John D. Rockefeller, IV",John,D.,Rockefeller,IV,Jay,3,1997-01-07,2003-01-03,WV,2,Democrat,,D,,,,legislators-historical.json,WV_CLASS_2
R000361,S176,300084,S4WV00027,"John D. Rockefeller, IV",John,D.,Rockefeller,IV,Jay,4,2003-01-07,2009-01-03,WV,2,Democrat,,D,,,,legislators-historical.json,WV_CLASS_2
R000361,S176,300084,S4WV00027,"John D. Rockefeller, IV",John,D.,Rockefeller,IV,Jay,5,2009-01-06,2015-01-03,WV,2,Democrat,,D,,,senior,legislators-historical.json,WV_CLASS_2
C001047,S372,400061,H0WV02138|S4WV00159,Shelley Moore Capito,Shelley,Moore,Capito,,,8,2015-01-06,2021-01-03,WV,2,Republican,,R,,,junior,legislators-current.json,WV_CLASS_2
C001047,S372,400061,H0WV02138|S4WV00159,Shelley Moore Capito,Shelley,Moore,Capito,,,9,2021-01-03,2027-01-03,WV,2,Republican,,R,,,senior,legislators-current.json,WV_CLASS_2
W000164,,411337,,Francis Emroy Warren,Francis,Emroy,Warren,,,1,1890-12-01,1893-03-03,WY,1,Republican,,R,,,,legislators-historical.json,WY_CLASS_1
C000425,,402564,,Clarence Don Clark,Clarence,Don,Clark,,,3,1895-12-02,1899-03-03,WY,1,Republican,,R,,,,legislators-historical.json,WY_CLASS_1
C000425,,402564,,Clarence Don Clark,Clarence,Don,Clark,,,4,1899-12-04,1905-03-03,WY,1,Republican,,R,,,,legislators-historical.json,WY_CLASS_1
C000425,,402564,,Clarence Don Clark,Clarence,Don,Clark,,,5,1905-12-04,1911-03-03,WY,1,Republican,,R,,,,legislators-historical.json,WY_CLASS_1
C000425,,402564,,Clarence Don Clark,Clarence,Don,Clark,,,6,1911-04-04,1917-03-03,WY,1,Republican,,R,,,,legislators-historical.json,WY_CLASS_1
K000098,,406266,,John Benjamin Kendrick,John,Benjamin,Kendrick,,,1,1917-04-02,1923-03-03,WY,1,Democrat,,D,,,,legislators-historical.json,WY_CLASS_1
K000098,,406266,,John Benjamin Kendrick,John,Benjamin,Kendrick,,,2,1923-12-03,1929-03-03,WY,1,Democrat,,D,,,,legislators-historical.json,WY_CLASS_1
K000098,,406266,,John Benjamin Kendrick,John,Benjamin,Kendrick,,,3,1929-04-15,1933-11-03,WY,1,Democrat,,D,,,,legislators-historical.json,WY_CLASS_1
O000088,,408296,,Joseph Christopher O’Mahoney,Joseph,Christopher,O’Mahoney,,,1,1933-12-18,1935-01-03,WY,1,Democrat,,D,appointment,,,legislators-historical.json,WY_CLASS_1
O000088,,408296,,Joseph Christopher O’Mahoney,Joseph,Christopher,O’Mahoney,,,2,1935-01-03,1941-01-03,WY,1,Democrat,,D,,,,legislators-historical.json,WY_CLASS_1
O000088,,408296,,Joseph Christopher O’Mahoney,Joseph,Christopher,O’Mahoney,,,3,1941-01-03,1947-01-03,WY,1,Democrat,,D,,,,legislators-historical.json,WY_CLASS_1
O000088,,408296,,Joseph Christopher O’Mahoney,Joseph,Christopher,O’Mahoney,,,4,1947-01-03,1953-01-03,WY,1,Democrat,,D,,,,legislators-historical.json,WY_CLASS_1
B000176,,401177,,Frank Aloysius Barrett,Frank,Aloysius,Barrett,,,5,1953-01-03,1959-01-03,WY,1,Republican,,R,,,,legislators-historical.json,WY_CLASS_1
M000445,,407444,,Gale William McGee,Gale,William,McGee,,,1,1959-01-07,1965-01-03,WY,1,Democrat,,D,,,,legislators-historical.json,WY_CLASS_1
M000445,,407444,,Gale William McGee,Gale,William,McGee,,,2,1965-01-04,1971-01-03,WY,1,Democrat,,D,,,,legislators-historical.json,WY_CLASS_1
M000445,,407444,,Gale William McGee,Gale,William,McGee,,,3,1971-01-21,1977-01-03,WY,1,Democrat,,D,,,,legislators-historical.json,WY_CLASS_1
W000092,S119,411271,,Malcolm Wallop,Malcolm,,Wallop,,,1,1977-01-04,1983-01-03,WY,1,Republican,,R,,,,legislators-historical.json,WY_CLASS_1
W000092,S119,411271,,Malcolm Wallop,Malcolm,,Wallop,,,2,1983-01-03,1989-01-03,WY,1,Republican,,R,,,,legislators-historical.json,WY_CLASS_1
W000092,S119,411271,,Malcolm Wallop,Malcolm,,Wallop,,,3,1989-01-03,1995-01-03,WY,1,Republican,,R,,,,legislators-historical.json,WY_CLASS_1
T000162,S246,300097,S4WY00055|H8WY00106,Craig Thomas,Craig,,Thomas,,,4,1995-01-04,2001-01-03,WY,1,Republican,,R,,,,legislators-historical.json,WY_CLASS_1
T000162,S246,300097,S4WY00055|H8WY00106,Craig Thomas,Craig,,Thomas,,,5,2001-01-03,2007-01-03,WY,1,Republican,,R,,,,legislators-historical.json,WY_CLASS_1
T000162,S246,300097,S4WY00055|H8WY00106,Craig Thomas,Craig,,Thomas,,,6,2007-01-04,2007-06-04,WY,1,Republican,,R,,,,legislators-historical.json,WY_CLASS_1
B001261,S317,412251,S6WY00068,John Barrasso,John,A.,Barrasso,,,1,2007-06-25,2013-01-03,WY,1,Republican,,R,appointment,,,legislators-current.json,WY_CLASS_1
B001261,S317,412251,S6WY00068,John Barrasso,John,A.,Barrasso,,,2,2013-01-03,2019-01-03,WY,1,Republican,,R,,,junior,legislators-current.json,WY_CLASS_1
B001261,S317,412251,S6WY00068,John Barrasso,John,A.,Barrasso,,,3,2019-01-03,2025-01-03,WY,1,Republican,,R,,,senior,legislators-current.json,WY_CLASS_1
B001261,S317,412251,S6WY00068,John Barrasso,John,A.,Barrasso,,,4,2025-01-03,2031-01-03,WY,1,Republican,,R,,,senior,legislators-current.json,WY_CLASS_1
C000145,,402294,,Joseph Maull Carey,Joseph,Maull,Carey,,,4,1890-11-15,1895-03-03,WY,2,Republican,,R,,,,legislators-historical.json,WY_CLASS_2
W000164,,411337,,Francis Emroy Warren,Francis,Emroy,Warren,,,2,1895-12-02,1901-03-03,WY,2,Republican,,R,,,,legislators-historical.json,WY_CLASS_2
W000164,,411337,,Francis Emroy Warren,Francis,Emroy,Warren,,,3,1901-12-02,1907-03-03,WY,2,Republican,,R,,,,legislators-historical.json,WY_CLASS_2
W000164,,411337,,Francis Emroy Warren,Francis,Emroy,Warren,,,4,1907-12-02,1913-03-03,WY,2,Republican,,R,,,,legislators-historical.json,WY_CLASS_2
W000164,,411337,,Francis Emroy Warren,Francis,Emroy,Warren,,,5,1913-04-07,1919-03-03,WY,2,Republican,,R,,,,legislators-historical.json,WY_CLASS_2
W000164,,411337,,Francis Emroy Warren,Francis,Emroy,Warren,,,6,1919-05-19,1925-03-03,WY,2,Republican,,R,,,,legislators-historical.json,WY_CLASS_2
W000164,,411337,,Francis Emroy Warren,Francis,Emroy,Warren,,,7,1925-12-07,1929-11-24,WY,2,Republican,,R,,,,legislators-historical.json,WY_CLASS_2
S001060,,410514,,Patrick Joseph Sullivan,Patrick,Joseph,Sullivan,,,1,1929-12-05,1930-11-20,WY,2,Republican,,R,appointment,,,legislators-historical.json,WY_CLASS_2
C000146,,402295,,Robert Davis Carey,Robert,Davis,Carey,,,1,1930-12-01,1931-03-03,WY,2,Republican,,R,,,,legislators-historical.json,WY_CLASS_2
C000146,,402295,,Robert Davis Carey,Robert,Davis,Carey,,,2,1931-12-07,1937-01-03,WY,2,Republican,,R,,,,legislators-historical.json,WY_CLASS_2
S000157,,409664,,Henry Herman Harry Schwartz,Henry,Herman,Schwartz,,Harry,1,1937-01-05,1943-01-03,WY,2,Democrat,,D,,,,legislators-historical.json,WY_CLASS_2
R000320,,409291,,Edward Vivian Robertson,Edward,Vivian,Robertson,,,1,1943-01-06,1949-01-03,WY,2,Republican,,R,,,,legislators-historical.json,WY_CLASS_2
H000975,,405819,,Lester Callaway Hunt,Lester,Callaway,Hunt,,,1,1949-01-03,1954-06-19,WY,2,Democrat,,D,,,,legislators-historical.json,WY_CLASS_2
C000906,,403018,,Edward David Crippa,Edward,David,Crippa,,,1,1954-06-24,1954-11-28,WY,2,Republican,,R,appointment,,,legislators-historical.json,WY_CLASS_2
O000088,,408296,,Joseph Christopher O’Mahoney,Joseph,Christopher,O’Mahoney,,,5,1954-11-29,1955-01-03,WY,2,Democrat,,D,,,,legislators-historical.json,WY_CLASS_2
O000088,,408296,,Joseph Christopher O’Mahoney,Joseph,Christopher,O’Mahoney,,,6,1955-01-03,1961-01-03,WY,2,Democrat,,D,,,,legislators-historical.json,WY_CLASS_2
H000561,,405423,,John Joseph Hickey,John,Joseph,Hickey,,,1,1961-01-03,1962-11-06,WY,2,Democrat,,D,appointment,,,legislators-historical.json,WY_CLASS_2
S000434,,409928,,Milward Lee Simpson,Milward,Lee,Simpson,,,1,1962-11-07,1967-01-03,WY,2,Republican,,R,,,,legislators-historical.json,WY_CLASS_2
H000170,,405052,,Clifford Peter Hansen,Clifford,Peter,Hansen,,,1,1967-01-10,1973-01-03,WY,2,Republican,,R,,,,legislators-historical.json,WY_CLASS_2
H000170,,405052,,Clifford Peter Hansen,Clifford,Peter,Hansen,,,2,1973-01-03,1979-01-03,WY,2,Republican,,R,,,,legislators-historical.json,WY_CLASS_2
S000429,S142,409923,,Alan Kooi Simpson,Alan,Kooi,Simpson,,,1,1979-01-15,1985-01-03,WY,2,Republican,,R,,,,legislators-historical.json,WY_CLASS_2
S000429,S142,409923,,Alan Kooi Simpson,Alan,Kooi,Simpson,,,2,1985-01-03,1991-01-03,WY,2,Republican,,R,,,,legislators-historical.json,WY_CLASS_2
S000429,S142,409923,,Alan Kooi Simpson,Alan,Kooi,Simpson,,,3,1991-01-03,1997-01-03,WY,2,Republican,,R,,,,legislators-historical.json,WY_CLASS_2
E000285,S254,300041,S6WY00126,Michael B. Enzi,Michael,B.,Enzi,,,1,1997-01-07,2003-01-03,WY,2,Republican,,R,,,,legislators-historical.json,WY_CLASS_2
E000285,S254,300041,S6WY00126,Michael B. Enzi,Michael,B.,Enzi,,,2,2003-01-07,2009-01-03,WY,2,Republican,,R,,,,legislators-historical.json,WY_CLASS_2
E000285,S254,300041,S6WY00126,Michael B. Enzi,Michael,B.,Enzi,,,3,2009-01-06,2015-01-03,WY,2,Republican,,R,,,senior,legislators-historical.json,WY_CLASS_2
E000285,S254,300041,S6WY00126,Michael B. Enzi,Michael,B.,Enzi,,,4,2015-01-06,2021-01-03,WY,2,Republican,,R,,,senior,legislators-historical.json,WY_CLASS_2
L000571,S410,412294,H8WY00148|S0WY00137,Cynthia M. Lummis,Cynthia,M.,Lummis,,,5,2021-01-03,2027-01-03,WY,2,Republican,,R,,,junior,legislators-current.json,WY_CLASS_2
