race_id,cycle,election_date,state,state_name,senate_class,seat_id,election_type,special_election,actual_margin_dem,winner_party,presidential_result_year,presidential_margin_dem,senate_overperformance_dem,model_incumbent_name,model_incumbent_party,model_incumbent_running,model_open_seat,incumbent_party_dem,incumbent_running_indicator,open_seat_indicator,major_party_contested,backtest_scorable,backtest_exclusion_reason,presidential_baseline_available,historical_baseline_scorable,baseline_method,lookahead_protection,baseline_validation_status,president,president_party,president_party_dem,midterm_indicator,generic_ballot_dem,generic_ballot_gop,generic_ballot_margin_dem,generic_ballot_components_available,presidential_approval,presidential_disapproval,approval_net,presidential_approval_centered,approval_net_dem_oriented,approval_centered_dem_oriented,approval_poll_start,approval_poll_end,approval_observation_pre_election,generic_ballot_source,approval_source,national_environment_source_status,national_environment_notes,national_environment_scorable,national_environment_validation_status,national_environment_matched,historical_fundamentals_scorable,fundamentals_exclusion_reason
2012_AZ,2012,2012-11-06,AZ,Arizona,1,AZ_CLASS_1,regular,False,-3.1721173153280375,R,2008,-8.627801439232641,5.455684123904604,Jon Kyl,R,False,True,0.0,0,1,True,True,,True,True,most_recent_completed_presidential_election,True,validated_scorable,Barack Obama,D,1.0,0,47.3,47.5,-0.2,True,52.0,45.0,7.0,2.0,7.0,2.0,2012-10-29,2012-11-04,True,RealClearPolitics final 2012 generic congressional ballot average,Gallup presidential job approval,verified,Final pre-election RCP average and final fully pre-election Gallup weekly observation,True,PASSED,True,True,
2012_CA,2012,2012-11-06,CA,California,1,CA_CLASS_1,regular,False,25.048568944289187,D,2008,24.556899183170813,0.4916697611183735,Dianne Feinstein,D,True,False,1.0,1,0,True,True,,True,True,most_recent_completed_presidential_election,True,validated_scorable,Barack Obama,D,1.0,0,47.3,47.5,-0.2,True,52.0,45.0,7.0,2.0,7.0,2.0,2012-10-29,2012-11-04,True,RealClearPolitics final 2012 generic congressional ballot average,Gallup presidential job approval,verified,Final pre-election RCP average and final fully pre-election Gallup weekly observation,True,PASSED,True,True,
2012_CT,2012,2012-11-06,CT,Connecticut,1,CT_CLASS_1,regular,False,12.00608169746934,D,2008,22.63667649950835,-10.630594802039012,Joseph I. Lieberman,D,False,True,0.0,0,1,True,True,,True,True,most_recent_completed_presidential_election,True,validated_scorable,Barack Obama,D,1.0,0,47.3,47.5,-0.2,True,52.0,45.0,7.0,2.0,7.0,2.0,2012-10-29,2012-11-04,True,RealClearPolitics final 2012 generic congressional ballot average,Gallup presidential job approval,verified,Final pre-election RCP average and final fully pre-election Gallup weekly observation,True,PASSED,True,True,
2012_DE,2012,2012-11-06,DE,Delaware,1,DE_CLASS_1,regular,False,39.28341839077444,D,2008,25.27627729977712,14.007141090997322,Thomas R. Carper,D,True,False,1.0,1,0,True,True,,True,True,most_recent_completed_presidential_election,True,validated_scorable,Barack Obama,D,1.0,0,47.3,47.5,-0.2,True,52.0,45.0,7.0,2.0,7.0,2.0,2012-10-29,2012-11-04,True,RealClearPolitics final 2012 generic congressional ballot average,Gallup presidential job approval,verified,Final pre-election RCP average and final fully pre-election Gallup weekly observation,True,PASSED,True,True,
2012_FL,2012,2012-11-06,FL,Florida,1,FL_CLASS_1,regular,False,13.345297340747948,D,2008,2.8393200617985883,10.50597727894936,Bill Nelson,D,True,False,1.0,1,0,True,True,,True,True,most_recent_completed_presidential_election,True,validated_scorable,Barack Obama,D,1.0,0,47.3,47.5,-0.2,True,52.0,45.0,7.0,2.0,7.0,2.0,2012-10-29,2012-11-04,True,RealClearPolitics final 2012 generic congressional ballot average,Gallup presidential job approval,verified,Final pre-election RCP average and final fully pre-election Gallup weekly observation,True,PASSED,True,True,
2012_HI,2012,2012-11-06,HI,Hawaii,1,HI_CLASS_1,regular,False,25.203085836142193,D,2008,45.98745175691083,-20.784365920768636,Daniel K. Akaka,D,False,True,0.0,0,1,True,True,,True,True,most_recent_completed_presidential_election,True,validated_scorable,Barack Obama,D,1.0,0,47.3,47.5,-0.2,True,52.0,45.0,7.0,2.0,7.0,2.0,2012-10-29,2012-11-04,True,RealClearPolitics final 2012 generic congressional ballot average,Gallup presidential job approval,verified,Final pre-election RCP average and final fully pre-election Gallup weekly observation,True,PASSED,True,True,
2012_IN,2012,2012-11-06,IN,Indiana,1,IN_CLASS_1,regular,False,6.110645924593399,D,2008,1.0439068907561762,5.066739033837223,Richard G. Lugar,R,False,True,0.0,0,1,True,True,,True,True,most_recent_completed_presidential_election,True,validated_scorable,Barack Obama,D,1.0,0,47.3,47.5,-0.2,True,52.0,45.0,7.0,2.0,7.0,2.0,2012-10-29,2012-11-04,True,RealClearPolitics final 2012 generic congressional ballot average,Gallup presidential job approval,verified,Final pre-election RCP average and final fully pre-election Gallup weekly observation,True,PASSED,True,True,
2012_MA,2012,2012-11-06,MA,Massachusetts,1,MA_CLASS_1,regular,False,7.554477975801376,D,2008,26.394156426705905,-18.83967845090453,Scott P. Brown,R,True,False,-1.0,1,0,True,True,,True,True,most_recent_completed_presidential_election,True,validated_scorable,Barack Obama,D,1.0,0,47.3,47.5,-0.2,True,52.0,45.0,7.0,2.0,7.0,2.0,2012-10-29,2012-11-04,True,RealClearPolitics final 2012 generic congressional ballot average,Gallup presidential job approval,verified,Final pre-election RCP average and final fully pre-election Gallup weekly observation,True,PASSED,True,True,
2012_MD,2012,2012-11-06,MD,Maryland,1,MD_CLASS_1,regular,False,36.02316963954084,D,2008,25.860174585771063,10.162995053769777,Benjamin L. Cardin,D,True,False,1.0,1,0,True,True,,True,True,most_recent_completed_presidential_election,True,validated_scorable,Barack Obama,D,1.0,0,47.3,47.5,-0.2,True,52.0,45.0,7.0,2.0,7.0,2.0,2012-10-29,2012-11-04,True,RealClearPolitics final 2012 generic congressional ballot average,Gallup presidential job approval,verified,Final pre-election RCP average and final fully pre-election Gallup weekly observation,True,PASSED,True,True,
2012_ME,2012,2012-11-06,ME,Maine,1,ME_CLASS_1,regular,False,-39.733829821050335,R,2008,17.659049966815203,-57.39287978786554,Olympia J. Snowe,R,False,True,0.0,0,1,True,False,Independent winner; D-R margin does not represent race outcome,True,False,most_recent_completed_presidential_election,True,not_scorable,Barack Obama,D,1.0,0,47.3,47.5,-0.2,True,52.0,45.0,7.0,2.0,7.0,2.0,2012-10-29,2012-11-04,True,RealClearPolitics final 2012 generic congressional ballot average,Gallup presidential job approval,verified,Final pre-election RCP average and final fully pre-election Gallup weekly observation,True,PASSED,True,False,backtest_not_scorable
2012_MI,2012,2012-11-06,MI,Michigan,1,MI_CLASS_1,regular,False,21.50553871325623,D,2008,16.742603152309044,4.762935560947184,Debbie Stabenow,D,True,False,1.0,1,0,True,True,,True,True,most_recent_completed_presidential_election,True,validated_scorable,Barack Obama,D,1.0,0,47.3,47.5,-0.2,True,52.0,45.0,7.0,2.0,7.0,2.0,2012-10-29,2012-11-04,True,RealClearPolitics final 2012 generic congressional ballot average,Gallup presidential job approval,verified,Final pre-election RCP average and final fully pre-election Gallup weekly observation,True,PASSED,True,True,
2012_MN,2012,2012-11-06,MN,Minnesota,1,MN_CLASS_1,regular,False,36.23860405374484,D,2008,10.458749990785478,25.77985406295936,Amy Klobuchar,D,True,False,1.0,1,0,True,True,,True,True,most_recent_completed_presidential_election,True,validated_scorable,Barack Obama,D,1.0,0,47.3,47.5,-0.2,True,52.0,45.0,7.0,2.0,7.0,2.0,2012-10-29,2012-11-04,True,RealClearPolitics final 2012 generic congressional ballot average,Gallup presidential job approval,verified,Final pre-election RCP average and final fully pre-election Gallup weekly observation,True,PASSED,True,True,
2012_MO,2012,2012-11-06,MO,Missouri,1,MO_CLASS_1,regular,False,16.71556749173139,D,2008,-0.1351582993532929,16.850725791084685,Claire McCaskill,D,True,False,1.0,1,0,True,True,,True,True,most_recent_completed_presidential_election,True,validated_scorable,Barack Obama,D,1.0,0,47.3,47.5,-0.2,True,52.0,45.0,7.0,2.0,7.0,2.0,2012-10-29,2012-11-04,True,RealClearPolitics final 2012 generic congressional ballot average,Gallup presidential job approval,verified,Final pre-election RCP average and final fully pre-election Gallup weekly observation,True,PASSED,True,True,
2012_MS,2012,2012-11-06,MS,Mississippi,1,MS_CLASS_1,regular,False,-16.99449259042794,R,2008,-13.283861985727668,-3.7106306047002704,Roger F. Wicker,R,True,False,-1.0,1,0,True,True,,True,True,most_recent_completed_presidential_election,True,validated_scorable,Barack Obama,D,1.0,0,47.3,47.5,-0.2,True,52.0,45.0,7.0,2.0,7.0,2.0,2012-10-29,2012-11-04,True,RealClearPolitics final 2012 generic congressional ballot average,Gallup presidential job approval,verified,Final pre-election RCP average and final fully pre-election Gallup weekly observation,True,PASSED,True,True,
2012_MT,2012,2012-11-06,MT,Montana,1,MT_CLASS_1,regular,False,3.979091713748474,D,2008,-2.3388065678814627,6.317898281629937,Jon Tester,D,True,False,1.0,1,0,True,True,,True,True,most_recent_completed_presidential_election,True,validated_scorable,Barack Obama,D,1.0,0,47.3,47.5,-0.2,True,52.0,45.0,7.0,2.0,7.0,2.0,2012-10-29,2012-11-04,True,RealClearPolitics final 2012 generic congressional ballot average,Gallup presidential job approval,verified,Final pre-election RCP average and final fully pre-election Gallup weekly observation,True,PASSED,True,True,
2012_ND,2012,2012-11-06,ND,North Dakota,1,ND_CLASS_1,regular,False,0.9182518186765378,D,2008,-8.817312563936241,9.73556438261278,Kent Conrad,D,False,True,0.0,0,1,True,True,,True,True,most_recent_completed_presidential_election,True,validated_scorable,Barack Obama,D,1.0,0,47.3,47.5,-0.2,True,52.0,45.0,7.0,2.0,7.0,2.0,2012-10-29,2012-11-04,True,RealClearPolitics final 2012 generic congressional ballot average,Gallup presidential job approval,verified,Final pre-election RCP average and final fully pre-election Gallup weekly observation,True,PASSED,True,True,
2012_NE,2012,2012-11-06,NE,Nebraska,1,NE_CLASS_1,regular,False,-15.548865544300329,R,2008,-15.218148844331282,-0.3307166999690469,Ben Nelson,D,False,True,0.0,0,1,True,True,,True,True,most_recent_completed_presidential_election,True,validated_scorable,Barack Obama,D,1.0,0,47.3,47.5,-0.2,True,52.0,45.0,7.0,2.0,7.0,2.0,2012-10-29,2012-11-04,True,RealClearPolitics final 2012 generic congressional ballot average,Gallup presidential job approval,verified,Final pre-election RCP average and final fully pre-election Gallup weekly observation,True,PASSED,True,True,
2012_NJ,2012,2012-11-06,NJ,New Jersey,1,NJ_CLASS_1,regular,False,19.840323838015877,D,2008,15.7292597428479,4.111064095167977,Robert Menendez,D,True,False,1.0,1,0,True,True,,True,True,most_recent_completed_presidential_election,True,validated_scorable,Barack Obama,D,1.0,0,47.3,47.5,-0.2,True,52.0,45.0,7.0,2.0,7.0,2.0,2012-10-29,2012-11-04,True,RealClearPolitics final 2012 generic congressional ballot average,Gallup presidential job approval,verified,Final pre-election RCP average and final fully pre-election Gallup weekly observation,True,PASSED,True,True,
2012_NM,2012,2012-11-06,NM,New Mexico,1,NM_CLASS_1,regular,False,5.95158887087554,D,2008,15.329800037595176,-9.378211166719636,Jeff Bingaman,D,False,True,0.0,0,1,True,True,,True,True,most_recent_completed_presidential_election,True,validated_scorable,Barack Obama,D,1.0,0,47.3,47.5,-0.2,True,52.0,45.0,7.0,2.0,7.0,2.0,2012-10-29,2012-11-04,True,RealClearPolitics final 2012 generic congressional ballot average,Gallup presidential job approval,verified,Final pre-election RCP average and final fully pre-election Gallup weekly observation,True,PASSED,True,True,
2012_NV,2012,2012-11-06,NV,Nevada,1,NV_CLASS_1,regular,False,-1.2809050430656723,R,2008,12.773476250392209,-14.05438129345788,Dean Heller,R,True,False,-1.0,1,0,True,True,,True,True,most_recent_completed_presidential_election,True,validated_scorable,Barack Obama,D,1.0,0,47.3,47.5,-0.2,True,52.0,45.0,7.0,2.0,7.0,2.0,2012-10-29,2012-11-04,True,RealClearPolitics final 2012 generic congressional ballot average,Gallup presidential job approval,verified,Final pre-election RCP average and final fully pre-election Gallup weekly observation,True,PASSED,True,True,
2012_NY,2012,2012-11-06,NY,New York,1,NY_CLASS_1,regular,False,46.51511255351639,D,2008,31.52771475956852,14.987397793947869,Kirsten E. Gillibrand,D,True,False,1.0,1,0,True,True,,True,True,most_recent_completed_presidential_election,True,validated_scorable,Barack Obama,D,1.0,0,47.3,47.5,-0.2,True,52.0,45.0,7.0,2.0,7.0,2.0,2012-10-29,2012-11-04,True,RealClearPolitics final 2012 generic congressional ballot average,Gallup presidential job approval,verified,Final pre-election RCP average and final fully pre-election Gallup weekly observation,True,PASSED,True,True,
2012_OH,2012,2012-11-06,OH,Ohio,1,OH_CLASS_1,regular,False,6.2899714181396575,D,2008,4.667681524508254,1.622289893631404,Sherrod Brown,D,True,False,1.0,1,0,True,True,,True,True,most_recent_completed_presidential_election,True,validated_scorable,Barack Obama,D,1.0,0,47.3,47.5,-0.2,True,52.0,45.0,7.0,2.0,7.0,2.0,2012-10-29,2012-11-04,True,RealClearPolitics final 2012 generic congressional ballot average,Gallup presidential job approval,verified,Final pre-election RCP average and final fully pre-election Gallup weekly observation,True,PASSED,True,True,
2012_PA,2012,2012-11-06,PA,Pennsylvania,1,PA_CLASS_1,regular,False,9.261954081514574,D,2008,10.459407630968895,-1.1974535494543217,"Robert P. Casey, Jr.",D,True,False,1.0,1,0,True,True,,True,True,most_recent_completed_presidential_election,True,validated_scorable,Barack Obama,D,1.0,0,47.3,47.5,-0.2,True,52.0,45.0,7.0,2.0,7.0,2.0,2012-10-29,2012-11-04,True,RealClearPolitics final 2012 generic congressional ballot average,Gallup presidential job approval,verified,Final pre-election RCP average and final fully pre-election Gallup weekly observation,True,PASSED,True,True,
2012_RI,2012,2012-11-06,RI,Rhode Island,1,RI_CLASS_1,regular,False,29.912571658646016,D,2008,28.39627501829155,1.516296640354465,Sheldon Whitehouse,D,True,False,1.0,1,0,True,True,,True,True,most_recent_completed_presidential_election,True,validated_scorable,Barack Obama,D,1.0,0,47.3,47.5,-0.2,True,52.0,45.0,7.0,2.0,7.0,2.0,2012-10-29,2012-11-04,True,RealClearPolitics final 2012 generic congressional ballot average,Gallup presidential job approval,verified,Final pre-election RCP average and final fully pre-election Gallup weekly observation,True,PASSED,True,True,
2012_TN,2012,2012-11-06,TN,Tennessee,1,TN_CLASS_1,regular,False,-36.186410224537525,R,2008,-15.262943604708925,-20.9234666198286,Bob Corker,R,True,False,-1.0,1,0,True,True,,True,True,most_recent_completed_presidential_election,True,validated_scorable,Barack Obama,D,1.0,0,47.3,47.5,-0.2,True,52.0,45.0,7.0,2.0,7.0,2.0,2012-10-29,2012-11-04,True,RealClearPolitics final 2012 generic congressional ballot average,Gallup presidential job approval,verified,Final pre-election RCP average and final fully pre-election Gallup weekly observation,True,PASSED,True,True,
2012_TX,2012,2012-11-06,TX,Texas,1,TX_CLASS_1,regular,False,-16.309097081569973,R,2008,-11.87187350188144,-4.437223579688533,Kay Bailey Hutchison,R,False,True,0.0,0,1,True,True,,True,True,most_recent_completed_presidential_election,True,validated_scorable,Barack Obama,D,1.0,0,47.3,47.5,-0.2,True,52.0,45.0,7.0,2.0,7.0,2.0,2012-10-29,2012-11-04,True,RealClearPolitics final 2012 generic congressional ballot average,Gallup presidential job approval,verified,Final pre-election RCP average and final fully pre-election Gallup weekly observation,True,PASSED,True,True,
2012_UT,2012,2012-11-06,UT,Utah,1,UT_CLASS_1,regular,False,-37.07577325658352,R,2008,-29.05272274548014,-8.023050511103378,Orrin G. Hatch,R,True,False,-1.0,1,0,True,True,,True,True,most_recent_completed_presidential_election,True,validated_scorable,Barack Obama,D,1.0,0,47.3,47.5,-0.2,True,52.0,45.0,7.0,2.0,7.0,2.0,2012-10-29,2012-11-04,True,RealClearPolitics final 2012 generic congressional ballot average,Gallup presidential job approval,verified,Final pre-election RCP average and final fully pre-election Gallup weekly observation,True,PASSED,True,True,
2012_VA,2012,2012-11-06,VA,Virginia,1,VA_CLASS_1,regular,False,5.9153880181019645,D,2008,6.3651688122551064,-0.449780794153142,Jim Webb,D,False,True,0.0,0,1,True,True,,True,True,most_recent_completed_presidential_election,True,validated_scorable,Barack Obama,D,1.0,0,47.3,47.5,-0.2,True,52.0,45.0,7.0,2.0,7.0,2.0,2012-10-29,2012-11-04,True,RealClearPolitics final 2012 generic congressional ballot average,Gallup presidential job approval,verified,Final pre-election RCP average and final fully pre-election Gallup weekly observation,True,PASSED,True,True,
2012_VT,2012,2012-11-06,VT,Vermont,1,VT_CLASS_1,regular,False,48.06836072464077,D,2008,37.79836347867621,10.26999724596456,Bernard Sanders,D,True,False,1.0,1,0,True,True,,True,True,most_recent_completed_presidential_election,True,validated_scorable,Barack Obama,D,1.0,0,47.3,47.5,-0.2,True,52.0,45.0,7.0,2.0,7.0,2.0,2012-10-29,2012-11-04,True,RealClearPolitics final 2012 generic congressional ballot average,Gallup presidential job approval,verified,Final pre-election RCP average and final fully pre-election Gallup weekly observation,True,PASSED,True,True,
2012_WA,2012,2012-11-06,WA,Washington,1,WA_CLASS_1,regular,False,20.901982363426015,D,2008,17.5040536042179,3.3979287592081135,Maria Cantwell,D,True,False,1.0,1,0,True,True,,True,True,most_recent_completed_presidential_election,True,validated_scorable,Barack Obama,D,1.0,0,47.3,47.5,-0.2,True,52.0,45.0,7.0,2.0,7.0,2.0,2012-10-29,2012-11-04,True,RealClearPolitics final 2012 generic congressional ballot average,Gallup presidential job approval,verified,Final pre-election RCP average and final fully pre-election Gallup weekly observation,True,PASSED,True,True,
2012_WI,2012,2012-11-06,WI,Wisconsin,1,WI_CLASS_1,regular,False,5.704300652835613,D,2008,14.111356495636826,-8.407055842801213,Herb Kohl,D,False,True,0.0,0,1,True,True,,True,True,most_recent_completed_presidential_election,True,validated_scorable,Barack Obama,D,1.0,0,47.3,47.5,-0.2,True,52.0,45.0,7.0,2.0,7.0,2.0,2012-10-29,2012-11-04,True,RealClearPolitics final 2012 generic congressional ballot average,Gallup presidential job approval,verified,Final pre-election RCP average and final fully pre-election Gallup weekly observation,True,PASSED,True,True,
2012_WV,2012,2012-11-06,WV,West Virginia,1,WV_CLASS_1,regular,False,24.834513060240212,D,2008,-13.347487534274508,38.18200059451472,"Joe Manchin, III",D,True,False,1.0,1,0,True,True,,True,True,most_recent_completed_presidential_election,True,validated_scorable,Barack Obama,D,1.0,0,47.3,47.5,-0.2,True,52.0,45.0,7.0,2.0,7.0,2.0,2012-10-29,2012-11-04,True,RealClearPolitics final 2012 generic congressional ballot average,Gallup presidential job approval,verified,Final pre-election RCP average and final fully pre-election Gallup weekly observation,True,PASSED,True,True,
2012_WY,2012,2012-11-06,WY,Wyoming,1,WY_CLASS_1,regular,False,-55.496518640696024,R,2008,-33.124046710191834,-22.37247193050419,John Barrasso,R,True,False,-1.0,1,0,True,True,,True,True,most_recent_completed_presidential_election,True,validated_scorable,Barack Obama,D,1.0,0,47.3,47.5,-0.2,True,52.0,45.0,7.0,2.0,7.0,2.0,2012-10-29,2012-11-04,True,RealClearPolitics final 2012 generic congressional ballot average,Gallup presidential job approval,verified,Final pre-election RCP average and final fully pre-election Gallup weekly observation,True,PASSED,True,True,
2014_AK,2014,2014-11-04,AK,Alaska,2,AK_CLASS_2,regular,False,-2.2704963832132705,R,2012,-14.63058096312075,12.36008457990748,Mark Begich,D,True,False,1.0,1,0,True,True,,True,True,most_recent_completed_presidential_election,True,validated_scorable,Barack Obama,D,1.0,1,43.2,45.6,-2.4,True,42.0,53.0,-11.0,-8.0,-11.0,-8.0,2014-10-27,2014-11-02,True,RealClearPolitics final 2014 generic congressional ballot average,Gallup presidential job approval,verified,Final archived RCP endpoint and final fully pre-election Gallup weekly observation,True,PASSED,True,True,
2014_AL,2014,2014-11-04,AL,Alabama,2,AL_CLASS_2,regular,False,-100.0,R,2012,-22.432457066875415,-77.56754293312459,Jeff Sessions,R,True,False,-1.0,1,0,False,False,Republican unopposed,True,False,most_recent_completed_presidential_election,True,not_scorable,Barack Obama,D,1.0,1,43.2,45.6,-2.4,True,42.0,53.0,-11.0,-8.0,-11.0,-8.0,2014-10-27,2014-11-02,True,RealClearPolitics final 2014 generic congressional ballot average,Gallup presidential job approval,verified,Final archived RCP endpoint and final fully pre-election Gallup weekly observation,True,PASSED,True,False,backtest_not_scorable
2014_AR,2014,2014-11-04,AR,Arkansas,2,AR_CLASS_2,regular,False,-17.791666102906177,R,2012,-24.30881070245924,6.517144599553063,Mark L. Pryor,D,True,False,1.0,1,0,True,True,,True,True,most_recent_completed_presidential_election,True,validated_scorable,Barack Obama,D,1.0,1,43.2,45.6,-2.4,True,42.0,53.0,-11.0,-8.0,-11.0,-8.0,2014-10-27,2014-11-02,True,RealClearPolitics final 2014 generic congressional ballot average,Gallup presidential job approval,verified,Final archived RCP endpoint and final fully pre-election Gallup weekly observation,True,PASSED,True,True,
2014_CO,2014,2014-11-04,CO,Colorado,2,CO_CLASS_2,regular,False,-2.0584058661040388,R,2012,5.495976628405032,-7.5543824945090705,Mark Udall,D,True,False,1.0,1,0,True,True,,True,True,most_recent_completed_presidential_election,True,validated_scorable,Barack Obama,D,1.0,1,43.2,45.6,-2.4,True,42.0,53.0,-11.0,-8.0,-11.0,-8.0,2014-10-27,2014-11-02,True,RealClearPolitics final 2014 generic congressional ballot average,Gallup presidential job approval,verified,Final archived RCP endpoint and final fully pre-election Gallup weekly observation,True,PASSED,True,True,
2014_DE,2014,2014-11-04,DE,Delaware,2,DE_CLASS_2,regular,False,13.871482233591024,D,2012,18.89390983855633,-5.022427604965305,Christopher A. Coons,D,True,False,1.0,1,0,True,True,,True,True,most_recent_completed_presidential_election,True,validated_scorable,Barack Obama,D,1.0,1,43.2,45.6,-2.4,True,42.0,53.0,-11.0,-8.0,-11.0,-8.0,2014-10-27,2014-11-02,True,RealClearPolitics final 2014 generic congressional ballot average,Gallup presidential job approval,verified,Final archived RCP endpoint and final fully pre-election Gallup weekly observation,True,PASSED,True,True,
2014_GA,2014,2014-11-04,GA,Georgia,2,GA_CLASS_2,regular,False,-7.831874164069305,R,2012,-7.913298196113445,0.0814240320441399,Saxby Chambliss,R,False,True,0.0,0,1,True,True,,True,True,most_recent_completed_presidential_election,True,validated_scorable,Barack Obama,D,1.0,1,43.2,45.6,-2.4,True,42.0,53.0,-11.0,-8.0,-11.0,-8.0,2014-10-27,2014-11-02,True,RealClearPolitics final 2014 generic congressional ballot average,Gallup presidential job approval,verified,Final archived RCP endpoint and final fully pre-election Gallup weekly observation,True,PASSED,True,True,
2014_HI,2014,2014-11-04,HI,Hawaii,1,HI_CLASS_1,special,True,43.157412428624866,D,2012,43.40769700214883,-0.2502845735239631,Mazie K. Hirono,D,False,True,0.0,0,1,True,True,,True,True,most_recent_completed_presidential_election,True,validated_scorable,Barack Obama,D,1.0,1,43.2,45.6,-2.4,True,42.0,53.0,-11.0,-8.0,-11.0,-8.0,2014-10-27,2014-11-02,True,RealClearPolitics final 2014 generic congressional ballot average,Gallup presidential job approval,verified,Final archived RCP endpoint and final fully pre-election Gallup weekly observation,True,PASSED,True,True,
2014_IA,2014,2014-11-04,IA,Iowa,2,IA_CLASS_2,regular,False,-8.698964398007291,R,2012,5.918703856200352,-14.617668254207643,Tom Harkin,D,False,True,0.0,0,1,True,True,,True,True,most_recent_completed_presidential_election,True,validated_scorable,Barack Obama,D,1.0,1,43.2,45.6,-2.4,True,42.0,53.0,-11.0,-8.0,-11.0,-8.0,2014-10-27,2014-11-02,True,RealClearPolitics final 2014 generic congressional ballot average,Gallup presidential job approval,verified,Final archived RCP endpoint and final fully pre-election Gallup weekly observation,True,PASSED,True,True,
2014_ID,2014,2014-11-04,ID,Idaho,2,ID_CLASS_2,regular,False,-30.65672392890638,R,2012,-32.84277368715067,2.1860497582442875,James E. Risch,R,True,False,-1.0,1,0,True,True,,True,True,most_recent_completed_presidential_election,True,validated_scorable,Barack Obama,D,1.0,1,43.2,45.6,-2.4,True,42.0,53.0,-11.0,-8.0,-11.0,-8.0,2014-10-27,2014-11-02,True,RealClearPolitics final 2014 generic congressional ballot average,Gallup presidential job approval,verified,Final archived RCP endpoint and final fully pre-election Gallup weekly observation,True,PASSED,True,True,
2014_IL,2014,2014-11-04,IL,Illinois,2,IL_CLASS_2,regular,False,11.27730879697269,D,2012,17.155046784233818,-5.877737987261128,Richard J. Durbin,D,True,False,1.0,1,0,True,True,,True,True,most_recent_completed_presidential_election,True,validated_scorable,Barack Obama,D,1.0,1,43.2,45.6,-2.4,True,42.0,53.0,-11.0,-8.0,-11.0,-8.0,2014-10-27,2014-11-02,True,RealClearPolitics final 2014 generic congressional ballot average,Gallup presidential job approval,verified,Final archived RCP endpoint and final fully pre-election Gallup weekly observation,True,PASSED,True,True,
2014_KS,2014,2014-11-04,KS,Kansas,2,KS_CLASS_2,regular,False,-11.098776187913444,R,2012,-22.22665349050611,11.127877302592664,Pat Roberts,R,True,False,-1.0,1,0,True,True,,True,True,most_recent_completed_presidential_election,True,validated_scorable,Barack Obama,D,1.0,1,43.2,45.6,-2.4,True,42.0,53.0,-11.0,-8.0,-11.0,-8.0,2014-10-27,2014-11-02,True,RealClearPolitics final 2014 generic congressional ballot average,Gallup presidential job approval,verified,Final archived RCP endpoint and final fully pre-election Gallup weekly observation,True,PASSED,True,True,
2014_KY,2014,2014-11-04,KY,Kentucky,2,KY_CLASS_2,regular,False,-15.960574494155525,R,2012,-23.08554478760982,7.124970293454295,Mitch McConnell,R,True,False,-1.0,1,0,True,True,,True,True,most_recent_completed_presidential_election,True,validated_scorable,Barack Obama,D,1.0,1,43.2,45.6,-2.4,True,42.0,53.0,-11.0,-8.0,-11.0,-8.0,2014-10-27,2014-11-02,True,RealClearPolitics final 2014 generic congressional ballot average,Gallup presidential job approval,verified,Final archived RCP endpoint and final fully pre-election Gallup weekly observation,True,PASSED,True,True,
2014_LA,2014,2014-11-04,LA,Louisiana,2,LA_CLASS_2,regular,False,-4.61783687567376,R,2012,-17.49365122822796,12.8758143525542,Mary L. Landrieu,D,True,False,1.0,1,0,True,True,,True,True,most_recent_completed_presidential_election,True,validated_scorable,Barack Obama,D,1.0,1,43.2,45.6,-2.4,True,42.0,53.0,-11.0,-8.0,-11.0,-8.0,2014-10-27,2014-11-02,True,RealClearPolitics final 2014 generic congressional ballot average,Gallup presidential job approval,verified,Final archived RCP endpoint and final fully pre-election Gallup weekly observation,True,PASSED,True,True,
2014_MA,2014,2014-11-04,MA,Massachusetts,2,MA_CLASS_2,regular,False,23.920238014039143,D,2012,23.571361498120012,0.3488765159191302,Edward J. Markey,D,True,False,1.0,1,0,True,True,,True,True,most_recent_completed_presidential_election,True,validated_scorable,Barack Obama,D,1.0,1,43.2,45.6,-2.4,True,42.0,53.0,-11.0,-8.0,-11.0,-8.0,2014-10-27,2014-11-02,True,RealClearPolitics final 2014 generic congressional ballot average,Gallup presidential job approval,verified,Final archived RCP endpoint and final fully pre-election Gallup weekly observation,True,PASSED,True,True,
2014_ME,2014,2014-11-04,ME,Maine,2,ME_CLASS_2,regular,False,-36.97684009679358,R,2012,15.71984278715422,-52.6966828839478,Susan M. Collins,R,True,False,-1.0,1,0,True,True,,True,True,most_recent_completed_presidential_election,True,validated_scorable,Barack Obama,D,1.0,1,43.2,45.6,-2.4,True,42.0,53.0,-11.0,-8.0,-11.0,-8.0,2014-10-27,2014-11-02,True,RealClearPolitics final 2014 generic congressional ballot average,Gallup presidential job approval,verified,Final archived RCP endpoint and final fully pre-election Gallup weekly observation,True,PASSED,True,True,
2014_MI,2014,2014-11-04,MI,Michigan,2,MI_CLASS_2,regular,False,13.847021920547816,D,2012,9.601064142355751,4.245957778192064,Carl Levin,D,False,True,0.0,0,1,True,True,,True,True,most_recent_completed_presidential_election,True,validated_scorable,Barack Obama,D,1.0,1,43.2,45.6,-2.4,True,42.0,53.0,-11.0,-8.0,-11.0,-8.0,2014-10-27,2014-11-02,True,RealClearPolitics final 2014 generic congressional ballot average,Gallup presidential job approval,verified,Final archived RCP endpoint and final fully pre-election Gallup weekly observation,True,PASSED,True,True,
2014_MN,2014,2014-11-04,MN,Minnesota,2,MN_CLASS_2,regular,False,10.663790458498127,D,2012,7.882452923396386,2.7813375351017413,Al Franken,D,True,False,1.0,1,0,True,True,,True,True,most_recent_completed_presidential_election,True,validated_scorable,Barack Obama,D,1.0,1,43.2,45.6,-2.4,True,42.0,53.0,-11.0,-8.0,-11.0,-8.0,2014-10-27,2014-11-02,True,RealClearPolitics final 2014 generic congressional ballot average,Gallup presidential job approval,verified,Final archived RCP endpoint and final fully pre-election Gallup weekly observation,True,PASSED,True,True,
2014_MS,2014,2014-11-04,MS,Mississippi,2,MS_CLASS_2,regular,False,-22.50161833247023,R,2012,-11.60379839757556,-10.89781993489467,Thad Cochran,R,True,False,-1.0,1,0,True,True,,True,True,most_recent_completed_presidential_election,True,validated_scorable,Barack Obama,D,1.0,1,43.2,45.6,-2.4,True,42.0,53.0,-11.0,-8.0,-11.0,-8.0,2014-10-27,2014-11-02,True,RealClearPolitics final 2014 generic congressional ballot average,Gallup presidential job approval,verified,Final archived RCP endpoint and final fully pre-election Gallup weekly observation,True,PASSED,True,True,
2014_MT,2014,2014-11-04,MT,Montana,2,MT_CLASS_2,regular,False,-18.106180556131235,R,2012,-14.068463727762918,-4.037716828368318,John E. Walsh,D,False,True,0.0,0,1,True,True,,True,True,most_recent_completed_presidential_election,True,validated_scorable,Barack Obama,D,1.0,1,43.2,45.6,-2.4,True,42.0,53.0,-11.0,-8.0,-11.0,-8.0,2014-10-27,2014-11-02,True,RealClearPolitics final 2014 generic congressional ballot average,Gallup presidential job approval,verified,Final archived RCP endpoint and final fully pre-election Gallup weekly observation,True,PASSED,True,True,
2014_NC,2014,2014-11-04,NC,North Carolina,2,NC_CLASS_2,regular,False,-1.6283279362778558,R,2012,-2.0680698060100013,0.4397418697321456,Kay R. Hagan,D,True,False,1.0,1,0,True,True,,True,True,most_recent_completed_presidential_election,True,validated_scorable,Barack Obama,D,1.0,1,43.2,45.6,-2.4,True,42.0,53.0,-11.0,-8.0,-11.0,-8.0,2014-10-27,2014-11-02,True,RealClearPolitics final 2014 generic congressional ballot average,Gallup presidential job approval,verified,Final archived RCP endpoint and final fully pre-election Gallup weekly observation,True,PASSED,True,True,
2014_NE,2014,2014-11-04,NE,Nebraska,2,NE_CLASS_2,regular,False,-34.283832564319965,R,2012,-22.25878053645073,-12.025052027869236,Mike Johanns,R,False,True,0.0,0,1,True,True,,True,True,most_recent_completed_presidential_election,True,validated_scorable,Barack Obama,D,1.0,1,43.2,45.6,-2.4,True,42.0,53.0,-11.0,-8.0,-11.0,-8.0,2014-10-27,2014-11-02,True,RealClearPolitics final 2014 generic congressional ballot average,Gallup presidential job approval,verified,Final archived RCP endpoint and final fully pre-election Gallup weekly observation,True,PASSED,True,True,
2014_NH,2014,2014-11-04,NH,New Hampshire,2,NH_CLASS_2,regular,False,3.255085493010725,D,2012,5.667503956516214,-2.412418463505489,Jeanne Shaheen,D,True,False,1.0,1,0,True,True,,True,True,most_recent_completed_presidential_election,True,validated_scorable,Barack Obama,D,1.0,1,43.2,45.6,-2.4,True,42.0,53.0,-11.0,-8.0,-11.0,-8.0,2014-10-27,2014-11-02,True,RealClearPolitics final 2014 generic congressional ballot average,Gallup presidential job approval,verified,Final archived RCP endpoint and final fully pre-election Gallup weekly observation,True,PASSED,True,True,
2014_NJ,2014,2014-11-04,NJ,New Jersey,2,NJ_CLASS_2,regular,False,13.76275567892334,D,2012,17.90393110117155,-4.141175422248212,Cory A. Booker,D,True,False,1.0,1,0,True,True,,True,True,most_recent_completed_presidential_election,True,validated_scorable,Barack Obama,D,1.0,1,43.2,45.6,-2.4,True,42.0,53.0,-11.0,-8.0,-11.0,-8.0,2014-10-27,2014-11-02,True,RealClearPolitics final 2014 generic congressional ballot average,Gallup presidential job approval,verified,Final archived RCP endpoint and final fully pre-election Gallup weekly observation,True,PASSED,True,True,
2014_NM,2014,2014-11-04,NM,New Mexico,2,NM_CLASS_2,regular,False,11.11762035747401,D,2012,10.590409293817387,0.5272110636566225,Tom Udall,D,True,False,1.0,1,0,True,True,,True,True,most_recent_completed_presidential_election,True,validated_scorable,Barack Obama,D,1.0,1,43.2,45.6,-2.4,True,42.0,53.0,-11.0,-8.0,-11.0,-8.0,2014-10-27,2014-11-02,True,RealClearPolitics final 2014 generic congressional ballot average,Gallup presidential job approval,verified,Final archived RCP endpoint and final fully pre-election Gallup weekly observation,True,PASSED,True,True,
2014_OK_REGULAR,2014,2014-11-04,OK,Oklahoma,2,OK_CLASS_2,regular,False,-40.86688126914103,R,2012,-33.54463948603311,-7.32224178310792,James M. Inhofe,R,True,False,-1.0,1,0,True,True,,True,True,most_recent_completed_presidential_election,True,validated_scorable,Barack Obama,D,1.0,1,43.2,45.6,-2.4,True,42.0,53.0,-11.0,-8.0,-11.0,-8.0,2014-10-27,2014-11-02,True,RealClearPolitics final 2014 generic congressional ballot average,Gallup presidential job approval,verified,Final archived RCP endpoint and final fully pre-election Gallup weekly observation,True,PASSED,True,True,
2014_OK_SPECIAL,2014,2014-11-04,OK,Oklahoma,3,OK_CLASS_3,special,True,-40.13951001666823,R,2012,-33.54463948603311,-6.59487053063512,Tom Coburn,R,False,True,0.0,0,1,True,True,,True,True,most_recent_completed_presidential_election,True,validated_scorable,Barack Obama,D,1.0,1,43.2,45.6,-2.4,True,42.0,53.0,-11.0,-8.0,-11.0,-8.0,2014-10-27,2014-11-02,True,RealClearPolitics final 2014 generic congressional ballot average,Gallup presidential job approval,verified,Final archived RCP endpoint and final fully pre-election Gallup weekly observation,True,PASSED,True,True,
2014_OR,2014,2014-11-04,OR,Oregon,2,OR_CLASS_2,regular,False,20.370419629609927,D,2012,12.542334357494768,7.828085272115159,Jeff Merkley,D,True,False,1.0,1,0,True,True,,True,True,most_recent_completed_presidential_election,True,validated_scorable,Barack Obama,D,1.0,1,43.2,45.6,-2.4,True,42.0,53.0,-11.0,-8.0,-11.0,-8.0,2014-10-27,2014-11-02,True,RealClearPolitics final 2014 generic congressional ballot average,Gallup presidential job approval,verified,Final archived RCP endpoint and final fully pre-election Gallup weekly observation,True,PASSED,True,True,
2014_RI,2014,2014-11-04,RI,Rhode Island,2,RI_CLASS_2,regular,False,41.40580795867984,D,2012,28.033491957764248,13.372316000915587,Jack Reed,D,True,False,1.0,1,0,True,True,,True,True,most_recent_completed_presidential_election,True,validated_scorable,Barack Obama,D,1.0,1,43.2,45.6,-2.4,True,42.0,53.0,-11.0,-8.0,-11.0,-8.0,2014-10-27,2014-11-02,True,RealClearPolitics final 2014 generic congressional ballot average,Gallup presidential job approval,verified,Final archived RCP endpoint and final fully pre-election Gallup weekly observation,True,PASSED,True,True,
2014_SC_REGULAR,2014,2014-11-04,SC,South Carolina,2,SC_CLASS_2,regular,False,-16.640291747625824,R,2012,-10.616509409130742,-6.0237823384950815,Lindsey Graham,R,True,False,-1.0,1,0,True,True,,True,True,most_recent_completed_presidential_election,True,validated_scorable,Barack Obama,D,1.0,1,43.2,45.6,-2.4,True,42.0,53.0,-11.0,-8.0,-11.0,-8.0,2014-10-27,2014-11-02,True,RealClearPolitics final 2014 generic congressional ballot average,Gallup presidential job approval,verified,Final archived RCP endpoint and final fully pre-election Gallup weekly observation,True,PASSED,True,True,
2014_SC_SPECIAL,2014,2014-11-04,SC,South Carolina,3,SC_CLASS_3,special,True,-24.46026374139339,R,2012,-10.616509409130742,-13.843754332262648,Tim Scott,R,True,False,-1.0,1,0,True,True,,True,True,most_recent_completed_presidential_election,True,validated_scorable,Barack Obama,D,1.0,1,43.2,45.6,-2.4,True,42.0,53.0,-11.0,-8.0,-11.0,-8.0,2014-10-27,2014-11-02,True,RealClearPolitics final 2014 generic congressional ballot average,Gallup presidential job approval,verified,Final archived RCP endpoint and final fully pre-election Gallup weekly observation,True,PASSED,True,True,
2014_SD,2014,2014-11-04,SD,South Dakota,2,SD_CLASS_2,regular,False,-26.113702245101862,R,2012,-18.436998276390483,-7.676703968711379,Tim Johnson,D,False,True,0.0,0,1,True,True,,True,True,most_recent_completed_presidential_election,True,validated_scorable,Barack Obama,D,1.0,1,43.2,45.6,-2.4,True,42.0,53.0,-11.0,-8.0,-11.0,-8.0,2014-10-27,2014-11-02,True,RealClearPolitics final 2014 generic congressional ballot average,Gallup presidential job approval,verified,Final archived RCP endpoint and final fully pre-election Gallup weekly observation,True,PASSED,True,True,
2014_TN,2014,2014-11-04,TN,Tennessee,2,TN_CLASS_2,regular,False,-32.00774883825659,R,2012,-20.7021430525881,-11.30560578566849,Lamar Alexander,R,True,False,-1.0,1,0,True,True,,True,True,most_recent_completed_presidential_election,True,validated_scorable,Barack Obama,D,1.0,1,43.2,45.6,-2.4,True,42.0,53.0,-11.0,-8.0,-11.0,-8.0,2014-10-27,2014-11-02,True,RealClearPolitics final 2014 generic congressional ballot average,Gallup presidential job approval,verified,Final archived RCP endpoint and final fully pre-election Gallup weekly observation,True,PASSED,True,True,
2014_TX,2014,2014-11-04,TX,Texas,2,TX_CLASS_2,regular,False,-28.350913831561822,R,2012,-16.015794430212765,-12.335119401349058,John Cornyn,R,True,False,-1.0,1,0,True,True,,True,True,most_recent_completed_presidential_election,True,validated_scorable,Barack Obama,D,1.0,1,43.2,45.6,-2.4,True,42.0,53.0,-11.0,-8.0,-11.0,-8.0,2014-10-27,2014-11-02,True,RealClearPolitics final 2014 generic congressional ballot average,Gallup presidential job approval,verified,Final archived RCP endpoint and final fully pre-election Gallup weekly observation,True,PASSED,True,True,
2014_VA,2014,2014-11-04,VA,Virginia,2,VA_CLASS_2,regular,False,0.8324071060998648,D,2012,3.9347533775289634,-3.1023462714290986,Mark R. Warner,D,True,False,1.0,1,0,True,True,,True,True,most_recent_completed_presidential_election,True,validated_scorable,Barack Obama,D,1.0,1,43.2,45.6,-2.4,True,42.0,53.0,-11.0,-8.0,-11.0,-8.0,2014-10-27,2014-11-02,True,RealClearPolitics final 2014 generic congressional ballot average,Gallup presidential job approval,verified,Final archived RCP endpoint and final fully pre-election Gallup weekly observation,True,PASSED,True,True,
2014_WV,2014,2014-11-04,WV,West Virginia,2,WV_CLASS_2,regular,False,-28.63206901273449,R,2012,-27.348595264085475,-1.2834737486490155,"John D. Rockefeller, IV",D,False,True,0.0,0,1,True,True,,True,True,most_recent_completed_presidential_election,True,validated_scorable,Barack Obama,D,1.0,1,43.2,45.6,-2.4,True,42.0,53.0,-11.0,-8.0,-11.0,-8.0,2014-10-27,2014-11-02,True,RealClearPolitics final 2014 generic congressional ballot average,Gallup presidential job approval,verified,Final archived RCP endpoint and final fully pre-election Gallup weekly observation,True,PASSED,True,True,
2014_WY,2014,2014-11-04,WY,Wyoming,2,WY_CLASS_2,regular,False,-61.07227806083574,R,2012,-42.32126802304285,-18.751010037792895,Michael B. Enzi,R,True,False,-1.0,1,0,True,True,,True,True,most_recent_completed_presidential_election,True,validated_scorable,Barack Obama,D,1.0,1,43.2,45.6,-2.4,True,42.0,53.0,-11.0,-8.0,-11.0,-8.0,2014-10-27,2014-11-02,True,RealClearPolitics final 2014 generic congressional ballot average,Gallup presidential job approval,verified,Final archived RCP endpoint and final fully pre-election Gallup weekly observation,True,PASSED,True,True,
2016_AK,2016,2016-11-08,AK,Alaska,3,AK_CLASS_3,regular,False,-58.47409506220282,R,2012,-14.63058096312075,-43.84351409908207,Lisa Murkowski,R,True,False,-1.0,1,0,True,True,,True,True,most_recent_completed_presidential_election,True,validated_scorable,Barack Obama,D,1.0,0,46.0,45.4,0.6,True,53.0,45.0,8.0,3.0,8.0,3.0,2016-10-31,2016-11-06,True,RealClearPolitics final 2016 generic congressional ballot average,Gallup presidential job approval,verified,Final pre-election RCP and Gallup observations,True,PASSED,True,True,
2016_AL,2016,2016-11-08,AL,Alabama,3,AL_CLASS_3,regular,False,-28.14048093566937,R,2012,-22.432457066875415,-5.708023868793955,Richard C. Shelby,R,True,False,-1.0,1,0,True,True,,True,True,most_recent_completed_presidential_election,True,validated_scorable,Barack Obama,D,1.0,0,46.0,45.4,0.6,True,53.0,45.0,8.0,3.0,8.0,3.0,2016-10-31,2016-11-06,True,RealClearPolitics final 2016 generic congressional ballot average,Gallup presidential job approval,verified,Final pre-election RCP and Gallup observations,True,PASSED,True,True,
2016_AR,2016,2016-11-08,AR,Arkansas,3,AR_CLASS_3,regular,False,-24.598667778419824,R,2012,-24.30881070245924,-0.2898570759605832,John Boozman,R,True,False,-1.0,1,0,True,True,,True,True,most_recent_completed_presidential_election,True,validated_scorable,Barack Obama,D,1.0,0,46.0,45.4,0.6,True,53.0,45.0,8.0,3.0,8.0,3.0,2016-10-31,2016-11-06,True,RealClearPolitics final 2016 generic congressional ballot average,Gallup presidential job approval,verified,Final pre-election RCP and Gallup observations,True,PASSED,True,True,
2016_AZ,2016,2016-11-08,AZ,Arizona,3,AZ_CLASS_3,regular,False,-13.721830302462408,R,2012,-9.226760447406376,-4.495069855056032,John McCain,R,True,False,-1.0,1,0,True,True,,True,True,most_recent_completed_presidential_election,True,validated_scorable,Barack Obama,D,1.0,0,46.0,45.4,0.6,True,53.0,45.0,8.0,3.0,8.0,3.0,2016-10-31,2016-11-06,True,RealClearPolitics final 2016 generic congressional ballot average,Gallup presidential job approval,verified,Final pre-election RCP and Gallup observations,True,PASSED,True,True,
2016_CA,2016,2016-11-08,CA,California,3,CA_CLASS_3,regular,False,100.0,D,2012,23.74562232659325,76.25437767340675,Barbara Boxer,D,False,True,0.0,0,1,False,False,Top-two election,True,False,most_recent_completed_presidential_election,True,not_scorable,Barack Obama,D,1.0,0,46.0,45.4,0.6,True,53.0,45.0,8.0,3.0,8.0,3.0,2016-10-31,2016-11-06,True,RealClearPolitics final 2016 generic congressional ballot average,Gallup presidential job approval,verified,Final pre-election RCP and Gallup observations,True,PASSED,True,False,backtest_not_scorable
2016_CO,2016,2016-11-08,CO,Colorado,3,CO_CLASS_3,regular,False,6.008906322746697,D,2012,5.495976628405032,0.5129296943416648,Michael F. Bennet,D,True,False,1.0,1,0,True,True,,True,True,most_recent_completed_presidential_election,True,validated_scorable,Barack Obama,D,1.0,0,46.0,45.4,0.6,True,53.0,45.0,8.0,3.0,8.0,3.0,2016-10-31,2016-11-06,True,RealClearPolitics final 2016 generic congressional ballot average,Gallup presidential job approval,verified,Final pre-election RCP and Gallup observations,True,PASSED,True,True,
2016_CT,2016,2016-11-08,CT,Connecticut,3,CT_CLASS_3,regular,False,29.211732267578704,D,2012,17.54515495381419,11.666577313764511,Richard Blumenthal,D,True,False,1.0,1,0,True,True,,True,True,most_recent_completed_presidential_election,True,validated_scorable,Barack Obama,D,1.0,0,46.0,45.4,0.6,True,53.0,45.0,8.0,3.0,8.0,3.0,2016-10-31,2016-11-06,True,RealClearPolitics final 2016 generic congressional ballot average,Gallup presidential job approval,verified,Final pre-election RCP and Gallup observations,True,PASSED,True,True,
2016_FL,2016,2016-11-08,FL,Florida,3,FL_CLASS_3,regular,False,-7.961156507461695,R,2012,0.8845042787324644,-8.84566078619416,Marco Rubio,R,True,False,-1.0,1,0,True,True,,True,True,most_recent_completed_presidential_election,True,validated_scorable,Barack Obama,D,1.0,0,46.0,45.4,0.6,True,53.0,45.0,8.0,3.0,8.0,3.0,2016-10-31,2016-11-06,True,RealClearPolitics final 2016 generic congressional ballot average,Gallup presidential job approval,verified,Final pre-election RCP and Gallup observations,True,PASSED,True,True,
2016_GA,2016,2016-11-08,GA,Georgia,3,GA_CLASS_3,regular,False,-14.35083409806154,R,2012,-7.913298196113445,-6.437535901948095,Johnny Isakson,R,True,False,-1.0,1,0,True,True,,True,True,most_recent_completed_presidential_election,True,validated_scorable,Barack Obama,D,1.0,0,46.0,45.4,0.6,True,53.0,45.0,8.0,3.0,8.0,3.0,2016-10-31,2016-11-06,True,RealClearPolitics final 2016 generic congressional ballot average,Gallup presidential job approval,verified,Final pre-election RCP and Gallup observations,True,PASSED,True,True,
2016_HI,2016,2016-11-08,HI,Hawaii,3,HI_CLASS_3,regular,False,53.58728838818104,D,2012,43.40769700214883,10.179591386032207,Brian Schatz,D,True,False,1.0,1,0,True,True,,True,True,most_recent_completed_presidential_election,True,validated_scorable,Barack Obama,D,1.0,0,46.0,45.4,0.6,True,53.0,45.0,8.0,3.0,8.0,3.0,2016-10-31,2016-11-06,True,RealClearPolitics final 2016 generic congressional ballot average,Gallup presidential job approval,verified,Final pre-election RCP and Gallup observations,True,PASSED,True,True,
2016_IA,2016,2016-11-08,IA,Iowa,3,IA_CLASS_3,regular,False,-25.52053011012785,R,2012,5.918703856200352,-31.439233966328203,Chuck Grassley,R,True,False,-1.0,1,0,True,True,,True,True,most_recent_completed_presidential_election,True,validated_scorable,Barack Obama,D,1.0,0,46.0,45.4,0.6,True,53.0,45.0,8.0,3.0,8.0,3.0,2016-10-31,2016-11-06,True,RealClearPolitics final 2016 generic congressional ballot average,Gallup presidential job approval,verified,Final pre-election RCP and Gallup observations,True,PASSED,True,True,
2016_ID,2016,2016-11-08,ID,Idaho,3,ID_CLASS_3,regular,False,-40.919804288946835,R,2012,-32.84277368715067,-8.077030601796167,Mike Crapo,R,True,False,-1.0,1,0,True,True,,True,True,most_recent_completed_presidential_election,True,validated_scorable,Barack Obama,D,1.0,0,46.0,45.4,0.6,True,53.0,45.0,8.0,3.0,8.0,3.0,2016-10-31,2016-11-06,True,RealClearPolitics final 2016 generic congressional ballot average,Gallup presidential job approval,verified,Final pre-election RCP and Gallup observations,True,PASSED,True,True,
2016_IL,2016,2016-11-08,IL,Illinois,3,IL_CLASS_3,regular,False,15.935102754485117,D,2012,17.155046784233818,-1.2199440297487012,Mark Kirk,R,True,False,-1.0,1,0,True,True,,True,True,most_recent_completed_presidential_election,True,validated_scorable,Barack Obama,D,1.0,0,46.0,45.4,0.6,True,53.0,45.0,8.0,3.0,8.0,3.0,2016-10-31,2016-11-06,True,RealClearPolitics final 2016 generic congressional ballot average,Gallup presidential job approval,verified,Final pre-election RCP and Gallup observations,True,PASSED,True,True,
2016_IN,2016,2016-11-08,IN,Indiana,3,IN_CLASS_3,regular,False,-10.261338057669208,R,2012,-10.400749194654608,0.1394111369853998,Daniel Coats,R,False,True,0.0,0,1,True,True,,True,True,most_recent_completed_presidential_election,True,validated_scorable,Barack Obama,D,1.0,0,46.0,45.4,0.6,True,53.0,45.0,8.0,3.0,8.0,3.0,2016-10-31,2016-11-06,True,RealClearPolitics final 2016 generic congressional ballot average,Gallup presidential job approval,verified,Final pre-election RCP and Gallup observations,True,PASSED,True,True,
2016_KS,2016,2016-11-08,KS,Kansas,3,KS_CLASS_3,regular,False,-31.70856277582555,R,2012,-22.22665349050611,-9.48190928531944,Jerry Moran,R,True,False,-1.0,1,0,True,True,,True,True,most_recent_completed_presidential_election,True,validated_scorable,Barack Obama,D,1.0,0,46.0,45.4,0.6,True,53.0,45.0,8.0,3.0,8.0,3.0,2016-10-31,2016-11-06,True,RealClearPolitics final 2016 generic congressional ballot average,Gallup presidential job approval,verified,Final pre-election RCP and Gallup observations,True,PASSED,True,True,
2016_KY,2016,2016-11-08,KY,Kentucky,3,KY_CLASS_3,regular,False,-14.549104429230924,R,2012,-23.08554478760982,8.536440358378895,Rand Paul,R,True,False,-1.0,1,0,True,True,,True,True,most_recent_completed_presidential_election,True,validated_scorable,Barack Obama,D,1.0,0,46.0,45.4,0.6,True,53.0,45.0,8.0,3.0,8.0,3.0,2016-10-31,2016-11-06,True,RealClearPolitics final 2016 generic congressional ballot average,Gallup presidential job approval,verified,Final pre-election RCP and Gallup observations,True,PASSED,True,True,
2016_LA,2016,2016-11-08,LA,Louisiana,3,LA_CLASS_3,regular,False,-21.30922040210089,R,2012,-17.49365122822796,-3.8155691738729303,David Vitter,R,False,True,0.0,0,1,True,True,,True,True,most_recent_completed_presidential_election,True,validated_scorable,Barack Obama,D,1.0,0,46.0,45.4,0.6,True,53.0,45.0,8.0,3.0,8.0,3.0,2016-10-31,2016-11-06,True,RealClearPolitics final 2016 generic congressional ballot average,Gallup presidential job approval,verified,Final pre-election RCP and Gallup observations,True,PASSED,True,True,
2016_MD,2016,2016-11-08,MD,Maryland,3,MD_CLASS_3,regular,False,26.11051851041458,D,2012,26.64345157381196,-0.5329330633973797,Barbara A. Mikulski,D,False,True,0.0,0,1,True,True,,True,True,most_recent_completed_presidential_election,True,validated_scorable,Barack Obama,D,1.0,0,46.0,45.4,0.6,True,53.0,45.0,8.0,3.0,8.0,3.0,2016-10-31,2016-11-06,True,RealClearPolitics final 2016 generic congressional ballot average,Gallup presidential job approval,verified,Final pre-election RCP and Gallup observations,True,PASSED,True,True,
2016_MO,2016,2016-11-08,MO,Missouri,3,MO_CLASS_3,regular,False,-2.921537575905546,R,2012,-9.557333506759946,6.6357959308544,Roy Blunt,R,True,False,-1.0,1,0,True,True,,True,True,most_recent_completed_presidential_election,True,validated_scorable,Barack Obama,D,1.0,0,46.0,45.4,0.6,True,53.0,45.0,8.0,3.0,8.0,3.0,2016-10-31,2016-11-06,True,RealClearPolitics final 2016 generic congressional ballot average,Gallup presidential job approval,verified,Final pre-election RCP and Gallup observations,True,PASSED,True,True,
2016_NC,2016,2016-11-08,NC,North Carolina,3,NC_CLASS_3,regular,False,-5.907120107897768,R,2012,-2.0680698060100013,-3.839050301887766,Richard Burr,R,True,False,-1.0,1,0,True,True,,True,True,most_recent_completed_presidential_election,True,validated_scorable,Barack Obama,D,1.0,0,46.0,45.4,0.6,True,53.0,45.0,8.0,3.0,8.0,3.0,2016-10-31,2016-11-06,True,RealClearPolitics final 2016 generic congressional ballot average,Gallup presidential job approval,verified,Final pre-election RCP and Gallup observations,True,PASSED,True,True,
2016_ND,2016,2016-11-08,ND,North Dakota,3,ND_CLASS_3,regular,False,-64.44460759121944,R,2012,-20.222416577823452,-44.222191013395985,John Hoeven,R,True,False,-1.0,1,0,True,True,,True,True,most_recent_completed_presidential_election,True,validated_scorable,Barack Obama,D,1.0,0,46.0,45.4,0.6,True,53.0,45.0,8.0,3.0,8.0,3.0,2016-10-31,2016-11-06,True,RealClearPolitics final 2016 generic congressional ballot average,Gallup presidential job approval,verified,Final pre-election RCP and Gallup observations,True,PASSED,True,True,
2016_NH,2016,2016-11-08,NH,New Hampshire,3,NH_CLASS_3,regular,False,0.1435870791394933,D,2012,5.667503956516214,-5.52391687737672,Kelly Ayotte,R,True,False,-1.0,1,0,True,True,,True,True,most_recent_completed_presidential_election,True,validated_scorable,Barack Obama,D,1.0,0,46.0,45.4,0.6,True,53.0,45.0,8.0,3.0,8.0,3.0,2016-10-31,2016-11-06,True,RealClearPolitics final 2016 generic congressional ballot average,Gallup presidential job approval,verified,Final pre-election RCP and Gallup observations,True,PASSED,True,True,
2016_NV,2016,2016-11-08,NV,Nevada,3,NV_CLASS_3,regular,False,2.646319389070399,D,2012,6.815084326693068,-4.168764937622669,Harry Reid,D,False,True,0.0,0,1,True,True,,True,True,most_recent_completed_presidential_election,True,validated_scorable,Barack Obama,D,1.0,0,46.0,45.4,0.6,True,53.0,45.0,8.0,3.0,8.0,3.0,2016-10-31,2016-11-06,True,RealClearPolitics final 2016 generic congressional ballot average,Gallup presidential job approval,verified,Final pre-election RCP and Gallup observations,True,PASSED,True,True,
2016_NY,2016,2016-11-08,NY,New York,3,NY_CLASS_3,regular,False,44.42624578533713,D,2012,32.08538974055478,12.340856044782347,Charles E. Schumer,D,True,False,1.0,1,0,True,True,,True,True,most_recent_completed_presidential_election,True,validated_scorable,Barack Obama,D,1.0,0,46.0,45.4,0.6,True,53.0,45.0,8.0,3.0,8.0,3.0,2016-10-31,2016-11-06,True,RealClearPolitics final 2016 generic congressional ballot average,Gallup presidential job approval,verified,Final pre-election RCP and Gallup observations,True,PASSED,True,True,
2016_OH,2016,2016-11-08,OH,Ohio,3,OH_CLASS_3,regular,False,-21.926780992967423,R,2012,3.0281135384989852,-24.954894531466408,Rob Portman,R,True,False,-1.0,1,0,True,True,,True,True,most_recent_completed_presidential_election,True,validated_scorable,Barack Obama,D,1.0,0,46.0,45.4,0.6,True,53.0,45.0,8.0,3.0,8.0,3.0,2016-10-31,2016-11-06,True,RealClearPolitics final 2016 generic congressional ballot average,Gallup presidential job approval,verified,Final pre-election RCP and Gallup observations,True,PASSED,True,True,
2016_OK,2016,2016-11-08,OK,Oklahoma,3,OK_CLASS_3,regular,False,-46.751914829634586,R,2012,-33.54463948603311,-13.207275343601474,James Lankford,R,True,False,-1.0,1,0,True,True,,True,True,most_recent_completed_presidential_election,True,validated_scorable,Barack Obama,D,1.0,0,46.0,45.4,0.6,True,53.0,45.0,8.0,3.0,8.0,3.0,2016-10-31,2016-11-06,True,RealClearPolitics final 2016 generic congressional ballot average,Gallup presidential job approval,verified,Final pre-election RCP and Gallup observations,True,PASSED,True,True,
2016_OR,2016,2016-11-08,OR,Oregon,3,OR_CLASS_3,regular,False,25.851642016256463,D,2012,12.542334357494768,13.309307658761696,Ron Wyden,D,True,False,1.0,1,0,True,True,,True,True,most_recent_completed_presidential_election,True,validated_scorable,Barack Obama,D,1.0,0,46.0,45.4,0.6,True,53.0,45.0,8.0,3.0,8.0,3.0,2016-10-31,2016-11-06,True,RealClearPolitics final 2016 generic congressional ballot average,Gallup presidential job approval,verified,Final pre-election RCP and Gallup observations,True,PASSED,True,True,
2016_PA,2016,2016-11-08,PA,Pennsylvania,3,PA_CLASS_3,regular,False,-1.490360364975828,R,2012,5.463868003783659,-6.9542283687594875,Patrick J. Toomey,R,True,False,-1.0,1,0,True,True,,True,True,most_recent_completed_presidential_election,True,validated_scorable,Barack Obama,D,1.0,0,46.0,45.4,0.6,True,53.0,45.0,8.0,3.0,8.0,3.0,2016-10-31,2016-11-06,True,RealClearPolitics final 2016 generic congressional ballot average,Gallup presidential job approval,verified,Final pre-election RCP and Gallup observations,True,PASSED,True,True,
2016_SC,2016,2016-11-08,SC,South Carolina,3,SC_CLASS_3,regular,False,-24.245946350276768,R,2012,-10.616509409130742,-13.629436941146023,Tim Scott,R,True,False,-1.0,1,0,True,True,,True,True,most_recent_completed_presidential_election,True,validated_scorable,Barack Obama,D,1.0,0,46.0,45.4,0.6,True,53.0,45.0,8.0,3.0,8.0,3.0,2016-10-31,2016-11-06,True,RealClearPolitics final 2016 generic congressional ballot average,Gallup presidential job approval,verified,Final pre-election RCP and Gallup observations,True,PASSED,True,True,
2016_SD,2016,2016-11-08,SD,South Dakota,3,SD_CLASS_3,regular,False,-43.65572315882875,R,2012,-18.436998276390483,-25.218724882438263,John Thune,R,True,False,-1.0,1,0,True,True,,True,True,most_recent_completed_presidential_election,True,validated_scorable,Barack Obama,D,1.0,0,46.0,45.4,0.6,True,53.0,45.0,8.0,3.0,8.0,3.0,2016-10-31,2016-11-06,True,RealClearPolitics final 2016 generic congressional ballot average,Gallup presidential job approval,verified,Final pre-election RCP and Gallup observations,True,PASSED,True,True,
2016_UT,2016,2016-11-08,UT,Utah,3,UT_CLASS_3,regular,False,-43.157093923421826,R,2012,-49.25237779029496,6.095283866873132,Mike Lee,R,True,False,-1.0,1,0,True,True,,True,True,most_recent_completed_presidential_election,True,validated_scorable,Barack Obama,D,1.0,0,46.0,45.4,0.6,True,53.0,45.0,8.0,3.0,8.0,3.0,2016-10-31,2016-11-06,True,RealClearPolitics final 2016 generic congressional ballot average,Gallup presidential job approval,verified,Final pre-election RCP and Gallup observations,True,PASSED,True,True,
2016_VT,2016,2016-11-08,VT,Vermont,3,VT_CLASS_3,regular,False,29.946599972962012,D,2012,36.49451765278124,-6.5479176798192285,Patrick J. Leahy,D,True,False,1.0,1,0,True,True,,True,True,most_recent_completed_presidential_election,True,validated_scorable,Barack Obama,D,1.0,0,46.0,45.4,0.6,True,53.0,45.0,8.0,3.0,8.0,3.0,2016-10-31,2016-11-06,True,RealClearPolitics final 2016 generic congressional ballot average,Gallup presidential job approval,verified,Final pre-election RCP and Gallup observations,True,PASSED,True,True,
2016_WA,2016,2016-11-08,WA,Washington,3,WA_CLASS_3,regular,False,18.026020891574888,D,2012,15.256596541243695,2.7694243503311924,Patty Murray,D,True,False,1.0,1,0,True,True,,True,True,most_recent_completed_presidential_election,True,validated_scorable,Barack Obama,D,1.0,0,46.0,45.4,0.6,True,53.0,45.0,8.0,3.0,8.0,3.0,2016-10-31,2016-11-06,True,RealClearPolitics final 2016 generic congressional ballot average,Gallup presidential job approval,verified,Final pre-election RCP and Gallup observations,True,PASSED,True,True,
2016_WI,2016,2016-11-08,WI,Wisconsin,3,WI_CLASS_3,regular,False,-3.4665288484603565,R,2012,6.926859965744825,-10.39338881420518,Ron Johnson,R,True,False,-1.0,1,0,True,True,,True,True,most_recent_completed_presidential_election,True,validated_scorable,Barack Obama,D,1.0,0,46.0,45.4,0.6,True,53.0,45.0,8.0,3.0,8.0,3.0,2016-10-31,2016-11-06,True,RealClearPolitics final 2016 generic congressional ballot average,Gallup presidential job approval,verified,Final pre-election RCP and Gallup observations,True,PASSED,True,True,
2018_AZ,2018,2018-11-06,AZ,Arizona,1,AZ_CLASS_1,regular,False,2.402957486136785,D,2016,-3.778240892273402,6.181198378410187,Jeff Flake,R,False,True,0.0,0,1,True,True,,True,True,most_recent_completed_presidential_election,True,validated_scorable,Donald Trump,R,-1.0,1,49.7,42.4,7.3,True,40.0,54.0,-14.0,-10.0,14.0,10.0,2018-10-29,2018-11-04,True,RealClearPolitics final 2018 generic congressional ballot average,Gallup presidential job approval,verified,Final pre-election RCP and Gallup observations,True,PASSED,True,True,
2018_CA,2018,2018-11-06,CA,California,1,CA_CLASS_1,regular,False,100.0,D,2016,32.25644108545976,67.74355891454024,Dianne Feinstein,D,True,False,1.0,1,0,False,False,Top-two election,True,False,most_recent_completed_presidential_election,True,not_scorable,Donald Trump,R,-1.0,1,49.7,42.4,7.3,True,40.0,54.0,-14.0,-10.0,14.0,10.0,2018-10-29,2018-11-04,True,RealClearPolitics final 2018 generic congressional ballot average,Gallup presidential job approval,verified,Final pre-election RCP and Gallup observations,True,PASSED,True,False,backtest_not_scorable
2018_CT,2018,2018-11-06,CT,Connecticut,1,CT_CLASS_1,regular,False,20.408576995776254,D,2016,14.283095034527278,6.125481961248976,Christopher Murphy,D,True,False,1.0,1,0,True,True,,True,True,most_recent_completed_presidential_election,True,validated_scorable,Donald Trump,R,-1.0,1,49.7,42.4,7.3,True,40.0,54.0,-14.0,-10.0,14.0,10.0,2018-10-29,2018-11-04,True,RealClearPolitics final 2018 generic congressional ballot average,Gallup presidential job approval,verified,Final pre-election RCP and Gallup observations,True,PASSED,True,True,
2018_DE,2018,2018-11-06,DE,Delaware,1,DE_CLASS_1,regular,False,22.639007988446096,D,2016,11.997242887362448,10.641765101083648,Thomas R. Carper,D,True,False,1.0,1,0,True,True,,True,True,most_recent_completed_presidential_election,True,validated_scorable,Donald Trump,R,-1.0,1,49.7,42.4,7.3,True,40.0,54.0,-14.0,-10.0,14.0,10.0,2018-10-29,2018-11-04,True,RealClearPolitics final 2018 generic congressional ballot average,Gallup presidential job approval,verified,Final pre-election RCP and Gallup observations,True,PASSED,True,True,
2018_FL,2018,2018-11-06,FL,Florida,1,FL_CLASS_1,regular,False,-0.1225183560779328,R,2016,-1.2376709455509598,1.115152589473027,Bill Nelson,D,True,False,1.0,1,0,True,True,,True,True,most_recent_completed_presidential_election,True,validated_scorable,Donald Trump,R,-1.0,1,49.7,42.4,7.3,True,40.0,54.0,-14.0,-10.0,14.0,10.0,2018-10-29,2018-11-04,True,RealClearPolitics final 2018 generic congressional ballot average,Gallup presidential job approval,verified,Final pre-election RCP and Gallup observations,True,PASSED,True,True,
2018_HI,2018,2018-11-06,HI,Hawaii,1,HI_CLASS_1,regular,False,42.30219569410147,D,2016,34.882674901070914,7.419520793030557,Mazie K. Hirono,D,True,False,1.0,1,0,True,True,,True,True,most_recent_completed_presidential_election,True,validated_scorable,Donald Trump,R,-1.0,1,49.7,42.4,7.3,True,40.0,54.0,-14.0,-10.0,14.0,10.0,2018-10-29,2018-11-04,True,RealClearPolitics final 2018 generic congressional ballot average,Gallup presidential job approval,verified,Final pre-election RCP and Gallup observations,True,PASSED,True,True,
2018_IN,2018,2018-11-06,IN,Indiana,1,IN_CLASS_1,regular,False,-6.162903216195062,R,2016,-20.234619049016143,14.07171583282108,Joe Donnelly,D,True,False,1.0,1,0,True,True,,True,True,most_recent_completed_presidential_election,True,validated_scorable,Donald Trump,R,-1.0,1,49.7,42.4,7.3,True,40.0,54.0,-14.0,-10.0,14.0,10.0,2018-10-29,2018-11-04,True,RealClearPolitics final 2018 generic congressional ballot average,Gallup presidential job approval,verified,Final pre-election RCP and Gallup observations,True,PASSED,True,True,
2018_MA,2018,2018-11-06,MA,Massachusetts,1,MA_CLASS_1,regular,False,25.038879177334593,D,2016,29.302557379258985,-4.263678201924392,Elizabeth Warren,D,True,False,1.0,1,0,True,True,,True,True,most_recent_completed_presidential_election,True,validated_scorable,Donald Trump,R,-1.0,1,49.7,42.4,7.3,True,40.0,54.0,-14.0,-10.0,14.0,10.0,2018-10-29,2018-11-04,True,RealClearPolitics final 2018 generic congressional ballot average,Gallup presidential job approval,verified,Final pre-election RCP and Gallup observations,True,PASSED,True,True,
2018_MD,2018,2018-11-06,MD,Maryland,1,MD_CLASS_1,regular,False,36.30566322052462,D,2016,28.02199101713032,8.283672203394303,Benjamin L. Cardin,D,False,True,0.0,0,1,True,True,,True,True,most_recent_completed_presidential_election,True,validated_scorable,Donald Trump,R,-1.0,1,49.7,42.4,7.3,True,40.0,54.0,-14.0,-10.0,14.0,10.0,2018-10-29,2018-11-04,True,RealClearPolitics final 2018 generic congressional ballot average,Gallup presidential job approval,verified,Final pre-election RCP and Gallup observations,True,PASSED,True,True,
2018_ME,2018,2018-11-06,ME,Maine,1,ME_CLASS_1,regular,False,-54.26165579597611,R,2016,3.1935822583250655,-57.45523805430118,"Angus S. King, Jr.",D,False,True,0.0,0,1,True,False,Independent winner; D-R margin does not represent race outcome,True,False,most_recent_completed_presidential_election,True,not_scorable,Donald Trump,R,-1.0,1,49.7,42.4,7.3,True,40.0,54.0,-14.0,-10.0,14.0,10.0,2018-10-29,2018-11-04,True,RealClearPolitics final 2018 generic congressional ballot average,Gallup presidential job approval,verified,Final pre-election RCP and Gallup observations,True,PASSED,True,False,backtest_not_scorable
2018_MI,2018,2018-11-06,MI,Michigan,1,MI_CLASS_1,regular,False,6.6371383113556135,D,2016,-0.235336433923095,6.8724747452787085,Debbie Stabenow,D,True,False,1.0,1,0,True,True,,True,True,most_recent_completed_presidential_election,True,validated_scorable,Donald Trump,R,-1.0,1,49.7,42.4,7.3,True,40.0,54.0,-14.0,-10.0,14.0,10.0,2018-10-29,2018-11-04,True,RealClearPolitics final 2018 generic congressional ballot average,Gallup presidential job approval,verified,Final pre-election RCP and Gallup observations,True,PASSED,True,True,
2018_MN_REGULAR,2018,2018-11-06,MN,Minnesota,1,MN_CLASS_1,regular,False,24.963466608899424,D,2016,1.6633874143609688,23.300079194538455,Amy Klobuchar,D,True,False,1.0,1,0,True,True,,True,True,most_recent_completed_presidential_election,True,validated_scorable,Donald Trump,R,-1.0,1,49.7,42.4,7.3,True,40.0,54.0,-14.0,-10.0,14.0,10.0,2018-10-29,2018-11-04,True,RealClearPolitics final 2018 generic congressional ballot average,Gallup presidential job approval,verified,Final pre-election RCP and Gallup observations,True,PASSED,True,True,
2018_MN_SPECIAL,2018,2018-11-06,MN,Minnesota,2,MN_CLASS_2,special,True,11.140619798671466,D,2016,1.6633874143609688,9.477232384310495,Tina Smith,D,True,False,1.0,1,0,True,True,,True,True,most_recent_completed_presidential_election,True,validated_scorable,Donald Trump,R,-1.0,1,49.7,42.4,7.3,True,40.0,54.0,-14.0,-10.0,14.0,10.0,2018-10-29,2018-11-04,True,RealClearPolitics final 2018 generic congressional ballot average,Gallup presidential job approval,verified,Final pre-election RCP and Gallup observations,True,PASSED,True,True,
2018_MO,2018,2018-11-06,MO,Missouri,1,MO_CLASS_1,regular,False,-5.996633249741748,R,2016,-19.637121991132133,13.640488741390383,Claire McCaskill,D,True,False,1.0,1,0,True,True,,True,True,most_recent_completed_presidential_election,True,validated_scorable,Donald Trump,R,-1.0,1,49.7,42.4,7.3,True,40.0,54.0,-14.0,-10.0,14.0,10.0,2018-10-29,2018-11-04,True,RealClearPolitics final 2018 generic congressional ballot average,Gallup presidential job approval,verified,Final pre-election RCP and Gallup observations,True,PASSED,True,True,
2018_MS_REGULAR,2018,2018-11-06,MS,Mississippi,1,MS_CLASS_1,regular,False,-19.41285627996939,R,2016,-18.17969464812012,-1.2331616318492706,Roger F. Wicker,R,True,False,-1.0,1,0,True,True,,True,True,most_recent_completed_presidential_election,True,validated_scorable,Donald Trump,R,-1.0,1,49.7,42.4,7.3,True,40.0,54.0,-14.0,-10.0,14.0,10.0,2018-10-29,2018-11-04,True,RealClearPolitics final 2018 generic congressional ballot average,Gallup presidential job approval,verified,Final pre-election RCP and Gallup observations,True,PASSED,True,True,
2018_MS_SPECIAL,2018,2018-11-06,MS,Mississippi,2,MS_CLASS_2,special,True,-7.266512999290427,R,2016,-18.17969464812012,10.913181648829692,Cindy Hyde-Smith,R,True,False,-1.0,1,0,True,True,,True,True,most_recent_completed_presidential_election,True,validated_scorable,Donald Trump,R,-1.0,1,49.7,42.4,7.3,True,40.0,54.0,-14.0,-10.0,14.0,10.0,2018-10-29,2018-11-04,True,RealClearPolitics final 2018 generic congressional ballot average,Gallup presidential job approval,verified,Final pre-election RCP and Gallup observations,True,PASSED,True,True,
2018_MT,2018,2018-11-06,MT,Montana,1,MT_CLASS_1,regular,False,3.6569158437772415,D,2016,-22.21932863404888,25.87624447782612,Jon Tester,D,True,False,1.0,1,0,True,True,,True,True,most_recent_completed_presidential_election,True,validated_scorable,Donald Trump,R,-1.0,1,49.7,42.4,7.3,True,40.0,54.0,-14.0,-10.0,14.0,10.0,2018-10-29,2018-11-04,True,RealClearPolitics final 2018 generic congressional ballot average,Gallup presidential job approval,verified,Final pre-election RCP and Gallup observations,True,PASSED,True,True,
2018_ND,2018,2018-11-06,ND,North Dakota,1,ND_CLASS_1,regular,False,-10.905410742496043,R,2016,-39.6184857930395,28.713075050543452,Heidi Heitkamp,D,True,False,1.0,1,0,True,True,,True,True,most_recent_completed_presidential_election,True,validated_scorable,Donald Trump,R,-1.0,1,49.7,42.4,7.3,True,40.0,54.0,-14.0,-10.0,14.0,10.0,2018-10-29,2018-11-04,True,RealClearPolitics final 2018 generic congressional ballot average,Gallup presidential job approval,verified,Final pre-election RCP and Gallup observations,True,PASSED,True,True,
2018_NE,2018,2018-11-06,NE,Nebraska,1,NE_CLASS_1,regular,False,-19.79502813980163,R,2016,-27.095348226355146,7.300320086553516,Deb Fischer,R,True,False,-1.0,1,0,True,True,,True,True,most_recent_completed_presidential_election,True,validated_scorable,Donald Trump,R,-1.0,1,49.7,42.4,7.3,True,40.0,54.0,-14.0,-10.0,14.0,10.0,2018-10-29,2018-11-04,True,RealClearPolitics final 2018 generic congressional ballot average,Gallup presidential job approval,verified,Final pre-election RCP and Gallup observations,True,PASSED,True,True,
2018_NJ,2018,2018-11-06,NJ,New Jersey,1,NJ_CLASS_1,regular,False,11.544410589867937,D,2016,14.56838028580259,-3.023969695934653,Robert Menendez,D,True,False,1.0,1,0,True,True,,True,True,most_recent_completed_presidential_election,True,validated_scorable,Donald Trump,R,-1.0,1,49.7,42.4,7.3,True,40.0,54.0,-14.0,-10.0,14.0,10.0,2018-10-29,2018-11-04,True,RealClearPolitics final 2018 generic congressional ballot average,Gallup presidential job approval,verified,Final pre-election RCP and Gallup observations,True,PASSED,True,True,
2018_NM,2018,2018-11-06,NM,New Mexico,1,NM_CLASS_1,regular,False,27.83688334059555,D,2016,9.301589868648222,18.535293471947327,Martin Heinrich,D,True,False,1.0,1,0,True,True,,True,True,most_recent_completed_presidential_election,True,validated_scorable,Donald Trump,R,-1.0,1,49.7,42.4,7.3,True,40.0,54.0,-14.0,-10.0,14.0,10.0,2018-10-29,2018-11-04,True,RealClearPolitics final 2018 generic congressional ballot average,Gallup presidential job approval,verified,Final pre-election RCP and Gallup observations,True,PASSED,True,True,
2018_NV,2018,2018-11-06,NV,Nevada,1,NV_CLASS_1,regular,False,5.247548248472796,D,2016,2.587418839970397,2.660129408502399,Dean Heller,R,True,False,-1.0,1,0,True,True,,True,True,most_recent_completed_presidential_election,True,validated_scorable,Donald Trump,R,-1.0,1,49.7,42.4,7.3,True,40.0,54.0,-14.0,-10.0,14.0,10.0,2018-10-29,2018-11-04,True,RealClearPolitics final 2018 generic congressional ballot average,Gallup presidential job approval,verified,Final pre-election RCP and Gallup observations,True,PASSED,True,True,
2018_NY,2018,2018-11-06,NY,New York,1,NY_CLASS_1,regular,False,33.99933379035469,D,2016,26.82301299955074,7.176320790803949,Kirsten E. Gillibrand,D,True,False,1.0,1,0,True,True,,True,True,most_recent_completed_presidential_election,True,validated_scorable,Donald Trump,R,-1.0,1,49.7,42.4,7.3,True,40.0,54.0,-14.0,-10.0,14.0,10.0,2018-10-29,2018-11-04,True,RealClearPolitics final 2018 generic congressional ballot average,Gallup presidential job approval,verified,Final pre-election RCP and Gallup observations,True,PASSED,True,True,
2018_OH,2018,2018-11-06,OH,Ohio,1,OH_CLASS_1,regular,False,6.847342539013482,D,2016,-8.535369154271805,15.382711693285287,Sherrod Brown,D,True,False,1.0,1,0,True,True,,True,True,most_recent_completed_presidential_election,True,validated_scorable,Donald Trump,R,-1.0,1,49.7,42.4,7.3,True,40.0,54.0,-14.0,-10.0,14.0,10.0,2018-10-29,2018-11-04,True,RealClearPolitics final 2018 generic congressional ballot average,Gallup presidential job approval,verified,Final pre-election RCP and Gallup observations,True,PASSED,True,True,
2018_PA,2018,2018-11-06,PA,Pennsylvania,1,PA_CLASS_1,regular,False,13.085564092459125,D,2016,-0.7510716149803329,13.836635707439456,"Robert P. Casey, Jr.",D,True,False,1.0,1,0,True,True,,True,True,most_recent_completed_presidential_election,True,validated_scorable,Donald Trump,R,-1.0,1,49.7,42.4,7.3,True,40.0,54.0,-14.0,-10.0,14.0,10.0,2018-10-29,2018-11-04,True,RealClearPolitics final 2018 generic congressional ballot average,Gallup presidential job approval,verified,Final pre-election RCP and Gallup observations,True,PASSED,True,True,
2018_RI,2018,2018-11-06,RI,Rhode Island,1,RI_CLASS_1,regular,False,23.159474112658216,D,2016,16.621408185319623,6.538065927338593,Sheldon Whitehouse,D,True,False,1.0,1,0,True,True,,True,True,most_recent_completed_presidential_election,True,validated_scorable,Donald Trump,R,-1.0,1,49.7,42.4,7.3,True,40.0,54.0,-14.0,-10.0,14.0,10.0,2018-10-29,2018-11-04,True,RealClearPolitics final 2018 generic congressional ballot average,Gallup presidential job approval,verified,Final pre-election RCP and Gallup observations,True,PASSED,True,True,
2018_TN,2018,2018-11-06,TN,Tennessee,1,TN_CLASS_1,regular,False,-10.937204153944108,R,2016,-27.248686090523975,16.311481936579867,Bob Corker,R,False,True,0.0,0,1,True,True,,True,True,most_recent_completed_presidential_election,True,validated_scorable,Donald Trump,R,-1.0,1,49.7,42.4,7.3,True,40.0,54.0,-14.0,-10.0,14.0,10.0,2018-10-29,2018-11-04,True,RealClearPolitics final 2018 generic congressional ballot average,Gallup presidential job approval,verified,Final pre-election RCP and Gallup observations,True,PASSED,True,True,
2018_TX,2018,2018-11-06,TX,Texas,1,TX_CLASS_1,regular,False,-2.5874814972216456,R,2016,-9.42645115594398,6.838969658722334,Ted Cruz,R,True,False,-1.0,1,0,True,True,,True,True,most_recent_completed_presidential_election,True,validated_scorable,Donald Trump,R,-1.0,1,49.7,42.4,7.3,True,40.0,54.0,-14.0,-10.0,14.0,10.0,2018-10-29,2018-11-04,True,RealClearPolitics final 2018 generic congressional ballot average,Gallup presidential job approval,verified,Final pre-election RCP and Gallup observations,True,PASSED,True,True,
2018_UT,2018,2018-11-06,UT,Utah,1,UT_CLASS_1,regular,False,-33.878940101996875,R,2016,-24.76579669082257,-9.113143411174306,Orrin G. Hatch,R,False,True,0.0,0,1,True,True,,True,True,most_recent_completed_presidential_election,True,validated_scorable,Donald Trump,R,-1.0,1,49.7,42.4,7.3,True,40.0,54.0,-14.0,-10.0,14.0,10.0,2018-10-29,2018-11-04,True,RealClearPolitics final 2018 generic congressional ballot average,Gallup presidential job approval,verified,Final pre-election RCP and Gallup observations,True,PASSED,True,True,
2018_VA,2018,2018-11-06,VA,Virginia,1,VA_CLASS_1,regular,False,16.319900580969303,D,2016,5.6527525543094015,10.667148026659902,Tim Kaine,D,False,True,0.0,0,1,True,True,,True,True,most_recent_completed_presidential_election,True,validated_scorable,Donald Trump,R,-1.0,1,49.7,42.4,7.3,True,40.0,54.0,-14.0,-10.0,14.0,10.0,2018-10-29,2018-11-04,True,RealClearPolitics final 2018 generic congressional ballot average,Gallup presidential job approval,verified,Final pre-election RCP and Gallup observations,True,PASSED,True,True,
2018_VT,2018,2018-11-06,VT,Vermont,1,VT_CLASS_1,regular,False,42.16474561566585,D,2016,30.37285264764074,11.79189296802511,Bernard Sanders,D,True,False,1.0,1,0,True,True,,True,True,most_recent_completed_presidential_election,True,validated_scorable,Donald Trump,R,-1.0,1,49.7,42.4,7.3,True,40.0,54.0,-14.0,-10.0,14.0,10.0,2018-10-29,2018-11-04,True,RealClearPolitics final 2018 generic congressional ballot average,Gallup presidential job approval,verified,Final pre-election RCP and Gallup observations,True,PASSED,True,True,
2018_WA,2018,2018-11-06,WA,Washington,1,WA_CLASS_1,regular,False,16.867519849859107,D,2016,17.573862400129528,-0.7063425502704206,Maria Cantwell,D,True,False,1.0,1,0,True,True,,True,True,most_recent_completed_presidential_election,True,validated_scorable,Donald Trump,R,-1.0,1,49.7,42.4,7.3,True,40.0,54.0,-14.0,-10.0,14.0,10.0,2018-10-29,2018-11-04,True,RealClearPolitics final 2018 generic congressional ballot average,Gallup presidential job approval,verified,Final pre-election RCP and Gallup observations,True,PASSED,True,True,
2018_WI,2018,2018-11-06,WI,Wisconsin,1,WI_CLASS_1,regular,False,10.83712500456204,D,2016,-0.8159780760594231,11.653103080621465,Tammy Baldwin,D,True,False,1.0,1,0,True,True,,True,True,most_recent_completed_presidential_election,True,validated_scorable,Donald Trump,R,-1.0,1,49.7,42.4,7.3,True,40.0,54.0,-14.0,-10.0,14.0,10.0,2018-10-29,2018-11-04,True,RealClearPolitics final 2018 generic congressional ballot average,Gallup presidential job approval,verified,Final pre-election RCP and Gallup observations,True,PASSED,True,True,
2018_WV,2018,2018-11-06,WV,West Virginia,1,WV_CLASS_1,regular,False,3.3894179136536167,D,2016,-44.32210450259154,47.71152241624516,"Joe Manchin, III",D,True,False,1.0,1,0,True,True,,True,True,most_recent_completed_presidential_election,True,validated_scorable,Donald Trump,R,-1.0,1,49.7,42.4,7.3,True,40.0,54.0,-14.0,-10.0,14.0,10.0,2018-10-29,2018-11-04,True,RealClearPolitics final 2018 generic congressional ballot average,Gallup presidential job approval,verified,Final pre-election RCP and Gallup observations,True,PASSED,True,True,
2018_WY,2018,2018-11-06,WY,Wyoming,1,WY_CLASS_1,regular,False,-37.97819051140363,R,2016,-51.41063925830758,13.432448746903953,John Barrasso,R,True,False,-1.0,1,0,True,True,,True,True,most_recent_completed_presidential_election,True,validated_scorable,Donald Trump,R,-1.0,1,49.7,42.4,7.3,True,40.0,54.0,-14.0,-10.0,14.0,10.0,2018-10-29,2018-11-04,True,RealClearPolitics final 2018 generic congressional ballot average,Gallup presidential job approval,verified,Final pre-election RCP and Gallup observations,True,PASSED,True,True,
2020_AK,2020,2020-11-03,AK,Alaska,2,AK_CLASS_2,regular,False,-13.359036716293971,R,2016,-16.77130942213614,3.4122727058421702,Dan Sullivan,R,True,False,-1.0,1,0,True,True,,True,True,most_recent_completed_presidential_election,True,validated_scorable,Donald Trump,R,-1.0,0,49.3,42.5,6.8,True,46.0,52.0,-6.0,-4.0,6.0,4.0,2020-10-16,2020-10-27,True,RealClearPolitics final 2020 generic congressional ballot average,Gallup presidential job approval,verified,Final pre-election RCP and Gallup observations,True,PASSED,True,True,
2020_AL,2020,2020-11-03,AL,Alabama,2,AL_CLASS_2,regular,False,-20.39295082406724,R,2016,-28.748287187921484,8.355336363854246,Doug Jones,D,True,False,1.0,1,0,True,True,,True,True,most_recent_completed_presidential_election,True,validated_scorable,Donald Trump,R,-1.0,0,49.3,42.5,6.8,True,46.0,52.0,-6.0,-4.0,6.0,4.0,2020-10-16,2020-10-27,True,RealClearPolitics final 2020 generic congressional ballot average,Gallup presidential job approval,verified,Final pre-election RCP and Gallup observations,True,PASSED,True,True,
2020_AR,2020,2020-11-03,AR,Arkansas,2,AR_CLASS_2,regular,False,-100.0,R,2016,-28.57027537954093,-71.42972462045907,Tom Cotton,R,True,False,-1.0,1,0,False,False,Republican unopposed,True,False,most_recent_completed_presidential_election,True,not_scorable,Donald Trump,R,-1.0,0,49.3,42.5,6.8,True,46.0,52.0,-6.0,-4.0,6.0,4.0,2020-10-16,2020-10-27,True,RealClearPolitics final 2020 generic congressional ballot average,Gallup presidential job approval,verified,Final pre-election RCP and Gallup observations,True,PASSED,True,False,backtest_not_scorable
2020_AZ,2020,2020-11-03,AZ,Arizona,3,AZ_CLASS_3,special,True,2.3495227373552865,D,2016,-3.778240892273402,6.127763629628689,Martha McSally,R,True,False,-1.0,1,0,True,True,,True,True,most_recent_completed_presidential_election,True,validated_scorable,Donald Trump,R,-1.0,0,49.3,42.5,6.8,True,46.0,52.0,-6.0,-4.0,6.0,4.0,2020-10-16,2020-10-27,True,RealClearPolitics final 2020 generic congressional ballot average,Gallup presidential job approval,verified,Final pre-election RCP and Gallup observations,True,PASSED,True,True,
2020_CO,2020,2020-11-03,CO,Colorado,2,CO_CLASS_2,regular,False,9.543169885775072,D,2016,5.366666745364867,4.176503140410205,Cory Gardner,R,True,False,-1.0,1,0,True,True,,True,True,most_recent_completed_presidential_election,True,validated_scorable,Donald Trump,R,-1.0,0,49.3,42.5,6.8,True,46.0,52.0,-6.0,-4.0,6.0,4.0,2020-10-16,2020-10-27,True,RealClearPolitics final 2020 generic congressional ballot average,Gallup presidential job approval,verified,Final pre-election RCP and Gallup observations,True,PASSED,True,True,
2020_DE,2020,2020-11-03,DE,Delaware,2,DE_CLASS_2,regular,False,22.130005147972824,D,2016,11.997242887362448,10.132762260610376,Christopher A. Coons,D,True,False,1.0,1,0,True,True,,True,True,most_recent_completed_presidential_election,True,validated_scorable,Donald Trump,R,-1.0,0,49.3,42.5,6.8,True,46.0,52.0,-6.0,-4.0,6.0,4.0,2020-10-16,2020-10-27,True,RealClearPolitics final 2020 generic congressional ballot average,Gallup presidential job approval,verified,Final pre-election RCP and Gallup observations,True,PASSED,True,True,
2020_GA_REGULAR,2020,2020-11-03,GA,Georgia,2,GA_CLASS_2,regular,False,-1.8212843302317765,R,2016,-5.322345198606428,3.501060868374651,David Perdue,R,True,False,-1.0,1,0,True,True,,True,True,most_recent_completed_presidential_election,True,validated_scorable,Donald Trump,R,-1.0,0,49.3,42.5,6.8,True,46.0,52.0,-6.0,-4.0,6.0,4.0,2020-10-16,2020-10-27,True,RealClearPolitics final 2020 generic congressional ballot average,Gallup presidential job approval,verified,Final pre-election RCP and Gallup observations,True,PASSED,True,True,
2020_GA_SPECIAL,2020,2020-11-03,GA,Georgia,3,GA_CLASS_3,special,True,11.89589547474975,D,2016,-5.322345198606428,17.218240673356178,Kelly Loeffler,R,True,False,-1.0,1,0,True,False,November all-party special election; runoff result required,True,False,most_recent_completed_presidential_election,True,not_scorable,Donald Trump,R,-1.0,0,49.3,42.5,6.8,True,46.0,52.0,-6.0,-4.0,6.0,4.0,2020-10-16,2020-10-27,True,RealClearPolitics final 2020 generic congressional ballot average,Gallup presidential job approval,verified,Final pre-election RCP and Gallup observations,True,PASSED,True,False,backtest_not_scorable
2020_IA,2020,2020-11-03,IA,Iowa,2,IA_CLASS_2,regular,False,-6.799246352762225,R,2016,-10.127095690240694,3.327849337478469,Joni Ernst,R,True,False,-1.0,1,0,True,True,,True,True,most_recent_completed_presidential_election,True,validated_scorable,Donald Trump,R,-1.0,0,49.3,42.5,6.8,True,46.0,52.0,-6.0,-4.0,6.0,4.0,2020-10-16,2020-10-27,True,RealClearPolitics final 2020 generic congressional ballot average,Gallup presidential job approval,verified,Final pre-election RCP and Gallup observations,True,PASSED,True,True,
2020_ID,2020,2020-11-03,ID,Idaho,2,ID_CLASS_2,regular,False,-30.641627543035987,R,2016,-36.620353361611166,5.978725818575178,James E. Risch,R,False,True,0.0,0,1,True,True,,True,True,most_recent_completed_presidential_election,True,validated_scorable,Donald Trump,R,-1.0,0,49.3,42.5,6.8,True,46.0,52.0,-6.0,-4.0,6.0,4.0,2020-10-16,2020-10-27,True,RealClearPolitics final 2020 generic congressional ballot average,Gallup presidential job approval,verified,Final pre-election RCP and Gallup observations,True,PASSED,True,True,
2020_IL,2020,2020-11-03,IL,Illinois,2,IL_CLASS_2,regular,False,17.129742087590202,D,2016,18.04010278142296,-0.9103606938327572,Richard J. Durbin,D,True,False,1.0,1,0,True,True,,True,True,most_recent_completed_presidential_election,True,validated_scorable,Donald Trump,R,-1.0,0,49.3,42.5,6.8,True,46.0,52.0,-6.0,-4.0,6.0,4.0,2020-10-16,2020-10-27,True,RealClearPolitics final 2020 generic congressional ballot average,Gallup presidential job approval,verified,Final pre-election RCP and Gallup observations,True,PASSED,True,True,
2020_KS,2020,2020-11-03,KS,Kansas,2,KS_CLASS_2,regular,False,-12.0379348237619,R,2016,-22.22294068521333,10.185005861451431,Pat Roberts,R,False,True,0.0,0,1,True,True,,True,True,most_recent_completed_presidential_election,True,validated_scorable,Donald Trump,R,-1.0,0,49.3,42.5,6.8,True,46.0,52.0,-6.0,-4.0,6.0,4.0,2020-10-16,2020-10-27,True,RealClearPolitics final 2020 generic congressional ballot average,Gallup presidential job approval,verified,Final pre-election RCP and Gallup observations,True,PASSED,True,True,
2020_KY,2020,2020-11-03,KY,Kentucky,2,KY_CLASS_2,regular,False,-20.348541061255716,R,2016,-31.341258035019727,10.992716973764011,Mitch McConnell,R,True,False,-1.0,1,0,True,True,,True,True,most_recent_completed_presidential_election,True,validated_scorable,Donald Trump,R,-1.0,0,49.3,42.5,6.8,True,46.0,52.0,-6.0,-4.0,6.0,4.0,2020-10-16,2020-10-27,True,RealClearPolitics final 2020 generic congressional ballot average,Gallup presidential job approval,verified,Final pre-election RCP and Gallup observations,True,PASSED,True,True,
2020_LA,2020,2020-11-03,LA,Louisiana,2,LA_CLASS_2,regular,False,-51.44061118070289,R,2016,-20.343354475615584,-31.097256705087304,Bill Cassidy,R,True,False,-1.0,1,0,True,True,,True,True,most_recent_completed_presidential_election,True,validated_scorable,Donald Trump,R,-1.0,0,49.3,42.5,6.8,True,46.0,52.0,-6.0,-4.0,6.0,4.0,2020-10-16,2020-10-27,True,RealClearPolitics final 2020 generic congressional ballot average,Gallup presidential job approval,verified,Final pre-election RCP and Gallup observations,True,PASSED,True,True,
2020_MA,2020,2020-11-03,MA,Massachusetts,2,MA_CLASS_2,regular,False,33.37630608212415,D,2016,29.302557379258985,4.073748702865167,Edward J. Markey,D,True,False,1.0,1,0,True,True,,True,True,most_recent_completed_presidential_election,True,validated_scorable,Donald Trump,R,-1.0,0,49.3,42.5,6.8,True,46.0,52.0,-6.0,-4.0,6.0,4.0,2020-10-16,2020-10-27,True,RealClearPolitics final 2020 generic congressional ballot average,Gallup presidential job approval,verified,Final pre-election RCP and Gallup observations,True,PASSED,True,True,
2020_ME,2020,2020-11-03,ME,Maine,2,ME_CLASS_2,regular,False,-9.20707886851065,R,2016,3.1935822583250655,-12.400661126835717,Susan M. Collins,R,True,False,-1.0,1,0,True,True,,True,True,most_recent_completed_presidential_election,True,validated_scorable,Donald Trump,R,-1.0,0,49.3,42.5,6.8,True,46.0,52.0,-6.0,-4.0,6.0,4.0,2020-10-16,2020-10-27,True,RealClearPolitics final 2020 generic congressional ballot average,Gallup presidential job approval,verified,Final pre-election RCP and Gallup observations,True,PASSED,True,True,
2020_MI,2020,2020-11-03,MI,Michigan,2,MI_CLASS_2,regular,False,1.7172850548123364,D,2016,-0.235336433923095,1.9526214887354312,Gary C. Peters,D,True,False,1.0,1,0,True,True,,True,True,most_recent_completed_presidential_election,True,validated_scorable,Donald Trump,R,-1.0,0,49.3,42.5,6.8,True,46.0,52.0,-6.0,-4.0,6.0,4.0,2020-10-16,2020-10-27,True,RealClearPolitics final 2020 generic congressional ballot average,Gallup presidential job approval,verified,Final pre-election RCP and Gallup observations,True,PASSED,True,True,
2020_MN,2020,2020-11-03,MN,Minnesota,2,MN_CLASS_2,regular,False,5.679457423042791,D,2016,1.6633874143609688,4.016070008681822,Tina Smith,D,True,False,1.0,1,0,True,True,,True,True,most_recent_completed_presidential_election,True,validated_scorable,Donald Trump,R,-1.0,0,49.3,42.5,6.8,True,46.0,52.0,-6.0,-4.0,6.0,4.0,2020-10-16,2020-10-27,True,RealClearPolitics final 2020 generic congressional ballot average,Gallup presidential job approval,verified,Final pre-election RCP and Gallup observations,True,PASSED,True,True,
2020_MS,2020,2020-11-03,MS,Mississippi,2,MS_CLASS_2,regular,False,-10.155239628567571,R,2016,-18.17969464812012,8.024455019552548,Cindy Hyde-Smith,R,True,False,-1.0,1,0,True,True,,True,True,most_recent_completed_presidential_election,True,validated_scorable,Donald Trump,R,-1.0,0,49.3,42.5,6.8,True,46.0,52.0,-6.0,-4.0,6.0,4.0,2020-10-16,2020-10-27,True,RealClearPolitics final 2020 generic congressional ballot average,Gallup presidential job approval,verified,Final pre-election RCP and Gallup observations,True,PASSED,True,True,
2020_MT,2020,2020-11-03,MT,Montana,2,MT_CLASS_2,regular,False,-10.024321499512084,R,2016,-22.21932863404888,12.195007134536796,Steve Daines,R,True,False,-1.0,1,0,True,True,,True,True,most_recent_completed_presidential_election,True,validated_scorable,Donald Trump,R,-1.0,0,49.3,42.5,6.8,True,46.0,52.0,-6.0,-4.0,6.0,4.0,2020-10-16,2020-10-27,True,RealClearPolitics final 2020 generic congressional ballot average,Gallup presidential job approval,verified,Final pre-election RCP and Gallup observations,True,PASSED,True,True,
2020_NC,2020,2020-11-03,NC,North Carolina,2,NC_CLASS_2,regular,False,-1.826603939251612,R,2016,-3.807491607437427,1.9808876681858152,Thom Tillis,R,True,False,-1.0,1,0,True,True,,True,True,most_recent_completed_presidential_election,True,validated_scorable,Donald Trump,R,-1.0,0,49.3,42.5,6.8,True,46.0,52.0,-6.0,-4.0,6.0,4.0,2020-10-16,2020-10-27,True,RealClearPolitics final 2020 generic congressional ballot average,Gallup presidential job approval,verified,Final pre-election RCP and Gallup observations,True,PASSED,True,True,
2020_NE,2020,2020-11-03,NE,Nebraska,2,NE_CLASS_2,regular,False,-43.95175515420045,R,2016,-27.095348226355146,-16.856406927845303,Ben Sasse,R,True,False,-1.0,1,0,True,True,,True,True,most_recent_completed_presidential_election,True,validated_scorable,Donald Trump,R,-1.0,0,49.3,42.5,6.8,True,46.0,52.0,-6.0,-4.0,6.0,4.0,2020-10-16,2020-10-27,True,RealClearPolitics final 2020 generic congressional ballot average,Gallup presidential job approval,verified,Final pre-election RCP and Gallup observations,True,PASSED,True,True,
2020_NH,2020,2020-11-03,NH,New Hampshire,2,NH_CLASS_2,regular,False,16.02932792111268,D,2016,0.3940568847614116,15.63527103635127,Jeanne Shaheen,D,True,False,1.0,1,0,True,True,,True,True,most_recent_completed_presidential_election,True,validated_scorable,Donald Trump,R,-1.0,0,49.3,42.5,6.8,True,46.0,52.0,-6.0,-4.0,6.0,4.0,2020-10-16,2020-10-27,True,RealClearPolitics final 2020 generic congressional ballot average,Gallup presidential job approval,verified,Final pre-election RCP and Gallup observations,True,PASSED,True,True,
2020_NJ,2020,2020-11-03,NJ,New Jersey,2,NJ_CLASS_2,regular,False,16.615139632373698,D,2016,14.56838028580259,2.0467593465711076,Cory A. Booker,D,True,False,1.0,1,0,True,True,,True,True,most_recent_completed_presidential_election,True,validated_scorable,Donald Trump,R,-1.0,0,49.3,42.5,6.8,True,46.0,52.0,-6.0,-4.0,6.0,4.0,2020-10-16,2020-10-27,True,RealClearPolitics final 2020 generic congressional ballot average,Gallup presidential job approval,verified,Final pre-election RCP and Gallup observations,True,PASSED,True,True,
2020_NM,2020,2020-11-03,NM,New Mexico,2,NM_CLASS_2,regular,False,6.27123541097869,D,2016,9.301589868648222,-3.0303544576695316,Tom Udall,D,False,True,0.0,0,1,True,True,,True,True,most_recent_completed_presidential_election,True,validated_scorable,Donald Trump,R,-1.0,0,49.3,42.5,6.8,True,46.0,52.0,-6.0,-4.0,6.0,4.0,2020-10-16,2020-10-27,True,RealClearPolitics final 2020 generic congressional ballot average,Gallup presidential job approval,verified,Final pre-election RCP and Gallup observations,True,PASSED,True,True,
2020_OK,2020,2020-11-03,OK,Oklahoma,2,OK_CLASS_2,regular,False,-31.525022113596386,R,2016,-38.60947447665626,7.084452363059874,James M. Inhofe,R,False,True,0.0,0,1,True,True,,True,True,most_recent_completed_presidential_election,True,validated_scorable,Donald Trump,R,-1.0,0,49.3,42.5,6.8,True,46.0,52.0,-6.0,-4.0,6.0,4.0,2020-10-16,2020-10-27,True,RealClearPolitics final 2020 generic congressional ballot average,Gallup presidential job approval,verified,Final pre-election RCP and Gallup observations,True,PASSED,True,True,
2020_OR,2020,2020-11-03,OR,Oregon,2,OR_CLASS_2,regular,False,18.274771796454655,D,2016,12.311677890108712,5.963093906345943,Jeff Merkley,D,True,False,1.0,1,0,True,True,,True,True,most_recent_completed_presidential_election,True,validated_scorable,Donald Trump,R,-1.0,0,49.3,42.5,6.8,True,46.0,52.0,-6.0,-4.0,6.0,4.0,2020-10-16,2020-10-27,True,RealClearPolitics final 2020 generic congressional ballot average,Gallup presidential job approval,verified,Final pre-election RCP and Gallup observations,True,PASSED,True,True,
2020_RI,2020,2020-11-03,RI,Rhode Island,2,RI_CLASS_2,regular,False,33.17984958322271,D,2016,16.621408185319623,16.55844139790309,Jack Reed,D,False,True,0.0,0,1,True,True,,True,True,most_recent_completed_presidential_election,True,validated_scorable,Donald Trump,R,-1.0,0,49.3,42.5,6.8,True,46.0,52.0,-6.0,-4.0,6.0,4.0,2020-10-16,2020-10-27,True,RealClearPolitics final 2020 generic congressional ballot average,Gallup presidential job approval,verified,Final pre-election RCP and Gallup observations,True,PASSED,True,True,
2020_SC,2020,2020-11-03,SC,South Carolina,2,SC_CLASS_2,regular,False,-10.415832481506795,R,2016,-14.92051272104804,4.504680239541244,Lindsey Graham,R,True,False,-1.0,1,0,True,True,,True,True,most_recent_completed_presidential_election,True,validated_scorable,Donald Trump,R,-1.0,0,49.3,42.5,6.8,True,46.0,52.0,-6.0,-4.0,6.0,4.0,2020-10-16,2020-10-27,True,RealClearPolitics final 2020 generic congressional ballot average,Gallup presidential job approval,verified,Final pre-election RCP and Gallup observations,True,PASSED,True,True,
2020_SD,2020,2020-11-03,SD,South Dakota,2,SD_CLASS_2,regular,False,-31.470495146578337,R,2016,-31.943716158862507,0.4732210122841707,Mike Rounds,R,True,False,-1.0,1,0,True,True,,True,True,most_recent_completed_presidential_election,True,validated_scorable,Donald Trump,R,-1.0,0,49.3,42.5,6.8,True,46.0,52.0,-6.0,-4.0,6.0,4.0,2020-10-16,2020-10-27,True,RealClearPolitics final 2020 generic congressional ballot average,Gallup presidential job approval,verified,Final pre-election RCP and Gallup observations,True,PASSED,True,True,
2020_TN,2020,2020-11-03,TN,Tennessee,2,TN_CLASS_2,regular,False,-27.770345608038824,R,2016,-27.248686090523975,-0.5216595175148484,Lamar Alexander,R,False,True,0.0,0,1,True,True,,True,True,most_recent_completed_presidential_election,True,validated_scorable,Donald Trump,R,-1.0,0,49.3,42.5,6.8,True,46.0,52.0,-6.0,-4.0,6.0,4.0,2020-10-16,2020-10-27,True,RealClearPolitics final 2020 generic congressional ballot average,Gallup presidential job approval,verified,Final pre-election RCP and Gallup observations,True,PASSED,True,True,
2020_TX,2020,2020-11-03,TX,Texas,2,TX_CLASS_2,regular,False,-9.899042062075353,R,2016,-9.42645115594398,-0.4725909061313729,John Cornyn,R,True,False,-1.0,1,0,True,True,,True,True,most_recent_completed_presidential_election,True,validated_scorable,Donald Trump,R,-1.0,0,49.3,42.5,6.8,True,46.0,52.0,-6.0,-4.0,6.0,4.0,2020-10-16,2020-10-27,True,RealClearPolitics final 2020 generic congressional ballot average,Gallup presidential job approval,verified,Final pre-election RCP and Gallup observations,True,PASSED,True,True,
2020_VA,2020,2020-11-03,VA,Virginia,2,VA_CLASS_2,regular,False,12.09582841271353,D,2016,5.6527525543094015,6.4430758584041286,Mark R. Warner,D,True,False,1.0,1,0,True,True,,True,True,most_recent_completed_presidential_election,True,validated_scorable,Donald Trump,R,-1.0,0,49.3,42.5,6.8,True,46.0,52.0,-6.0,-4.0,6.0,4.0,2020-10-16,2020-10-27,True,RealClearPolitics final 2020 generic congressional ballot average,Gallup presidential job approval,verified,Final pre-election RCP and Gallup observations,True,PASSED,True,True,
2020_WV,2020,2020-11-03,WV,West Virginia,2,WV_CLASS_2,regular,False,-44.49214332185656,R,2016,-44.32210450259154,-0.1700388192650166,Shelley Moore Capito,R,True,False,-1.0,1,0,True,True,,True,True,most_recent_completed_presidential_election,True,validated_scorable,Donald Trump,R,-1.0,0,49.3,42.5,6.8,True,46.0,52.0,-6.0,-4.0,6.0,4.0,2020-10-16,2020-10-27,True,RealClearPolitics final 2020 generic congressional ballot average,Gallup presidential job approval,verified,Final pre-election RCP and Gallup observations,True,PASSED,True,True,
2020_WY,2020,2020-11-03,WY,Wyoming,2,WY_CLASS_2,regular,False,-46.2715881653659,R,2016,-51.41063925830758,5.139051092941685,Michael B. Enzi,R,False,True,0.0,0,1,True,True,,True,True,most_recent_completed_presidential_election,True,validated_scorable,Donald Trump,R,-1.0,0,49.3,42.5,6.8,True,46.0,52.0,-6.0,-4.0,6.0,4.0,2020-10-16,2020-10-27,True,RealClearPolitics final 2020 generic congressional ballot average,Gallup presidential job approval,verified,Final pre-election RCP and Gallup observations,True,PASSED,True,True,
2022_AK,2022,2022-11-08,AK,Alaska,3,AK_CLASS_3,regular,False,,,2020,-10.523697447698623,,Lisa Murkowski,R,True,False,-1.0,1,0,False,False,Ranked-choice race; certified final-round major-party margin not yet ingested,True,False,most_recent_completed_presidential_election,True,not_scorable,Joe Biden,D,1.0,1,,,-1.2,False,41.3,54.2,-12.9,-8.700000000000003,-12.9,-8.700000000000003,,,True,FiveThirtyEight final 2022 generic-ballot average,RealClearPolling 2022 Biden approval reference,verified_existing_house_warehouse,Imported from canonical House historical national-environment warehouse; component percentages unavailable,True,PASSED,True,False,backtest_not_scorable
2022_AL,2022,2022-11-08,AL,Alabama,3,AL_CLASS_3,regular,False,-36.652984262818194,R,2020,-25.82274966670944,-10.830234596108752,Richard C. Shelby,R,False,True,0.0,0,1,True,True,,True,True,most_recent_completed_presidential_election,True,validated_scorable,Joe Biden,D,1.0,1,,,-1.2,False,41.3,54.2,-12.9,-8.700000000000003,-12.9,-8.700000000000003,,,True,FiveThirtyEight final 2022 generic-ballot average,RealClearPolling 2022 Biden approval reference,verified_existing_house_warehouse,Imported from canonical House historical national-environment warehouse; component percentages unavailable,True,PASSED,True,True,
2022_AR,2022,2022-11-08,AR,Arkansas,3,AR_CLASS_3,regular,False,-35.782880140816665,R,2020,-28.424866555966304,-7.358013584850362,John Boozman,R,True,False,-1.0,1,0,True,True,,True,True,most_recent_completed_presidential_election,True,validated_scorable,Joe Biden,D,1.0,1,,,-1.2,False,41.3,54.2,-12.9,-8.700000000000003,-12.9,-8.700000000000003,,,True,FiveThirtyEight final 2022 generic-ballot average,RealClearPolling 2022 Biden approval reference,verified_existing_house_warehouse,Imported from canonical House historical national-environment warehouse; component percentages unavailable,True,PASSED,True,True,
2022_AZ,2022,2022-11-08,AZ,Arizona,3,AZ_CLASS_3,regular,False,4.992147589578039,D,2020,0.3136633582586228,4.678484231319416,Mark Kelly,D,True,False,1.0,1,0,True,True,,True,True,most_recent_completed_presidential_election,True,validated_scorable,Joe Biden,D,1.0,1,,,-1.2,False,41.3,54.2,-12.9,-8.700000000000003,-12.9,-8.700000000000003,,,True,FiveThirtyEight final 2022 generic-ballot average,RealClearPolling 2022 Biden approval reference,verified_existing_house_warehouse,Imported from canonical House historical national-environment warehouse; component percentages unavailable,True,PASSED,True,True,
2022_CA_REGULAR,2022,2022-11-08,CA,California,3,CA_CLASS_3,regular,False,22.12900637700405,D,2020,29.81782272133514,-7.688816344331091,Alex Padilla,D,True,False,1.0,1,0,True,True,,True,True,most_recent_completed_presidential_election,True,validated_scorable,Joe Biden,D,1.0,1,,,-1.2,False,41.3,54.2,-12.9,-8.700000000000003,-12.9,-8.700000000000003,,,True,FiveThirtyEight final 2022 generic-ballot average,RealClearPolling 2022 Biden approval reference,verified_existing_house_warehouse,Imported from canonical House historical national-environment warehouse; component percentages unavailable,True,PASSED,True,True,
2022_CA_SPECIAL,2022,2022-11-08,CA,California,3,CA_CLASS_3,special,True,21.787140037865683,D,2020,29.81782272133514,-8.030682683469458,Alex Padilla,D,True,False,1.0,1,0,True,True,,True,True,most_recent_completed_presidential_election,True,validated_scorable,Joe Biden,D,1.0,1,,,-1.2,False,41.3,54.2,-12.9,-8.700000000000003,-12.9,-8.700000000000003,,,True,FiveThirtyEight final 2022 generic-ballot average,RealClearPolling 2022 Biden approval reference,verified_existing_house_warehouse,Imported from canonical House historical national-environment warehouse; component percentages unavailable,True,PASSED,True,True,
2022_CO,2022,2022-11-08,CO,Colorado,3,CO_CLASS_3,regular,False,15.047246386477951,D,2020,13.876638984600303,1.170607401877648,Michael F. Bennet,D,True,False,1.0,1,0,True,True,,True,True,most_recent_completed_presidential_election,True,validated_scorable,Joe Biden,D,1.0,1,,,-1.2,False,41.3,54.2,-12.9,-8.700000000000003,-12.9,-8.700000000000003,,,True,FiveThirtyEight final 2022 generic-ballot average,RealClearPolling 2022 Biden approval reference,verified_existing_house_warehouse,Imported from canonical House historical national-environment warehouse; component percentages unavailable,True,PASSED,True,True,
2022_FL,2022,2022-11-08,FL,Florida,3,FL_CLASS_3,regular,False,-16.587594994456367,R,2020,-3.389509324283111,-13.198085670173256,Marco Rubio,R,True,False,-1.0,1,0,True,True,,True,True,most_recent_completed_presidential_election,True,validated_scorable,Joe Biden,D,1.0,1,,,-1.2,False,41.3,54.2,-12.9,-8.700000000000003,-12.9,-8.700000000000003,,,True,FiveThirtyEight final 2022 generic-ballot average,RealClearPolling 2022 Biden approval reference,verified_existing_house_warehouse,Imported from canonical House historical national-environment warehouse; component percentages unavailable,True,PASSED,True,True,
2022_GA,2022,2022-11-08,GA,Georgia,3,GA_CLASS_3,regular,False,0.9774140180497994,D,2020,0.2386593258172951,0.7387546922325043,Raphael G. Warnock,D,True,False,1.0,1,0,True,True,,True,True,most_recent_completed_presidential_election,True,validated_scorable,Joe Biden,D,1.0,1,,,-1.2,False,41.3,54.2,-12.9,-8.700000000000003,-12.9,-8.700000000000003,,,True,FiveThirtyEight final 2022 generic-ballot average,RealClearPolling 2022 Biden approval reference,verified_existing_house_warehouse,Imported from canonical House historical national-environment warehouse; component percentages unavailable,True,PASSED,True,True,
2022_HI,2022,2022-11-08,HI,Hawaii,3,HI_CLASS_3,regular,False,46.45313302387402,D,2020,30.06532929302977,16.387803730844247,Brian Schatz,D,True,False,1.0,1,0,True,True,,True,True,most_recent_completed_presidential_election,True,validated_scorable,Joe Biden,D,1.0,1,,,-1.2,False,41.3,54.2,-12.9,-8.700000000000003,-12.9,-8.700000000000003,,,True,FiveThirtyEight final 2022 generic-ballot average,RealClearPolling 2022 Biden approval reference,verified_existing_house_warehouse,Imported from canonical House historical national-environment warehouse; component percentages unavailable,True,PASSED,True,True,
2022_IA,2022,2022-11-08,IA,Iowa,3,IA_CLASS_3,regular,False,-12.196840548191474,R,2020,-8.36652616927411,-3.8303143789173646,Chuck Grassley,R,True,False,-1.0,1,0,True,True,,True,True,most_recent_completed_presidential_election,True,validated_scorable,Joe Biden,D,1.0,1,,,-1.2,False,41.3,54.2,-12.9,-8.700000000000003,-12.9,-8.700000000000003,,,True,FiveThirtyEight final 2022 generic-ballot average,RealClearPolling 2022 Biden approval reference,verified_existing_house_warehouse,Imported from canonical House historical national-environment warehouse; component percentages unavailable,True,PASSED,True,True,
2022_ID,2022,2022-11-08,ID,Idaho,3,ID_CLASS_3,regular,False,-35.721031821889774,R,2020,-31.754285850155743,-3.966745971734031,Mike Crapo,R,True,False,-1.0,1,0,True,True,,True,True,most_recent_completed_presidential_election,True,validated_scorable,Joe Biden,D,1.0,1,,,-1.2,False,41.3,54.2,-12.9,-8.700000000000003,-12.9,-8.700000000000003,,,True,FiveThirtyEight final 2022 generic-ballot average,RealClearPolling 2022 Biden approval reference,verified_existing_house_warehouse,Imported from canonical House historical national-environment warehouse; component percentages unavailable,True,PASSED,True,True,
2022_IL,2022,2022-11-08,IL,Illinois,3,IL_CLASS_3,regular,False,15.584397861044309,D,2020,17.318087465613843,-1.733689604569534,Tammy Duckworth,D,True,False,1.0,1,0,True,True,,True,True,most_recent_completed_presidential_election,True,validated_scorable,Joe Biden,D,1.0,1,,,-1.2,False,41.3,54.2,-12.9,-8.700000000000003,-12.9,-8.700000000000003,,,True,FiveThirtyEight final 2022 generic-ballot average,RealClearPolling 2022 Biden approval reference,verified_existing_house_warehouse,Imported from canonical House historical national-environment warehouse; component percentages unavailable,True,PASSED,True,True,
2022_IN,2022,2022-11-08,IN,Indiana,3,IN_CLASS_3,regular,False,-21.495551038239668,R,2020,-16.390096014885927,-5.105455023353741,Todd Young,R,True,False,-1.0,1,0,True,True,,True,True,most_recent_completed_presidential_election,True,validated_scorable,Joe Biden,D,1.0,1,,,-1.2,False,41.3,54.2,-12.9,-8.700000000000003,-12.9,-8.700000000000003,,,True,FiveThirtyEight final 2022 generic-ballot average,RealClearPolling 2022 Biden approval reference,verified_existing_house_warehouse,Imported from canonical House historical national-environment warehouse; component percentages unavailable,True,PASSED,True,True,
2022_KS,2022,2022-11-08,KS,Kansas,3,KS_CLASS_3,regular,False,-23.66328612885694,R,2020,-14.9868565112627,-8.67642961759424,Jerry Moran,R,True,False,-1.0,1,0,True,True,,True,True,most_recent_completed_presidential_election,True,validated_scorable,Joe Biden,D,1.0,1,,,-1.2,False,41.3,54.2,-12.9,-8.700000000000003,-12.9,-8.700000000000003,,,True,FiveThirtyEight final 2022 generic-ballot average,RealClearPolling 2022 Biden approval reference,verified_existing_house_warehouse,Imported from canonical House historical national-environment warehouse; component percentages unavailable,True,PASSED,True,True,
2022_KY,2022,2022-11-08,KY,Kentucky,3,KY_CLASS_3,regular,False,-23.619806488332387,R,2020,-26.40020580052594,2.780399312193552,Rand Paul,R,True,False,-1.0,1,0,True,True,,True,True,most_recent_completed_presidential_election,True,validated_scorable,Joe Biden,D,1.0,1,,,-1.2,False,41.3,54.2,-12.9,-8.700000000000003,-12.9,-8.700000000000003,,,True,FiveThirtyEight final 2022 generic-ballot average,RealClearPolling 2022 Biden approval reference,verified_existing_house_warehouse,Imported from canonical House historical national-environment warehouse; component percentages unavailable,True,PASSED,True,True,
2022_LA,2022,2022-11-08,LA,Louisiana,3,LA_CLASS_3,regular,False,-55.0418251781291,R,2020,-18.928880912582105,-36.112944265547,John Kennedy,R,True,False,-1.0,1,0,True,True,,True,True,most_recent_completed_presidential_election,True,validated_scorable,Joe Biden,D,1.0,1,,,-1.2,False,41.3,54.2,-12.9,-8.700000000000003,-12.9,-8.700000000000003,,,True,FiveThirtyEight final 2022 generic-ballot average,RealClearPolling 2022 Biden approval reference,verified_existing_house_warehouse,Imported from canonical House historical national-environment warehouse; component percentages unavailable,True,PASSED,True,True,
2022_MD,2022,2022-11-08,MD,Maryland,3,MD_CLASS_3,regular,False,31.743055937654752,D,2020,34.058094094184675,-2.3150381565299227,Chris Van Hollen,D,True,False,1.0,1,0,True,True,,True,True,most_recent_completed_presidential_election,True,validated_scorable,Joe Biden,D,1.0,1,,,-1.2,False,41.3,54.2,-12.9,-8.700000000000003,-12.9,-8.700000000000003,,,True,FiveThirtyEight final 2022 generic-ballot average,RealClearPolling 2022 Biden approval reference,verified_existing_house_warehouse,Imported from canonical House historical national-environment warehouse; component percentages unavailable,True,PASSED,True,True,
2022_MO,2022,2022-11-08,MO,Missouri,3,MO_CLASS_3,regular,False,-13.652645873736844,R,2020,-15.671641288802888,2.018995415066044,Roy Blunt,R,False,True,0.0,0,1,True,True,,True,True,most_recent_completed_presidential_election,True,validated_scorable,Joe Biden,D,1.0,1,,,-1.2,False,41.3,54.2,-12.9,-8.700000000000003,-12.9,-8.700000000000003,,,True,FiveThirtyEight final 2022 generic-ballot average,RealClearPolling 2022 Biden approval reference,verified_existing_house_warehouse,Imported from canonical House historical national-environment warehouse; component percentages unavailable,True,PASSED,True,True,
2022_NC,2022,2022-11-08,NC,North Carolina,3,NC_CLASS_3,regular,False,-3.299253218639862,R,2020,-1.3683650663734426,-1.9308881522664192,Richard Burr,R,False,True,0.0,0,1,True,True,,True,True,most_recent_completed_presidential_election,True,validated_scorable,Joe Biden,D,1.0,1,,,-1.2,False,41.3,54.2,-12.9,-8.700000000000003,-12.9,-8.700000000000003,,,True,FiveThirtyEight final 2022 generic-ballot average,RealClearPolling 2022 Biden approval reference,verified_existing_house_warehouse,Imported from canonical House historical national-environment warehouse; component percentages unavailable,True,PASSED,True,True,
2022_ND,2022,2022-11-08,ND,North Dakota,3,ND_CLASS_3,regular,False,-38.61430712798449,R,2020,-34.43481684579326,-4.179490282191232,John Hoeven,R,True,False,-1.0,1,0,True,True,,True,True,most_recent_completed_presidential_election,True,validated_scorable,Joe Biden,D,1.0,1,,,-1.2,False,41.3,54.2,-12.9,-8.700000000000003,-12.9,-8.700000000000003,,,True,FiveThirtyEight final 2022 generic-ballot average,RealClearPolling 2022 Biden approval reference,verified_existing_house_warehouse,Imported from canonical House historical national-environment warehouse; component percentages unavailable,True,PASSED,True,True,
2022_NH,2022,2022-11-08,NH,New Hampshire,3,NH_CLASS_3,regular,False,9.349948447759571,D,2020,7.496695443190077,1.8532530045694935,Margaret Wood Hassan,D,False,True,0.0,0,1,True,True,,True,True,most_recent_completed_presidential_election,True,validated_scorable,Joe Biden,D,1.0,1,,,-1.2,False,41.3,54.2,-12.9,-8.700000000000003,-12.9,-8.700000000000003,,,True,FiveThirtyEight final 2022 generic-ballot average,RealClearPolling 2022 Biden approval reference,verified_existing_house_warehouse,Imported from canonical House historical national-environment warehouse; component percentages unavailable,True,PASSED,True,True,
2022_NV,2022,2022-11-08,NV,Nevada,3,NV_CLASS_3,regular,False,0.801857785545522,D,2020,2.446234680087614,-1.6443768945420918,Catherine Cortez Masto,D,True,False,1.0,1,0,True,True,,True,True,most_recent_completed_presidential_election,True,validated_scorable,Joe Biden,D,1.0,1,,,-1.2,False,41.3,54.2,-12.9,-8.700000000000003,-12.9,-8.700000000000003,,,True,FiveThirtyEight final 2022 generic-ballot average,RealClearPolling 2022 Biden approval reference,verified_existing_house_warehouse,Imported from canonical House historical national-environment warehouse; component percentages unavailable,True,PASSED,True,True,
2022_NY,2022,2022-11-08,NY,New York,3,NY_CLASS_3,regular,False,14.075069326686034,D,2020,23.433669786024495,-9.358600459338462,Charles E. Schumer,D,True,False,1.0,1,0,True,True,,True,True,most_recent_completed_presidential_election,True,validated_scorable,Joe Biden,D,1.0,1,,,-1.2,False,41.3,54.2,-12.9,-8.700000000000003,-12.9,-8.700000000000003,,,True,FiveThirtyEight final 2022 generic-ballot average,RealClearPolling 2022 Biden approval reference,verified_existing_house_warehouse,Imported from canonical House historical national-environment warehouse; component percentages unavailable,True,PASSED,True,True,
2022_OH,2022,2022-11-08,OH,Ohio,3,OH_CLASS_3,regular,False,-6.114454849606801,R,2020,-8.153395295405431,2.03894044579863,Rob Portman,R,False,True,0.0,0,1,True,True,,True,True,most_recent_completed_presidential_election,True,validated_scorable,Joe Biden,D,1.0,1,,,-1.2,False,41.3,54.2,-12.9,-8.700000000000003,-12.9,-8.700000000000003,,,True,FiveThirtyEight final 2022 generic-ballot average,RealClearPolling 2022 Biden approval reference,verified_existing_house_warehouse,Imported from canonical House historical national-environment warehouse; component percentages unavailable,True,PASSED,True,True,
2022_OK_REGULAR,2022,2022-11-08,OK,Oklahoma,3,OK_CLASS_3,regular,False,-33.40665086133072,R,2020,-33.88007899381302,0.4734281324823044,James Lankford,R,True,False,-1.0,1,0,True,True,,True,True,most_recent_completed_presidential_election,True,validated_scorable,Joe Biden,D,1.0,1,,,-1.2,False,41.3,54.2,-12.9,-8.700000000000003,-12.9,-8.700000000000003,,,True,FiveThirtyEight final 2022 generic-ballot average,RealClearPolling 2022 Biden approval reference,verified_existing_house_warehouse,Imported from canonical House historical national-environment warehouse; component percentages unavailable,True,PASSED,True,True,
2022_OK_SPECIAL,2022,2022-11-08,OK,Oklahoma,2,OK_CLASS_2,special,True,-27.35172468172955,R,2020,-33.88007899381302,6.528354312083472,James M. Inhofe,R,False,True,0.0,0,1,True,True,,True,True,most_recent_completed_presidential_election,True,validated_scorable,Joe Biden,D,1.0,1,,,-1.2,False,41.3,54.2,-12.9,-8.700000000000003,-12.9,-8.700000000000003,,,True,FiveThirtyEight final 2022 generic-ballot average,RealClearPolling 2022 Biden approval reference,verified_existing_house_warehouse,Imported from canonical House historical national-environment warehouse; component percentages unavailable,True,PASSED,True,True,
2022_OR,2022,2022-11-08,OR,Oregon,3,OR_CLASS_3,regular,False,15.408528397166307,D,2020,16.614313970883458,-1.2057855737171508,Ron Wyden,D,True,False,1.0,1,0,True,True,,True,True,most_recent_completed_presidential_election,True,validated_scorable,Joe Biden,D,1.0,1,,,-1.2,False,41.3,54.2,-12.9,-8.700000000000003,-12.9,-8.700000000000003,,,True,FiveThirtyEight final 2022 generic-ballot average,RealClearPolling 2022 Biden approval reference,verified_existing_house_warehouse,Imported from canonical House historical national-environment warehouse; component percentages unavailable,True,PASSED,True,True,
2022_PA,2022,2022-11-08,PA,Pennsylvania,3,PA_CLASS_3,regular,False,5.035095542957677,D,2020,1.178410518698115,3.856685024259562,Patrick J. Toomey,R,False,True,0.0,0,1,True,True,,True,True,most_recent_completed_presidential_election,True,validated_scorable,Joe Biden,D,1.0,1,,,-1.2,False,41.3,54.2,-12.9,-8.700000000000003,-12.9,-8.700000000000003,,,True,FiveThirtyEight final 2022 generic-ballot average,RealClearPolling 2022 Biden approval reference,verified_existing_house_warehouse,Imported from canonical House historical national-environment warehouse; component percentages unavailable,True,PASSED,True,True,
2022_SC,2022,2022-11-08,SC,South Carolina,3,SC_CLASS_3,regular,False,-25.896486784856165,R,2020,-11.853217499164188,-14.043269285691975,Tim Scott,R,True,False,-1.0,1,0,True,True,,True,True,most_recent_completed_presidential_election,True,validated_scorable,Joe Biden,D,1.0,1,,,-1.2,False,41.3,54.2,-12.9,-8.700000000000003,-12.9,-8.700000000000003,,,True,FiveThirtyEight final 2022 generic-ballot average,RealClearPolling 2022 Biden approval reference,verified_existing_house_warehouse,Imported from canonical House historical national-environment warehouse; component percentages unavailable,True,PASSED,True,True,
2022_SD,2022,2022-11-08,SD,South Dakota,3,SD_CLASS_3,regular,False,-45.39410721732374,R,2020,-26.869559723362997,-18.524547493960743,John Thune,R,True,False,-1.0,1,0,True,True,,True,True,most_recent_completed_presidential_election,True,validated_scorable,Joe Biden,D,1.0,1,,,-1.2,False,41.3,54.2,-12.9,-8.700000000000003,-12.9,-8.700000000000003,,,True,FiveThirtyEight final 2022 generic-ballot average,RealClearPolling 2022 Biden approval reference,verified_existing_house_warehouse,Imported from canonical House historical national-environment warehouse; component percentages unavailable,True,PASSED,True,True,
2022_UT,2022,2022-11-08,UT,Utah,3,UT_CLASS_3,regular,False,-10.854978816433643,R,2020,-21.387210243703265,10.532231427269622,Mike Lee,R,True,False,-1.0,1,0,True,True,,True,True,most_recent_completed_presidential_election,True,validated_scorable,Joe Biden,D,1.0,1,,,-1.2,False,41.3,54.2,-12.9,-8.700000000000003,-12.9,-8.700000000000003,,,True,FiveThirtyEight final 2022 generic-ballot average,RealClearPolling 2022 Biden approval reference,verified_existing_house_warehouse,Imported from canonical House historical national-environment warehouse; component percentages unavailable,True,PASSED,True,True,
2022_VT,2022,2022-11-08,VT,Vermont,3,VT_CLASS_3,regular,False,41.90937868850685,D,2020,36.59837310561312,5.311005582893728,Patrick J. Leahy,D,False,True,0.0,0,1,True,True,,True,True,most_recent_completed_presidential_election,True,validated_scorable,Joe Biden,D,1.0,1,,,-1.2,False,41.3,54.2,-12.9,-8.700000000000003,-12.9,-8.700000000000003,,,True,FiveThirtyEight final 2022 generic-ballot average,RealClearPolling 2022 Biden approval reference,verified_existing_house_warehouse,Imported from canonical House historical national-environment warehouse; component percentages unavailable,True,PASSED,True,True,
2022_WA,2022,2022-11-08,WA,Washington,3,WA_CLASS_3,regular,False,14.550585979180894,D,2020,19.851006369581384,-5.30042039040049,Patty Murray,D,True,False,1.0,1,0,True,True,,True,True,most_recent_completed_presidential_election,True,validated_scorable,Joe Biden,D,1.0,1,,,-1.2,False,41.3,54.2,-12.9,-8.700000000000003,-12.9,-8.700000000000003,,,True,FiveThirtyEight final 2022 generic-ballot average,RealClearPolling 2022 Biden approval reference,verified_existing_house_warehouse,Imported from canonical House historical national-environment warehouse; component percentages unavailable,True,PASSED,True,True,
2022_WI,2022,2022-11-08,WI,Wisconsin,3,WI_CLASS_3,regular,False,-1.0091205339674616,R,2020,0.6381265330679895,-1.647247067035451,Ron Johnson,R,True,False,-1.0,1,0,True,True,,True,True,most_recent_completed_presidential_election,True,validated_scorable,Joe Biden,D,1.0,1,,,-1.2,False,41.3,54.2,-12.9,-8.700000000000003,-12.9,-8.700000000000003,,,True,FiveThirtyEight final 2022 generic-ballot average,RealClearPolling 2022 Biden approval reference,verified_existing_house_warehouse,Imported from canonical House historical national-environment warehouse; component percentages unavailable,True,PASSED,True,True,
2024_AZ,2024,2024-11-05,AZ,Arizona,1,AZ_CLASS_1,regular,False,2.4624583141814895,D,2020,0.3136633582586228,2.1487949559228667,Kyrsten Sinema,D,False,True,0.0,0,1,True,True,,True,True,most_recent_completed_presidential_election,True,validated_scorable,Joe Biden,D,1.0,0,46.7,47.0,-0.3,True,41.0,56.0,-15.0,-9.0,-15.0,-9.0,2024-10-14,2024-10-27,True,RealClearPolitics final 2024 generic congressional ballot average,Gallup presidential job approval,verified,Final archived RCP endpoint and latest Gallup observation completed before Election Day,True,PASSED,True,True,
2024_CA_REGULAR,2024,2024-11-05,CA,California,1,CA_CLASS_1,regular,False,17.745034382389406,D,2020,29.81782272133514,-12.072788338945736,Laphonza R. Butler,D,False,True,0.0,0,1,True,True,,True,True,most_recent_completed_presidential_election,True,validated_scorable,Joe Biden,D,1.0,0,46.7,47.0,-0.3,True,41.0,56.0,-15.0,-9.0,-15.0,-9.0,2024-10-14,2024-10-27,True,RealClearPolitics final 2024 generic congressional ballot average,Gallup presidential job approval,verified,Final archived RCP endpoint and latest Gallup observation completed before Election Day,True,PASSED,True,True,
2024_CA_SPECIAL,2024,2024-11-05,CA,California,1,CA_CLASS_1,special,True,17.50078847533601,D,2020,29.81782272133514,-12.317034245999132,Laphonza R. Butler,D,False,True,0.0,0,1,True,True,,True,True,most_recent_completed_presidential_election,True,validated_scorable,Joe Biden,D,1.0,0,46.7,47.0,-0.3,True,41.0,56.0,-15.0,-9.0,-15.0,-9.0,2024-10-14,2024-10-27,True,RealClearPolitics final 2024 generic congressional ballot average,Gallup presidential job approval,verified,Final archived RCP endpoint and latest Gallup observation completed before Election Day,True,PASSED,True,True,
2024_CT,2024,2024-11-05,CT,Connecticut,1,CT_CLASS_1,regular,False,19.20478918086353,D,2020,20.39009817615569,-1.1853089952921607,Christopher Murphy,D,True,False,1.0,1,0,True,True,,True,True,most_recent_completed_presidential_election,True,validated_scorable,Joe Biden,D,1.0,0,46.7,47.0,-0.3,True,41.0,56.0,-15.0,-9.0,-15.0,-9.0,2024-10-14,2024-10-27,True,RealClearPolitics final 2024 generic congressional ballot average,Gallup presidential job approval,verified,Final archived RCP endpoint and latest Gallup observation completed before Election Day,True,PASSED,True,True,
2024_DE,2024,2024-11-05,DE,Delaware,1,DE_CLASS_1,regular,False,17.782937775828344,D,2020,19.253488329968945,-1.4705505541406012,Thomas R. Carper,D,False,True,0.0,0,1,True,True,,True,True,most_recent_completed_presidential_election,True,validated_scorable,Joe Biden,D,1.0,0,46.7,47.0,-0.3,True,41.0,56.0,-15.0,-9.0,-15.0,-9.0,2024-10-14,2024-10-27,True,RealClearPolitics final 2024 generic congressional ballot average,Gallup presidential job approval,verified,Final archived RCP endpoint and latest Gallup observation completed before Election Day,True,PASSED,True,True,
2024_FL,2024,2024-11-05,FL,Florida,1,FL_CLASS_1,regular,False,-12.991751177582984,R,2020,-3.389509324283111,-9.602241853299873,Rick Scott,R,True,False,-1.0,1,0,True,True,,True,True,most_recent_completed_presidential_election,True,validated_scorable,Joe Biden,D,1.0,0,46.7,47.0,-0.3,True,41.0,56.0,-15.0,-9.0,-15.0,-9.0,2024-10-14,2024-10-27,True,RealClearPolitics final 2024 generic congressional ballot average,Gallup presidential job approval,verified,Final archived RCP endpoint and latest Gallup observation completed before Election Day,True,PASSED,True,True,
2024_HI,2024,2024-11-05,HI,Hawaii,1,HI_CLASS_1,regular,False,33.89004871259568,D,2020,30.06532929302977,3.824719419565909,Mazie K. Hirono,D,True,False,1.0,1,0,True,True,,True,True,most_recent_completed_presidential_election,True,validated_scorable,Joe Biden,D,1.0,0,46.7,47.0,-0.3,True,41.0,56.0,-15.0,-9.0,-15.0,-9.0,2024-10-14,2024-10-27,True,RealClearPolitics final 2024 generic congressional ballot average,Gallup presidential job approval,verified,Final archived RCP endpoint and latest Gallup observation completed before Election Day,True,PASSED,True,True,
2024_IN,2024,2024-11-05,IN,Indiana,1,IN_CLASS_1,regular,False,-20.401222284822257,R,2020,-16.390096014885927,-4.01112626993633,Mike Braun,R,False,True,0.0,0,1,True,True,,True,True,most_recent_completed_presidential_election,True,validated_scorable,Joe Biden,D,1.0,0,46.7,47.0,-0.3,True,41.0,56.0,-15.0,-9.0,-15.0,-9.0,2024-10-14,2024-10-27,True,RealClearPolitics final 2024 generic congressional ballot average,Gallup presidential job approval,verified,Final archived RCP endpoint and latest Gallup observation completed before Election Day,True,PASSED,True,True,
2024_MA,2024,2024-11-05,MA,Massachusetts,1,MA_CLASS_1,regular,False,19.847565736102283,D,2020,34.2310990802963,-14.38353334419402,Elizabeth Warren,D,True,False,1.0,1,0,True,True,,True,True,most_recent_completed_presidential_election,True,validated_scorable,Joe Biden,D,1.0,0,46.7,47.0,-0.3,True,41.0,56.0,-15.0,-9.0,-15.0,-9.0,2024-10-14,2024-10-27,True,RealClearPolitics final 2024 generic congressional ballot average,Gallup presidential job approval,verified,Final archived RCP endpoint and latest Gallup observation completed before Election Day,True,PASSED,True,True,
2024_MD,2024,2024-11-05,MD,Maryland,1,MD_CLASS_1,regular,False,12.106519772814307,D,2020,34.058094094184675,-21.95157432137037,Benjamin L. Cardin,D,False,True,0.0,0,1,True,True,,True,True,most_recent_completed_presidential_election,True,validated_scorable,Joe Biden,D,1.0,0,46.7,47.0,-0.3,True,41.0,56.0,-15.0,-9.0,-15.0,-9.0,2024-10-14,2024-10-27,True,RealClearPolitics final 2024 generic congressional ballot average,Gallup presidential job approval,verified,Final archived RCP endpoint and latest Gallup observation completed before Election Day,True,PASSED,True,True,
2024_ME,2024,2024-11-05,ME,Maine,1,ME_CLASS_1,regular,False,-52.38528939832685,R,2020,9.34080916400795,-61.7260985623348,"Angus S. King, Jr.",D,False,True,0.0,0,1,True,False,Independent winner; D-R margin does not represent race outcome,True,False,most_recent_completed_presidential_election,True,not_scorable,Joe Biden,D,1.0,0,46.7,47.0,-0.3,True,41.0,56.0,-15.0,-9.0,-15.0,-9.0,2024-10-14,2024-10-27,True,RealClearPolitics final 2024 generic congressional ballot average,Gallup presidential job approval,verified,Final archived RCP endpoint and latest Gallup observation completed before Election Day,True,PASSED,True,False,backtest_not_scorable
2024_MI,2024,2024-11-05,MI,Michigan,1,MI_CLASS_1,regular,False,0.3515485263113902,D,2020,2.8271186888189135,-2.4755701625075233,Debbie Stabenow,D,False,True,0.0,0,1,True,True,,True,True,most_recent_completed_presidential_election,True,validated_scorable,Joe Biden,D,1.0,0,46.7,47.0,-0.3,True,41.0,56.0,-15.0,-9.0,-15.0,-9.0,2024-10-14,2024-10-27,True,RealClearPolitics final 2024 generic congressional ballot average,Gallup presidential job approval,verified,Final archived RCP endpoint and latest Gallup observation completed before Election Day,True,PASSED,True,True,
2024_MN,2024,2024-11-05,MN,Minnesota,1,MN_CLASS_1,regular,False,16.235543437695867,D,2020,7.279027297133339,8.956516140562528,Amy Klobuchar,D,True,False,1.0,1,0,True,True,,True,True,most_recent_completed_presidential_election,True,validated_scorable,Joe Biden,D,1.0,0,46.7,47.0,-0.3,True,41.0,56.0,-15.0,-9.0,-15.0,-9.0,2024-10-14,2024-10-27,True,RealClearPolitics final 2024 generic congressional ballot average,Gallup presidential job approval,verified,Final archived RCP endpoint and latest Gallup observation completed before Election Day,True,PASSED,True,True,
2024_MO,2024,2024-11-05,MO,Missouri,1,MO_CLASS_1,regular,False,-14.096355376281892,R,2020,-15.671641288802888,1.5752859125209966,Josh Hawley,R,True,False,-1.0,1,0,True,True,,True,True,most_recent_completed_presidential_election,True,validated_scorable,Joe Biden,D,1.0,0,46.7,47.0,-0.3,True,41.0,56.0,-15.0,-9.0,-15.0,-9.0,2024-10-14,2024-10-27,True,RealClearPolitics final 2024 generic congressional ballot average,Gallup presidential job approval,verified,Final archived RCP endpoint and latest Gallup observation completed before Election Day,True,PASSED,True,True,
2024_MS,2024,2024-11-05,MS,Mississippi,1,MS_CLASS_1,regular,False,-25.624382405477704,R,2020,-16.76997165477772,-8.854410750699984,Roger F. Wicker,R,True,False,-1.0,1,0,True,True,,True,True,most_recent_completed_presidential_election,True,validated_scorable,Joe Biden,D,1.0,0,46.7,47.0,-0.3,True,41.0,56.0,-15.0,-9.0,-15.0,-9.0,2024-10-14,2024-10-27,True,RealClearPolitics final 2024 generic congressional ballot average,Gallup presidential job approval,verified,Final archived RCP endpoint and latest Gallup observation completed before Election Day,True,PASSED,True,True,
2024_MT,2024,2024-11-05,MT,Montana,1,MT_CLASS_1,regular,False,-7.278178886452224,R,2020,-16.794360184096206,9.516181297643982,Jon Tester,D,True,False,1.0,1,0,True,True,,True,True,most_recent_completed_presidential_election,True,validated_scorable,Joe Biden,D,1.0,0,46.7,47.0,-0.3,True,41.0,56.0,-15.0,-9.0,-15.0,-9.0,2024-10-14,2024-10-27,True,RealClearPolitics final 2024 generic congressional ballot average,Gallup presidential job approval,verified,Final archived RCP endpoint and latest Gallup observation completed before Election Day,True,PASSED,True,True,
2024_ND,2024,2024-11-05,ND,North Dakota,1,ND_CLASS_1,regular,False,-33.03319923672319,R,2020,-34.43481684579326,1.4016176090700654,Kevin Cramer,R,True,False,-1.0,1,0,True,True,,True,True,most_recent_completed_presidential_election,True,validated_scorable,Joe Biden,D,1.0,0,46.7,47.0,-0.3,True,41.0,56.0,-15.0,-9.0,-15.0,-9.0,2024-10-14,2024-10-27,True,RealClearPolitics final 2024 generic congressional ballot average,Gallup presidential job approval,verified,Final archived RCP endpoint and latest Gallup observation completed before Election Day,True,PASSED,True,True,
2024_NE_REGULAR,2024,2024-11-05,NE,Nebraska,1,NE_CLASS_1,regular,False,-6.694085293448069,R,2020,-19.56810449320345,12.87401919975538,Deb Fischer,R,True,False,-1.0,1,0,True,True,,True,True,most_recent_completed_presidential_election,True,validated_scorable,Joe Biden,D,1.0,0,46.7,47.0,-0.3,True,41.0,56.0,-15.0,-9.0,-15.0,-9.0,2024-10-14,2024-10-27,True,RealClearPolitics final 2024 generic congressional ballot average,Gallup presidential job approval,verified,Final archived RCP endpoint and latest Gallup observation completed before Election Day,True,PASSED,True,True,
2024_NE_SPECIAL,2024,2024-11-05,NE,Nebraska,2,NE_CLASS_2,special,True,-25.155052646777293,R,2020,-19.56810449320345,-5.586948153573843,Pete Ricketts,R,True,False,-1.0,1,0,True,True,,True,True,most_recent_completed_presidential_election,True,validated_scorable,Joe Biden,D,1.0,0,46.7,47.0,-0.3,True,41.0,56.0,-15.0,-9.0,-15.0,-9.0,2024-10-14,2024-10-27,True,RealClearPolitics final 2024 generic congressional ballot average,Gallup presidential job approval,verified,Final archived RCP endpoint and latest Gallup observation completed before Election Day,True,PASSED,True,True,
2024_NJ,2024,2024-11-05,NJ,New Jersey,1,NJ_CLASS_1,regular,False,9.857537839129066,D,2020,16.142567173589683,-6.285029334460617,George S. Helmy,D,False,True,0.0,0,1,True,True,,True,True,most_recent_completed_presidential_election,True,validated_scorable,Joe Biden,D,1.0,0,46.7,47.0,-0.3,True,41.0,56.0,-15.0,-9.0,-15.0,-9.0,2024-10-14,2024-10-27,True,RealClearPolitics final 2024 generic congressional ballot average,Gallup presidential job approval,verified,Final archived RCP endpoint and latest Gallup observation completed before Election Day,True,PASSED,True,True,
2024_NM,2024,2024-11-05,NM,New Mexico,1,NM_CLASS_1,regular,False,10.113349665840444,D,2020,11.036980303439478,-0.9236306375990342,Martin Heinrich,D,True,False,1.0,1,0,True,True,,True,True,most_recent_completed_presidential_election,True,validated_scorable,Joe Biden,D,1.0,0,46.7,47.0,-0.3,True,41.0,56.0,-15.0,-9.0,-15.0,-9.0,2024-10-14,2024-10-27,True,RealClearPolitics final 2024 generic congressional ballot average,Gallup presidential job approval,verified,Final archived RCP endpoint and latest Gallup observation completed before Election Day,True,PASSED,True,True,
2024_NV,2024,2024-11-05,NV,Nevada,1,NV_CLASS_1,regular,False,1.7457448421834698,D,2020,2.446234680087614,-0.700489837904144,Jacky Rosen,D,True,False,1.0,1,0,True,True,,True,True,most_recent_completed_presidential_election,True,validated_scorable,Joe Biden,D,1.0,0,46.7,47.0,-0.3,True,41.0,56.0,-15.0,-9.0,-15.0,-9.0,2024-10-14,2024-10-27,True,RealClearPolitics final 2024 generic congressional ballot average,Gallup presidential job approval,verified,Final archived RCP endpoint and latest Gallup observation completed before Election Day,True,PASSED,True,True,
2024_NY,2024,2024-11-05,NY,New York,1,NY_CLASS_1,regular,False,18.40805372062256,D,2020,23.433669786024495,-5.025616065401934,Kirsten E. Gillibrand,D,True,False,1.0,1,0,True,True,,True,True,most_recent_completed_presidential_election,True,validated_scorable,Joe Biden,D,1.0,0,46.7,47.0,-0.3,True,41.0,56.0,-15.0,-9.0,-15.0,-9.0,2024-10-14,2024-10-27,True,RealClearPolitics final 2024 generic congressional ballot average,Gallup presidential job approval,verified,Final archived RCP endpoint and latest Gallup observation completed before Election Day,True,PASSED,True,True,
2024_OH,2024,2024-11-05,OH,Ohio,1,OH_CLASS_1,regular,False,-3.747668078104226,R,2020,-8.153395295405431,4.405727217301205,Sherrod Brown,D,True,False,1.0,1,0,True,True,,True,True,most_recent_completed_presidential_election,True,validated_scorable,Joe Biden,D,1.0,0,46.7,47.0,-0.3,True,41.0,56.0,-15.0,-9.0,-15.0,-9.0,2024-10-14,2024-10-27,True,RealClearPolitics final 2024 generic congressional ballot average,Gallup presidential job approval,verified,Final archived RCP endpoint and latest Gallup observation completed before Election Day,True,PASSED,True,True,
2024_PA,2024,2024-11-05,PA,Pennsylvania,1,PA_CLASS_1,regular,False,-0.2228208993178242,R,2020,1.178410518698115,-1.401231418015939,"Robert P. Casey, Jr.",D,True,False,1.0,1,0,True,True,,True,True,most_recent_completed_presidential_election,True,validated_scorable,Joe Biden,D,1.0,0,46.7,47.0,-0.3,True,41.0,56.0,-15.0,-9.0,-15.0,-9.0,2024-10-14,2024-10-27,True,RealClearPolitics final 2024 generic congressional ballot average,Gallup presidential job approval,verified,Final archived RCP endpoint and latest Gallup observation completed before Election Day,True,PASSED,True,True,
2024_RI,2024,2024-11-05,RI,Rhode Island,1,RI_CLASS_1,regular,False,20.098878346212786,D,2020,21.19871976791852,-1.099841421705733,Sheldon Whitehouse,D,True,False,1.0,1,0,True,True,,True,True,most_recent_completed_presidential_election,True,validated_scorable,Joe Biden,D,1.0,0,46.7,47.0,-0.3,True,41.0,56.0,-15.0,-9.0,-15.0,-9.0,2024-10-14,2024-10-27,True,RealClearPolitics final 2024 generic congressional ballot average,Gallup presidential job approval,verified,Final archived RCP endpoint and latest Gallup observation completed before Election Day,True,PASSED,True,True,
2024_TN,2024,2024-11-05,TN,Tennessee,1,TN_CLASS_1,regular,False,-30.25187665212592,R,2020,-23.655540744132708,-6.596335907993211,Marsha Blackburn,R,True,False,-1.0,1,0,True,True,,True,True,most_recent_completed_presidential_election,True,validated_scorable,Joe Biden,D,1.0,0,46.7,47.0,-0.3,True,41.0,56.0,-15.0,-9.0,-15.0,-9.0,2024-10-14,2024-10-27,True,RealClearPolitics final 2024 generic congressional ballot average,Gallup presidential job approval,verified,Final archived RCP endpoint and latest Gallup observation completed before Election Day,True,PASSED,True,True,
2024_TX,2024,2024-11-05,TX,Texas,1,TX_CLASS_1,regular,False,-8.705251955409139,R,2020,-5.661442473559063,-3.043809481850076,Ted Cruz,R,True,False,-1.0,1,0,True,True,,True,True,most_recent_completed_presidential_election,True,validated_scorable,Joe Biden,D,1.0,0,46.7,47.0,-0.3,True,41.0,56.0,-15.0,-9.0,-15.0,-9.0,2024-10-14,2024-10-27,True,RealClearPolitics final 2024 generic congressional ballot average,Gallup presidential job approval,verified,Final archived RCP endpoint and latest Gallup observation completed before Election Day,True,PASSED,True,True,
2024_UT,2024,2024-11-05,UT,Utah,1,UT_CLASS_1,regular,False,-32.640668786229845,R,2020,-21.387210243703265,-11.25345854252658,Mitt Romney,R,False,True,0.0,0,1,True,True,,True,True,most_recent_completed_presidential_election,True,validated_scorable,Joe Biden,D,1.0,0,46.7,47.0,-0.3,True,41.0,56.0,-15.0,-9.0,-15.0,-9.0,2024-10-14,2024-10-27,True,RealClearPolitics final 2024 generic congressional ballot average,Gallup presidential job approval,verified,Final archived RCP endpoint and latest Gallup observation completed before Election Day,True,PASSED,True,True,
2024_VA,2024,2024-11-05,VA,Virginia,1,VA_CLASS_1,regular,False,8.952032284687988,D,2020,10.309373998799812,-1.3573417141118238,Tim Kaine,D,False,True,0.0,0,1,True,True,,True,True,most_recent_completed_presidential_election,True,validated_scorable,Joe Biden,D,1.0,0,46.7,47.0,-0.3,True,41.0,56.0,-15.0,-9.0,-15.0,-9.0,2024-10-14,2024-10-27,True,RealClearPolitics final 2024 generic congressional ballot average,Gallup presidential job approval,verified,Final archived RCP endpoint and latest Gallup observation completed before Election Day,True,PASSED,True,True,
2024_VT,2024,2024-11-05,VT,Vermont,1,VT_CLASS_1,regular,False,32.64053697017699,D,2020,36.59837310561312,-3.957836135436132,Bernard Sanders,D,True,False,1.0,1,0,True,True,,True,True,most_recent_completed_presidential_election,True,validated_scorable,Joe Biden,D,1.0,0,46.7,47.0,-0.3,True,41.0,56.0,-15.0,-9.0,-15.0,-9.0,2024-10-14,2024-10-27,True,RealClearPolitics final 2024 generic congressional ballot average,Gallup presidential job approval,verified,Final archived RCP endpoint and latest Gallup observation completed before Election Day,True,PASSED,True,True,
2024_WA,2024,2024-11-05,WA,Washington,1,WA_CLASS_1,regular,False,18.501674485843935,D,2020,19.851006369581384,-1.3493318837374488,Maria Cantwell,D,True,False,1.0,1,0,True,True,,True,True,most_recent_completed_presidential_election,True,validated_scorable,Joe Biden,D,1.0,0,46.7,47.0,-0.3,True,41.0,56.0,-15.0,-9.0,-15.0,-9.0,2024-10-14,2024-10-27,True,RealClearPolitics final 2024 generic congressional ballot average,Gallup presidential job approval,verified,Final archived RCP endpoint and latest Gallup observation completed before Election Day,True,PASSED,True,True,
2024_WI,2024,2024-11-05,WI,Wisconsin,1,WI_CLASS_1,regular,False,0.8677410241822372,D,2020,0.6381265330679895,0.2296144911142477,Tammy Baldwin,D,True,False,1.0,1,0,True,True,,True,True,most_recent_completed_presidential_election,True,validated_scorable,Joe Biden,D,1.0,0,46.7,47.0,-0.3,True,41.0,56.0,-15.0,-9.0,-15.0,-9.0,2024-10-14,2024-10-27,True,RealClearPolitics final 2024 generic congressional ballot average,Gallup presidential job approval,verified,Final archived RCP endpoint and latest Gallup observation completed before Election Day,True,PASSED,True,True,
2024_WV,2024,2024-11-05,WV,West Virginia,1,WV_CLASS_1,regular,False,-42.47776205712924,R,2020,-39.59706462784405,-2.880697429285192,"Joe Manchin, III",D,False,True,0.0,0,1,True,True,,True,True,most_recent_completed_presidential_election,True,validated_scorable,Joe Biden,D,1.0,0,46.7,47.0,-0.3,True,41.0,56.0,-15.0,-9.0,-15.0,-9.0,2024-10-14,2024-10-27,True,RealClearPolitics final 2024 generic congressional ballot average,Gallup presidential job approval,verified,Final archived RCP endpoint and latest Gallup observation completed before Election Day,True,PASSED,True,True,
2024_WY,2024,2024-11-05,WY,Wyoming,1,WY_CLASS_1,regular,False,-51.380342939975975,R,2020,-44.96086875117019,-6.419474188805786,John Barrasso,R,True,False,-1.0,1,0,True,True,,True,True,most_recent_completed_presidential_election,True,validated_scorable,Joe Biden,D,1.0,0,46.7,47.0,-0.3,True,41.0,56.0,-15.0,-9.0,-15.0,-9.0,2024-10-14,2024-10-27,True,RealClearPolitics final 2024 generic congressional ballot average,Gallup presidential job approval,verified,Final archived RCP endpoint and latest Gallup observation completed before Election Day,True,PASSED,True,True,
