race_id,cycle,election_date,state,state_name,senate_class,seat_id,election_type,special_election,dem_candidate,gop_candidate,dem_votes,gop_votes,other_votes,total_votes,dem_two_party_share,gop_two_party_share,actual_margin_dem,winner_party,presidential_result_year,presidential_dem_candidate,presidential_gop_candidate,presidential_dem_two_party_share,presidential_gop_two_party_share,presidential_margin_dem,presidential_winner_party,senate_overperformance_dem,senate_overperformance_abs,senate_outperformed_presidential_baseline,model_incumbent_name,model_incumbent_party,model_incumbent_running,model_open_seat,incumbency_source,lineage_appointed_incumbent,lineage_candidate_match_method,incumbency_override_applied,incumbency_audit_flag,major_party_contested,backtest_scorable,backtest_exclusion_reason,presidential_baseline_available,historical_baseline_scorable,baseline_method,lookahead_protection,baseline_validation_status,source,source_url,source_status,source_dataset,source_doi,source_file,notes,incumbent_name,incumbent_party,incumbent_running,open_seat,dem_vote_share,gop_vote_share,manual_review,class_assignment_method,class_assignment_notes,incumbency_reference_date,lineage_officeholder_count,lineage_incumbent_name,lineage_incumbent_party,lineage_incumbent_bioguide_id,lineage_incumbent_term_start,lineage_incumbent_term_end,lineage_incumbent_term_how,lineage_officeholder_status,lineage_dem_candidate_match_score,lineage_gop_candidate_match_score,lineage_incumbent_candidate_party,lineage_incumbent_running,lineage_open_seat,incumbency_override_status,incumbency_override_notes,existing_incumbency_name_available,existing_incumbency_party_available,existing_incumbency_running_available,existing_open_seat_available,audit_existing_name_match_score,audit_incumbent_name_agrees,audit_incumbent_party_agrees,audit_incumbent_running_agrees,audit_open_seat_agrees
2012_AZ,2012,2012-11-06,AZ,Arizona,1,AZ_CLASS_1,regular,False,RICHARD CARMONA,JEFF FLAKE,1036542,1104457,102423,2243422,48.41394134233598,51.58605865766402,-3.1721173153280375,R,2008,"OBAMA, BARACK H.","MCCAIN, JOHN",45.68609928038368,54.31390071961632,-8.627801439232641,R,5.455684123904604,5.455684123904604,True,Jon Kyl,R,False,True,audited_senate_seat_lineage,False,no_confident_match,False,False,True,True,,True,True,most_recent_completed_presidential_election,True,validated_scorable,MIT Election Data and Science Lab,1976-2024-senate-state.csv,official,"MIT Election Data and Science Lab, U.S. President 1976-2024",10.7910/DVN/42MVDX,1976-2024-president.csv,,,,,,46.20361216035146,49.23090706964628,False,regular_cycle,Assigned from the regular six-year Senate election cycle,2012-11-05,1,Jon Kyl,R,K000352,2007-01-04,2013-01-03,,single_match,0.1,0.1941,,False,True,,,False,False,False,False,,,,,
2012_CA,2012,2012-11-06,CA,California,1,CA_CLASS_1,regular,False,DIANNE FEINSTEIN,ELIZABETH EMKEN,7864624,4713887,0,12578511,62.52428447214459,37.47571552785541,25.048568944289187,D,2008,"OBAMA, BARACK H.","MCCAIN, JOHN",62.27844959158541,37.72155040841459,24.556899183170813,D,0.49166976111837357,0.49166976111837357,True,Dianne Feinstein,D,True,False,audited_senate_seat_lineage,False,strong_name_match,False,False,True,True,,True,True,most_recent_completed_presidential_election,True,validated_scorable,MIT Election Data and Science Lab,1976-2024-senate-state.csv,official,"MIT Election Data and Science Lab, U.S. President 1976-2024",10.7910/DVN/42MVDX,1976-2024-president.csv,,,,,,62.52428447214459,37.47571552785541,False,regular_cycle,Assigned from the regular six-year Senate election cycle,2012-11-05,1,Dianne Feinstein,D,F000062,2007-01-04,2013-01-03,,single_match,1.0,0.1065,D,True,False,,,False,False,False,False,,,,,
2012_CT,2012,2012-11-06,CT,Connecticut,1,CT_CLASS_1,regular,False,CHRISTOPHER S. MURPHY,LINDA E. MCMAHON,828761,651089,31914,1511764,56.00304084873467,43.99695915126533,12.00608169746934,D,2008,"OBAMA, BARACK H.","MCCAIN, JOHN",61.31833824975418,38.68166175024582,22.63667649950835,D,-10.630594802039012,10.630594802039012,False,Joseph I. Lieberman,D,False,True,audited_senate_seat_lineage,False,no_confident_match,False,False,True,True,,True,True,most_recent_completed_presidential_election,True,validated_scorable,MIT Election Data and Science Lab,1976-2024-senate-state.csv,official,"MIT Election Data and Science Lab, U.S. President 1976-2024",10.7910/DVN/42MVDX,1976-2024-president.csv,,,,,,54.82079213422201,43.06816407852019,False,regular_cycle,Assigned from the regular six-year Senate election cycle,2012-11-05,1,Joseph I. Lieberman,D,L000304,2007-01-04,2013-01-03,,single_match,0.1737,0.2,,False,True,,,False,False,False,False,,,,,
2012_DE,2012,2012-11-06,DE,Delaware,1,DE_CLASS_1,regular,False,THOMAS R. CARPER,KEVIN WADE,265415,115700,18491,399606,69.64170919538722,30.358290804612786,39.28341839077444,D,2008,"OBAMA, BARACK H.","MCCAIN, JOHN",62.63813864988856,37.36186135011144,25.27627729977712,D,14.007141090997322,14.007141090997322,True,Thomas R. Carper,D,True,False,audited_senate_seat_lineage,False,strong_name_match,False,False,True,True,,True,True,most_recent_completed_presidential_election,True,validated_scorable,MIT Election Data and Science Lab,1976-2024-senate-state.csv,official,"MIT Election Data and Science Lab, U.S. President 1976-2024",10.7910/DVN/42MVDX,1976-2024-president.csv,,,,,,66.41917288529201,28.95351921642818,False,regular_cycle,Assigned from the regular six-year Senate election cycle,2012-11-05,1,Thomas R. Carper,D,C000174,2007-01-04,2013-01-03,,single_match,1.0,0.088,D,True,False,,,False,False,False,False,,,,,
2012_FL,2012,2012-11-06,FL,Florida,1,FL_CLASS_1,regular,False,BILL NELSON,CONNIE MACK,4523451,3458267,208228,8189946,56.672648670373974,43.327351329626026,13.345297340747948,D,2008,"OBAMA, BARACK H.","MCCAIN, JOHN",51.419660030899294,48.580339969100706,2.8393200617985883,D,10.50597727894936,10.50597727894936,True,Bill Nelson,D,True,False,audited_senate_seat_lineage,False,strong_name_match,False,False,True,True,,True,True,most_recent_completed_presidential_election,True,validated_scorable,MIT Election Data and Science Lab,1976-2024-senate-state.csv,official,"MIT Election Data and Science Lab, U.S. President 1976-2024",10.7910/DVN/42MVDX,1976-2024-president.csv,,,,,,55.231756106816825,42.225760707091354,False,regular_cycle,Assigned from the regular six-year Senate election cycle,2012-11-05,1,Bill Nelson,D,N000032,2007-01-04,2013-01-03,,single_match,1.0,0.1,D,True,False,,,False,False,False,False,,,,,
2012_HI,2012,2012-11-06,HI,Hawaii,1,HI_CLASS_1,regular,False,MAZIE K. HIRONO,LINDA LINGLE,269489,160994,6676,437159,62.6015429180711,37.3984570819289,25.203085836142193,D,2008,"OBAMA, BARACK H.","MCCAIN, JOHN",72.99372587845542,27.006274121544585,45.98745175691083,D,-20.784365920768636,20.784365920768636,False,Daniel K. Akaka,D,False,True,audited_senate_seat_lineage,False,no_confident_match,False,False,True,True,,True,True,most_recent_completed_presidential_election,True,validated_scorable,MIT Election Data and Science Lab,1976-2024-senate-state.csv,official,"MIT Election Data and Science Lab, U.S. President 1976-2024",10.7910/DVN/42MVDX,1976-2024-president.csv,,,,,,61.64553400479002,36.82733284685892,False,regular_cycle,Assigned from the regular six-year Senate election cycle,2012-11-05,1,Daniel K. Akaka,D,A000069,2007-01-04,2013-01-03,,single_match,0.3257,0.1692,,False,True,,,False,False,False,False,,,,,
2012_IN,2012,2012-11-06,IN,Indiana,1,IN_CLASS_1,regular,False,JOE DONNELLY,RICHARD E. MOURDOCK,1281181,1133621,145300,2560102,53.0553229622967,46.9446770377033,6.110645924593399,D,2008,"OBAMA, BARACK H.","MCCAIN, JOHN",50.52195344537809,49.47804655462191,1.0439068907561762,D,5.066739033837223,5.066739033837223,True,Richard G. Lugar,R,False,True,audited_senate_seat_lineage,False,no_confident_match,False,False,True,True,,True,True,most_recent_completed_presidential_election,True,validated_scorable,MIT Election Data and Science Lab,1976-2024-senate-state.csv,official,"MIT Election Data and Science Lab, U.S. President 1976-2024",10.7910/DVN/42MVDX,1976-2024-president.csv,,,,,,50.044138866342045,44.28030601905705,False,regular_cycle,Assigned from the regular six-year Senate election cycle,2012-11-05,1,Richard G. Lugar,R,L000504,2007-01-04,2013-01-03,,single_match,0.0815,0.4567,,False,True,,,False,False,False,False,,,,,
2012_MA,2012,2012-11-06,MA,Massachusetts,1,MA_CLASS_1,regular,False,ELIZABETH A. WARREN,SCOTT P. BROWN,1696346,1458048,29802,3184196,53.77723898790069,46.22276101209931,7.554477975801376,D,2008,"OBAMA, BARACK H.","MCCAIN, JOHN",63.19707821335295,36.80292178664705,26.394156426705905,D,-18.83967845090453,18.83967845090453,False,Scott P. Brown,R,True,False,audited_senate_seat_lineage,False,strong_name_match,False,False,True,True,,True,True,most_recent_completed_presidential_election,True,validated_scorable,MIT Election Data and Science Lab,1976-2024-senate-state.csv,official,"MIT Election Data and Science Lab, U.S. President 1976-2024",10.7910/DVN/42MVDX,1976-2024-president.csv,,,,,,53.27391906779608,45.79014608397222,False,regular_cycle,Assigned from the regular six-year Senate election cycle,2012-11-05,1,Scott P. Brown,R,B001268,2010-02-04,2013-01-03,,single_match,0.1774,1.0,R,True,False,,,False,False,False,False,,,,,
2012_MD,2012,2012-11-06,MD,Maryland,1,MD_CLASS_1,regular,False,BENJAMIN L. CARDIN,DANIEL JOHN BONGINO,1474028,693291,465915,2633234,68.01158481977042,31.988415180229584,36.02316963954084,D,2008,"OBAMA, BARACK H.","MCCAIN, JOHN",62.93008729288553,37.06991270711447,25.860174585771063,D,10.162995053769777,10.162995053769777,True,Benjamin L. Cardin,D,True,False,audited_senate_seat_lineage,False,strong_name_match,False,False,True,True,,True,True,most_recent_completed_presidential_election,True,validated_scorable,MIT Election Data and Science Lab,1976-2024-senate-state.csv,official,"MIT Election Data and Science Lab, U.S. President 1976-2024",10.7910/DVN/42MVDX,1976-2024-president.csv,,,,,,55.97785840529174,26.32849948010697,False,regular_cycle,Assigned from the regular six-year Senate election cycle,2012-11-05,1,Benjamin L. Cardin,D,C000141,2007-01-04,2013-01-03,,single_match,1.0,0.1222,D,True,False,,,False,False,False,False,,,,,
2012_ME,2012,2012-11-06,ME,Maine,1,ME_CLASS_1,regular,False,CYNTHIA ANN DILL,"CHARLES E. SUMMERS, JR.",92900,215399,416421,724720,30.13308508947483,69.86691491052517,-39.733829821050335,R,2008,"OBAMA, BARACK H.","MCCAIN, JOHN",58.8295249834076,41.1704750165924,17.659049966815203,D,-57.39287978786554,57.39287978786554,False,Olympia J. Snowe,R,False,True,audited_senate_seat_lineage,False,no_confident_match,False,False,True,False,Independent winner; D-R margin does not represent race outcome,True,False,most_recent_completed_presidential_election,True,not_scorable,MIT Election Data and Science Lab,1976-2024-senate-state.csv,official,"MIT Election Data and Science Lab, U.S. President 1976-2024",10.7910/DVN/42MVDX,1976-2024-president.csv,,,,,,12.818743790705376,29.72168561651396,False,regular_cycle,Assigned from the regular six-year Senate election cycle,2012-11-05,1,Olympia J. Snowe,R,S000663,2007-01-04,2013-01-03,,single_match,0.1774,0.1719,,False,True,,,False,False,False,False,,,,,
2012_MI,2012,2012-11-06,MI,Michigan,1,MI_CLASS_1,regular,False,DEBBIE STABENOW,PETE HOEKSTRA,2735826,1767386,149706,4652918,60.752769356628114,39.247230643371886,21.50553871325623,D,2008,"OBAMA, BARACK H.","MCCAIN, JOHN",58.37130157615452,41.62869842384548,16.742603152309044,D,4.762935560947184,4.762935560947184,True,Debbie Stabenow,D,True,False,audited_senate_seat_lineage,False,strong_name_match,False,False,True,True,,True,True,most_recent_completed_presidential_election,True,validated_scorable,MIT Election Data and Science Lab,1976-2024-senate-state.csv,official,"MIT Election Data and Science Lab, U.S. President 1976-2024",10.7910/DVN/42MVDX,1976-2024-president.csv,,,,,,58.79807037218365,37.98446480251747,False,regular_cycle,Assigned from the regular six-year Senate election cycle,2012-11-05,1,Debbie Stabenow,D,S000770,2007-01-04,2013-01-03,,single_match,1.0,0.2357,D,True,False,,,False,False,False,False,,,,,
2012_MN,2012,2012-11-06,MN,Minnesota,1,MN_CLASS_1,regular,False,AMY KLOBUCHAR,KURT BILLS,1854595,867974,120638,2843207,68.11930202687242,31.880697973127585,36.23860405374484,D,2008,"OBAMA, BARACK H.","MCCAIN, JOHN",55.22937499539274,44.77062500460726,10.458749990785478,D,25.77985406295936,25.77985406295936,True,Amy Klobuchar,D,True,False,audited_senate_seat_lineage,False,strong_name_match,False,False,True,True,,True,True,most_recent_completed_presidential_election,True,validated_scorable,MIT Election Data and Science Lab,1976-2024-senate-state.csv,official,"MIT Election Data and Science Lab, U.S. President 1976-2024",10.7910/DVN/42MVDX,1976-2024-president.csv,,,,,,65.22898262419866,30.52799180643548,False,regular_cycle,Assigned from the regular six-year Senate election cycle,2012-11-05,1,Amy Klobuchar,D,K000367,2007-01-04,2013-01-03,,single_match,1.0,0.0957,D,True,False,,,False,False,False,False,,,,,
2012_MO,2012,2012-11-06,MO,Missouri,1,MO_CLASS_1,regular,False,CLAIRE MCCASKILL,W. TODD AKIN,1494125,1066159,165509,2725793,58.357783745865696,41.642216254134304,16.71556749173139,D,2008,"OBAMA, BARACK H.","MCCAIN, JOHN",49.93242085032335,50.06757914967665,-0.1351582993532929,R,16.850725791084685,16.850725791084685,True,Claire McCaskill,D,True,False,audited_senate_seat_lineage,False,strong_name_match,False,False,True,True,,True,True,most_recent_completed_presidential_election,True,validated_scorable,MIT Election Data and Science Lab,1976-2024-senate-state.csv,official,"MIT Election Data and Science Lab, U.S. President 1976-2024",10.7910/DVN/42MVDX,1976-2024-president.csv,,,,,,54.81432375826044,39.113718466515984,False,regular_cycle,Assigned from the regular six-year Senate election cycle,2012-11-05,1,Claire McCaskill,D,M001170,2007-01-04,2013-01-03,,single_match,1.0,0.1222,D,True,False,,,False,False,False,False,,,,,
2012_MS,2012,2012-11-06,MS,Mississippi,1,MS_CLASS_1,regular,False,"ALBERT N. GORE, JR.",ROGER F. WICKER,503467,709626,28475,1241568,41.50275370478603,58.49724629521397,-16.99449259042794,R,2008,"OBAMA, BARACK H.","MCCAIN, JOHN",43.358069007136166,56.641930992863834,-13.283861985727668,R,-3.7106306047002704,3.7106306047002704,False,Roger F. Wicker,R,True,False,audited_senate_seat_lineage,True,strong_name_match,False,False,True,True,,True,True,most_recent_completed_presidential_election,True,validated_scorable,MIT Election Data and Science Lab,1976-2024-senate-state.csv,official,"MIT Election Data and Science Lab, U.S. President 1976-2024",10.7910/DVN/42MVDX,1976-2024-president.csv,,,,,,40.55090015206577,57.15562901105699,False,regular_cycle,Assigned from the regular six-year Senate election cycle,2012-11-05,1,Roger F. Wicker,R,W000437,2007-12-31,2013-01-03,appointment,single_match,0.2037,1.0,R,True,False,,,False,False,False,False,,,,,
2012_MT,2012,2012-11-06,MT,Montana,1,MT_CLASS_1,regular,False,JON TESTER,DENNY REHBERG,236123,218051,31892,486066,51.98954585687424,48.01045414312576,3.979091713748474,D,2008,"OBAMA, BARACK H.","MCCAIN, JOHN",48.83059671605927,51.16940328394073,-2.3388065678814627,R,6.317898281629937,6.317898281629937,True,Jon Tester,D,True,False,audited_senate_seat_lineage,False,strong_name_match,False,False,True,True,,True,True,most_recent_completed_presidential_election,True,validated_scorable,MIT Election Data and Science Lab,1976-2024-senate-state.csv,official,"MIT Election Data and Science Lab, U.S. President 1976-2024",10.7910/DVN/42MVDX,1976-2024-president.csv,,,,,,48.578382359597256,44.86036875650632,False,regular_cycle,Assigned from the regular six-year Senate election cycle,2012-11-05,1,Jon Tester,D,T000464,2007-01-04,2013-01-03,,single_match,1.0,0.2391,D,True,False,,,False,False,False,False,,,,,
2012_ND,2012,2012-11-06,ND,North Dakota,1,ND_CLASS_1,regular,False,HEIDI HEITKAMP,RICK BERG,161337,158401,1406,321144,50.45912590933827,49.54087409066173,0.9182518186765378,D,2008,"OBAMA, BARACK H.","MCCAIN, JOHN",45.59134371803188,54.40865628196812,-8.817312563936241,R,9.735564382612779,9.735564382612779,True,Kent Conrad,D,False,True,audited_senate_seat_lineage,False,no_confident_match,False,False,True,True,,True,True,most_recent_completed_presidential_election,True,validated_scorable,MIT Election Data and Science Lab,1976-2024-senate-state.csv,official,"MIT Election Data and Science Lab, U.S. President 1976-2024",10.7910/DVN/42MVDX,1976-2024-president.csv,,,,,,50.23821089604663,49.32397927409511,False,regular_cycle,Assigned from the regular six-year Senate election cycle,2012-11-05,1,Kent Conrad,D,C000705,2007-01-04,2013-01-03,,single_match,0.088,0.165,,False,True,,,False,False,False,False,,,,,
2012_NE,2012,2012-11-06,NE,Nebraska,1,NE_CLASS_1,regular,False,BOB KERREY,DEB FISCHER,332979,455593,0,788572,42.22556722784984,57.77443277215016,-15.548865544300329,R,2008,"OBAMA, BARACK H.","MCCAIN, JOHN",42.39092557783436,57.60907442216564,-15.218148844331282,R,-0.33071669996904696,0.33071669996904696,False,Ben Nelson,D,False,True,audited_senate_seat_lineage,False,no_confident_match,False,False,True,True,,True,True,most_recent_completed_presidential_election,True,validated_scorable,MIT Election Data and Science Lab,1976-2024-senate-state.csv,official,"MIT Election Data and Science Lab, U.S. President 1976-2024",10.7910/DVN/42MVDX,1976-2024-president.csv,,,,,,42.22556722784984,57.77443277215016,False,regular_cycle,Assigned from the regular six-year Senate election cycle,2012-11-05,1,Ben Nelson,D,N000180,2007-01-04,2013-01-03,,single_match,0.165,0.1048,,False,True,,,False,False,False,False,,,,,
2012_NJ,2012,2012-11-06,NJ,New Jersey,1,NJ_CLASS_1,regular,False,ROBERT MENENDEZ,JOE KYRILLOS,1987680,1329534,59435,3376649,59.92016191900794,40.07983808099206,19.840323838015877,D,2008,"OBAMA, BARACK H.","MCCAIN, JOHN",57.86462987142395,42.13537012857605,15.7292597428479,D,4.111064095167977,4.111064095167977,True,Robert Menendez,D,True,False,audited_senate_seat_lineage,False,strong_name_match,False,False,True,True,,True,True,most_recent_completed_presidential_election,True,validated_scorable,MIT Election Data and Science Lab,1976-2024-senate-state.csv,official,"MIT Election Data and Science Lab, U.S. President 1976-2024",10.7910/DVN/42MVDX,1976-2024-president.csv,,,,,,58.86546099402099,39.37436197839929,False,regular_cycle,Assigned from the regular six-year Senate election cycle,2012-11-05,1,Robert Menendez,D,M000639,2007-01-04,2013-01-03,,single_match,1.0,0.0815,D,True,False,,,False,False,False,False,,,,,
2012_NM,2012,2012-11-06,NM,New Mexico,1,NM_CLASS_1,regular,False,MARTIN HEINRICH,HEATHER A. WILSON,395717,351260,28816,775793,52.97579443543777,47.02420556456223,5.95158887087554,D,2008,"OBAMA, BARACK H.","MCCAIN, JOHN",57.66490001879759,42.33509998120241,15.329800037595176,D,-9.378211166719636,9.378211166719636,False,Jeff Bingaman,D,False,True,audited_senate_seat_lineage,False,no_confident_match,False,False,True,True,,True,True,most_recent_completed_presidential_election,True,validated_scorable,MIT Election Data and Science Lab,1976-2024-senate-state.csv,official,"MIT Election Data and Science Lab, U.S. President 1976-2024",10.7910/DVN/42MVDX,1976-2024-president.csv,,,,,,51.00806529576833,45.27754181850055,False,regular_cycle,Assigned from the regular six-year Senate election cycle,2012-11-05,1,Jeff Bingaman,D,B000468,2007-01-04,2013-01-03,,single_match,0.1179,0.1517,,False,True,,,False,False,False,False,,,,,
2012_NV,2012,2012-11-06,NV,Nevada,1,NV_CLASS_1,regular,False,SHELLEY BERKLEY,DEAN HELLER,446080,457656,94069,997805,49.35954747846717,50.64045252153283,-1.2809050430656723,R,2008,"OBAMA, BARACK H.","MCCAIN, JOHN",56.3867381251961,43.6132618748039,12.773476250392209,D,-14.054381293457881,14.054381293457881,False,Dean Heller,R,True,False,audited_senate_seat_lineage,True,strong_name_match,False,False,True,True,,True,True,most_recent_completed_presidential_election,True,validated_scorable,MIT Election Data and Science Lab,1976-2024-senate-state.csv,official,"MIT Election Data and Science Lab, U.S. President 1976-2024",10.7910/DVN/42MVDX,1976-2024-president.csv,,,,,,44.706129955251775,45.86627647686672,False,regular_cycle,Assigned from the regular six-year Senate election cycle,2012-11-05,1,Dean Heller,R,H001041,2011-05-09,2013-01-03,appointment,single_match,0.2538,1.0,R,True,False,,,False,False,False,False,,,,,
2012_NY,2012,2012-11-06,NY,New York,1,NY_CLASS_1,regular,False,KIRSTEN E. GILLIBRAND,WENDY LONG,4808878,1755466,552284,7116628,73.2575562767582,26.74244372324181,46.51511255351639,D,2008,"OBAMA, BARACK H.","MCCAIN, JOHN",65.76385737978426,34.23614262021574,31.52771475956852,D,14.987397793947867,14.987397793947867,True,Kirsten E. Gillibrand,D,True,False,audited_senate_seat_lineage,True,strong_name_match,False,False,True,True,,True,True,most_recent_completed_presidential_election,True,validated_scorable,MIT Election Data and Science Lab,1976-2024-senate-state.csv,official,"MIT Election Data and Science Lab, U.S. President 1976-2024",10.7910/DVN/42MVDX,1976-2024-president.csv,,,,,,67.57242334431419,24.66710357770562,False,regular_cycle,Assigned from the regular six-year Senate election cycle,2012-11-05,1,Kirsten E. Gillibrand,D,G000555,2009-01-27,2013-01-03,appointment,single_match,1.0,0.1467,D,True,False,,,False,False,False,False,,,,,
2012_OH,2012,2012-11-06,OH,Ohio,1,OH_CLASS_1,regular,False,SHERROD BROWN,JOSH MANDEL,2762690,2435712,250616,5449018,53.14498570906983,46.85501429093017,6.2899714181396575,D,2008,"OBAMA, BARACK H.","MCCAIN, JOHN",52.33384076225413,47.66615923774587,4.667681524508254,D,1.6222898936314039,1.6222898936314039,True,Sherrod Brown,D,True,False,audited_senate_seat_lineage,False,strong_name_match,False,False,True,True,,True,True,most_recent_completed_presidential_election,True,validated_scorable,MIT Election Data and Science Lab,1976-2024-senate-state.csv,official,"MIT Election Data and Science Lab, U.S. President 1976-2024",10.7910/DVN/42MVDX,1976-2024-president.csv,,,,,,50.70069506101834,44.70001750774176,False,regular_cycle,Assigned from the regular six-year Senate election cycle,2012-11-05,1,Sherrod Brown,D,B000944,2007-01-04,2013-01-03,,single_match,1.0,0.1375,D,True,False,,,False,False,False,False,,,,,
2012_PA,2012,2012-11-06,PA,Pennsylvania,1,PA_CLASS_1,regular,False,"ROBERT P. CASEY, JR.",TOM SMITH,3021364,2509132,96926,5627422,54.63097704075729,45.36902295924271,9.261954081514574,D,2008,"OBAMA, BARACK H.","MCCAIN, JOHN",55.22970381548445,44.77029618451555,10.459407630968895,D,-1.1974535494543215,1.1974535494543215,False,"Robert P. Casey, Jr.",D,True,False,audited_senate_seat_lineage,False,strong_name_match,False,False,True,True,,True,True,most_recent_completed_presidential_election,True,validated_scorable,MIT Election Data and Science Lab,1976-2024-senate-state.csv,official,"MIT Election Data and Science Lab, U.S. President 1976-2024",10.7910/DVN/42MVDX,1976-2024-president.csv,,,,,,53.69002004825656,44.587592684536546,False,regular_cycle,Assigned from the regular six-year Senate election cycle,2012-11-05,1,"Robert P. Casey, Jr.",D,C001070,2007-01-04,2013-01-03,,single_match,1.0,0.0957,D,True,False,,,False,False,False,False,,,,,
2012_RI,2012,2012-11-06,RI,Rhode Island,1,RI_CLASS_1,regular,False,SHELDON WHITEHOUSE,BENJAMIN BARRETT HINCKLEY III,271034,146222,933,418189,64.95628582932301,35.04371417067699,29.912571658646016,D,2008,"OBAMA, BARACK H.","MCCAIN, JOHN",64.19813750914578,35.80186249085423,28.39627501829155,D,1.516296640354465,1.516296640354465,True,Sheldon Whitehouse,D,True,False,audited_senate_seat_lineage,False,strong_name_match,False,False,True,True,,True,True,most_recent_completed_presidential_election,True,validated_scorable,MIT Election Data and Science Lab,1976-2024-senate-state.csv,official,"MIT Election Data and Science Lab, U.S. President 1976-2024",10.7910/DVN/42MVDX,1976-2024-president.csv,,,,,,64.81136519611945,34.9655299398119,False,regular_cycle,Assigned from the regular six-year Senate election cycle,2012-11-05,1,Sheldon Whitehouse,D,W000802,2007-01-04,2013-01-03,,single_match,1.0,0.1535,D,True,False,,,False,False,False,False,,,,,
2012_TN,2012,2012-11-06,TN,Tennessee,1,TN_CLASS_1,regular,False,MARK E. CLAYTON,BOB CORKER,705882,1506443,109152,2321477,31.90679488773123,68.09320511226876,-36.186410224537525,R,2008,"OBAMA, BARACK H.","MCCAIN, JOHN",42.36852819764554,57.63147180235446,-15.262943604708925,R,-20.923466619828602,20.923466619828602,False,Bob Corker,R,True,False,audited_senate_seat_lineage,False,strong_name_match,False,False,True,True,,True,True,most_recent_completed_presidential_election,True,validated_scorable,MIT Election Data and Science Lab,1976-2024-senate-state.csv,official,"MIT Election Data and Science Lab, U.S. President 1976-2024",10.7910/DVN/42MVDX,1976-2024-president.csv,,,,,,30.406590287131856,64.89157549267127,False,regular_cycle,Assigned from the regular six-year Senate election cycle,2012-11-05,1,Bob Corker,R,C001071,2007-01-04,2013-01-03,,single_match,0.1375,1.0,R,True,False,,,False,False,False,False,,,,,
2012_TX,2012,2012-11-06,TX,Texas,1,TX_CLASS_1,regular,False,PAUL SADLER,TED CRUZ,3194927,4440137,229758,7864822,41.84545145921501,58.15454854078499,-16.309097081569973,R,2008,"OBAMA, BARACK H.","MCCAIN, JOHN",44.06406324905928,55.93593675094072,-11.87187350188144,R,-4.437223579688533,4.437223579688533,False,Kay Bailey Hutchison,R,False,True,audited_senate_seat_lineage,False,no_confident_match,False,False,True,True,,True,True,most_recent_completed_presidential_election,True,validated_scorable,MIT Election Data and Science Lab,1976-2024-senate-state.csv,official,"MIT Election Data and Science Lab, U.S. President 1976-2024",10.7910/DVN/42MVDX,1976-2024-president.csv,,,,,,40.6230045638668,56.45565786485695,False,regular_cycle,Assigned from the regular six-year Senate election cycle,2012-11-05,1,Kay Bailey Hutchison,R,H001016,2007-01-04,2013-01-03,,single_match,0.1774,0.0786,,False,True,,,False,False,False,False,,,,,
2012_UT,2012,2012-11-06,UT,Utah,1,UT_CLASS_1,regular,False,SCOTT HOWELL,ORRIN G. HATCH,301873,657608,47420,1006901,31.462113371708245,68.53788662829176,-37.07577325658352,R,2008,"OBAMA, BARACK H.","MCCAIN, JOHN",35.47363862725993,64.52636137274007,-29.05272274548014,R,-8.023050511103378,8.023050511103378,False,Orrin G. Hatch,R,True,False,audited_senate_seat_lineage,False,strong_name_match,False,False,True,True,,True,True,most_recent_completed_presidential_election,True,validated_scorable,MIT Election Data and Science Lab,1976-2024-senate-state.csv,official,"MIT Election Data and Science Lab, U.S. President 1976-2024",10.7910/DVN/42MVDX,1976-2024-president.csv,,,,,,29.980405223552268,65.3100950341692,False,regular_cycle,Assigned from the regular six-year Senate election cycle,2012-11-05,1,Orrin G. Hatch,R,H000338,2007-01-04,2013-01-03,,single_match,0.132,1.0,R,True,False,,,False,False,False,False,,,,,
2012_VA,2012,2012-11-06,VA,Virginia,1,VA_CLASS_1,regular,False,TIMOTHY M. KAINE,GEORGE F. ALLEN,2010067,1785542,6587,3802196,52.95769400905098,47.04230599094902,5.9153880181019645,D,2008,"OBAMA, BARACK H.","MCCAIN, JOHN",53.18258440612755,46.81741559387245,6.3651688122551064,D,-0.449780794153142,0.449780794153142,False,Jim Webb,D,False,True,audited_senate_seat_lineage,False,no_confident_match,False,False,True,True,,True,True,most_recent_completed_presidential_election,True,validated_scorable,MIT Election Data and Science Lab,1976-2024-senate-state.csv,official,"MIT Election Data and Science Lab, U.S. President 1976-2024",10.7910/DVN/42MVDX,1976-2024-president.csv,,,,,,52.86594904628799,46.96080896408286,False,regular_cycle,Assigned from the regular six-year Senate election cycle,2012-11-05,1,Jim Webb,D,W000803,2007-01-04,2013-01-03,,single_match,0.1913,0.1,,False,True,,,False,False,False,False,,,,,
2012_VT,2012,2012-11-06,VT,Vermont,1,VT_CLASS_1,regular,False,BERNARD SANDERS,JOHN MACGOVERN,207848,72898,12016,292762,74.03418036232038,25.965819637679612,48.06836072464077,D,2008,"OBAMA, BARACK H.","MCCAIN, JOHN",68.8991817393381,31.1008182606619,37.79836347867621,D,10.26999724596456,10.26999724596456,True,Bernard Sanders,D,True,False,audited_senate_seat_lineage,False,strong_name_match,False,False,True,True,,True,True,most_recent_completed_presidential_election,True,validated_scorable,MIT Election Data and Science Lab,1976-2024-senate-state.csv,official,"MIT Election Data and Science Lab, U.S. President 1976-2024",10.7910/DVN/42MVDX,1976-2024-president.csv,,,,,,70.99555270151181,24.900089492488775,False,regular_cycle,Assigned from the regular six-year Senate election cycle,2012-11-05,1,Bernard Sanders,D,S000033,2007-01-04,2013-01-03,,single_match,1.0,0.1138,D,True,False,,,False,False,False,False,,,,,
2012_WA,2012,2012-11-06,WA,Washington,1,WA_CLASS_1,regular,False,MARIA CANTWELL,MICHAEL BAUMGARTNER,1855493,1213924,0,3069417,60.45099118171301,39.54900881828699,20.901982363426015,D,2008,"OBAMA, BARACK H.","MCCAIN, JOHN",58.75202680210895,41.24797319789105,17.5040536042179,D,3.3979287592081135,3.3979287592081135,True,Maria Cantwell,D,True,False,audited_senate_seat_lineage,False,strong_name_match,False,False,True,True,,True,True,most_recent_completed_presidential_election,True,validated_scorable,MIT Election Data and Science Lab,1976-2024-senate-state.csv,official,"MIT Election Data and Science Lab, U.S. President 1976-2024",10.7910/DVN/42MVDX,1976-2024-president.csv,,,,,,60.45099118171301,39.54900881828699,False,regular_cycle,Assigned from the regular six-year Senate election cycle,2012-11-05,1,Maria Cantwell,D,C000127,2007-01-04,2013-01-03,,single_match,1.0,0.1667,D,True,False,,,False,False,False,False,,,,,
2012_WI,2012,2012-11-06,WI,Wisconsin,1,WI_CLASS_1,regular,False,TAMMY BALDWIN,TOMMY G. THOMPSON,1547104,1380126,82181,3009411,52.85215032641781,47.14784967358219,5.704300652835613,D,2008,"OBAMA, BARACK H.","MCCAIN, JOHN",57.05567824781841,42.94432175218159,14.111356495636826,D,-8.407055842801213,8.407055842801213,False,Herb Kohl,D,False,True,audited_senate_seat_lineage,False,no_confident_match,False,False,True,True,,True,True,most_recent_completed_presidential_election,True,validated_scorable,MIT Election Data and Science Lab,1976-2024-senate-state.csv,official,"MIT Election Data and Science Lab, U.S. President 1976-2024",10.7910/DVN/42MVDX,1976-2024-president.csv,,,,,,51.40886372781917,45.86033612557407,False,regular_cycle,Assigned from the regular six-year Senate election cycle,2012-11-05,1,Herb Kohl,D,K000305,2007-01-04,2013-01-03,,single_match,0.1,0.088,,False,True,,,False,False,False,False,,,,,
2012_WV,2012,2012-11-06,WV,West Virginia,1,WV_CLASS_1,regular,False,JOE MANCHIN III,JOHN R. RAESE,399898,240787,19517,660202,62.417256530120106,37.582743469879894,24.834513060240212,D,2008,"OBAMA, BARACK H.","MCCAIN, JOHN",43.32625623286275,56.67374376713725,-13.347487534274508,R,38.18200059451472,38.18200059451472,True,"Joe Manchin, III",D,True,False,audited_senate_seat_lineage,False,strong_name_match,False,False,True,True,,True,True,most_recent_completed_presidential_election,True,validated_scorable,MIT Election Data and Science Lab,1976-2024-senate-state.csv,official,"MIT Election Data and Science Lab, U.S. President 1976-2024",10.7910/DVN/42MVDX,1976-2024-president.csv,,,,,,60.57206733696656,36.47171623230466,False,regular_cycle,Assigned from the regular six-year Senate election cycle,2012-11-05,1,"Joe Manchin, III",D,M001183,2010-11-15,2013-01-03,,single_match,1.0,0.1435,D,True,False,,,False,False,False,False,,,,,
2012_WY,2012,2012-11-06,WY,Wyoming,1,WY_CLASS_1,regular,False,TIM CHESNUT,JOHN BARRASSO,53019,185250,12431,250700,22.25174067965199,77.74825932034801,-55.496518640696024,R,2008,"OBAMA, BARACK H.","MCCAIN, JOHN",33.43797664490408,66.56202335509592,-33.124046710191834,R,-22.37247193050419,22.37247193050419,False,John Barrasso,R,True,False,audited_senate_seat_lineage,True,strong_name_match,False,False,True,True,,True,True,most_recent_completed_presidential_election,True,validated_scorable,MIT Election Data and Science Lab,1976-2024-senate-state.csv,official,"MIT Election Data and Science Lab, U.S. President 1976-2024",10.7910/DVN/42MVDX,1976-2024-president.csv,,,,,,21.148384523334663,73.89309932189869,False,regular_cycle,Assigned from the regular six-year Senate election cycle,2012-11-05,1,John Barrasso,R,B001261,2007-06-25,2013-01-03,appointment,single_match,0.0917,1.0,R,True,False,,,False,False,False,False,,,,,
2014_AK,2014,2014-11-04,AK,Alaska,2,AK_CLASS_2,regular,False,MARK BEGICH,DAN SULLIVAN,129431,135445,17524,282400,48.864751808393365,51.135248191606635,-2.2704963832132705,R,2012,"OBAMA, BARACK H.","ROMNEY, MITT",42.684709518439625,57.315290481560375,-14.63058096312075,R,12.360084579907479,12.360084579907479,True,Mark Begich,D,True,False,audited_senate_seat_lineage,False,strong_name_match,False,False,True,True,,True,True,most_recent_completed_presidential_election,True,validated_scorable,MIT Election Data and Science Lab,1976-2024-senate-state.csv,official,"MIT Election Data and Science Lab, U.S. President 1976-2024",10.7910/DVN/42MVDX,1976-2024-president.csv,,,,,,45.83250708215297,47.9621104815864,False,regular_cycle,Assigned from the regular six-year Senate election cycle,2014-11-03,1,Mark Begich,D,B001265,2009-01-06,2015-01-03,,single_match,1.0,0.1435,D,True,False,,,False,False,False,False,,,,,
2014_AL,2014,2014-11-04,AL,Alabama,2,AL_CLASS_2,regular,False,,JEFF SESSIONS,0,795606,22484,818090,0.0,100.0,-100.0,R,2012,"OBAMA, BARACK H.","ROMNEY, MITT",38.78377146656229,61.21622853343771,-22.432457066875415,R,-77.56754293312459,77.56754293312459,False,Jeff Sessions,R,True,False,audited_senate_seat_lineage,False,strong_name_match,False,False,False,False,Republican unopposed,True,False,most_recent_completed_presidential_election,True,not_scorable,MIT Election Data and Science Lab,1976-2024-senate-state.csv,official,"MIT Election Data and Science Lab, U.S. President 1976-2024",10.7910/DVN/42MVDX,1976-2024-president.csv,,,,,,0.0,97.25164712928895,False,regular_cycle,Assigned from the regular six-year Senate election cycle,2014-11-03,1,Jeff Sessions,R,S001141,2009-01-06,2015-01-03,,single_match,0.0,1.0,R,True,False,,,False,False,False,False,,,,,
2014_AR,2014,2014-11-04,AR,Arkansas,2,AR_CLASS_2,regular,False,MARK L. PRYOR,TOM COTTON,334174,478819,34512,847505,41.10416694854691,58.89583305145309,-17.791666102906177,R,2012,"OBAMA, BARACK H.","ROMNEY, MITT",37.84559464877038,62.15440535122962,-24.30881070245924,R,6.517144599553063,6.517144599553063,True,Mark L. Pryor,D,True,False,audited_senate_seat_lineage,False,strong_name_match,False,False,True,True,,True,True,most_recent_completed_presidential_election,True,validated_scorable,MIT Election Data and Science Lab,1976-2024-senate-state.csv,official,"MIT Election Data and Science Lab, U.S. President 1976-2024",10.7910/DVN/42MVDX,1976-2024-president.csv,,,,,,39.430327844673485,56.497483790656105,False,regular_cycle,Assigned from the regular six-year Senate election cycle,2014-11-03,1,Mark L. Pryor,D,P000590,2009-01-06,2015-01-03,,single_match,1.0,0.15,D,True,False,,,False,False,False,False,,,,,
2014_CO,2014,2014-11-04,CO,Colorado,2,CO_CLASS_2,regular,False,MARK UDALL,CORY GARDNER,944203,983891,112964,2041058,48.97079706694798,51.02920293305202,-2.0584058661040388,R,2012,"OBAMA, BARACK H.","ROMNEY, MITT",52.74798831420251,47.25201168579749,5.495976628405032,D,-7.5543824945090705,7.5543824945090705,False,Mark Udall,D,True,False,audited_senate_seat_lineage,False,strong_name_match,False,False,True,True,,True,True,most_recent_completed_presidential_election,True,validated_scorable,MIT Election Data and Science Lab,1976-2024-senate-state.csv,official,"MIT Election Data and Science Lab, U.S. President 1976-2024",10.7910/DVN/42MVDX,1976-2024-president.csv,,,,,,46.26046883528053,48.20495056975353,False,regular_cycle,Assigned from the regular six-year Senate election cycle,2014-11-03,1,Mark Udall,D,U000038,2009-01-06,2015-01-03,,single_match,1.0,0.15,D,True,False,,,False,False,False,False,,,,,
2014_DE,2014,2014-11-04,DE,Delaware,2,DE_CLASS_2,regular,False,CHRISTOPHER A. COONS,KEVIN WADE,130655,98823,4560,234038,56.93574111679551,43.06425888320449,13.871482233591024,D,2012,"OBAMA, BARACK H.","ROMNEY, MITT",59.44695491927816,40.55304508072184,18.89390983855633,D,-5.022427604965305,5.022427604965305,False,Christopher A. Coons,D,True,False,audited_senate_seat_lineage,False,strong_name_match,False,False,True,True,,True,True,most_recent_completed_presidential_election,True,validated_scorable,MIT Election Data and Science Lab,1976-2024-senate-state.csv,official,"MIT Election Data and Science Lab, U.S. President 1976-2024",10.7910/DVN/42MVDX,1976-2024-president.csv,,,,,,55.826404259137405,42.22519419923261,False,regular_cycle,Assigned from the regular six-year Senate election cycle,2014-11-03,1,Christopher A. Coons,D,C001088,2010-11-15,2015-01-03,,single_match,1.0,0.0759,D,True,False,,,False,False,False,False,,,,,
2014_GA,2014,2014-11-04,GA,Georgia,2,GA_CLASS_2,regular,False,M. MICHELLE NUNN,DAVID A. PERDUE,1160811,1358088,48906,2567805,46.08406291796535,53.91593708203465,-7.831874164069305,R,2012,"OBAMA, BARACK H.","ROMNEY, MITT",46.04335090194328,53.95664909805672,-7.913298196113445,R,0.08142403204413995,0.08142403204413995,True,Saxby Chambliss,R,False,True,audited_senate_seat_lineage,False,no_confident_match,False,False,True,True,,True,True,most_recent_completed_presidential_election,True,validated_scorable,MIT Election Data and Science Lab,1976-2024-senate-state.csv,official,"MIT Election Data and Science Lab, U.S. President 1976-2024",10.7910/DVN/42MVDX,1976-2024-president.csv,,,,,,45.20635328617243,52.88906283771548,False,regular_cycle,Assigned from the regular six-year Senate election cycle,2014-11-03,1,Saxby Chambliss,R,C000286,2009-01-06,2015-01-03,,single_match,0.1467,0.1138,,False,True,,,False,False,False,False,,,,,
2014_HI,2014,2014-11-04,HI,Hawaii,1,HI_CLASS_1,special,True,BRIAN SCHATZ,CAM CAVASSO,246827,98006,24870,369703,71.57870621431243,28.421293785687563,43.157412428624866,D,2012,"OBAMA, BARACK H.","ROMNEY, MITT",71.70384850107442,28.296151498925585,43.40769700214883,D,-0.25028457352396316,0.25028457352396316,False,Mazie K. Hirono,D,False,True,audited_senate_seat_lineage,False,no_confident_match,False,False,True,True,,True,True,most_recent_completed_presidential_election,True,validated_scorable,MIT Election Data and Science Lab,1976-2024-senate-state.csv,official,"MIT Election Data and Science Lab, U.S. President 1976-2024",10.7910/DVN/42MVDX,1976-2024-president.csv,,,,,,66.76359131519084,26.509387264912647,False,special_election_override,Special election for the Class 1 seat,2014-11-03,1,Mazie K. Hirono,D,H001042,2013-01-03,2019-01-03,,single_match,0.0846,0.132,,False,True,,,False,False,False,False,,,,,
2014_IA,2014,2014-11-04,IA,Iowa,2,IA_CLASS_2,regular,False,BRUCE BRALEY,JONI ERNST,494370,588575,46755,1129700,45.650517800996354,54.349482199003646,-8.698964398007291,R,2012,"OBAMA, BARACK H.","ROMNEY, MITT",52.959351928100176,47.040648071899824,5.918703856200352,D,-14.617668254207643,14.617668254207643,False,Tom Harkin,D,False,True,audited_senate_seat_lineage,False,no_confident_match,False,False,True,True,,True,True,most_recent_completed_presidential_election,True,validated_scorable,MIT Election Data and Science Lab,1976-2024-senate-state.csv,official,"MIT Election Data and Science Lab, U.S. President 1976-2024",10.7910/DVN/42MVDX,1976-2024-president.csv,,,,,,43.76117553332743,52.100115074798616,False,regular_cycle,Assigned from the regular six-year Senate election cycle,2014-11-03,1,Tom Harkin,D,H000206,2009-01-06,2015-01-03,,single_match,0.1,0.055,,False,True,,,False,False,False,False,,,,,
2014_ID,2014,2014-11-04,ID,Idaho,2,ID_CLASS_2,regular,False,NELS MITCHELL,JAMES E. RISCH,151574,285596,0,437170,34.67163803554681,65.3283619644532,-30.65672392890638,R,2012,"OBAMA, BARACK H.","ROMNEY, MITT",33.578613156424666,66.42138684357533,-32.84277368715067,R,2.1860497582442875,2.1860497582442875,True,James E. Risch,R,True,False,audited_senate_seat_lineage,False,strong_name_match,False,False,True,True,,True,True,most_recent_completed_presidential_election,True,validated_scorable,MIT Election Data and Science Lab,1976-2024-senate-state.csv,official,"MIT Election Data and Science Lab, U.S. President 1976-2024",10.7910/DVN/42MVDX,1976-2024-president.csv,,,,,,34.67163803554681,65.3283619644532,False,regular_cycle,Assigned from the regular six-year Senate election cycle,2014-11-03,1,James E. Risch,R,R000584,2009-01-06,2015-01-03,,single_match,0.2538,1.0,R,True,False,,,False,False,False,False,,,,,
2014_IL,2014,2014-11-04,IL,Illinois,2,IL_CLASS_2,regular,False,RICHARD J. DURBIN,"JAMES D. ""JIM"" OBERWEIS",1929637,1538522,135360,3603519,55.638654398486345,44.361345601513655,11.27730879697269,D,2012,"OBAMA, BARACK H.","ROMNEY, MITT",58.57752339211691,41.42247660788309,17.155046784233818,D,-5.877737987261128,5.877737987261128,False,Richard J. Durbin,D,True,False,audited_senate_seat_lineage,False,strong_name_match,False,False,True,True,,True,True,most_recent_completed_presidential_election,True,validated_scorable,MIT Election Data and Science Lab,1976-2024-senate-state.csv,official,"MIT Election Data and Science Lab, U.S. President 1976-2024",10.7910/DVN/42MVDX,1976-2024-president.csv,,,,,,53.54868393922718,42.69498787157775,False,regular_cycle,Assigned from the regular six-year Senate election cycle,2014-11-03,1,Richard J. Durbin,D,D000563,2009-01-06,2015-01-03,,single_match,1.0,0.2139,D,True,False,,,False,False,False,False,,,,,
2014_KS,2014,2014-11-04,KS,Kansas,2,KS_CLASS_2,regular,False,GREG ORMAN,PAT ROBERTS,368372,460350,37469,866191,44.45061190604328,55.54938809395672,-11.098776187913444,R,2012,"OBAMA, BARACK H.","ROMNEY, MITT",38.886673254746945,61.113326745253055,-22.22665349050611,R,11.127877302592665,11.127877302592665,True,Pat Roberts,R,True,False,audited_senate_seat_lineage,False,strong_name_match,False,False,True,True,,True,True,most_recent_completed_presidential_election,True,validated_scorable,MIT Election Data and Science Lab,1976-2024-senate-state.csv,official,"MIT Election Data and Science Lab, U.S. President 1976-2024",10.7910/DVN/42MVDX,1976-2024-president.csv,,,,,,42.527802759437584,53.146476931762166,False,regular_cycle,Assigned from the regular six-year Senate election cycle,2014-11-03,1,Pat Roberts,R,R000307,2009-01-06,2015-01-03,,single_match,0.0524,1.0,R,True,False,,,False,False,False,False,,,,,
2014_KY,2014,2014-11-04,KY,Kentucky,2,KY_CLASS_2,regular,False,ALISON LUNDERGAN GRIMES,MICH MCCONNELL,584698,806787,44383,1435868,42.01971275292224,57.98028724707776,-15.960574494155525,R,2012,"OBAMA, BARACK H.","ROMNEY, MITT",38.45722760619509,61.54277239380491,-23.08554478760982,R,7.124970293454295,7.124970293454295,True,Mitch McConnell,R,True,False,audited_senate_seat_lineage,False,confirmed_name_match,True,False,True,True,,True,True,most_recent_completed_presidential_election,True,validated_scorable,MIT Election Data and Science Lab,1976-2024-senate-state.csv,official,"MIT Election Data and Science Lab, U.S. President 1976-2024",10.7910/DVN/42MVDX,1976-2024-president.csv,,,,,,40.72087406363259,56.18810364183894,False,regular_cycle,Assigned from the regular six-year Senate election cycle,2014-11-03,1,Mitch McConnell,R,M000355,2009-01-06,2015-01-03,,single_match,0.1447,0.831,R,True,False,confirmed,Source candidate name misspells Mitch McConnell as MICH MCCONNELL.,False,False,False,False,,,,,
2014_LA,2014,2014-11-04,LA,Louisiana,2,LA_CLASS_2,regular,False,MARY L. LANDRIEU,BILL CASSIDY,1561210,1712379,249594,3523183,47.69108156216312,52.30891843783688,-4.61783687567376,R,2012,"OBAMA, BARACK H.","ROMNEY, MITT",41.25317438588602,58.74682561411398,-17.49365122822796,R,12.875814352554201,12.875814352554201,True,Mary L. Landrieu,D,True,False,audited_senate_seat_lineage,False,strong_name_match,False,False,True,True,,True,True,most_recent_completed_presidential_election,True,validated_scorable,MIT Election Data and Science Lab,1976-2024-senate-state.csv,official,"MIT Election Data and Science Lab, U.S. President 1976-2024",10.7910/DVN/42MVDX,1976-2024-president.csv,,,,,,44.31248674848851,48.6031807033583,False,regular_cycle,Assigned from the regular six-year Senate election cycle,2014-11-03,1,Mary L. Landrieu,D,L000550,2009-01-06,2015-01-03,,single_match,1.0,0.163,D,True,False,,,False,False,False,False,,,,,
2014_MA,2014,2014-11-04,MA,Massachusetts,2,MA_CLASS_2,regular,False,EDWARD J. MARKEY,BRIAN J. HERR,1289944,791950,104895,2186789,61.96011900701957,38.03988099298043,23.920238014039143,D,2012,"OBAMA, BARACK H.","ROMNEY, MITT",61.785680749060006,38.214319250939994,23.571361498120012,D,0.34887651591913027,0.34887651591913027,True,Edward J. Markey,D,True,False,audited_senate_seat_lineage,False,strong_name_match,False,False,True,True,,True,True,most_recent_completed_presidential_election,True,validated_scorable,MIT Election Data and Science Lab,1976-2024-senate-state.csv,official,"MIT Election Data and Science Lab, U.S. President 1976-2024",10.7910/DVN/42MVDX,1976-2024-president.csv,,,,,,58.98804137024651,36.21519954600101,False,regular_cycle,Assigned from the regular six-year Senate election cycle,2014-11-03,1,Edward J. Markey,D,M000133,2013-07-16,2015-01-03,,single_match,1.0,0.2937,D,True,False,,,False,False,False,False,,,,,
2014_ME,2014,2014-11-04,ME,Maine,2,ME_CLASS_2,regular,False,SHENNA BELLOWS,SUSAN M. COLLINS,190254,413505,13237,616996,31.511579951603206,68.48842004839679,-36.97684009679358,R,2012,"OBAMA, BARACK H.","ROMNEY, MITT",57.85992139357711,42.14007860642289,15.71984278715422,D,-52.6966828839478,52.6966828839478,False,Susan M. Collins,R,True,False,audited_senate_seat_lineage,False,strong_name_match,False,False,True,True,,True,True,most_recent_completed_presidential_election,True,validated_scorable,MIT Election Data and Science Lab,1976-2024-senate-state.csv,official,"MIT Election Data and Science Lab, U.S. President 1976-2024",10.7910/DVN/42MVDX,1976-2024-president.csv,,,,,,30.83553215904155,67.01907305719972,False,regular_cycle,Assigned from the regular six-year Senate election cycle,2014-11-03,1,Susan M. Collins,R,C001035,2009-01-06,2015-01-03,,single_match,0.2276,1.0,R,True,False,,,False,False,False,False,,,,,
2014_MI,2014,2014-11-04,MI,Michigan,2,MI_CLASS_2,regular,False,GARY C. PETERS,TERRI LYNN LAND,1704936,1290199,126636,3121771,56.92351096027391,43.07648903972609,13.847021920547816,D,2012,"OBAMA, BARACK H.","ROMNEY, MITT",54.80053207117788,45.19946792882212,9.601064142355751,D,4.245957778192064,4.245957778192064,True,Carl Levin,D,False,True,audited_senate_seat_lineage,False,no_confident_match,False,False,True,True,,True,True,most_recent_completed_presidential_election,True,validated_scorable,MIT Election Data and Science Lab,1976-2024-senate-state.csv,official,"MIT Election Data and Science Lab, U.S. President 1976-2024",10.7910/DVN/42MVDX,1976-2024-president.csv,,,,,,54.61438395064853,41.32907250403697,False,regular_cycle,Assigned from the regular six-year Senate election cycle,2014-11-03,1,Carl Levin,D,L000261,2009-01-06,2015-01-03,,single_match,0.1913,0.176,,False,True,,,False,False,False,False,,,,,
2014_MN,2014,2014-11-04,MN,Minnesota,2,MN_CLASS_2,regular,False,AL FRANKEN,MIKE MCFADDEN,1053205,850227,78096,1981528,55.331895229249064,44.668104770750936,10.663790458498127,D,2012,"OBAMA, BARACK H.","ROMNEY, MITT",53.94122646169819,46.05877353830181,7.882452923396386,D,2.7813375351017413,2.7813375351017413,True,Al Franken,D,True,False,audited_senate_seat_lineage,False,strong_name_match,False,False,True,True,,True,True,most_recent_completed_presidential_election,True,validated_scorable,MIT Election Data and Science Lab,1976-2024-senate-state.csv,official,"MIT Election Data and Science Lab, U.S. President 1976-2024",10.7910/DVN/42MVDX,1976-2024-president.csv,,,,,,53.15115405888789,42.90764500930595,False,regular_cycle,Assigned from the regular six-year Senate election cycle,2014-11-03,1,Al Franken,D,F000457,2009-07-07,2015-01-03,,single_match,1.0,0.1435,D,True,False,,,False,False,False,False,,,,,
2014_MS,2014,2014-11-04,MS,Mississippi,2,MS_CLASS_2,regular,False,TRAVIS W. CHILDERS,THAD COCHRAN,239439,378481,13938,631858,38.749190833764885,61.250809166235115,-22.50161833247023,R,2012,"OBAMA, BARACK H.","ROMNEY, MITT",44.19810080121222,55.80189919878778,-11.60379839757556,R,-10.89781993489467,10.89781993489467,False,Thad Cochran,R,True,False,audited_senate_seat_lineage,False,strong_name_match,False,False,True,True,,True,True,most_recent_completed_presidential_election,True,validated_scorable,MIT Election Data and Science Lab,1976-2024-senate-state.csv,official,"MIT Election Data and Science Lab, U.S. President 1976-2024",10.7910/DVN/42MVDX,1976-2024-president.csv,,,,,,37.89443197680492,59.89969265246305,False,regular_cycle,Assigned from the regular six-year Senate election cycle,2014-11-03,1,Thad Cochran,R,C000567,2009-01-06,2015-01-03,,single_match,0.2276,1.0,R,True,False,,,False,False,False,False,,,,,
2014_MT,2014,2014-11-04,MT,Montana,2,MT_CLASS_2,regular,False,AMANDA CURTIS,STEVE DAINES,148184,213709,7933,369826,40.94690972193438,59.05309027806562,-18.106180556131235,R,2012,"OBAMA, BARACK H.","ROMNEY, MITT",42.96576813611854,57.03423186388146,-14.068463727762918,R,-4.037716828368318,4.037716828368318,False,John E. Walsh,D,False,True,audited_senate_seat_lineage,True,no_confident_match,False,False,True,True,,True,True,most_recent_completed_presidential_election,True,validated_scorable,MIT Election Data and Science Lab,1976-2024-senate-state.csv,official,"MIT Election Data and Science Lab, U.S. President 1976-2024",10.7910/DVN/42MVDX,1976-2024-president.csv,,,,,,40.06857278828422,57.78636439839275,False,regular_cycle,Assigned from the regular six-year Senate election cycle,2014-11-03,1,John E. Walsh,D,W000818,2014-02-11,2015-01-03,appointment,single_match,0.132,0.1833,,False,True,,,False,False,False,False,,,,,
2014_NC,2014,2014-11-04,NC,North Carolina,2,NC_CLASS_2,regular,False,KAY R. HAGAN,THOM TILLIS,1377651,1423259,114371,2915281,49.18583603186107,50.81416396813893,-1.6283279362778558,R,2012,"OBAMA, BARACK H.","ROMNEY, MITT",48.965965096995,51.034034903005,-2.0680698060100013,R,0.4397418697321456,0.4397418697321456,True,Kay R. Hagan,D,True,False,audited_senate_seat_lineage,False,strong_name_match,False,False,True,True,,True,True,most_recent_completed_presidential_election,True,validated_scorable,MIT Election Data and Science Lab,1976-2024-senate-state.csv,official,"MIT Election Data and Science Lab, U.S. President 1976-2024",10.7910/DVN/42MVDX,1976-2024-president.csv,,,,,,47.256199316635346,48.82064541977257,False,regular_cycle,Assigned from the regular six-year Senate election cycle,2014-11-03,1,Kay R. Hagan,D,H001049,2009-01-06,2015-01-03,,single_match,1.0,0.05,D,True,False,,,False,False,False,False,,,,,
2014_NE,2014,2014-11-04,NE,Nebraska,2,NE_CLASS_2,regular,False,DAVE DOMINA,BEN SASSE,170127,347636,22574,540337,32.85808371784002,67.14191628215998,-34.283832564319965,R,2012,"OBAMA, BARACK H.","ROMNEY, MITT",38.87060973177464,61.12939026822536,-22.25878053645073,R,-12.025052027869236,12.025052027869236,False,Mike Johanns,R,False,True,audited_senate_seat_lineage,False,no_confident_match,False,False,True,True,,True,True,most_recent_completed_presidential_election,True,validated_scorable,MIT Election Data and Science Lab,1976-2024-senate-state.csv,official,"MIT Election Data and Science Lab, U.S. President 1976-2024",10.7910/DVN/42MVDX,1976-2024-president.csv,,,,,,31.48535080884707,64.3368860544438,False,regular_cycle,Assigned from the regular six-year Senate election cycle,2014-11-03,1,Mike Johanns,R,J000291,2009-01-06,2015-01-03,,single_match,0.1435,0.2095,,False,True,,,False,False,False,False,,,,,
2014_NH,2014,2014-11-04,NH,New Hampshire,2,NH_CLASS_2,regular,False,JEANNE SHAHEEN,SCOTT P. BROWN,251184,235347,1628,488159,51.62754274650536,48.37245725349464,3.255085493010725,D,2012,"OBAMA, BARACK H.","ROMNEY, MITT",52.83375197825811,47.16624802174189,5.667503956516214,D,-2.412418463505489,2.412418463505489,False,Jeanne Shaheen,D,True,False,audited_senate_seat_lineage,False,strong_name_match,False,False,True,True,,True,True,most_recent_completed_presidential_election,True,validated_scorable,MIT Election Data and Science Lab,1976-2024-senate-state.csv,official,"MIT Election Data and Science Lab, U.S. President 1976-2024",10.7910/DVN/42MVDX,1976-2024-president.csv,,,,,,51.45536597706894,48.21113612572952,False,regular_cycle,Assigned from the regular six-year Senate election cycle,2014-11-03,1,Jeanne Shaheen,D,S001181,2009-01-06,2015-01-03,,single_match,1.0,0.0407,D,True,False,,,False,False,False,False,,,,,
2014_NJ,2014,2014-11-04,NJ,New Jersey,2,NJ_CLASS_2,regular,False,CORY A. BOOKER,JEFF BELL,1043866,791297,34372,1869535,56.88137783946167,43.11862216053833,13.76275567892334,D,2012,"OBAMA, BARACK H.","ROMNEY, MITT",58.951965550585776,41.048034449414224,17.90393110117155,D,-4.141175422248212,4.141175422248212,False,Cory A. Booker,D,True,False,audited_senate_seat_lineage,False,strong_name_match,False,False,True,True,,True,True,most_recent_completed_presidential_election,True,validated_scorable,MIT Election Data and Science Lab,1976-2024-senate-state.csv,official,"MIT Election Data and Science Lab, U.S. President 1976-2024",10.7910/DVN/42MVDX,1976-2024-president.csv,,,,,,55.83559548229908,42.32587247631096,False,regular_cycle,Assigned from the regular six-year Senate election cycle,2014-11-03,1,Cory A. Booker,D,B001288,2013-10-31,2015-01-03,,single_match,1.0,0.15,D,True,False,,,False,False,False,False,,,,,
2014_NM,2014,2014-11-04,NM,New Mexico,2,NM_CLASS_2,regular,False,TOM UDALL,ALLEN E. WEH,286409,229097,0,515506,55.558810178737005,44.441189821262995,11.11762035747401,D,2012,"OBAMA, BARACK H.","ROMNEY, MITT",55.295204646908694,44.704795353091306,10.590409293817387,D,0.5272110636566225,0.5272110636566225,True,Tom Udall,D,True,False,audited_senate_seat_lineage,False,strong_name_match,False,False,True,True,,True,True,most_recent_completed_presidential_election,True,validated_scorable,MIT Election Data and Science Lab,1976-2024-senate-state.csv,official,"MIT Election Data and Science Lab, U.S. President 1976-2024",10.7910/DVN/42MVDX,1976-2024-president.csv,,,,,,55.558810178737005,44.441189821262995,False,regular_cycle,Assigned from the regular six-year Senate election cycle,2014-11-03,1,Tom Udall,D,U000039,2009-01-06,2015-01-03,,single_match,1.0,0.165,D,True,False,,,False,False,False,False,,,,,
2014_OK_REGULAR,2014,2014-11-04,OK,Oklahoma,2,OK_CLASS_2,regular,False,MATT SILVERSTEIN,JAMES M. INHOFE,234307,558166,28260,820733,29.566559365429484,70.43344063457052,-40.86688126914103,R,2012,"OBAMA, BARACK H.","ROMNEY, MITT",33.22768025698344,66.77231974301655,-33.54463948603311,R,-7.32224178310792,7.32224178310792,False,James M. Inhofe,R,True,False,audited_senate_seat_lineage,False,strong_name_match,False,False,True,True,,True,True,most_recent_completed_presidential_election,True,validated_scorable,MIT Election Data and Science Lab,1976-2024-senate-state.csv,official,"MIT Election Data and Science Lab, U.S. President 1976-2024",10.7910/DVN/42MVDX,1976-2024-president.csv,,,,,,28.548504812161813,68.00823166608386,False,regular_cycle,Assigned from the regular six-year Senate election cycle,2014-11-03,1,James M. Inhofe,R,I000024,2009-01-06,2015-01-03,,single_match,0.1833,1.0,R,True,False,,,False,False,False,False,,,,,
2014_OK_SPECIAL,2014,2014-11-04,OK,Oklahoma,3,OK_CLASS_3,special,True,CONNIE JOHNSON,JAMES LANKFORD,237923,557002,25965,820890,29.93024499166588,70.06975500833411,-40.13951001666823,R,2012,"OBAMA, BARACK H.","ROMNEY, MITT",33.22768025698344,66.77231974301655,-33.54463948603311,R,-6.59487053063512,6.59487053063512,False,Tom Coburn,R,False,True,audited_senate_seat_lineage,False,no_confident_match,False,False,True,True,,True,True,most_recent_completed_presidential_election,True,validated_scorable,MIT Election Data and Science Lab,1976-2024-senate-state.csv,official,"MIT Election Data and Science Lab, U.S. President 1976-2024",10.7910/DVN/42MVDX,1976-2024-president.csv,,,,,,28.98354225292061,67.85342737760236,False,special_election_override,Special election for the Class 3 seat,2014-11-03,1,Tom Coburn,R,C000560,2011-01-05,2015-01-03,,single_match,0.1375,0.0917,,False,True,,,False,False,False,False,,,,,
2014_OR,2014,2014-11-04,OR,Oregon,2,OR_CLASS_2,regular,False,JEFF MERKLEY,MONICA WEHBY,814537,538847,108234,1461618,60.18520981480496,39.81479018519504,20.370419629609927,D,2012,"OBAMA, BARACK H.","ROMNEY, MITT",56.27116717874738,43.72883282125262,12.542334357494768,D,7.828085272115159,7.828085272115159,True,Jeff Merkley,D,True,False,audited_senate_seat_lineage,False,strong_name_match,False,False,True,True,,True,True,most_recent_completed_presidential_election,True,validated_scorable,MIT Election Data and Science Lab,1976-2024-senate-state.csv,official,"MIT Election Data and Science Lab, U.S. President 1976-2024",10.7910/DVN/42MVDX,1976-2024-president.csv,,,,,,55.7284461466676,36.86647263512081,False,regular_cycle,Assigned from the regular six-year Senate election cycle,2014-11-03,1,Jeff Merkley,D,M001176,2009-01-06,2015-01-03,,single_match,1.0,0.0917,D,True,False,,,False,False,False,False,,,,,
2014_RI,2014,2014-11-04,RI,Rhode Island,2,RI_CLASS_2,regular,False,JACK REED,MARK S. ZACCARIA,223675,92684,539,316898,70.70290397933992,29.29709602066007,41.40580795867984,D,2012,"OBAMA, BARACK H.","ROMNEY, MITT",64.01674597888213,35.98325402111788,28.033491957764248,D,13.372316000915589,13.372316000915589,True,Jack Reed,D,True,False,audited_senate_seat_lineage,False,strong_name_match,False,False,True,True,,True,True,most_recent_completed_presidential_election,True,validated_scorable,MIT Election Data and Science Lab,1976-2024-senate-state.csv,official,"MIT Election Data and Science Lab, U.S. President 1976-2024",10.7910/DVN/42MVDX,1976-2024-president.csv,,,,,,70.58264804448119,29.247265681702,False,regular_cycle,Assigned from the regular six-year Senate election cycle,2014-11-03,1,Jack Reed,D,R000122,2009-01-06,2015-01-03,,single_match,1.0,0.1375,D,True,False,,,False,False,False,False,,,,,
2014_SC_REGULAR,2014,2014-11-04,SC,South Carolina,2,SC_CLASS_2,regular,False,BRAD HUTTO,LINDSEY GRAHAM,480933,672941,86201,1240075,41.67985412618709,58.32014587381291,-16.640291747625824,R,2012,"OBAMA, BARACK H.","ROMNEY, MITT",44.69174529543463,55.30825470456537,-10.616509409130742,R,-6.0237823384950815,6.0237823384950815,False,Lindsey Graham,R,True,False,audited_senate_seat_lineage,False,strong_name_match,False,False,True,True,,True,True,most_recent_completed_presidential_election,True,validated_scorable,MIT Election Data and Science Lab,1976-2024-senate-state.csv,official,"MIT Election Data and Science Lab, U.S. President 1976-2024",10.7910/DVN/42MVDX,1976-2024-president.csv,,,,,,38.782573634659194,54.26615325685946,False,regular_cycle,Assigned from the regular six-year Senate election cycle,2014-11-03,1,Lindsey Graham,R,G000359,2009-01-06,2015-01-03,,single_match,0.1375,1.0,R,True,False,,,False,False,False,False,,,,,
2014_SC_SPECIAL,2014,2014-11-04,SC,South Carolina,3,SC_CLASS_3,special,True,JOYCE DICKERSON,TIM SCOTT,459583,757215,22184,1238982,37.769868129303305,62.230131870696695,-24.46026374139339,R,2012,"OBAMA, BARACK H.","ROMNEY, MITT",44.69174529543463,55.30825470456537,-10.616509409130742,R,-13.843754332262648,13.843754332262648,False,Tim Scott,R,True,False,audited_senate_seat_lineage,True,strong_name_match,False,False,True,True,,True,True,most_recent_completed_presidential_election,True,validated_scorable,MIT Election Data and Science Lab,1976-2024-senate-state.csv,official,"MIT Election Data and Science Lab, U.S. President 1976-2024",10.7910/DVN/42MVDX,1976-2024-president.csv,,,,,,37.09359780852345,61.11589998886183,False,special_election_override,Special election for the Class 3 seat,2014-11-03,1,Tim Scott,R,S001184,2013-01-03,2015-01-03,appointment,single_match,0.1375,1.0,R,True,False,,,False,False,False,False,,,,,
2014_SD,2014,2014-11-04,SD,South Dakota,2,SD_CLASS_2,regular,False,RICK WEILAND,MIKE ROUNDS,82456,140741,56215,279412,36.94314887744907,63.05685112255093,-26.113702245101862,R,2012,"OBAMA, BARACK H.","ROMNEY, MITT",40.78150086180476,59.21849913819524,-18.436998276390483,R,-7.676703968711379,7.676703968711379,False,Tim Johnson,D,False,True,audited_senate_seat_lineage,False,no_confident_match,False,False,True,True,,True,True,most_recent_completed_presidential_election,True,validated_scorable,MIT Election Data and Science Lab,1976-2024-senate-state.csv,official,"MIT Election Data and Science Lab, U.S. President 1976-2024",10.7910/DVN/42MVDX,1976-2024-president.csv,,,,,,29.510543570068577,50.37042074069832,False,regular_cycle,Assigned from the regular six-year Senate election cycle,2014-11-03,1,Tim Johnson,D,J000177,2009-01-06,2015-01-03,,single_match,0.1435,0.25,,False,True,,,False,False,False,False,,,,,
2014_TN,2014,2014-11-04,TN,Tennessee,2,TN_CLASS_2,regular,False,GORDON BALL,LAMAR ALEXANDER,437848,850087,86130,1374065,33.996125580871706,66.0038744191283,-32.00774883825659,R,2012,"OBAMA, BARACK H.","ROMNEY, MITT",39.64892847370595,60.35107152629405,-20.7021430525881,R,-11.30560578566849,11.30560578566849,False,Lamar Alexander,R,True,False,audited_senate_seat_lineage,False,strong_name_match,False,False,True,True,,True,True,most_recent_completed_presidential_election,True,validated_scorable,MIT Election Data and Science Lab,1976-2024-senate-state.csv,official,"MIT Election Data and Science Lab, U.S. President 1976-2024",10.7910/DVN/42MVDX,1976-2024-president.csv,,,,,,31.865159217358713,61.86657836419675,False,regular_cycle,Assigned from the regular six-year Senate election cycle,2014-11-03,1,Lamar Alexander,R,A000360,2009-01-06,2015-01-03,,single_match,0.1692,1.0,R,True,False,,,False,False,False,False,,,,,
2014_TX,2014,2014-11-04,TX,Texas,2,TX_CLASS_2,regular,False,DAVID M. ALAMEEL,JOHN CORNYN,1597387,2861531,189440,4648358,35.82454308421909,64.17545691578091,-28.350913831561822,R,2012,"OBAMA, BARACK H.","ROMNEY, MITT",41.99210278489362,58.00789721510638,-16.015794430212765,R,-12.335119401349058,12.335119401349058,False,John Cornyn,R,True,False,audited_senate_seat_lineage,False,strong_name_match,False,False,True,True,,True,True,most_recent_completed_presidential_election,True,validated_scorable,MIT Election Data and Science Lab,1976-2024-senate-state.csv,official,"MIT Election Data and Science Lab, U.S. President 1976-2024",10.7910/DVN/42MVDX,1976-2024-president.csv,,,,,,34.364543350576696,61.56003905034853,False,regular_cycle,Assigned from the regular six-year Senate election cycle,2014-11-03,1,John Cornyn,R,C001056,2009-01-06,2015-01-03,,single_match,0.0423,1.0,R,True,False,,,False,False,False,False,,,,,
2014_VA,2014,2014-11-04,VA,Virginia,2,VA_CLASS_2,regular,False,MARK R. WARNER,ED. W. GILLESPIE,1073667,1055940,54866,2184473,50.41620355304993,49.58379644695007,0.8324071060998648,D,2012,"OBAMA, BARACK H.","ROMNEY, MITT",51.96737668876448,48.03262331123552,3.9347533775289634,D,-3.1023462714290986,3.1023462714290986,False,Mark R. Warner,D,True,False,audited_senate_seat_lineage,False,strong_name_match,False,False,True,True,,True,True,most_recent_completed_presidential_election,True,validated_scorable,MIT Election Data and Science Lab,1976-2024-senate-state.csv,official,"MIT Election Data and Science Lab, U.S. President 1976-2024",10.7910/DVN/42MVDX,1976-2024-president.csv,,,,,,49.1499322719942,48.338432198521105,False,regular_cycle,Assigned from the regular six-year Senate election cycle,2014-11-03,1,Mark R. Warner,D,W000805,2009-01-06,2015-01-03,,single_match,1.0,0.1222,D,True,False,,,False,False,False,False,,,,,
2014_WV,2014,2014-11-04,WV,West Virginia,2,WV_CLASS_2,regular,False,NATALIE TENNANT,SHELLEY MOORE CAPITO,156360,281820,15509,453689,35.683965493632755,64.31603450636725,-28.63206901273449,R,2012,"OBAMA, BARACK H.","ROMNEY, MITT",36.32570236795726,63.67429763204274,-27.348595264085475,R,-1.2834737486490155,1.2834737486490155,False,"John D. Rockefeller, IV",D,False,True,audited_senate_seat_lineage,False,no_confident_match,False,False,True,True,,True,True,most_recent_completed_presidential_election,True,validated_scorable,MIT Election Data and Science Lab,1976-2024-senate-state.csv,official,"MIT Election Data and Science Lab, U.S. President 1976-2024",10.7910/DVN/42MVDX,1976-2024-president.csv,,,,,,34.46413732755258,62.11744168362028,False,regular_cycle,Assigned from the regular six-year Senate election cycle,2014-11-03,1,"John D. Rockefeller, IV",D,R000361,2009-01-06,2015-01-03,,single_match,0.1,0.1737,,False,True,,,False,False,False,False,,,,,
2014_WY,2014,2014-11-04,WY,Wyoming,2,WY_CLASS_2,regular,False,CHARLIE HARDY,MICHAEL B. ENZI,29377,121554,20222,171153,19.463860969582125,80.53613903041787,-61.07227806083574,R,2012,"OBAMA, BARACK H.","ROMNEY, MITT",28.839365988478573,71.16063401152142,-42.32126802304285,R,-18.751010037792895,18.751010037792895,False,Michael B. Enzi,R,True,False,audited_senate_seat_lineage,False,strong_name_match,False,False,True,True,,True,True,most_recent_completed_presidential_election,True,validated_scorable,MIT Election Data and Science Lab,1976-2024-senate-state.csv,official,"MIT Election Data and Science Lab, U.S. President 1976-2024",10.7910/DVN/42MVDX,1976-2024-president.csv,,,,,,17.16417474423469,71.02066572014513,False,regular_cycle,Assigned from the regular six-year Senate election cycle,2014-11-03,1,Michael B. Enzi,R,E000285,2009-01-06,2015-01-03,,single_match,0.2037,1.0,R,True,False,,,False,False,False,False,,,,,
2016_AK,2016,2016-11-08,AK,Alaska,3,AK_CLASS_3,regular,False,RAY METCALFE,LISA MURKOWSKI,36200,138149,137092,311441,20.76295246889859,79.23704753110141,-58.47409506220282,R,2012,"OBAMA, BARACK H.","ROMNEY, MITT",42.684709518439625,57.315290481560375,-14.63058096312075,R,-43.84351409908207,43.84351409908207,False,Lisa Murkowski,R,True,False,audited_senate_seat_lineage,False,strong_name_match,False,False,True,True,,True,True,most_recent_completed_presidential_election,True,validated_scorable,MIT Election Data and Science Lab,1976-2024-senate-state.csv,official,"MIT Election Data and Science Lab, U.S. President 1976-2024",10.7910/DVN/42MVDX,1976-2024-president.csv,,,,,,11.623389341801497,44.35800039172749,False,regular_cycle,Assigned from the regular six-year Senate election cycle,2016-11-07,1,Lisa Murkowski,R,M001153,2011-01-05,2017-01-03,,single_match,0.1269,1.0,R,True,False,,,False,False,False,False,,,,,
2016_AL,2016,2016-11-08,AL,Alabama,3,AL_CLASS_3,regular,False,RON CRUMPTON,RICHARD C. SHELBY,748709,1335104,3631,2087444,35.92975953216531,64.07024046783468,-28.14048093566937,R,2012,"OBAMA, BARACK H.","ROMNEY, MITT",38.78377146656229,61.21622853343771,-22.432457066875415,R,-5.708023868793955,5.708023868793955,False,Richard C. Shelby,R,True,False,audited_senate_seat_lineage,False,strong_name_match,False,False,True,True,,True,True,most_recent_completed_presidential_election,True,validated_scorable,MIT Election Data and Science Lab,1976-2024-senate-state.csv,official,"MIT Election Data and Science Lab, U.S. President 1976-2024",10.7910/DVN/42MVDX,1976-2024-president.csv,,,,,,35.86726158881388,63.9587936251224,False,regular_cycle,Assigned from the regular six-year Senate election cycle,2016-11-07,1,Richard C. Shelby,R,S000320,2011-01-05,2017-01-03,,single_match,0.1179,1.0,R,True,False,,,False,False,False,False,,,,,
2016_AR,2016,2016-11-08,AR,Arkansas,3,AR_CLASS_3,regular,False,CONNER ELDRIDGE,JOHN BOOZMAN,400602,661984,44936,1107522,37.70066611079009,62.29933388920991,-24.598667778419824,R,2012,"OBAMA, BARACK H.","ROMNEY, MITT",37.84559464877038,62.15440535122962,-24.30881070245924,R,-0.2898570759605832,0.2898570759605832,False,John Boozman,R,True,False,audited_senate_seat_lineage,False,strong_name_match,False,False,True,True,,True,True,most_recent_completed_presidential_election,True,validated_scorable,MIT Election Data and Science Lab,1976-2024-senate-state.csv,official,"MIT Election Data and Science Lab, U.S. President 1976-2024",10.7910/DVN/42MVDX,1976-2024-president.csv,,,,,,36.17101962760107,59.771634333223176,False,regular_cycle,Assigned from the regular six-year Senate election cycle,2016-11-07,1,John Boozman,R,B001236,2011-01-05,2017-01-03,,single_match,0.1222,1.0,R,True,False,,,False,False,False,False,,,,,
2016_AZ,2016,2016-11-08,AZ,Arizona,3,AZ_CLASS_3,regular,False,ANN KIRKPATRICK,JOHN MCCAIN,1031245,1359267,140218,2530730,43.1390848487688,56.8609151512312,-13.721830302462408,R,2012,"OBAMA, BARACK H.","ROMNEY, MITT",45.38661977629681,54.61338022370319,-9.226760447406376,R,-4.495069855056032,4.495069855056032,False,John McCain,R,True,False,audited_senate_seat_lineage,False,strong_name_match,False,False,True,True,,True,True,most_recent_completed_presidential_election,True,validated_scorable,MIT Election Data and Science Lab,1976-2024-senate-state.csv,official,"MIT Election Data and Science Lab, U.S. President 1976-2024",10.7910/DVN/42MVDX,1976-2024-president.csv,,,,,,40.74891434487282,53.71047089179802,False,regular_cycle,Assigned from the regular six-year Senate election cycle,2016-11-07,1,John McCain,R,M000303,2011-01-05,2017-01-03,,single_match,0.1269,1.0,R,True,False,,,False,False,False,False,,,,,
2016_CA,2016,2016-11-08,CA,California,3,CA_CLASS_3,regular,False,KAMALA D. HARRIS,,7542753,0,4701417,12244170,100.0,0.0,100.0,D,2012,"OBAMA, BARACK H.","ROMNEY, MITT",61.872811163296625,38.127188836703375,23.74562232659325,D,76.25437767340675,76.25437767340675,True,Barbara Boxer,D,False,True,audited_senate_seat_lineage,False,no_confident_match,False,False,False,False,Top-two election,True,False,most_recent_completed_presidential_election,True,not_scorable,MIT Election Data and Science Lab,1976-2024-senate-state.csv,official,"MIT Election Data and Science Lab, U.S. President 1976-2024",10.7910/DVN/42MVDX,1976-2024-president.csv,,,,,,61.602811787160746,0.0,False,regular_cycle,Assigned from the regular six-year Senate election cycle,2016-11-07,1,Barbara Boxer,D,B000711,2011-01-05,2017-01-03,,single_match,0.1179,0.0,,False,True,,,False,False,False,False,,,,,
2016_CO,2016,2016-11-08,CO,Colorado,3,CO_CLASS_3,regular,False,MICHAEL F. BENNET,DARRYL GLENN,1370710,1215318,156995,2743023,53.00445316137335,46.99554683862665,6.008906322746697,D,2012,"OBAMA, BARACK H.","ROMNEY, MITT",52.74798831420251,47.25201168579749,5.495976628405032,D,0.5129296943416648,0.5129296943416648,True,Michael F. Bennet,D,True,False,audited_senate_seat_lineage,False,strong_name_match,False,False,True,True,,True,True,most_recent_completed_presidential_election,True,validated_scorable,MIT Election Data and Science Lab,1976-2024-senate-state.csv,official,"MIT Election Data and Science Lab, U.S. President 1976-2024",10.7910/DVN/42MVDX,1976-2024-president.csv,,,,,,49.97078041270525,44.30578963428305,False,regular_cycle,Assigned from the regular six-year Senate election cycle,2016-11-07,1,Michael F. Bennet,D,B001267,2011-01-05,2017-01-03,,single_match,1.0,0.2357,D,True,False,,,False,False,False,False,,,,,
2016_CT,2016,2016-11-08,CT,Connecticut,3,CT_CLASS_3,regular,False,RICHARD BLUMENTHAL,DAN CARTER,1008714,552621,34941,1596276,64.60586613378935,35.394133866210645,29.211732267578704,D,2012,"OBAMA, BARACK H.","ROMNEY, MITT",58.772577476907095,41.227422523092905,17.54515495381419,D,11.666577313764513,11.666577313764513,True,Richard Blumenthal,D,True,False,audited_senate_seat_lineage,False,strong_name_match,False,False,True,True,,True,True,most_recent_completed_presidential_election,True,validated_scorable,MIT Election Data and Science Lab,1976-2024-senate-state.csv,official,"MIT Election Data and Science Lab, U.S. President 1976-2024",10.7910/DVN/42MVDX,1976-2024-president.csv,,,,,,63.19170369033927,34.61938912819588,False,regular_cycle,Assigned from the regular six-year Senate election cycle,2016-11-07,1,Richard Blumenthal,D,B001277,2011-01-05,2017-01-03,,single_match,1.0,0.1571,D,True,False,,,False,False,False,False,,,,,
2016_FL,2016,2016-11-08,FL,Florida,3,FL_CLASS_3,regular,False,PATRICK MURPHY,MARCO RUBIO,4122088,4835191,344541,9301820,46.01942174626915,53.98057825373085,-7.961156507461695,R,2012,"OBAMA, BARACK H.","ROMNEY, MITT",50.44225213936623,49.55774786063377,0.8845042787324644,D,-8.84566078619416,8.84566078619416,False,Marco Rubio,R,True,False,audited_senate_seat_lineage,False,strong_name_match,False,False,True,True,,True,True,most_recent_completed_presidential_election,True,validated_scorable,MIT Election Data and Science Lab,1976-2024-senate-state.csv,official,"MIT Election Data and Science Lab, U.S. President 1976-2024",10.7910/DVN/42MVDX,1976-2024-president.csv,,,,,,44.31485451234275,51.98112842432986,False,regular_cycle,Assigned from the regular six-year Senate election cycle,2016-11-07,1,Marco Rubio,R,R000595,2011-01-05,2017-01-03,,single_match,0.088,1.0,R,True,False,,,False,False,False,False,,,,,
2016_GA,2016,2016-11-08,GA,Georgia,3,GA_CLASS_3,regular,False,JIM BARKSDALE,JOHNNY ISAKSON,1599726,2135806,163073,3898605,42.82458295096923,57.17541704903077,-14.35083409806154,R,2012,"OBAMA, BARACK H.","ROMNEY, MITT",46.04335090194328,53.95664909805672,-7.913298196113445,R,-6.437535901948095,6.437535901948095,False,Johnny Isakson,R,True,False,audited_senate_seat_lineage,False,strong_name_match,False,False,True,True,,True,True,most_recent_completed_presidential_election,True,validated_scorable,MIT Election Data and Science Lab,1976-2024-senate-state.csv,official,"MIT Election Data and Science Lab, U.S. President 1976-2024",10.7910/DVN/42MVDX,1976-2024-president.csv,,,,,,41.03329267776551,54.78385217276436,False,regular_cycle,Assigned from the regular six-year Senate election cycle,2016-11-07,1,Johnny Isakson,R,I000055,2011-01-05,2017-01-03,,single_match,0.2037,1.0,R,True,False,,,False,False,False,False,,,,,
2016_HI,2016,2016-11-08,HI,Hawaii,3,HI_CLASS_3,regular,False,BRIAN SCHATZ,JOHN CARROLL,306604,92653,38407,437664,76.79364419409052,23.20635580590948,53.58728838818104,D,2012,"OBAMA, BARACK H.","ROMNEY, MITT",71.70384850107442,28.296151498925585,43.40769700214883,D,10.179591386032207,10.179591386032207,True,Brian Schatz,D,True,False,audited_senate_seat_lineage,False,strong_name_match,False,False,True,True,,True,True,most_recent_completed_presidential_election,True,validated_scorable,MIT Election Data and Science Lab,1976-2024-senate-state.csv,official,"MIT Election Data and Science Lab, U.S. President 1976-2024",10.7910/DVN/42MVDX,1976-2024-president.csv,,,,,,70.05465379834759,21.169892885866783,False,regular_cycle,Assigned from the regular six-year Senate election cycle,2016-11-07,1,Brian Schatz,D,S001194,2015-01-06,2017-01-03,,single_match,1.0,0.1833,D,True,False,,,False,False,False,False,,,,,
2016_IA,2016,2016-11-08,IA,Iowa,3,IA_CLASS_3,regular,False,PATTY JUDGE,CHUCK GRASSLEY,549460,926007,65569,1541036,37.239734944936075,62.760265055063925,-25.52053011012785,R,2012,"OBAMA, BARACK H.","ROMNEY, MITT",52.959351928100176,47.040648071899824,5.918703856200352,D,-31.439233966328203,31.439233966328203,False,Chuck Grassley,R,True,False,audited_senate_seat_lineage,False,strong_name_match,False,False,True,True,,True,True,most_recent_completed_presidential_election,True,validated_scorable,MIT Election Data and Science Lab,1976-2024-senate-state.csv,official,"MIT Election Data and Science Lab, U.S. President 1976-2024",10.7910/DVN/42MVDX,1976-2024-president.csv,,,,,,35.6552345305366,60.08990056040222,False,regular_cycle,Assigned from the regular six-year Senate election cycle,2016-11-07,1,Chuck Grassley,R,G000386,2011-01-05,2017-01-03,,single_match,0.132,1.0,R,True,False,,,False,False,False,False,,,,,
2016_ID,2016,2016-11-08,ID,Idaho,3,ID_CLASS_3,regular,False,JERRY STURGILL,MIKE CRAPO,188249,449017,41677,678943,29.54009785552658,70.45990214447342,-40.919804288946835,R,2012,"OBAMA, BARACK H.","ROMNEY, MITT",33.578613156424666,66.42138684357533,-32.84277368715067,R,-8.077030601796167,8.077030601796167,False,Mike Crapo,R,True,False,audited_senate_seat_lineage,False,strong_name_match,False,False,True,True,,True,True,most_recent_completed_presidential_election,True,validated_scorable,MIT Election Data and Science Lab,1976-2024-senate-state.csv,official,"MIT Election Data and Science Lab, U.S. President 1976-2024",10.7910/DVN/42MVDX,1976-2024-president.csv,,,,,,27.72677529630617,66.13471233962203,False,regular_cycle,Assigned from the regular six-year Senate election cycle,2016-11-07,1,Mike Crapo,R,C000880,2011-01-05,2017-01-03,,single_match,0.0458,1.0,R,True,False,,,False,False,False,False,,,,,
2016_IL,2016,2016-11-08,IL,Illinois,3,IL_CLASS_3,regular,False,TAMMY DUCKWORTH,MARK KIRK,3012940,2184692,294246,5491878,57.96755137724256,42.03244862275744,15.935102754485117,D,2012,"OBAMA, BARACK H.","ROMNEY, MITT",58.57752339211691,41.42247660788309,17.155046784233818,D,-1.2199440297487012,1.2199440297487012,False,Mark Kirk,R,True,False,audited_senate_seat_lineage,False,strong_name_match,False,False,True,True,,True,True,most_recent_completed_presidential_election,True,validated_scorable,MIT Election Data and Science Lab,1976-2024-senate-state.csv,official,"MIT Election Data and Science Lab, U.S. President 1976-2024",10.7910/DVN/42MVDX,1976-2024-president.csv,,,,,,54.86174310499978,39.78041755479637,False,regular_cycle,Assigned from the regular six-year Senate election cycle,2016-11-07,1,Mark Kirk,R,K000360,2011-01-05,2017-01-03,,single_match,0.0917,1.0,R,True,False,,,False,False,False,False,,,,,
2016_IN,2016,2016-11-08,IN,Indiana,3,IN_CLASS_3,regular,False,EVAN BAYH,TODD C. YOUNG,1158947,1423991,149608,2732546,44.8693309711654,55.1306690288346,-10.261338057669208,R,2012,"OBAMA, BARACK H.","ROMNEY, MITT",44.799625402672696,55.200374597327304,-10.400749194654608,R,0.13941113698539986,0.13941113698539986,True,Daniel Coats,R,False,True,audited_senate_seat_lineage,False,no_confident_match,False,False,True,True,,True,True,most_recent_completed_presidential_election,True,validated_scorable,MIT Election Data and Science Lab,1976-2024-senate-state.csv,official,"MIT Election Data and Science Lab, U.S. President 1976-2024",10.7910/DVN/42MVDX,1976-2024-president.csv,,,,,,42.41271693138926,52.11224257523936,False,regular_cycle,Assigned from the regular six-year Senate election cycle,2016-11-07,1,Daniel Coats,R,C000542,2011-01-05,2017-01-03,,single_match,0.2095,0.1833,,False,True,,,False,False,False,False,,,,,
2016_KS,2016,2016-11-08,KS,Kansas,3,KS_CLASS_3,regular,False,PATRICK WIESNER,JERRY MORAN,379740,732376,65806,1177922,34.14571861208723,65.85428138791278,-31.70856277582555,R,2012,"OBAMA, BARACK H.","ROMNEY, MITT",38.886673254746945,61.113326745253055,-22.22665349050611,R,-9.481909285319439,9.481909285319439,False,Jerry Moran,R,True,False,audited_senate_seat_lineage,False,strong_name_match,False,False,True,True,,True,True,most_recent_completed_presidential_election,True,validated_scorable,MIT Election Data and Science Lab,1976-2024-senate-state.csv,official,"MIT Election Data and Science Lab, U.S. President 1976-2024",10.7910/DVN/42MVDX,1976-2024-president.csv,,,,,,32.238127821706364,62.17525438866071,False,regular_cycle,Assigned from the regular six-year Senate election cycle,2016-11-07,1,Jerry Moran,R,M000934,2011-01-05,2017-01-03,,single_match,0.0846,1.0,R,True,False,,,False,False,False,False,,,,,
2016_KY,2016,2016-11-08,KY,Kentucky,3,KY_CLASS_3,regular,False,JIM GRAY,RAND PAUL,813246,1090177,42,1903465,42.72544778538454,57.27455221461546,-14.549104429230924,R,2012,"OBAMA, BARACK H.","ROMNEY, MITT",38.45722760619509,61.54277239380491,-23.08554478760982,R,8.536440358378895,8.536440358378895,True,Rand Paul,R,True,False,audited_senate_seat_lineage,False,strong_name_match,False,False,True,True,,True,True,most_recent_completed_presidential_election,True,validated_scorable,MIT Election Data and Science Lab,1976-2024-senate-state.csv,official,"MIT Election Data and Science Lab, U.S. President 1976-2024",10.7910/DVN/42MVDX,1976-2024-president.csv,,,,,,42.72450504737413,57.27328845027358,False,regular_cycle,Assigned from the regular six-year Senate election cycle,2016-11-07,1,Rand Paul,R,P000603,2011-01-05,2017-01-03,,single_match,0.1294,1.0,R,True,False,,,False,False,False,False,,,,,
2016_LA,2016,2016-11-08,LA,Louisiana,3,LA_CLASS_3,regular,False,FOSTER CAMPBELL,JOHN KENNEDY,347816,536191,1113211,1997218,39.345389798949554,60.654610201050446,-21.30922040210089,R,2012,"OBAMA, BARACK H.","ROMNEY, MITT",41.25317438588602,58.74682561411398,-17.49365122822796,R,-3.8155691738729303,3.8155691738729303,False,David Vitter,R,False,True,audited_senate_seat_lineage,False,no_confident_match,False,False,True,True,,True,True,most_recent_completed_presidential_election,True,validated_scorable,MIT Election Data and Science Lab,1976-2024-senate-state.csv,official,"MIT Election Data and Science Lab, U.S. President 1976-2024",10.7910/DVN/42MVDX,1976-2024-president.csv,,,,,,17.41502429879963,26.84689402959517,False,regular_cycle,Assigned from the regular six-year Senate election cycle,2016-11-07,1,David Vitter,R,V000127,2011-01-05,2017-01-03,,single_match,0.1222,0.0458,,False,True,,,False,False,False,False,,,,,
2016_MD,2016,2016-11-08,MD,Maryland,3,MD_CLASS_3,regular,False,CHRIS VAN HOLLEN,KATHY SZELIGA,1659907,972557,93706,2726170,63.05525925520729,36.94474074479271,26.11051851041458,D,2012,"OBAMA, BARACK H.","ROMNEY, MITT",63.32172578690598,36.67827421309402,26.64345157381196,D,-0.5329330633973797,0.5329330633973797,False,Barbara A. Mikulski,D,False,True,audited_senate_seat_lineage,False,no_confident_match,False,False,True,True,,True,True,most_recent_completed_presidential_election,True,validated_scorable,MIT Election Data and Science Lab,1976-2024-senate-state.csv,official,"MIT Election Data and Science Lab, U.S. President 1976-2024",10.7910/DVN/42MVDX,1976-2024-president.csv,,,,,,60.88787566439364,35.674847863486136,False,regular_cycle,Assigned from the regular six-year Senate election cycle,2016-11-07,1,Barbara A. Mikulski,D,M000702,2011-01-05,2017-01-03,,single_match,0.0971,0.071,,False,True,,,False,False,False,False,,,,,
2016_MO,2016,2016-11-08,MO,Missouri,3,MO_CLASS_3,regular,False,JASON KANDER,ROY BLUNT,1300200,1378458,123979,2802637,48.53923121204723,51.46076878795277,-2.921537575905546,R,2012,"OBAMA, BARACK H.","ROMNEY, MITT",45.22133324662003,54.77866675337997,-9.557333506759946,R,6.6357959308544,6.6357959308544,True,Roy Blunt,R,True,False,audited_senate_seat_lineage,False,strong_name_match,False,False,True,True,,True,True,most_recent_completed_presidential_election,True,validated_scorable,MIT Election Data and Science Lab,1976-2024-senate-state.csv,official,"MIT Election Data and Science Lab, U.S. President 1976-2024",10.7910/DVN/42MVDX,1976-2024-president.csv,,,,,,46.3920229412514,49.18432176553724,False,regular_cycle,Assigned from the regular six-year Senate election cycle,2016-11-07,1,Roy Blunt,R,B000575,2011-01-05,2017-01-03,,single_match,0.0524,1.0,R,True,False,,,False,False,False,False,,,,,
2016_NC,2016,2016-11-08,NC,North Carolina,3,NC_CLASS_3,regular,False,DEBORAH K. ROSS,RICHARD BURR,2128165,2395376,167592,4691133,47.04643994605112,52.95356005394888,-5.907120107897768,R,2012,"OBAMA, BARACK H.","ROMNEY, MITT",48.965965096995,51.034034903005,-2.0680698060100013,R,-3.8390503018877666,3.8390503018877666,False,Richard Burr,R,True,False,audited_senate_seat_lineage,False,strong_name_match,False,False,True,True,,True,True,most_recent_completed_presidential_election,True,validated_scorable,MIT Election Data and Science Lab,1976-2024-senate-state.csv,official,"MIT Election Data and Science Lab, U.S. President 1976-2024",10.7910/DVN/42MVDX,1976-2024-president.csv,,,,,,45.36569310654803,51.06177974489319,False,regular_cycle,Assigned from the regular six-year Senate election cycle,2016-11-07,1,Richard Burr,R,B001135,2011-01-05,2017-01-03,,single_match,0.1269,1.0,R,True,False,,,False,False,False,False,,,,,
2016_ND,2016,2016-11-08,ND,North Dakota,3,ND_CLASS_3,regular,False,ELIOT GLASSHEIM,JOHN HOEVEN,58116,268788,15597,342501,17.77769620439028,82.22230379560972,-64.44460759121944,R,2012,"OBAMA, BARACK H.","ROMNEY, MITT",39.888791711088274,60.111208288911726,-20.222416577823452,R,-44.222191013395985,44.222191013395985,False,John Hoeven,R,True,False,audited_senate_seat_lineage,False,strong_name_match,False,False,True,True,,True,True,most_recent_completed_presidential_election,True,validated_scorable,MIT Election Data and Science Lab,1976-2024-senate-state.csv,official,"MIT Election Data and Science Lab, U.S. President 1976-2024",10.7910/DVN/42MVDX,1976-2024-president.csv,,,,,,16.96812564050908,78.47801904228017,False,regular_cycle,Assigned from the regular six-year Senate election cycle,2016-11-07,1,John Hoeven,R,H001061,2011-01-05,2017-01-03,,single_match,0.1269,1.0,R,True,False,,,False,False,False,False,,,,,
2016_NH,2016,2016-11-08,NH,New Hampshire,3,NH_CLASS_3,regular,False,MAGGIE HASSAN,KELLY AYOTTE,354649,353632,30859,739140,50.07179353956975,49.92820646043025,0.1435870791394933,D,2012,"OBAMA, BARACK H.","ROMNEY, MITT",52.83375197825811,47.16624802174189,5.667503956516214,D,-5.52391687737672,5.52391687737672,False,Kelly Ayotte,R,True,False,audited_senate_seat_lineage,False,strong_name_match,False,False,True,True,,True,True,most_recent_completed_presidential_election,True,validated_scorable,MIT Election Data and Science Lab,1976-2024-senate-state.csv,official,"MIT Election Data and Science Lab, U.S. President 1976-2024",10.7910/DVN/42MVDX,1976-2024-president.csv,,,,,,47.9813025949076,47.84371025786725,False,regular_cycle,Assigned from the regular six-year Senate election cycle,2016-11-07,1,Kelly Ayotte,R,A000368,2011-01-05,2017-01-03,,single_match,0.132,1.0,R,True,False,,,False,False,False,False,,,,,
2016_NV,2016,2016-11-08,NV,Nevada,3,NV_CLASS_3,regular,False,CATHERINE CORTEZ MASTO,JOSEPH J. HECK,521994,495079,91221,1108294,51.3231596945352,48.6768403054648,2.646319389070399,D,2012,"OBAMA, BARACK H.","ROMNEY, MITT",53.407542163346534,46.592457836653466,6.815084326693068,D,-4.168764937622669,4.168764937622669,False,Harry Reid,D,False,True,audited_senate_seat_lineage,False,no_confident_match,False,False,True,True,,True,True,most_recent_completed_presidential_election,True,validated_scorable,MIT Election Data and Science Lab,1976-2024-senate-state.csv,official,"MIT Election Data and Science Lab, U.S. President 1976-2024",10.7910/DVN/42MVDX,1976-2024-president.csv,,,,,,47.09887448637275,44.67036724912343,False,regular_cycle,Assigned from the regular six-year Senate election cycle,2016-11-07,1,Harry Reid,D,R000146,2011-01-05,2017-01-03,,single_match,0.0688,0.1435,,False,True,,,False,False,False,False,,,,,
2016_NY,2016,2016-11-08,NY,New York,3,NY_CLASS_3,regular,False,CHARLES E. SCHUMER,WENDY LONG,5221949,2009353,569423,7800725,72.21312289266857,27.78687710733143,44.42624578533713,D,2012,"OBAMA, BARACK H.","ROMNEY, MITT",66.04269487027739,33.957305129722606,32.08538974055478,D,12.340856044782349,12.340856044782349,True,Charles E. Schumer,D,True,False,audited_senate_seat_lineage,False,strong_name_match,False,False,True,True,,True,True,most_recent_completed_presidential_election,True,validated_scorable,MIT Election Data and Science Lab,1976-2024-senate-state.csv,official,"MIT Election Data and Science Lab, U.S. President 1976-2024",10.7910/DVN/42MVDX,1976-2024-president.csv,,,,,,66.94184194417826,25.75854167401107,False,regular_cycle,Assigned from the regular six-year Senate election cycle,2016-11-07,1,Charles E. Schumer,D,S000148,2011-01-05,2017-01-03,,single_match,1.0,0.0407,D,True,False,,,False,False,False,False,,,,,
2016_OH,2016,2016-11-08,OH,Ohio,3,OH_CLASS_3,regular,False,TED STRICKLAND,ROB PORTMAN,1996908,3118567,258689,5374164,39.03660950351629,60.96339049648371,-21.926780992967423,R,2012,"OBAMA, BARACK H.","ROMNEY, MITT",51.51405676924949,48.48594323075051,3.0281135384989852,D,-24.954894531466408,24.954894531466408,False,Rob Portman,R,True,False,audited_senate_seat_lineage,False,strong_name_match,False,False,True,True,,True,True,most_recent_completed_presidential_election,True,validated_scorable,MIT Election Data and Science Lab,1976-2024-senate-state.csv,official,"MIT Election Data and Science Lab, U.S. President 1976-2024",10.7910/DVN/42MVDX,1976-2024-president.csv,,,,,,37.15755604034413,58.02887667737717,False,regular_cycle,Assigned from the regular six-year Senate election cycle,2016-11-07,1,Rob Portman,R,P000449,2011-01-05,2017-01-03,,single_match,0.132,1.0,R,True,False,,,False,False,False,False,,,,,
2016_OK,2016,2016-11-08,OK,Oklahoma,3,OK_CLASS_3,regular,False,MIKE WORKMAN,JAMES LANKFORD,355911,980892,111244,1448047,26.624042585182707,73.3759574148173,-46.751914829634586,R,2012,"OBAMA, BARACK H.","ROMNEY, MITT",33.22768025698344,66.77231974301655,-33.54463948603311,R,-13.207275343601474,13.207275343601474,False,James Lankford,R,True,False,audited_senate_seat_lineage,False,strong_name_match,False,False,True,True,,True,True,most_recent_completed_presidential_election,True,validated_scorable,MIT Election Data and Science Lab,1976-2024-senate-state.csv,official,"MIT Election Data and Science Lab, U.S. President 1976-2024",10.7910/DVN/42MVDX,1976-2024-president.csv,,,,,,24.578691161267557,67.7389615116084,False,regular_cycle,Assigned from the regular six-year Senate election cycle,2016-11-07,1,James Lankford,R,L000575,2015-01-06,2017-01-03,,single_match,0.2115,1.0,R,True,False,,,False,False,False,False,,,,,
2016_OR,2016,2016-11-08,OR,Oregon,3,OR_CLASS_3,regular,False,RON WYDEN,MARK CALLAHAN,1105119,651106,196253,1952478,62.92582100812823,37.07417899187177,25.851642016256463,D,2012,"OBAMA, BARACK H.","ROMNEY, MITT",56.27116717874738,43.72883282125262,12.542334357494768,D,13.309307658761695,13.309307658761695,True,Ron Wyden,D,True,False,audited_senate_seat_lineage,False,strong_name_match,False,False,True,True,,True,True,most_recent_completed_presidential_election,True,validated_scorable,MIT Election Data and Science Lab,1976-2024-senate-state.csv,official,"MIT Election Data and Science Lab, U.S. President 1976-2024",10.7910/DVN/42MVDX,1976-2024-president.csv,,,,,,56.60084262153018,33.347674083907734,False,regular_cycle,Assigned from the regular six-year Senate election cycle,2016-11-07,1,Ron Wyden,D,W000779,2011-01-05,2017-01-03,,single_match,1.0,0.1,D,True,False,,,False,False,False,False,,,,,
2016_PA,2016,2016-11-08,PA,Pennsylvania,3,PA_CLASS_3,regular,False,KATIE MCGINTY,PATRICK J. TOOMEY,2865012,2951702,235142,6051856,49.254819817512086,50.745180182487914,-1.490360364975828,R,2012,"OBAMA, BARACK H.","ROMNEY, MITT",52.73193400189183,47.26806599810817,5.463868003783659,D,-6.9542283687594875,6.9542283687594875,False,Patrick J. Toomey,R,True,False,audited_senate_seat_lineage,False,strong_name_match,False,False,True,True,,True,True,most_recent_completed_presidential_election,True,validated_scorable,MIT Election Data and Science Lab,1976-2024-senate-state.csv,official,"MIT Election Data and Science Lab, U.S. President 1976-2024",10.7910/DVN/42MVDX,1976-2024-president.csv,,,,,,47.341047110175786,48.773500228690175,False,regular_cycle,Assigned from the regular six-year Senate election cycle,2016-11-07,1,Patrick J. Toomey,R,T000461,2011-01-05,2017-01-03,,single_match,0.2276,1.0,R,True,False,,,False,False,False,False,,,,,
2016_SC,2016,2016-11-08,SC,South Carolina,3,SC_CLASS_3,regular,False,THOMAS DIXON,TIM SCOTT,757022,1241609,51262,2049893,37.877026824861616,62.122973175138384,-24.245946350276768,R,2012,"OBAMA, BARACK H.","ROMNEY, MITT",44.69174529543463,55.30825470456537,-10.616509409130742,R,-13.629436941146025,13.629436941146025,False,Tim Scott,R,True,False,audited_senate_seat_lineage,False,strong_name_match,False,False,True,True,,True,True,most_recent_completed_presidential_election,True,validated_scorable,MIT Election Data and Science Lab,1976-2024-senate-state.csv,official,"MIT Election Data and Science Lab, U.S. President 1976-2024",10.7910/DVN/42MVDX,1976-2024-president.csv,,,,,,36.92982999600467,60.569454112970774,False,regular_cycle,Assigned from the regular six-year Senate election cycle,2016-11-07,1,Tim Scott,R,S001184,2015-01-06,2017-01-03,,single_match,0.1571,1.0,R,True,False,,,False,False,False,False,,,,,
2016_SD,2016,2016-11-08,SD,South Dakota,3,SD_CLASS_3,regular,False,JAY WILLIAMS,JOHN R. THUNE,104140,265516,0,369656,28.172138420585625,71.82786157941437,-43.65572315882875,R,2012,"OBAMA, BARACK H.","ROMNEY, MITT",40.78150086180476,59.21849913819524,-18.436998276390483,R,-25.218724882438266,25.218724882438266,False,John Thune,R,True,False,audited_senate_seat_lineage,False,strong_name_match,False,False,True,True,,True,True,most_recent_completed_presidential_election,True,validated_scorable,MIT Election Data and Science Lab,1976-2024-senate-state.csv,official,"MIT Election Data and Science Lab, U.S. President 1976-2024",10.7910/DVN/42MVDX,1976-2024-president.csv,,,,,,28.172138420585625,71.82786157941437,False,regular_cycle,Assigned from the regular six-year Senate election cycle,2016-11-07,1,John Thune,R,T000250,2011-01-05,2017-01-03,,single_match,0.1,0.95,R,True,False,,,False,False,False,False,,,,,
2016_UT,2016,2016-11-08,UT,Utah,3,UT_CLASS_3,regular,False,MISTY K. SNOW,MIKE LEE,301858,760220,53505,1115583,28.42145303828909,71.57854696171091,-43.157093923421826,R,2012,"OBAMA, BARACK H.","ROMNEY, MITT",25.37381110485252,74.62618889514748,-49.25237779029496,R,6.095283866873132,6.095283866873132,True,Mike Lee,R,True,False,audited_senate_seat_lineage,False,strong_name_match,False,False,True,True,,True,True,most_recent_completed_presidential_election,True,validated_scorable,MIT Election Data and Science Lab,1976-2024-senate-state.csv,official,"MIT Election Data and Science Lab, U.S. President 1976-2024",10.7910/DVN/42MVDX,1976-2024-president.csv,,,,,,27.0583183859919,68.14553466662723,False,regular_cycle,Assigned from the regular six-year Senate election cycle,2016-11-07,1,Mike Lee,R,L000577,2011-01-05,2017-01-03,,single_match,0.22,1.0,R,True,False,,,False,False,False,False,,,,,
2016_VT,2016,2016-11-08,VT,Vermont,3,VT_CLASS_3,regular,False,PATRICK J. LEAHY,SCOTT MILNE,192243,103637,24587,320467,64.97329998648101,35.026700013519,29.946599972962012,D,2012,"OBAMA, BARACK H.","ROMNEY, MITT",68.24725882639062,31.752741173609376,36.49451765278124,D,-6.5479176798192285,6.5479176798192285,False,Patrick J. Leahy,D,True,False,audited_senate_seat_lineage,False,strong_name_match,False,False,True,True,,True,True,most_recent_completed_presidential_election,True,validated_scorable,MIT Election Data and Science Lab,1976-2024-senate-state.csv,official,"MIT Election Data and Science Lab, U.S. President 1976-2024",10.7910/DVN/42MVDX,1976-2024-president.csv,,,,,,59.98839194051182,32.33936723594005,False,regular_cycle,Assigned from the regular six-year Senate election cycle,2016-11-07,1,Patrick J. Leahy,D,L000174,2011-01-05,2017-01-03,,single_match,1.0,0.1692,D,True,False,,,False,False,False,False,,,,,
2016_WA,2016,2016-11-08,WA,Washington,3,WA_CLASS_3,regular,False,PATTY MURRAY,CHRIS VANCE,1913979,1329338,0,3243317,59.01301044578744,40.98698955421256,18.026020891574888,D,2012,"OBAMA, BARACK H.","ROMNEY, MITT",57.62829827062185,42.37170172937815,15.256596541243695,D,2.7694243503311924,2.7694243503311924,True,Patty Murray,D,True,False,audited_senate_seat_lineage,False,strong_name_match,False,False,True,True,,True,True,most_recent_completed_presidential_election,True,validated_scorable,MIT Election Data and Science Lab,1976-2024-senate-state.csv,official,"MIT Election Data and Science Lab, U.S. President 1976-2024",10.7910/DVN/42MVDX,1976-2024-president.csv,,,,,,59.01301044578744,40.98698955421256,False,regular_cycle,Assigned from the regular six-year Senate election cycle,2016-11-07,1,Patty Murray,D,M001111,2011-01-05,2017-01-03,,single_match,1.0,0.0478,D,True,False,,,False,False,False,False,,,,,
2016_WI,2016,2016-11-08,WI,Wisconsin,3,WI_CLASS_3,regular,False,RUSS FEINGOLD,RON JOHNSON,1380335,1479471,88935,2948741,48.26673557576982,51.73326442423018,-3.4665288484603565,R,2012,"OBAMA, BARACK H.","ROMNEY, MITT",53.46342998287241,46.53657001712759,6.926859965744825,D,-10.393388814205181,10.393388814205181,False,Ron Johnson,R,True,False,audited_senate_seat_lineage,False,strong_name_match,False,False,True,True,,True,True,most_recent_completed_presidential_election,True,validated_scorable,MIT Election Data and Science Lab,1976-2024-senate-state.csv,official,"MIT Election Data and Science Lab, U.S. President 1976-2024",10.7910/DVN/42MVDX,1976-2024-president.csv,,,,,,46.810994929700506,50.17297212607008,False,regular_cycle,Assigned from the regular six-year Senate election cycle,2016-11-07,1,Ron Johnson,R,J000293,2011-01-05,2017-01-03,,single_match,0.0917,1.0,R,True,False,,,False,False,False,False,,,,,
2018_AZ,2018,2018-11-06,AZ,Arizona,1,AZ_CLASS_1,regular,False,KYRSTEN SINEMA,MARTHA MCSALLY,1191100,1135200,58008,2384308,51.20147874306839,48.79852125693161,2.402957486136785,D,2016,"CLINTON, HILLARY","TRUMP, DONALD J.",48.1108795538633,51.8891204461367,-3.778240892273402,R,6.181198378410187,6.181198378410187,True,Jeff Flake,R,False,True,audited_senate_seat_lineage,False,no_confident_match,False,False,True,True,,True,True,most_recent_completed_presidential_election,True,validated_scorable,MIT Election Data and Science Lab,1976-2024-senate-state.csv,official,"MIT Election Data and Science Lab, U.S. President 1976-2024",10.7910/DVN/42MVDX,1976-2024-president.csv,,,,,,49.9557943017429,47.611298540289255,False,regular_cycle,Assigned from the regular six-year Senate election cycle,2018-11-05,1,Jeff Flake,R,F000444,2013-01-03,2019-01-03,,single_match,0.1375,0.0917,,False,True,,,False,False,False,False,,,,,
2018_CA,2018,2018-11-06,CA,California,1,CA_CLASS_1,regular,False,DIANNE FEINSTEIN,,6019422,0,5093942,11113364,100.0,0.0,100.0,D,2016,"CLINTON, HILLARY","TRUMP, DONALD J.",66.12822054272988,33.871779457270115,32.25644108545976,D,67.74355891454024,67.74355891454024,True,Dianne Feinstein,D,True,False,audited_senate_seat_lineage,False,strong_name_match,False,False,False,False,Top-two election,True,False,most_recent_completed_presidential_election,True,not_scorable,MIT Election Data and Science Lab,1976-2024-senate-state.csv,official,"MIT Election Data and Science Lab, U.S. President 1976-2024",10.7910/DVN/42MVDX,1976-2024-president.csv,,,,,,54.1638157447196,0.0,False,regular_cycle,Assigned from the regular six-year Senate election cycle,2018-11-05,1,Dianne Feinstein,D,F000062,2013-01-03,2019-01-03,,single_match,1.0,0.0,D,True,False,,,False,False,False,False,,,,,
2018_CT,2018,2018-11-06,CT,Connecticut,1,CT_CLASS_1,regular,False,CHRISTOPHER S MURPHY,MATTHEW COREY,825579,545717,15544,1386840,60.20428849788813,39.79571150211187,20.408576995776254,D,2016,"CLINTON, HILLARY","TRUMP, DONALD J.",57.14154751726364,42.85845248273636,14.283095034527278,D,6.125481961248976,6.125481961248976,True,Christopher Murphy,D,True,False,audited_senate_seat_lineage,False,strong_name_match,False,False,True,True,,True,True,most_recent_completed_presidential_election,True,validated_scorable,MIT Election Data and Science Lab,1976-2024-senate-state.csv,official,"MIT Election Data and Science Lab, U.S. President 1976-2024",10.7910/DVN/42MVDX,1976-2024-president.csv,,,,,,59.52950592714373,39.349672637074214,False,regular_cycle,Assigned from the regular six-year Senate election cycle,2018-11-05,1,Christopher Murphy,D,M001169,2013-01-03,2019-01-03,,single_match,0.9711,0.1774,D,True,False,,,False,False,False,False,,,,,
2018_DE,2018,2018-11-06,DE,Delaware,1,DE_CLASS_1,regular,False,THOMAS R CARPER,ROBERT B ARLETT,217385,137127,8080,362592,61.31950399422305,38.68049600577695,22.639007988446096,D,2016,"CLINTON, HILLARY","TRUMP, DONALD J.",55.99862144368122,44.00137855631878,11.997242887362448,D,10.641765101083648,10.641765101083648,True,Thomas R. Carper,D,True,False,audited_senate_seat_lineage,False,strong_name_match,False,False,True,True,,True,True,most_recent_completed_presidential_election,True,validated_scorable,MIT Election Data and Science Lab,1976-2024-senate-state.csv,official,"MIT Election Data and Science Lab, U.S. President 1976-2024",10.7910/DVN/42MVDX,1976-2024-president.csv,,,,,,59.953060188862416,37.81853984643897,False,regular_cycle,Assigned from the regular six-year Senate election cycle,2018-11-05,1,Thomas R. Carper,D,C000174,2013-01-03,2019-01-03,,single_match,1.0,0.22,D,True,False,,,False,False,False,False,,,,,
2018_FL,2018,2018-11-06,FL,Florida,1,FL_CLASS_1,regular,False,BILL NELSON,RICK SCOTT,4089472,4099505,1028,8190005,49.938740821961034,50.061259178038966,-0.1225183560779328,R,2016,"CLINTON, HILLARY","TRUMP, DONALD J.",49.38116452722452,50.61883547277548,-1.2376709455509598,R,1.115152589473027,1.115152589473027,True,Bill Nelson,D,True,False,audited_senate_seat_lineage,False,strong_name_match,False,False,True,True,,True,True,most_recent_completed_presidential_election,True,validated_scorable,MIT Election Data and Science Lab,1976-2024-senate-state.csv,official,"MIT Election Data and Science Lab, U.S. President 1976-2024",10.7910/DVN/42MVDX,1976-2024-president.csv,,,,,,49.93247256869807,50.054975546412976,False,regular_cycle,Assigned from the regular six-year Senate election cycle,2018-11-05,1,Bill Nelson,D,N000032,2013-01-03,2019-01-03,,single_match,1.0,0.2095,D,True,False,,,False,False,False,False,,,,,
2018_HI,2018,2018-11-06,HI,Hawaii,1,HI_CLASS_1,regular,False,MAZIE K. HIRONO,RON CURTIS,276316,112035,0,388351,71.15109784705074,28.848902152949265,42.30219569410147,D,2016,"CLINTON, HILLARY","TRUMP, DONALD J.",67.44133745053546,32.55866254946454,34.882674901070914,D,7.419520793030557,7.419520793030557,True,Mazie K. Hirono,D,True,False,audited_senate_seat_lineage,False,strong_name_match,False,False,True,True,,True,True,most_recent_completed_presidential_election,True,validated_scorable,MIT Election Data and Science Lab,1976-2024-senate-state.csv,official,"MIT Election Data and Science Lab, U.S. President 1976-2024",10.7910/DVN/42MVDX,1976-2024-president.csv,,,,,,71.15109784705074,28.848902152949265,False,regular_cycle,Assigned from the regular six-year Senate election cycle,2018-11-05,1,Mazie K. Hirono,D,H001042,2013-01-03,2019-01-03,,single_match,1.0,0.1375,D,True,False,,,False,False,False,False,,,,,
2018_IN,2018,2018-11-06,IN,Indiana,1,IN_CLASS_1,regular,False,JOE DONNELLY,MIKE BRAUN,1023553,1158000,101012,2282565,46.91854839190247,53.08145160809753,-6.162903216195062,R,2016,"CLINTON, HILLARY","TRUMP, DONALD J.",39.88269047549193,60.11730952450807,-20.234619049016143,R,14.07171583282108,14.07171583282108,True,Joe Donnelly,D,True,False,audited_senate_seat_lineage,False,strong_name_match,False,False,True,True,,True,True,most_recent_completed_presidential_election,True,validated_scorable,MIT Election Data and Science Lab,1976-2024-senate-state.csv,official,"MIT Election Data and Science Lab, U.S. President 1976-2024",10.7910/DVN/42MVDX,1976-2024-president.csv,,,,,,44.8422279321728,50.7323997345092,False,regular_cycle,Assigned from the regular six-year Senate election cycle,2018-11-05,1,Joe Donnelly,D,D000607,2013-01-03,2019-01-03,,single_match,1.0,0.15,D,True,False,,,False,False,False,False,,,,,
2018_MA,2018,2018-11-06,MA,Massachusetts,1,MA_CLASS_1,regular,False,ELIZABETH A. WARREN,GEOFF DIEHL,1633371,979210,94509,2707090,62.5194395886673,37.4805604113327,25.038879177334593,D,2016,"CLINTON, HILLARY","TRUMP, DONALD J.",64.65127868962949,35.34872131037051,29.302557379258985,D,-4.263678201924392,4.263678201924392,False,Elizabeth Warren,D,True,False,audited_senate_seat_lineage,False,strong_name_match,False,False,True,True,,True,True,most_recent_completed_presidential_election,True,validated_scorable,MIT Election Data and Science Lab,1976-2024-senate-state.csv,official,"MIT Election Data and Science Lab, U.S. President 1976-2024",10.7910/DVN/42MVDX,1976-2024-president.csv,,,,,,60.33678230129031,36.17205190813752,False,regular_cycle,Assigned from the regular six-year Senate election cycle,2018-11-05,1,Elizabeth Warren,D,W000817,2013-01-03,2019-01-03,,single_match,0.9676,0.0815,D,True,False,,,False,False,False,False,,,,,
2018_MD,2018,2018-11-06,MD,Maryland,1,MD_CLASS_1,regular,False,BEN CARDIN,TONY CAMPBELL,1491614,697017,111258,2299889,68.15283161026231,31.847168389737693,36.30566322052462,D,2016,"CLINTON, HILLARY","TRUMP, DONALD J.",64.01099550856516,35.98900449143484,28.02199101713032,D,8.283672203394303,8.283672203394303,True,Benjamin L. Cardin,D,False,True,audited_senate_seat_lineage,False,no_confident_match,False,False,True,True,,True,True,most_recent_completed_presidential_election,True,validated_scorable,MIT Election Data and Science Lab,1976-2024-senate-state.csv,official,"MIT Election Data and Science Lab, U.S. President 1976-2024",10.7910/DVN/42MVDX,1976-2024-president.csv,,,,,,64.85591261143473,30.306549576957845,False,regular_cycle,Assigned from the regular six-year Senate election cycle,2018-11-05,1,Benjamin L. Cardin,D,C000141,2013-01-03,2019-01-03,,single_match,0.6699,0.1467,,False,True,,,False,False,False,False,,,,,
2018_ME,2018,2018-11-06,ME,Maine,1,ME_CLASS_1,regular,False,ZAK RINGELSTEIN,ERIC L. BRAKEY,66268,223502,344639,634409,22.86917210201194,77.13082789798806,-54.26165579597611,R,2016,"CLINTON, HILLARY","TRUMP, DONALD J.",51.59679112916253,48.40320887083747,3.1935822583250655,D,-57.45523805430118,57.45523805430118,False,"Angus S. King, Jr.",D,False,True,audited_senate_seat_lineage,False,no_confident_match,False,False,True,False,Independent winner; D-R margin does not represent race outcome,True,False,most_recent_completed_presidential_election,True,not_scorable,MIT Election Data and Science Lab,1976-2024-senate-state.csv,official,"MIT Election Data and Science Lab, U.S. President 1976-2024",10.7910/DVN/42MVDX,1976-2024-president.csv,,,,,,10.445627347657426,35.22995417782535,False,regular_cycle,Assigned from the regular six-year Senate election cycle,2018-11-05,1,"Angus S. King, Jr.",D,K000383,2013-01-03,2019-01-03,,single_match,0.2037,0.088,,False,True,,,False,False,False,False,,,,,
2018_MI,2018,2018-11-06,MI,Michigan,1,MI_CLASS_1,regular,False,DEBBIE STABENOW,JOHN JAMES,2214478,1938818,83975,4237271,53.31856915567781,46.68143084432219,6.6371383113556135,D,2016,"CLINTON, HILLARY","TRUMP, DONALD J.",49.88233178303845,50.11766821696155,-0.235336433923095,R,6.8724747452787085,6.8724747452787085,True,Debbie Stabenow,D,True,False,audited_senate_seat_lineage,False,strong_name_match,False,False,True,True,,True,True,most_recent_completed_presidential_election,True,validated_scorable,MIT Election Data and Science Lab,1976-2024-senate-state.csv,official,"MIT Election Data and Science Lab, U.S. President 1976-2024",10.7910/DVN/42MVDX,1976-2024-president.csv,,,,,,52.26189214709184,45.7562898384361,False,regular_cycle,Assigned from the regular six-year Senate election cycle,2018-11-05,1,Debbie Stabenow,D,S000770,2013-01-03,2019-01-03,,single_match,1.0,0.088,D,True,False,,,False,False,False,False,,,,,
2018_MN_REGULAR,2018,2018-11-06,MN,Minnesota,1,MN_CLASS_1,regular,False,AMY KLOBUCHAR,JIM NEWBERGER,1566174,940437,90268,2596879,62.48173330444971,37.51826669555029,24.963466608899424,D,2016,"CLINTON, HILLARY","TRUMP, DONALD J.",50.83169370718048,49.16830629281952,1.6633874143609688,D,23.300079194538455,23.300079194538455,True,Amy Klobuchar,D,True,False,audited_senate_seat_lineage,False,strong_name_match,False,False,True,True,,True,True,most_recent_completed_presidential_election,True,validated_scorable,MIT Election Data and Science Lab,1976-2024-senate-state.csv,official,"MIT Election Data and Science Lab, U.S. President 1976-2024",10.7910/DVN/42MVDX,1976-2024-president.csv,,,,,,60.30985656243514,36.21412472433256,False,regular_cycle,Assigned from the regular six-year Senate election cycle,2018-11-05,1,Amy Klobuchar,D,K000367,2013-01-03,2019-01-03,,single_match,1.0,0.1692,D,True,False,,,False,False,False,False,,,,,
2018_MN_SPECIAL,2018,2018-11-06,MN,Minnesota,2,MN_CLASS_2,special,True,TINA SMITH,KARIN HOUSLEY,1370540,1095777,121039,2587356,55.57030989933573,44.42969010066427,11.140619798671466,D,2016,"CLINTON, HILLARY","TRUMP, DONALD J.",50.83169370718048,49.16830629281952,1.6633874143609688,D,9.477232384310497,9.477232384310497,True,Tina Smith,D,True,False,audited_senate_seat_lineage,True,strong_name_match,False,False,True,True,,True,True,most_recent_completed_presidential_election,True,validated_scorable,MIT Election Data and Science Lab,1976-2024-senate-state.csv,official,"MIT Election Data and Science Lab, U.S. President 1976-2024",10.7910/DVN/42MVDX,1976-2024-president.csv,,,,,,52.9706774019501,42.35122650304017,False,special_election_override,Special election for the Class 2 seat,2018-11-05,1,Tina Smith,D,S001203,2018-01-03,2018-11-06,appointment,single_match,1.0,0.1913,D,True,False,,,False,False,False,False,,,,,
2018_MO,2018,2018-11-06,MO,Missouri,1,MO_CLASS_1,regular,False,CLAIRE MCCASKILL,JOSH HAWLEY,1112935,1254927,74427,2442289,47.001683375129126,52.998316624870874,-5.996633249741748,R,2016,"CLINTON, HILLARY","TRUMP, DONALD J.",40.18143900443393,59.81856099556607,-19.637121991132133,R,13.640488741390385,13.640488741390385,True,Claire McCaskill,D,True,False,audited_senate_seat_lineage,False,strong_name_match,False,False,True,True,,True,True,most_recent_completed_presidential_election,True,validated_scorable,MIT Election Data and Science Lab,1976-2024-senate-state.csv,official,"MIT Election Data and Science Lab, U.S. President 1976-2024",10.7910/DVN/42MVDX,1976-2024-president.csv,,,,,,45.56934089290825,51.38323105905976,False,regular_cycle,Assigned from the regular six-year Senate election cycle,2018-11-05,1,Claire McCaskill,D,M001170,2013-01-03,2019-01-03,,single_match,1.0,0.0815,D,True,False,,,False,False,False,False,,,,,
2018_MS_REGULAR,2018,2018-11-06,MS,Mississippi,1,MS_CLASS_1,regular,False,DAVID BARIA,ROGER F. WICKER,369567,547619,19029,936215,40.293571860015305,59.706428139984695,-19.41285627996939,R,2016,"CLINTON, HILLARY","TRUMP, DONALD J.",40.91015267593994,59.08984732406006,-18.17969464812012,R,-1.2331616318492706,1.2331616318492706,False,Roger F. Wicker,R,True,False,audited_senate_seat_lineage,False,strong_name_match,False,False,True,True,,True,True,most_recent_completed_presidential_election,True,validated_scorable,MIT Election Data and Science Lab,1976-2024-senate-state.csv,official,"MIT Election Data and Science Lab, U.S. President 1976-2024",10.7910/DVN/42MVDX,1976-2024-president.csv,,,,,,39.47458649989586,58.49286755713164,False,regular_cycle,Assigned from the regular six-year Senate election cycle,2018-11-05,1,Roger F. Wicker,R,W000437,2013-01-03,2019-01-03,,single_match,0.088,1.0,R,True,False,,,False,False,False,False,,,,,
2018_MS_SPECIAL,2018,2018-11-06,MS,Mississippi,2,MS_CLASS_2,special,True,MIKE ESPY,CINDY HYDE-SMITH,420819,486769,0,907588,46.36674350035479,53.63325649964521,-7.266512999290427,R,2016,"CLINTON, HILLARY","TRUMP, DONALD J.",40.91015267593994,59.08984732406006,-18.17969464812012,R,10.913181648829692,10.913181648829692,True,Cindy Hyde-Smith,R,True,False,audited_senate_seat_lineage,True,strong_name_match,False,False,True,True,,True,True,most_recent_completed_presidential_election,True,validated_scorable,MIT Election Data and Science Lab,1976-2024-senate-state.csv,official,"MIT Election Data and Science Lab, U.S. President 1976-2024",10.7910/DVN/42MVDX,1976-2024-president.csv,,,,,,46.36674350035479,53.63325649964521,False,special_election_override,Special election for the Class 2 seat,2018-11-05,1,Cindy Hyde-Smith,R,H001079,2018-04-09,2018-11-27,appointment,single_match,0.176,1.0,R,True,False,,,False,False,False,False,,,,,
2018_MT,2018,2018-11-06,MT,Montana,1,MT_CLASS_1,regular,False,JON TESTER,MATT ROSENDALE,253876,235963,14545,504384,51.82845792188862,48.17154207811138,3.6569158437772415,D,2016,"CLINTON, HILLARY","TRUMP, DONALD J.",38.89033568297556,61.10966431702444,-22.21932863404888,R,25.87624447782612,25.87624447782612,True,Jon Tester,D,True,False,audited_senate_seat_lineage,False,strong_name_match,False,False,True,True,,True,True,most_recent_completed_presidential_election,True,validated_scorable,MIT Election Data and Science Lab,1976-2024-senate-state.csv,official,"MIT Election Data and Science Lab, U.S. President 1976-2024",10.7910/DVN/42MVDX,1976-2024-president.csv,,,,,,50.33387260499936,46.78241181322167,False,regular_cycle,Assigned from the regular six-year Senate election cycle,2018-11-05,1,Jon Tester,D,T000464,2013-01-03,2019-01-03,,single_match,1.0,0.1375,D,True,False,,,False,False,False,False,,,,,
2018_ND,2018,2018-11-06,ND,North Dakota,1,ND_CLASS_1,regular,False,HEIDI HEITKAMP,KEVIN CRAMER,144376,179720,2042,326138,44.54729462875198,55.45270537124802,-10.905410742496043,R,2016,"CLINTON, HILLARY","TRUMP, DONALD J.",30.190757103480255,69.80924289651975,-39.6184857930395,R,28.713075050543452,28.713075050543452,True,Heidi Heitkamp,D,True,False,audited_senate_seat_lineage,False,strong_name_match,False,False,True,True,,True,True,most_recent_completed_presidential_election,True,validated_scorable,MIT Election Data and Science Lab,1976-2024-senate-state.csv,official,"MIT Election Data and Science Lab, U.S. President 1976-2024",10.7910/DVN/42MVDX,1976-2024-president.csv,,,,,,44.268377190023855,55.10550748456175,False,regular_cycle,Assigned from the regular six-year Senate election cycle,2018-11-05,1,Heidi Heitkamp,D,H001069,2013-01-03,2019-01-03,,single_match,1.0,0.2115,D,True,False,,,False,False,False,False,,,,,
2018_NE,2018,2018-11-06,NE,Nebraska,1,NE_CLASS_1,regular,False,JANE RAYBOULD,DEB FISCHER,269917,403151,25815,698883,40.102485930099185,59.897514069900815,-19.79502813980163,R,2016,"CLINTON, HILLARY","TRUMP, DONALD J.",36.45232588682243,63.54767411317757,-27.095348226355146,R,7.300320086553516,7.300320086553516,True,Deb Fischer,R,True,False,audited_senate_seat_lineage,False,strong_name_match,False,False,True,True,,True,True,most_recent_completed_presidential_election,True,validated_scorable,MIT Election Data and Science Lab,1976-2024-senate-state.csv,official,"MIT Election Data and Science Lab, U.S. President 1976-2024",10.7910/DVN/42MVDX,1976-2024-president.csv,,,,,,38.621199828869784,57.6850488565325,False,regular_cycle,Assigned from the regular six-year Senate election cycle,2018-11-05,1,Deb Fischer,R,F000463,2013-01-03,2019-01-03,,single_match,0.0458,1.0,R,True,False,,,False,False,False,False,,,,,
2018_NJ,2018,2018-11-06,NJ,New Jersey,1,NJ_CLASS_1,regular,False,ROBERT MENENDEZ,BOB HUGIN,1711654,1357355,100301,3169310,55.77220529493397,44.22779470506603,11.544410589867937,D,2016,"CLINTON, HILLARY","TRUMP, DONALD J.",57.284190142901295,42.715809857098705,14.56838028580259,D,-3.023969695934653,3.023969695934653,False,Robert Menendez,D,True,False,audited_senate_seat_lineage,False,strong_name_match,False,False,True,True,,True,True,most_recent_completed_presidential_election,True,validated_scorable,MIT Election Data and Science Lab,1976-2024-senate-state.csv,official,"MIT Election Data and Science Lab, U.S. President 1976-2024",10.7910/DVN/42MVDX,1976-2024-president.csv,,,,,,54.007149821254465,42.82809191906125,False,regular_cycle,Assigned from the regular six-year Senate election cycle,2018-11-05,1,Robert Menendez,D,M000639,2013-01-03,2019-01-03,,single_match,1.0,0.1833,D,True,False,,,False,False,False,False,,,,,
2018_NM,2018,2018-11-06,NM,New Mexico,1,NM_CLASS_1,regular,False,MARTIN T HEINRICH,MICK RICH,376998,212813,107201,697012,63.918441670297774,36.081558329702226,27.83688334059555,D,2016,"CLINTON, HILLARY","TRUMP, DONALD J.",54.65079493432411,45.34920506567589,9.301589868648222,D,18.535293471947327,18.535293471947327,True,Martin Heinrich,D,True,False,audited_senate_seat_lineage,False,strong_name_match,False,False,True,True,,True,True,most_recent_completed_presidential_election,True,validated_scorable,MIT Election Data and Science Lab,1976-2024-senate-state.csv,official,"MIT Election Data and Science Lab, U.S. President 1976-2024",10.7910/DVN/42MVDX,1976-2024-president.csv,,,,,,54.087734500984205,30.53218595949567,False,regular_cycle,Assigned from the regular six-year Senate election cycle,2018-11-05,1,Martin Heinrich,D,H001046,2013-01-03,2019-01-03,,single_match,0.9656,0.3208,D,True,False,,,False,False,False,False,,,,,
2018_NV,2018,2018-11-06,NV,Nevada,1,NV_CLASS_1,regular,False,JACKY ROSEN,DEAN HELLER,490071,441202,40859,972132,52.6237741242364,47.3762258757636,5.247548248472796,D,2016,"CLINTON, HILLARY","TRUMP, DONALD J.",51.2937094199852,48.7062905800148,2.587418839970397,D,2.6601294085023994,2.6601294085023994,True,Dean Heller,R,True,False,audited_senate_seat_lineage,False,strong_name_match,False,False,True,True,,True,True,most_recent_completed_presidential_election,True,validated_scorable,MIT Election Data and Science Lab,1976-2024-senate-state.csv,official,"MIT Election Data and Science Lab, U.S. President 1976-2024",10.7910/DVN/42MVDX,1976-2024-president.csv,,,,,,50.411981088987915,45.38498886982426,False,regular_cycle,Assigned from the regular six-year Senate election cycle,2018-11-05,1,Dean Heller,R,H001041,2013-01-03,2019-01-03,,single_match,0.1,1.0,R,True,False,,,False,False,False,False,,,,,
2018_NY,2018,2018-11-06,NY,New York,1,NY_CLASS_1,regular,False,KIRSTEN E. GILLIBRAND,CHELE CHIAVACCI FARLEY,4056931,1998220,0,6055151,66.99966689517734,33.00033310482265,33.99933379035469,D,2016,"CLINTON, HILLARY","TRUMP, DONALD J.",63.41150649977537,36.58849350022463,26.82301299955074,D,7.176320790803949,7.176320790803949,True,Kirsten E. Gillibrand,D,True,False,audited_senate_seat_lineage,False,strong_name_match,False,False,True,True,,True,True,most_recent_completed_presidential_election,True,validated_scorable,MIT Election Data and Science Lab,1976-2024-senate-state.csv,official,"MIT Election Data and Science Lab, U.S. President 1976-2024",10.7910/DVN/42MVDX,1976-2024-president.csv,,,,,,66.99966689517734,33.00033310482265,False,regular_cycle,Assigned from the regular six-year Senate election cycle,2018-11-05,1,Kirsten E. Gillibrand,D,G000555,2013-01-03,2019-01-03,,single_match,1.0,0.131,D,True,False,,,False,False,False,False,,,,,
2018_OH,2018,2018-11-06,OH,Ohio,1,OH_CLASS_1,regular,False,SHERROD BROWN,JIM RENACCI,2355923,2053963,1012,4410898,53.42367126950674,46.57632873049326,6.847342539013482,D,2016,"CLINTON, HILLARY","TRUMP, DONALD J.",45.7323154228641,54.2676845771359,-8.535369154271805,R,15.382711693285287,15.382711693285287,True,Sherrod Brown,D,True,False,audited_senate_seat_lineage,False,strong_name_match,False,False,True,True,,True,True,most_recent_completed_presidential_election,True,validated_scorable,MIT Election Data and Science Lab,1976-2024-senate-state.csv,official,"MIT Election Data and Science Lab, U.S. President 1976-2024",10.7910/DVN/42MVDX,1976-2024-president.csv,,,,,,53.41141418368777,46.56564264238257,False,regular_cycle,Assigned from the regular six-year Senate election cycle,2018-11-05,1,Sherrod Brown,D,B000944,2013-01-03,2019-01-03,,single_match,1.0,0.0917,D,True,False,,,False,False,False,False,,,,,
2018_PA,2018,2018-11-06,PA,Pennsylvania,1,PA_CLASS_1,regular,False,ROBERT P CASEY JR,LOUIS J. BARLETTA,2777680,2134848,82115,4994643,56.54278204622956,43.45721795377044,13.085564092459125,D,2016,"CLINTON, HILLARY","TRUMP, DONALD J.",49.62446419250983,50.37553580749017,-0.7510716149803329,R,13.836635707439457,13.836635707439457,True,"Robert P. Casey, Jr.",D,True,False,audited_senate_seat_lineage,False,strong_name_match,False,False,True,True,,True,True,most_recent_completed_presidential_election,True,validated_scorable,MIT Election Data and Science Lab,1976-2024-senate-state.csv,official,"MIT Election Data and Science Lab, U.S. President 1976-2024",10.7910/DVN/42MVDX,1976-2024-president.csv,,,,,,55.61318396530042,42.7427545872648,False,regular_cycle,Assigned from the regular six-year Senate election cycle,2018-11-05,1,"Robert P. Casey, Jr.",D,C001070,2013-01-03,2019-01-03,,single_match,1.0,0.1467,D,True,False,,,False,False,False,False,,,,,
2018_RI,2018,2018-11-06,RI,Rhode Island,1,RI_CLASS_1,regular,False,SHELDON WHITEHOUSE,"ROBERT G. FLANDERS, JR.",231477,144421,840,376738,61.57973705632911,38.42026294367089,23.159474112658216,D,2016,"CLINTON, HILLARY","TRUMP, DONALD J.",58.31070409265981,41.68929590734019,16.621408185319623,D,6.538065927338593,6.538065927338593,True,Sheldon Whitehouse,D,True,False,audited_senate_seat_lineage,False,strong_name_match,False,False,True,True,,True,True,most_recent_completed_presidential_election,True,validated_scorable,MIT Election Data and Science Lab,1976-2024-senate-state.csv,official,"MIT Election Data and Science Lab, U.S. President 1976-2024",10.7910/DVN/42MVDX,1976-2024-president.csv,,,,,,61.4424347955343,38.33459858044583,False,regular_cycle,Assigned from the regular six-year Senate election cycle,2018-11-05,1,Sheldon Whitehouse,D,W000802,2013-01-03,2019-01-03,,single_match,1.0,0.0314,D,True,False,,,False,False,False,False,,,,,
2018_TN,2018,2018-11-06,TN,Tennessee,1,TN_CLASS_1,regular,False,PHIL BREDESEN,MARSHA BLACKBURN,985450,1227483,30807,2243740,44.531397923027946,55.468602076972054,-10.937204153944108,R,2016,"CLINTON, HILLARY","TRUMP, DONALD J.",36.37565695473801,63.62434304526199,-27.248686090523975,R,16.311481936579867,16.311481936579867,True,Bob Corker,R,False,True,audited_senate_seat_lineage,False,no_confident_match,False,False,True,True,,True,True,most_recent_completed_presidential_election,True,validated_scorable,MIT Election Data and Science Lab,1976-2024-senate-state.csv,official,"MIT Election Data and Science Lab, U.S. President 1976-2024",10.7910/DVN/42MVDX,1976-2024-president.csv,,,,,,43.91997290238619,54.7070070507278,False,regular_cycle,Assigned from the regular six-year Senate election cycle,2018-11-05,1,Bob Corker,R,C001071,2013-01-03,2019-01-03,,single_match,0.1435,0.1269,,False,True,,,False,False,False,False,,,,,
2018_TX,2018,2018-11-06,TX,Texas,1,TX_CLASS_1,regular,False,BETO O'ROURKE,TED CRUZ,4045632,4260553,65470,8371655,48.70625925138918,51.29374074861082,-2.5874814972216456,R,2016,"CLINTON, HILLARY","TRUMP, DONALD J.",45.28677442202801,54.71322557797199,-9.42645115594398,R,6.838969658722334,6.838969658722334,True,Ted Cruz,R,True,False,audited_senate_seat_lineage,False,strong_name_match,False,False,True,True,,True,True,most_recent_completed_presidential_election,True,validated_scorable,MIT Election Data and Science Lab,1976-2024-senate-state.csv,official,"MIT Election Data and Science Lab, U.S. President 1976-2024",10.7910/DVN/42MVDX,1976-2024-president.csv,,,,,,48.32535502239402,50.89260128373661,False,regular_cycle,Assigned from the regular six-year Senate election cycle,2018-11-05,1,Ted Cruz,R,C001098,2013-01-03,2019-01-03,,single_match,0.1048,1.0,R,True,False,,,False,False,False,False,,,,,
2018_UT,2018,2018-11-06,UT,Utah,1,UT_CLASS_1,regular,False,JENNY WILSON,MITT ROMNEY,328541,665215,69089,1062845,33.06052994900156,66.93947005099844,-33.878940101996875,R,2016,"CLINTON, HILLARY","TRUMP, DONALD J.",37.61710165458872,62.38289834541128,-24.76579669082257,R,-9.113143411174306,9.113143411174306,False,Orrin G. Hatch,R,False,True,audited_senate_seat_lineage,False,no_confident_match,False,False,True,True,,True,True,most_recent_completed_presidential_election,True,validated_scorable,MIT Election Data and Science Lab,1976-2024-senate-state.csv,official,"MIT Election Data and Science Lab, U.S. President 1976-2024",10.7910/DVN/42MVDX,1976-2024-president.csv,,,,,,30.911468746618745,62.58814784846332,False,regular_cycle,Assigned from the regular six-year Senate election cycle,2018-11-05,1,Orrin G. Hatch,R,H000338,2013-01-03,2019-01-03,,single_match,0.088,0.0917,,False,True,,,False,False,False,False,,,,,
2018_VA,2018,2018-11-06,VA,Virginia,1,VA_CLASS_1,regular,False,TIMOTHY M. KAINE,COREY A. STEWART,1910370,1374313,66690,3351373,58.15995029048465,41.84004970951535,16.319900580969303,D,2016,"CLINTON, HILLARY","TRUMP, DONALD J.",52.8263762771547,47.1736237228453,5.6527525543094015,D,10.667148026659902,10.667148026659902,True,Tim Kaine,D,False,True,audited_senate_seat_lineage,False,no_confident_match,False,False,True,True,,True,True,most_recent_completed_presidential_election,True,validated_scorable,MIT Election Data and Science Lab,1976-2024-senate-state.csv,official,"MIT Election Data and Science Lab, U.S. President 1976-2024",10.7910/DVN/42MVDX,1976-2024-president.csv,,,,,,57.00260758799453,41.00746171792874,False,regular_cycle,Assigned from the regular six-year Senate election cycle,2018-11-05,1,Tim Kaine,D,K000384,2013-01-03,2019-01-03,,single_match,0.675,0.0917,,False,True,,,False,False,False,False,,,,,
2018_VT,2018,2018-11-06,VT,Vermont,1,VT_CLASS_1,regular,False,BERNIE SANDERS,LAWRENCE ZUPAN,183529,74663,14432,272624,71.08237280783293,28.91762719216707,42.16474561566585,D,2016,"CLINTON, HILLARY","TRUMP, DONALD J.",65.18642632382037,34.81357367617963,30.37285264764074,D,11.79189296802511,11.79189296802511,True,Bernard Sanders,D,True,False,audited_senate_seat_lineage,False,confirmed_name_match,True,False,True,True,,True,True,most_recent_completed_presidential_election,True,validated_scorable,MIT Election Data and Science Lab,1976-2024-senate-state.csv,official,"MIT Election Data and Science Lab, U.S. President 1976-2024",10.7910/DVN/42MVDX,1976-2024-president.csv,,,,,,67.31945830154352,27.386803803040085,False,regular_cycle,Assigned from the regular six-year Senate election cycle,2018-11-05,1,Bernard Sanders,D,S000033,2013-01-03,2019-01-03,,single_match,0.7552,0.1897,D,True,False,confirmed,Bernie Sanders and Bernard Sanders are the same candidate.,False,False,False,False,,,,,
2018_WA,2018,2018-11-06,WA,Washington,1,WA_CLASS_1,regular,False,MARIA CANTWELL,SUSAN HUTCHISON,1803364,1282804,0,3086168,58.433759924929554,41.566240075070446,16.867519849859107,D,2016,"CLINTON, HILLARY","TRUMP, DONALD J.",58.78693120006477,41.21306879993523,17.573862400129528,D,-0.7063425502704206,0.7063425502704206,False,Maria Cantwell,D,True,False,audited_senate_seat_lineage,False,strong_name_match,False,False,True,True,,True,True,most_recent_completed_presidential_election,True,validated_scorable,MIT Election Data and Science Lab,1976-2024-senate-state.csv,official,"MIT Election Data and Science Lab, U.S. President 1976-2024",10.7910/DVN/42MVDX,1976-2024-president.csv,,,,,,58.433759924929554,41.566240075070446,False,regular_cycle,Assigned from the regular six-year Senate election cycle,2018-11-05,1,Maria Cantwell,D,C000127,2013-01-03,2019-01-03,,single_match,1.0,0.1138,D,True,False,,,False,False,False,False,,,,,
2018_WI,2018,2018-11-06,WI,Wisconsin,1,WI_CLASS_1,regular,False,TAMMY BALDWIN,LEAH VUKMIR,1472914,1184885,42,2657841,55.41856250228102,44.58143749771898,10.83712500456204,D,2016,"CLINTON, HILLARY","TRUMP, DONALD J.",49.59201096197029,50.40798903802971,-0.8159780760594231,R,11.653103080621463,11.653103080621463,True,Tammy Baldwin,D,True,False,audited_senate_seat_lineage,False,strong_name_match,False,False,True,True,,True,True,most_recent_completed_presidential_election,True,validated_scorable,MIT Election Data and Science Lab,1976-2024-senate-state.csv,official,"MIT Election Data and Science Lab, U.S. President 1976-2024",10.7910/DVN/42MVDX,1976-2024-president.csv,,,,,,55.41768676154819,44.5807330084832,False,regular_cycle,Assigned from the regular six-year Senate election cycle,2018-11-05,1,Tammy Baldwin,D,B001230,2013-01-03,2019-01-03,,single_match,1.0,0.1375,D,True,False,,,False,False,False,False,,,,,
2018_WV,2018,2018-11-06,WV,West Virginia,1,WV_CLASS_1,regular,False,JOE MANCHIN,PATRICK MORRISEY,288808,269872,24231,582911,51.69470895682681,48.30529104317319,3.3894179136536167,D,2016,"CLINTON, HILLARY","TRUMP, DONALD J.",27.838947748704225,72.16105225129577,-44.32210450259154,R,47.71152241624516,47.71152241624516,True,"Joe Manchin, III",D,True,False,audited_senate_seat_lineage,False,strong_name_match,False,False,True,True,,True,True,most_recent_completed_presidential_election,True,validated_scorable,MIT Election Data and Science Lab,1976-2024-senate-state.csv,unofficial,"MIT Election Data and Science Lab, U.S. President 1976-2024",10.7910/DVN/42MVDX,1976-2024-president.csv,,,,,,49.54581402649804,46.297290667014344,False,regular_cycle,Assigned from the regular six-year Senate election cycle,2018-11-05,1,"Joe Manchin, III",D,M001183,2013-01-03,2019-01-03,,single_match,1.0,0.1222,D,True,False,,,False,False,False,False,,,,,
2018_WY,2018,2018-11-06,WY,Wyoming,1,WY_CLASS_1,regular,False,GARY TRAUNER,JOHN BARRASSO,61227,136210,5983,203420,31.01090474429818,68.98909525570181,-37.97819051140363,R,2016,"CLINTON, HILLARY","TRUMP, DONALD J.",24.29468037084621,75.70531962915379,-51.41063925830758,R,13.432448746903951,13.432448746903951,True,John Barrasso,R,True,False,audited_senate_seat_lineage,False,strong_name_match,False,False,True,True,,True,True,most_recent_completed_presidential_election,True,validated_scorable,MIT Election Data and Science Lab,1976-2024-senate-state.csv,official,"MIT Election Data and Science Lab, U.S. President 1976-2024",10.7910/DVN/42MVDX,1976-2024-president.csv,,,,,,30.098810343132435,66.9599842690001,False,regular_cycle,Assigned from the regular six-year Senate election cycle,2018-11-05,1,John Barrasso,R,B001261,2013-01-03,2019-01-03,,single_match,0.176,1.0,R,True,False,,,False,False,False,False,,,,,
2020_AK,2020,2020-11-03,AK,Alaska,2,AK_CLASS_2,regular,False,AL GROSS,DAN SULLIVAN,146068,191112,17407,354587,43.320481641853014,56.679518358146986,-13.359036716293971,R,2016,"CLINTON, HILLARY","TRUMP, DONALD J.",41.61434528893193,58.38565471106807,-16.77130942213614,R,3.4122727058421702,3.4122727058421702,True,Dan Sullivan,R,True,False,audited_senate_seat_lineage,False,strong_name_match,False,False,True,True,,True,True,most_recent_completed_presidential_election,True,validated_scorable,MIT Election Data and Science Lab,1976-2024-senate-state.csv,official,"MIT Election Data and Science Lab, U.S. President 1976-2024",10.7910/DVN/42MVDX,1976-2024-president.csv,,,,,,41.19383959366812,53.89706898448053,False,regular_cycle,Assigned from the regular six-year Senate election cycle,2020-11-02,1,Dan Sullivan,R,S001198,2015-01-06,2021-01-03,,single_match,0.165,1.0,R,True,False,,,False,False,False,False,,,,,
2020_AL,2020,2020-11-03,AL,Alabama,2,AL_CLASS_2,regular,False,DOUG JONES,TOMMY TUBERVILLE,920478,1392076,3891,2316445,39.80352458796638,60.19647541203362,-20.39295082406724,R,2016,"CLINTON, HILLARY","TRUMP, DONALD J.",35.625856406039254,64.37414359396074,-28.748287187921484,R,8.355336363854246,8.355336363854246,True,Doug Jones,D,True,False,audited_senate_seat_lineage,False,strong_name_match,False,False,True,True,,True,True,most_recent_completed_presidential_election,True,validated_scorable,MIT Election Data and Science Lab,1976-2024-senate-state.csv,official,"MIT Election Data and Science Lab, U.S. President 1976-2024",10.7910/DVN/42MVDX,1976-2024-president.csv,,,,,,39.73666545072298,60.09536164251687,False,regular_cycle,Assigned from the regular six-year Senate election cycle,2020-11-02,1,Doug Jones,D,J000300,2018-01-03,2021-01-03,,single_match,1.0,0.1269,D,True,False,,,False,False,False,False,,,,,
2020_AR,2020,2020-11-03,AR,Arkansas,2,AR_CLASS_2,regular,False,,TOM COTTON,0,793871,399390,1193261,0.0,100.0,-100.0,R,2016,"CLINTON, HILLARY","TRUMP, DONALD J.",35.714862310229535,64.28513768977047,-28.57027537954093,R,-71.42972462045907,71.42972462045907,False,Tom Cotton,R,True,False,audited_senate_seat_lineage,False,strong_name_match,False,False,False,False,Republican unopposed,True,False,most_recent_completed_presidential_election,True,not_scorable,MIT Election Data and Science Lab,1976-2024-senate-state.csv,official,"MIT Election Data and Science Lab, U.S. President 1976-2024",10.7910/DVN/42MVDX,1976-2024-president.csv,,,,,,0.0,66.52953544949513,False,regular_cycle,Assigned from the regular six-year Senate election cycle,2020-11-02,1,Tom Cotton,R,C001095,2015-01-06,2021-01-03,,single_match,0.0,1.0,R,True,False,,,False,False,False,False,,,,,
2020_AZ,2020,2020-11-03,AZ,Arizona,3,AZ_CLASS_3,special,True,MARK KELLY,MARTHA MCSALLY,1716467,1637661,1179,3355307,51.17476136867764,48.82523863132236,2.3495227373552865,D,2016,"CLINTON, HILLARY","TRUMP, DONALD J.",48.1108795538633,51.8891204461367,-3.778240892273402,R,6.127763629628689,6.127763629628689,True,Martha McSally,R,True,False,audited_senate_seat_lineage,True,strong_name_match,False,False,True,True,,True,True,most_recent_completed_presidential_election,True,validated_scorable,MIT Election Data and Science Lab,1976-2024-senate-state.csv,official,"MIT Election Data and Science Lab, U.S. President 1976-2024",10.7910/DVN/42MVDX,1976-2024-president.csv,,,,,,51.15677939455317,48.80808224105872,False,special_election_override,Special election for the Class 3 seat,2020-11-02,1,Martha McSally,R,M001197,2019-01-03,2020-12-02,appointment,single_match,0.3208,1.0,R,True,False,,,False,False,False,False,,,,,
2020_CO,2020,2020-11-03,CO,Colorado,2,CO_CLASS_2,regular,False,JOHN W. HICKENLOOPER,CORY GARDNER,1731114,1429492,75184,3235790,54.771584942887536,45.228415057112464,9.543169885775072,D,2016,"CLINTON, HILLARY","TRUMP, DONALD J.",52.68333337268243,47.31666662731757,5.366666745364867,D,4.176503140410205,4.176503140410205,True,Cory Gardner,R,True,False,audited_senate_seat_lineage,False,strong_name_match,False,False,True,True,,True,True,most_recent_completed_presidential_election,True,validated_scorable,MIT Election Data and Science Lab,1976-2024-senate-state.csv,official,"MIT Election Data and Science Lab, U.S. President 1976-2024",10.7910/DVN/42MVDX,1976-2024-president.csv,,,,,,53.498960068484045,44.17752697177505,False,regular_cycle,Assigned from the regular six-year Senate election cycle,2020-11-02,1,Cory Gardner,R,G000562,2015-01-06,2021-01-03,,single_match,0.1419,1.0,R,True,False,,,False,False,False,False,,,,,
2020_DE,2020,2020-11-03,DE,Delaware,2,DE_CLASS_2,regular,False,CHRISTOPHER A. COONS,LAUREN WITZKE,291804,186054,13077,490935,61.06500257398641,38.93499742601359,22.130005147972824,D,2016,"CLINTON, HILLARY","TRUMP, DONALD J.",55.99862144368122,44.00137855631878,11.997242887362448,D,10.132762260610376,10.132762260610376,True,Christopher A. Coons,D,True,False,audited_senate_seat_lineage,False,strong_name_match,False,False,True,True,,True,True,most_recent_completed_presidential_election,True,validated_scorable,MIT Election Data and Science Lab,1976-2024-senate-state.csv,official,"MIT Election Data and Science Lab, U.S. President 1976-2024",10.7910/DVN/42MVDX,1976-2024-president.csv,,,,,,59.438418527911026,37.89788872253964,False,regular_cycle,Assigned from the regular six-year Senate election cycle,2020-11-02,1,Christopher A. Coons,D,C001088,2015-01-06,2021-01-03,,single_match,1.0,0.1375,D,True,False,,,False,False,False,False,,,,,
2020_GA_REGULAR,2020,2020-11-03,GA,Georgia,2,GA_CLASS_2,regular,False,JON OSSOFF,DAVID A. PERDUE,2374519,2462617,115039,4952175,49.08935783488411,50.91064216511589,-1.8212843302317765,R,2016,"CLINTON, HILLARY","TRUMP, DONALD J.",47.338827400696786,52.661172599303214,-5.322345198606428,R,3.501060868374651,3.501060868374651,True,David Perdue,R,True,False,audited_senate_seat_lineage,False,strong_name_match,False,False,True,True,,True,True,most_recent_completed_presidential_election,True,validated_scorable,MIT Election Data and Science Lab,1976-2024-senate-state.csv,official,"MIT Election Data and Science Lab, U.S. President 1976-2024",10.7910/DVN/42MVDX,1976-2024-president.csv,,,,,,47.94901230267509,49.72798820720189,False,regular_cycle,Assigned from the regular six-year Senate election cycle,2020-11-02,1,David Perdue,R,P000612,2015-01-06,2021-01-03,,single_match,0.05,0.9577,R,True,False,,,False,False,False,False,,,,,
2020_GA_SPECIAL,2020,2020-11-03,GA,Georgia,3,GA_CLASS_3,special,True,RAPHAEL WARNOCK,KELLY LOEFFLER,1617035,1273214,2024112,4914361,55.947947737374875,44.052052262625125,11.89589547474975,D,2016,"CLINTON, HILLARY","TRUMP, DONALD J.",47.338827400696786,52.661172599303214,-5.322345198606428,R,17.218240673356178,17.218240673356178,True,Kelly Loeffler,R,True,False,audited_senate_seat_lineage,True,strong_name_match,False,False,True,False,November all-party special election; runoff result required,True,False,most_recent_completed_presidential_election,True,not_scorable,MIT Election Data and Science Lab,1976-2024-senate-state.csv,official,"MIT Election Data and Science Lab, U.S. President 1976-2024",10.7910/DVN/42MVDX,1976-2024-president.csv,,,,,,32.904277890859056,25.908027513648264,False,special_election_override,Special election for the Class 3 seat,2020-11-02,1,Kelly Loeffler,R,L000594,2020-01-06,2021-01-20,appointment,single_match,0.1517,1.0,R,True,False,,,False,False,False,False,,,,,
2020_IA,2020,2020-11-03,IA,Iowa,2,IA_CLASS_2,regular,False,THERESA GREENFIELD,JONI ERNST,754859,864997,80274,1700130,46.60037682361889,53.39962317638111,-6.799246352762225,R,2016,"CLINTON, HILLARY","TRUMP, DONALD J.",44.93645215487965,55.06354784512035,-10.127095690240694,R,3.327849337478469,3.327849337478469,True,Joni Ernst,R,True,False,audited_senate_seat_lineage,False,strong_name_match,False,False,True,True,,True,True,most_recent_completed_presidential_election,True,validated_scorable,MIT Election Data and Science Lab,1976-2024-senate-state.csv,official,"MIT Election Data and Science Lab, U.S. President 1976-2024",10.7910/DVN/42MVDX,1976-2024-president.csv,,,,,,44.4000752883603,50.87828577814638,False,regular_cycle,Assigned from the regular six-year Senate election cycle,2020-11-02,1,Joni Ernst,R,E000295,2015-01-06,2021-01-03,,single_match,0.1179,1.0,R,True,False,,,False,False,False,False,,,,,
2020_ID,2020,2020-11-03,ID,Idaho,2,ID_CLASS_2,regular,False,PAULETTE JORDAN,JIM RISCH,285864,538446,35517,859827,34.679186228482,65.32081377151799,-30.641627543035987,R,2016,"CLINTON, HILLARY","TRUMP, DONALD J.",31.689823319194417,68.31017668080558,-36.620353361611166,R,5.978725818575178,5.978725818575178,True,James E. Risch,R,False,True,audited_senate_seat_lineage,False,no_confident_match,False,False,True,True,,True,True,most_recent_completed_presidential_election,True,validated_scorable,MIT Election Data and Science Lab,1976-2024-senate-state.csv,official,"MIT Election Data and Science Lab, U.S. President 1976-2024",10.7910/DVN/42MVDX,1976-2024-president.csv,,,,,,33.24668799653884,62.62259733644093,False,regular_cycle,Assigned from the regular six-year Senate election cycle,2020-11-02,1,James E. Risch,R,R000584,2015-01-06,2021-01-03,,single_match,0.1964,0.6625,,False,True,,,False,False,False,False,,,,,
2020_IL,2020,2020-11-03,IL,Illinois,2,IL_CLASS_2,regular,False,RICHARD J. DURBIN,MARK C. CURRAN JR.,3278930,2319870,370101,5968901,58.5648710437951,41.4351289562049,17.129742087590202,D,2016,"CLINTON, HILLARY","TRUMP, DONALD J.",59.02005139071148,40.97994860928852,18.04010278142296,D,-0.9103606938327573,0.9103606938327573,False,Richard J. Durbin,D,True,False,audited_senate_seat_lineage,False,strong_name_match,False,False,True,True,,True,True,most_recent_completed_presidential_election,True,validated_scorable,MIT Election Data and Science Lab,1976-2024-senate-state.csv,official,"MIT Election Data and Science Lab, U.S. President 1976-2024",10.7910/DVN/42MVDX,1976-2024-president.csv,,,,,,54.93356314671662,38.86594868971691,False,regular_cycle,Assigned from the regular six-year Senate election cycle,2020-11-02,1,Richard J. Durbin,D,D000563,2015-01-06,2021-01-03,,single_match,1.0,0.2655,D,True,False,,,False,False,False,False,,,,,
2020_KS,2020,2020-11-03,KS,Kansas,2,KS_CLASS_2,regular,False,BARBARA BOLLIER,ROGER MARSHALL,571530,727962,68263,1367755,43.98103258811905,56.01896741188095,-12.0379348237619,R,2016,"CLINTON, HILLARY","TRUMP, DONALD J.",38.888529657393335,61.111470342606665,-22.22294068521333,R,10.185005861451431,10.185005861451431,True,Pat Roberts,R,False,True,audited_senate_seat_lineage,False,no_confident_match,False,False,True,True,,True,True,most_recent_completed_presidential_election,True,validated_scorable,MIT Election Data and Science Lab,1976-2024-senate-state.csv,official,"MIT Election Data and Science Lab, U.S. President 1976-2024",10.7910/DVN/42MVDX,1976-2024-president.csv,,,,,,41.78599237436529,53.22312841115551,False,regular_cycle,Assigned from the regular six-year Senate election cycle,2020-11-02,1,Pat Roberts,R,R000307,2015-01-06,2021-01-03,,single_match,0.2115,0.22,,False,True,,,False,False,False,False,,,,,
2020_KY,2020,2020-11-03,KY,Kentucky,2,KY_CLASS_2,regular,False,AMY MCGRATH,MITCH MCCONNELL,816257,1233315,85485,2135057,39.82572946937214,60.17427053062786,-20.348541061255716,R,2016,"CLINTON, HILLARY","TRUMP, DONALD J.",34.32937098249014,65.67062901750987,-31.341258035019727,R,10.992716973764011,10.992716973764011,True,Mitch McConnell,R,True,False,audited_senate_seat_lineage,False,strong_name_match,False,False,True,True,,True,True,most_recent_completed_presidential_election,True,validated_scorable,MIT Election Data and Science Lab,1976-2024-senate-state.csv,official,"MIT Election Data and Science Lab, U.S. President 1976-2024",10.7910/DVN/42MVDX,1976-2024-president.csv,,,,,,38.2311572946296,57.76496833573998,False,regular_cycle,Assigned from the regular six-year Senate election cycle,2020-11-02,1,Mitch McConnell,R,M000355,2015-01-06,2021-01-03,,single_match,0.1692,1.0,R,True,False,,,False,False,False,False,,,,,
2020_LA,2020,2020-11-03,LA,Louisiana,2,LA_CLASS_2,regular,False,ADRIAN PERKINS,"""BILL"" CASSIDY",394049,1228908,448586,2071543,24.27969440964856,75.72030559035144,-51.44061118070289,R,2016,"CLINTON, HILLARY","TRUMP, DONALD J.",39.82832276219221,60.17167723780779,-20.343354475615584,R,-31.097256705087304,31.097256705087304,False,Bill Cassidy,R,True,False,audited_senate_seat_lineage,False,strong_name_match,False,False,True,True,,True,True,most_recent_completed_presidential_election,True,validated_scorable,MIT Election Data and Science Lab,1976-2024-senate-state.csv,official,"MIT Election Data and Science Lab, U.S. President 1976-2024",10.7910/DVN/42MVDX,1976-2024-president.csv,,,,,,19.02200437065511,59.32331600164708,False,regular_cycle,Assigned from the regular six-year Senate election cycle,2020-11-02,1,Bill Cassidy,R,C001075,2015-01-06,2021-01-03,,single_match,0.1269,1.0,R,True,False,,,False,False,False,False,,,,,
2020_MA,2020,2020-11-03,MA,Massachusetts,2,MA_CLASS_2,regular,False,EDWARD J. MARKEY,KEVIN J. O'CONNER,2357809,1177765,122431,3658005,66.68815304106208,33.31184695893793,33.37630608212415,D,2016,"CLINTON, HILLARY","TRUMP, DONALD J.",64.65127868962949,35.34872131037051,29.302557379258985,D,4.073748702865167,4.073748702865167,True,Edward J. Markey,D,True,False,audited_senate_seat_lineage,False,strong_name_match,False,False,True,True,,True,True,most_recent_completed_presidential_election,True,validated_scorable,MIT Election Data and Science Lab,1976-2024-senate-state.csv,official,"MIT Election Data and Science Lab, U.S. President 1976-2024",10.7910/DVN/42MVDX,1976-2024-president.csv,,,,,,64.4561448111744,32.19692154603397,False,regular_cycle,Assigned from the regular six-year Senate election cycle,2020-11-02,1,Edward J. Markey,D,M000133,2015-01-06,2021-01-03,,single_match,1.0,0.2524,D,True,False,,,False,False,False,False,,,,,
2020_ME,2020,2020-11-03,ME,Maine,2,ME_CLASS_2,regular,False,SARA I. GIDEON,SUSAN MARGARET COLLINS,347223,417645,63437,828305,45.396460565744675,54.603539434255325,-9.20707886851065,R,2016,"CLINTON, HILLARY","TRUMP, DONALD J.",51.59679112916253,48.40320887083747,3.1935822583250655,D,-12.400661126835715,12.400661126835715,False,Susan M. Collins,R,True,False,audited_senate_seat_lineage,False,confirmed_name_match,True,False,True,True,,True,True,most_recent_completed_presidential_election,True,validated_scorable,MIT Election Data and Science Lab,1976-2024-senate-state.csv,official,"MIT Election Data and Science Lab, U.S. President 1976-2024",10.7910/DVN/42MVDX,1976-2024-president.csv,,,,,,41.919703490863874,50.421644201109494,False,regular_cycle,Assigned from the regular six-year Senate election cycle,2020-11-02,1,Susan M. Collins,R,C001035,2015-01-06,2021-01-03,,single_match,0.1179,0.8209,R,True,False,confirmed,Susan Margaret Collins and Susan M. Collins are the same candidate.,False,False,False,False,,,,,
2020_MI,2020,2020-11-03,MI,Michigan,2,MI_CLASS_2,regular,False,GARY PETERS,JOHN JAMES,2734568,2642233,102919,5479720,50.85864252740617,49.14135747259383,1.7172850548123364,D,2016,"CLINTON, HILLARY","TRUMP, DONALD J.",49.88233178303845,50.11766821696155,-0.235336433923095,R,1.9526214887354314,1.9526214887354314,True,Gary C. Peters,D,True,False,audited_senate_seat_lineage,False,strong_name_match,False,False,True,True,,True,True,most_recent_completed_presidential_election,True,validated_scorable,MIT Election Data and Science Lab,1976-2024-senate-state.csv,official,"MIT Election Data and Science Lab, U.S. President 1976-2024",10.7910/DVN/42MVDX,1976-2024-president.csv,,,,,,49.90342572248217,48.21839437051528,False,regular_cycle,Assigned from the regular six-year Senate election cycle,2020-11-02,1,Gary C. Peters,D,P000595,2015-01-06,2021-01-03,,single_match,0.9542,0.1435,D,True,False,,,False,False,False,False,,,,,
2020_MN,2020,2020-11-03,MN,Minnesota,2,MN_CLASS_2,regular,False,TINA SMITH,JASON LEWIS,1566522,1398145,249589,3214256,52.83972871152139,47.16027128847861,5.679457423042791,D,2016,"CLINTON, HILLARY","TRUMP, DONALD J.",50.83169370718048,49.16830629281952,1.6633874143609688,D,4.016070008681822,4.016070008681822,True,Tina Smith,D,True,False,audited_senate_seat_lineage,False,strong_name_match,False,False,True,True,,True,True,most_recent_completed_presidential_election,True,validated_scorable,MIT Election Data and Science Lab,1976-2024-senate-state.csv,official,"MIT Election Data and Science Lab, U.S. President 1976-2024",10.7910/DVN/42MVDX,1976-2024-president.csv,,,,,,48.736690543628136,43.498246561568216,False,regular_cycle,Assigned from the regular six-year Senate election cycle,2020-11-02,1,Tina Smith,D,S001203,2018-11-07,2021-01-03,,single_match,1.0,0.1048,D,True,False,,,False,False,False,False,,,,,
2020_MS,2020,2020-11-03,MS,Mississippi,2,MS_CLASS_2,regular,False,MIKE ESPY,CINDY HYDE-SMITH,578691,709511,23152,1311354,44.922380185716214,55.077619814283786,-10.155239628567571,R,2016,"CLINTON, HILLARY","TRUMP, DONALD J.",40.91015267593994,59.08984732406006,-18.17969464812012,R,8.024455019552548,8.024455019552548,True,Cindy Hyde-Smith,R,True,False,audited_senate_seat_lineage,False,strong_name_match,False,False,True,True,,True,True,most_recent_completed_presidential_election,True,validated_scorable,MIT Election Data and Science Lab,1976-2024-senate-state.csv,official,"MIT Election Data and Science Lab, U.S. President 1976-2024",10.7910/DVN/42MVDX,1976-2024-president.csv,,,,,,44.12927401754217,54.10522254097673,False,regular_cycle,Assigned from the regular six-year Senate election cycle,2020-11-02,1,Cindy Hyde-Smith,R,H001079,2018-11-28,2021-01-03,,single_match,0.176,1.0,R,True,False,,,False,False,False,False,,,,,
2020_MT,2020,2020-11-03,MT,Montana,2,MT_CLASS_2,regular,False,STEVE BULLOCK,STEVE DAINES,272463,333174,0,605637,44.98783925024396,55.01216074975604,-10.024321499512084,R,2016,"CLINTON, HILLARY","TRUMP, DONALD J.",38.89033568297556,61.10966431702444,-22.21932863404888,R,12.195007134536795,12.195007134536795,True,Steve Daines,R,True,False,audited_senate_seat_lineage,False,strong_name_match,False,False,True,True,,True,True,most_recent_completed_presidential_election,True,validated_scorable,MIT Election Data and Science Lab,1976-2024-senate-state.csv,official,"MIT Election Data and Science Lab, U.S. President 1976-2024",10.7910/DVN/42MVDX,1976-2024-president.csv,,,,,,44.98783925024396,55.01216074975604,False,regular_cycle,Assigned from the regular six-year Senate election cycle,2020-11-02,1,Steve Daines,R,D000618,2015-01-06,2021-01-03,,single_match,0.414,1.0,R,True,False,,,False,False,False,False,,,,,
2020_NC,2020,2020-11-03,NC,North Carolina,2,NC_CLASS_2,regular,False,CAL CUNNINGHAM,THOM TILLIS,2569965,2665598,239389,5474952,49.086698030374194,50.913301969625806,-1.826603939251612,R,2016,"CLINTON, HILLARY","TRUMP, DONALD J.",48.096254196281286,51.903745803718714,-3.807491607437427,R,1.9808876681858152,1.9808876681858152,True,Thom Tillis,R,True,False,audited_senate_seat_lineage,False,strong_name_match,False,False,True,True,,True,True,most_recent_completed_presidential_election,True,validated_scorable,MIT Election Data and Science Lab,1976-2024-senate-state.csv,official,"MIT Election Data and Science Lab, U.S. President 1976-2024",10.7910/DVN/42MVDX,1976-2024-president.csv,,,,,,46.94041153237508,48.68714830741895,False,regular_cycle,Assigned from the regular six-year Senate election cycle,2020-11-02,1,Thom Tillis,R,T000476,2015-01-06,2021-01-03,,single_match,0.088,1.0,R,True,False,,,False,False,False,False,,,,,
2020_NE,2020,2020-11-03,NE,Nebraska,2,NE_CLASS_2,regular,False,CHRIS JANICEK,BEN SASSE,227191,583507,119314,930012,28.024122422899772,71.97587757710022,-43.95175515420045,R,2016,"CLINTON, HILLARY","TRUMP, DONALD J.",36.45232588682243,63.54767411317757,-27.095348226355146,R,-16.856406927845303,16.856406927845303,False,Ben Sasse,R,True,False,audited_senate_seat_lineage,False,strong_name_match,False,False,True,True,,True,True,most_recent_completed_presidential_election,True,validated_scorable,MIT Election Data and Science Lab,1976-2024-senate-state.csv,official,"MIT Election Data and Science Lab, U.S. President 1976-2024",10.7910/DVN/42MVDX,1976-2024-president.csv,,,,,,24.428824574306567,62.74187859941592,False,regular_cycle,Assigned from the regular six-year Senate election cycle,2020-11-02,1,Ben Sasse,R,S001197,2015-01-06,2021-01-03,,single_match,0.05,1.0,R,True,False,,,False,False,False,False,,,,,
2020_NH,2020,2020-11-03,NH,New Hampshire,2,NH_CLASS_2,regular,False,JEANNE SHAHEEN,CORKY MESSNER,450778,326229,18907,795914,58.01466396055634,41.98533603944366,16.02932792111268,D,2016,"CLINTON, HILLARY","TRUMP, DONALD J.",50.197028442380706,49.802971557619294,0.3940568847614116,D,15.63527103635127,15.63527103635127,True,Jeanne Shaheen,D,True,False,audited_senate_seat_lineage,False,strong_name_match,False,False,True,True,,True,True,most_recent_completed_presidential_election,True,validated_scorable,MIT Election Data and Science Lab,1976-2024-senate-state.csv,official,"MIT Election Data and Science Lab, U.S. President 1976-2024",10.7910/DVN/42MVDX,1976-2024-president.csv,,,,,,56.63652103116669,40.98797106220019,False,regular_cycle,Assigned from the regular six-year Senate election cycle,2020-11-02,1,Jeanne Shaheen,D,S001181,2015-01-06,2021-01-03,,single_match,1.0,0.1222,D,True,False,,,False,False,False,False,,,,,
2020_NJ,2020,2020-11-03,NJ,New Jersey,2,NJ_CLASS_2,regular,False,CORY BOOKER,"RIKIN ""RIK"" MEHTA",2541178,1817052,82210,4440440,58.30756981618685,41.69243018381315,16.615139632373698,D,2016,"CLINTON, HILLARY","TRUMP, DONALD J.",57.284190142901295,42.715809857098705,14.56838028580259,D,2.0467593465711076,2.0467593465711076,True,Cory A. Booker,D,True,False,audited_senate_seat_lineage,False,strong_name_match,False,False,True,True,,True,True,most_recent_completed_presidential_election,True,validated_scorable,MIT Election Data and Science Lab,1976-2024-senate-state.csv,official,"MIT Election Data and Science Lab, U.S. President 1976-2024",10.7910/DVN/42MVDX,1976-2024-president.csv,,,,,,57.22806748880742,40.92053940600481,False,regular_cycle,Assigned from the regular six-year Senate election cycle,2020-11-02,1,Cory A. Booker,D,B001288,2015-01-06,2021-01-03,,single_match,0.9542,0.1179,D,True,False,,,False,False,False,False,,,,,
2020_NM,2020,2020-11-03,NM,New Mexico,2,NM_CLASS_2,regular,False,BEN R. LUJAN,MARK V. RONCHETTI,474483,418483,24271,917237,53.135617705489345,46.864382294510655,6.27123541097869,D,2016,"CLINTON, HILLARY","TRUMP, DONALD J.",54.65079493432411,45.34920506567589,9.301589868648222,D,-3.0303544576695316,3.0303544576695316,False,Tom Udall,D,False,True,audited_senate_seat_lineage,False,no_confident_match,False,False,True,True,,True,True,most_recent_completed_presidential_election,True,validated_scorable,MIT Election Data and Science Lab,1976-2024-senate-state.csv,official,"MIT Election Data and Science Lab, U.S. President 1976-2024",10.7910/DVN/42MVDX,1976-2024-president.csv,,,,,,51.729596603713105,45.62430429649043,False,regular_cycle,Assigned from the regular six-year Senate election cycle,2020-11-02,1,Tom Udall,D,U000039,2015-01-06,2021-01-03,,single_match,0.165,0.0478,,False,True,,,False,False,False,False,,,,,
2020_OK,2020,2020-11-03,OK,Oklahoma,2,OK_CLASS_2,regular,False,ABBY BROYLES,JIM INHOFE,509763,979140,67458,1556361,34.237488943201804,65.76251105679819,-31.525022113596386,R,2016,"CLINTON, HILLARY","TRUMP, DONALD J.",30.695262761671867,69.30473723832813,-38.60947447665626,R,7.084452363059874,7.084452363059874,True,James M. Inhofe,R,False,True,audited_senate_seat_lineage,False,no_confident_match,False,False,True,True,,True,True,most_recent_completed_presidential_election,True,validated_scorable,MIT Election Data and Science Lab,1976-2024-senate-state.csv,official,"MIT Election Data and Science Lab, U.S. President 1976-2024",10.7910/DVN/42MVDX,1976-2024-president.csv,,,,,,32.75351926705951,62.91213927874061,False,regular_cycle,Assigned from the regular six-year Senate election cycle,2020-11-02,1,James M. Inhofe,R,I000024,2015-01-06,2021-01-03,,single_match,0.1269,0.675,,False,True,,,False,False,False,False,,,,,
2020_OR,2020,2020-11-03,OR,Oregon,2,OR_CLASS_2,regular,False,JEFF MERKLEY,JO RAE PERKINS,1321047,912814,87388,2321249,59.13738589822733,40.86261410177267,18.274771796454655,D,2016,"CLINTON, HILLARY","TRUMP, DONALD J.",56.15583894505435,43.84416105494565,12.311677890108712,D,5.963093906345943,5.963093906345943,True,Jeff Merkley,D,True,False,audited_senate_seat_lineage,False,strong_name_match,False,False,True,True,,True,True,most_recent_completed_presidential_election,True,validated_scorable,MIT Election Data and Science Lab,1976-2024-senate-state.csv,official,"MIT Election Data and Science Lab, U.S. President 1976-2024",10.7910/DVN/42MVDX,1976-2024-president.csv,,,,,,56.9110422880096,39.32426034432325,False,regular_cycle,Assigned from the regular six-year Senate election cycle,2020-11-02,1,Jeff Merkley,D,M001176,2015-01-06,2021-01-03,,single_match,1.0,0.2538,D,True,False,,,False,False,False,False,,,,,
2020_RI,2020,2020-11-03,RI,Rhode Island,2,RI_CLASS_2,regular,False,JOHN F. REED,ALLEN R. WATERS,328574,164855,833,494262,66.58992479161135,33.41007520838864,33.17984958322271,D,2016,"CLINTON, HILLARY","TRUMP, DONALD J.",58.31070409265981,41.68929590734019,16.621408185319623,D,16.55844139790309,16.55844139790309,True,Jack Reed,D,False,True,audited_senate_seat_lineage,False,no_confident_match,False,False,True,True,,True,True,most_recent_completed_presidential_election,True,validated_scorable,MIT Election Data and Science Lab,1976-2024-senate-state.csv,official,"MIT Election Data and Science Lab, U.S. President 1976-2024",10.7910/DVN/42MVDX,1976-2024-president.csv,,,,,,66.47769806297065,33.353767839728725,False,regular_cycle,Assigned from the regular six-year Senate election cycle,2020-11-02,1,Jack Reed,D,R000122,2015-01-06,2021-01-03,,single_match,0.5925,0.1913,,False,True,,,False,False,False,False,,,,,
2020_SC,2020,2020-11-03,SC,South Carolina,2,SC_CLASS_2,regular,False,JAIME HARRISON,LINDSEY GRAHAM,1110828,1369137,35139,2515104,44.7920837592466,55.2079162407534,-10.415832481506795,R,2016,"CLINTON, HILLARY","TRUMP, DONALD J.",42.53974363947598,57.46025636052402,-14.92051272104804,R,4.504680239541244,4.504680239541244,True,Lindsey Graham,R,True,False,audited_senate_seat_lineage,False,strong_name_match,False,False,True,True,,True,True,most_recent_completed_presidential_election,True,validated_scorable,MIT Election Data and Science Lab,1976-2024-senate-state.csv,official,"MIT Election Data and Science Lab, U.S. President 1976-2024",10.7910/DVN/42MVDX,1976-2024-president.csv,,,,,,44.16628497270888,54.4365958624375,False,regular_cycle,Assigned from the regular six-year Senate election cycle,2020-11-02,1,Lindsey Graham,R,G000359,2015-01-06,2021-01-03,,single_match,0.1964,1.0,R,True,False,,,False,False,False,False,,,,,
2020_SD,2020,2020-11-03,SD,South Dakota,2,SD_CLASS_2,regular,False,DAN AHLERS,MIKE ROUNDS,143987,276232,0,420219,34.264752426710835,65.73524757328917,-31.470495146578337,R,2016,"CLINTON, HILLARY","TRUMP, DONALD J.",34.02814192056875,65.97185807943126,-31.943716158862507,R,0.4732210122841707,0.4732210122841707,True,Mike Rounds,R,True,False,audited_senate_seat_lineage,False,strong_name_match,False,False,True,True,,True,True,most_recent_completed_presidential_election,True,validated_scorable,MIT Election Data and Science Lab,1976-2024-senate-state.csv,unofficial,"MIT Election Data and Science Lab, U.S. President 1976-2024",10.7910/DVN/42MVDX,1976-2024-president.csv,,,,,,34.264752426710835,65.73524757328917,False,regular_cycle,Assigned from the regular six-year Senate election cycle,2020-11-02,1,Mike Rounds,R,R000605,2015-01-06,2021-01-03,,single_match,0.1571,1.0,R,True,False,,,False,False,False,False,,,,,
2020_TN,2020,2020-11-03,TN,Tennessee,2,TN_CLASS_2,regular,False,MARQUITA BRADSHAW,BILL HAGERTY,1040691,1840926,78144,2959761,36.11482719598059,63.88517280401941,-27.770345608038824,R,2016,"CLINTON, HILLARY","TRUMP, DONALD J.",36.37565695473801,63.62434304526199,-27.248686090523975,R,-0.5216595175148484,0.5216595175148484,False,Lamar Alexander,R,False,True,audited_senate_seat_lineage,False,no_confident_match,False,False,True,True,,True,True,most_recent_completed_presidential_election,True,validated_scorable,MIT Election Data and Science Lab,1976-2024-senate-state.csv,official,"MIT Election Data and Science Lab, U.S. President 1976-2024",10.7910/DVN/42MVDX,1976-2024-president.csv,,,,,,35.16131876864382,62.19846805198122,False,regular_cycle,Assigned from the regular six-year Senate election cycle,2020-11-02,1,Lamar Alexander,R,A000360,2015-01-06,2021-01-03,,single_match,0.2063,0.163,,False,True,,,False,False,False,False,,,,,
2020_TX,2020,2020-11-03,TX,Texas,2,TX_CLASS_2,regular,False,"MARY ""MJ"" HEGAR",JOHN CORNYN,4888764,5962983,292293,11144040,45.05047896896232,54.94952103103768,-9.899042062075353,R,2016,"CLINTON, HILLARY","TRUMP, DONALD J.",45.28677442202801,54.71322557797199,-9.42645115594398,R,-0.4725909061313729,0.4725909061313729,False,John Cornyn,R,True,False,audited_senate_seat_lineage,False,strong_name_match,False,False,True,True,,True,True,most_recent_completed_presidential_election,True,validated_scorable,MIT Election Data and Science Lab,1976-2024-senate-state.csv,official,"MIT Election Data and Science Lab, U.S. President 1976-2024",10.7910/DVN/42MVDX,1976-2024-president.csv,,,,,,43.86886622804656,53.50826989135,False,regular_cycle,Assigned from the regular six-year Senate election cycle,2020-11-02,1,John Cornyn,R,C001056,2015-01-06,2021-01-03,,single_match,0.1375,1.0,R,True,False,,,False,False,False,False,,,,,
2020_VA,2020,2020-11-03,VA,Virginia,2,VA_CLASS_2,regular,False,MARK R. WARNER,DANIEL M. GADE,2466500,1934199,4388,4405087,56.047914206356765,43.952085793643235,12.09582841271353,D,2016,"CLINTON, HILLARY","TRUMP, DONALD J.",52.8263762771547,47.1736237228453,5.6527525543094015,D,6.4430758584041286,6.4430758584041286,True,Mark R. Warner,D,True,False,audited_senate_seat_lineage,False,strong_name_match,False,False,True,True,,True,True,most_recent_completed_presidential_election,True,validated_scorable,MIT Election Data and Science Lab,1976-2024-senate-state.csv,official,"MIT Election Data and Science Lab, U.S. President 1976-2024",10.7910/DVN/42MVDX,1976-2024-president.csv,,,,,,55.99208369777941,43.908304194673114,False,regular_cycle,Assigned from the regular six-year Senate election cycle,2020-11-02,1,Mark R. Warner,D,W000805,2015-01-06,2021-01-03,,single_match,1.0,0.1269,D,True,False,,,False,False,False,False,,,,,
2020_WV,2020,2020-11-03,WV,West Virginia,2,WV_CLASS_2,regular,False,PAULA JEAN SWEARENGIN,SHELLEY MOORE CAPITO,210309,547454,21155,778918,27.753928339071717,72.24607166092828,-44.49214332185656,R,2016,"CLINTON, HILLARY","TRUMP, DONALD J.",27.838947748704225,72.16105225129577,-44.32210450259154,R,-0.17003881926501663,0.17003881926501663,False,Shelley Moore Capito,R,True,False,audited_senate_seat_lineage,False,strong_name_match,False,False,True,True,,True,True,most_recent_completed_presidential_election,True,validated_scorable,MIT Election Data and Science Lab,1976-2024-senate-state.csv,official,"MIT Election Data and Science Lab, U.S. President 1976-2024",10.7910/DVN/42MVDX,1976-2024-president.csv,,,,,,27.0001463568694,70.28390664999397,False,regular_cycle,Assigned from the regular six-year Senate election cycle,2020-11-02,1,Shelley Moore Capito,R,C001047,2015-01-06,2021-01-03,,single_match,0.1341,1.0,R,True,False,,,False,False,False,False,,,,,
2020_WY,2020,2020-11-03,WY,Wyoming,2,WY_CLASS_2,regular,False,MERAV BEN DAVID,CYNTHIA M. LUMMIS,72766,198100,7637,278503,26.86420591731705,73.13579408268295,-46.2715881653659,R,2016,"CLINTON, HILLARY","TRUMP, DONALD J.",24.29468037084621,75.70531962915379,-51.41063925830758,R,5.139051092941685,5.139051092941685,True,Michael B. Enzi,R,False,True,audited_senate_seat_lineage,False,no_confident_match,False,False,True,True,,True,True,most_recent_completed_presidential_election,True,validated_scorable,MIT Election Data and Science Lab,1976-2024-senate-state.csv,official,"MIT Election Data and Science Lab, U.S. President 1976-2024",10.7910/DVN/42MVDX,1976-2024-president.csv,,,,,,26.12754620237484,71.13029303095479,False,regular_cycle,Assigned from the regular six-year Senate election cycle,2020-11-02,1,Michael B. Enzi,R,E000285,2015-01-06,2021-01-03,,single_match,0.2655,0.0733,,False,True,,,False,False,False,False,,,,,
2022_AK,2022,2022-11-08,AK,Alaska,3,AK_CLASS_3,regular,False,,,0,0,263526,263526,,,,,2020,"BIDEN, JOSEPH R. JR","TRUMP, DONALD J.",44.73815127615069,55.26184872384931,-10.523697447698623,R,,,False,Lisa Murkowski,R,True,False,audited_senate_seat_lineage,False,manual_override,True,False,False,False,Ranked-choice race; certified final-round major-party margin not yet ingested,True,False,most_recent_completed_presidential_election,True,not_scorable,MIT Election Data and Science Lab,1976-2024-senate-state.csv,official,"MIT Election Data and Science Lab, U.S. President 1976-2024",10.7910/DVN/42MVDX,1976-2024-president.csv,,,,,,0.0,0.0,True,regular_cycle,Assigned from the regular six-year Senate election cycle,2022-11-07,1,Lisa Murkowski,R,M001153,2017-01-03,2023-01-03,,single_match,0.0,0.0,R,True,False,manual_override,Lisa Murkowski ran in Alaska top-four general election; major-party candidate fields are blank.,False,False,False,False,,,,,
2022_AL,2022,2022-11-08,AL,Alabama,3,AL_CLASS_3,regular,False,WILL BOYD,KATIE BRITT,436746,942154,35338,1414238,31.673507868590907,68.3264921314091,-36.652984262818194,R,2020,"BIDEN, JOSEPH R. JR","TRUMP, DONALD J.",37.08862516664528,62.91137483335472,-25.82274966670944,R,-10.830234596108752,10.830234596108752,False,Richard C. Shelby,R,False,True,audited_senate_seat_lineage,False,no_confident_match,False,False,True,True,,True,True,most_recent_completed_presidential_election,True,validated_scorable,MIT Election Data and Science Lab,1976-2024-senate-state.csv,official,"MIT Election Data and Science Lab, U.S. President 1976-2024",10.7910/DVN/42MVDX,1976-2024-president.csv,,,,,,30.882072183041327,66.6191970516985,False,regular_cycle,Assigned from the regular six-year Senate election cycle,2022-11-07,1,Richard C. Shelby,R,S000320,2017-01-03,2023-01-03,,single_match,0.088,0.0815,,False,True,,,False,False,False,False,,,,,
2022_AR,2022,2022-11-08,AR,Arkansas,3,AR_CLASS_3,regular,False,NATALIE JAMES,JOHN BOOZMAN,280187,592437,28682,901306,32.10855992959167,67.89144007040834,-35.782880140816665,R,2020,"BIDEN, JOSEPH R. JR","TRUMP, DONALD J.",35.78756672201685,64.21243327798315,-28.424866555966304,R,-7.358013584850362,7.358013584850362,False,John Boozman,R,True,False,audited_senate_seat_lineage,False,strong_name_match,False,False,True,True,,True,True,most_recent_completed_presidential_election,True,validated_scorable,MIT Election Data and Science Lab,1976-2024-senate-state.csv,official,"MIT Election Data and Science Lab, U.S. President 1976-2024",10.7910/DVN/42MVDX,1976-2024-president.csv,,,,,,31.08677851917107,65.73095042083376,False,regular_cycle,Assigned from the regular six-year Senate election cycle,2022-11-07,1,John Boozman,R,B001236,2017-01-03,2023-01-03,,single_match,0.088,1.0,R,True,False,,,False,False,False,False,,,,,
2022_AZ,2022,2022-11-08,AZ,Arizona,3,AZ_CLASS_3,regular,False,MARK KELLY,BLAKE MASTERS,1322027,1196308,53959,2572294,52.49607379478902,47.50392620521098,4.992147589578039,D,2020,"BIDEN, JOSEPH R. JR","TRUMP, DONALD J.",50.15683167912931,49.84316832087069,0.3136633582586228,D,4.678484231319416,4.678484231319416,True,Mark Kelly,D,True,False,audited_senate_seat_lineage,False,strong_name_match,False,False,True,True,,True,True,most_recent_completed_presidential_election,True,validated_scorable,MIT Election Data and Science Lab,1976-2024-senate-state.csv,official,"MIT Election Data and Science Lab, U.S. President 1976-2024",10.7910/DVN/42MVDX,1976-2024-president.csv,,,,,,51.39486388414388,46.50743655274242,False,regular_cycle,Assigned from the regular six-year Senate election cycle,2022-11-07,1,Mark Kelly,D,K000377,2020-12-02,2023-01-03,special-election,single_match,1.0,0.1435,D,True,False,,,False,False,False,False,,,,,
2022_CA_REGULAR,2022,2022-11-08,CA,California,3,CA_CLASS_3,regular,False,ALEX PADILLA,MARK P. MEUSER,6621621,4222029,0,10843650,61.06450318850202,38.93549681149798,22.12900637700405,D,2020,"BIDEN, JOSEPH R. JR","TRUMP, DONALD J.",64.90891136066757,35.09108863933243,29.81782272133514,D,-7.688816344331091,7.688816344331091,False,Alex Padilla,D,True,False,audited_senate_seat_lineage,True,strong_name_match,False,False,True,True,,True,True,most_recent_completed_presidential_election,True,validated_scorable,MIT Election Data and Science Lab,1976-2024-senate-state.csv,official,"MIT Election Data and Science Lab, U.S. President 1976-2024",10.7910/DVN/42MVDX,1976-2024-president.csv,,,,,,61.06450318850202,38.93549681149798,False,regular_cycle,Assigned from the regular six-year Senate election cycle,2022-11-07,1,Alex Padilla,D,P000145,2021-01-20,2022-12-21,appointment,single_match,1.0,0.132,D,True,False,,,False,False,False,False,,,,,
2022_CA_SPECIAL,2022,2022-11-08,CA,California,3,CA_CLASS_3,special,True,ALEX PADILLA,MARK P. MEUSER,6559308,4212450,0,10771758,60.89357001893284,39.10642998106716,21.787140037865683,D,2020,"BIDEN, JOSEPH R. JR","TRUMP, DONALD J.",64.90891136066757,35.09108863933243,29.81782272133514,D,-8.030682683469458,8.030682683469458,False,Alex Padilla,D,True,False,audited_senate_seat_lineage,True,strong_name_match,False,False,True,True,,True,True,most_recent_completed_presidential_election,True,validated_scorable,MIT Election Data and Science Lab,1976-2024-senate-state.csv,official,"MIT Election Data and Science Lab, U.S. President 1976-2024",10.7910/DVN/42MVDX,1976-2024-president.csv,,,,,,60.89357001893284,39.10642998106716,False,special_election_override,Special election for the Class 3 seat,2022-11-07,1,Alex Padilla,D,P000145,2021-01-20,2022-12-21,appointment,single_match,1.0,0.132,D,True,False,,,False,False,False,False,,,,,
2022_CO,2022,2022-11-08,CO,Colorado,3,CO_CLASS_3,regular,False,MICHAEL BENNET,JOE O'DEA,1397170,1031693,71338,2500201,57.523623193238976,42.476376806761024,15.047246386477951,D,2020,"BIDEN, JOSEPH R. JR","TRUMP, DONALD J.",56.93831949230015,43.06168050769985,13.876638984600303,D,1.170607401877648,1.170607401877648,True,Michael F. Bennet,D,True,False,audited_senate_seat_lineage,False,strong_name_match,False,False,True,True,,True,True,most_recent_completed_presidential_election,True,validated_scorable,MIT Election Data and Science Lab,1976-2024-senate-state.csv,official,"MIT Election Data and Science Lab, U.S. President 1976-2024",10.7910/DVN/42MVDX,1976-2024-president.csv,,,,,,55.882307062512176,41.264402342051696,False,regular_cycle,Assigned from the regular six-year Senate election cycle,2022-11-07,1,Michael F. Bennet,D,B001267,2017-01-03,2023-01-03,,single_match,0.9633,0.044,D,True,False,,,False,False,False,False,,,,,
2022_FL,2022,2022-11-08,FL,Florida,3,FL_CLASS_3,regular,False,VAL DEMINGS,MARCO RUBIO,3201522,4474847,81645,7758014,41.706202502771816,58.293797497228184,-16.587594994456367,R,2020,"BIDEN, JOSEPH R. JR","TRUMP, DONALD J.",48.305245337858445,51.694754662141555,-3.389509324283111,R,-13.198085670173256,13.198085670173256,False,Marco Rubio,R,True,False,audited_senate_seat_lineage,False,strong_name_match,False,False,True,True,,True,True,most_recent_completed_presidential_election,True,validated_scorable,MIT Election Data and Science Lab,1976-2024-senate-state.csv,official,"MIT Election Data and Science Lab, U.S. President 1976-2024",10.7910/DVN/42MVDX,1976-2024-president.csv,,,,,,41.26728825186446,57.68031612214157,False,regular_cycle,Assigned from the regular six-year Senate election cycle,2022-11-07,1,Marco Rubio,R,R000595,2017-01-03,2023-01-03,,single_match,0.1,1.0,R,True,False,,,False,False,False,False,,,,,
2022_GA,2022,2022-11-08,GA,Georgia,3,GA_CLASS_3,regular,False,RAPHAEL WARNOCK,HERSCHEL JUNIOR WALKER,1946117,1908442,81365,3935924,50.4887070090249,49.5112929909751,0.9774140180497994,D,2020,"BIDEN, JOSEPH R. JR","TRUMP, DONALD J.",50.11932966290865,49.88067033709135,0.2386593258172951,D,0.7387546922325043,0.7387546922325043,True,Raphael G. Warnock,D,True,False,audited_senate_seat_lineage,False,strong_name_match,False,False,True,True,,True,True,most_recent_completed_presidential_election,True,validated_scorable,MIT Election Data and Science Lab,1976-2024-senate-state.csv,official,"MIT Election Data and Science Lab, U.S. President 1976-2024",10.7910/DVN/42MVDX,1976-2024-president.csv,,,,,,49.44498420193073,48.48777567859542,False,regular_cycle,Assigned from the regular six-year Senate election cycle,2022-11-07,1,Raphael G. Warnock,D,W000790,2021-01-20,2023-01-03,special-election,single_match,0.9656,0.2538,D,True,False,,,False,False,False,False,,,,,
2022_HI,2022,2022-11-08,HI,Hawaii,3,HI_CLASS_3,regular,False,"SCHATZ, BRIAN","MCDERMOTT, BOB",290894,106358,11896,409148,73.22656651193701,26.77343348806299,46.45313302387402,D,2020,"BIDEN, JOSEPH R. JR","TRUMP, DONALD J.",65.03266464651489,34.96733535348512,30.06532929302977,D,16.387803730844247,16.387803730844247,True,Brian Schatz,D,True,False,audited_senate_seat_lineage,False,confirmed_name_match,True,False,True,True,,True,True,most_recent_completed_presidential_election,True,validated_scorable,MIT Election Data and Science Lab,1976-2024-senate-state.csv,official,"MIT Election Data and Science Lab, U.S. President 1976-2024",10.7910/DVN/42MVDX,1976-2024-president.csv,,,,,,71.09750017108723,25.994994476326415,False,regular_cycle,Assigned from the regular six-year Senate election cycle,2022-11-07,1,Brian Schatz,D,S001194,2017-01-03,2023-01-03,,single_match,0.725,0.044,D,True,False,confirmed,Reversed candidate-name format.,False,False,False,False,,,,,
2022_IA,2022,2022-11-08,IA,Iowa,3,IA_CLASS_3,regular,False,MICHAEL FRANKEN,CHUCK GRASSLEY,533330,681501,15585,1230416,43.90157972590426,56.09842027409574,-12.196840548191474,R,2020,"BIDEN, JOSEPH R. JR","TRUMP, DONALD J.",45.816736915362945,54.183263084637055,-8.36652616927411,R,-3.8303143789173646,3.8303143789173646,False,Chuck Grassley,R,True,False,audited_senate_seat_lineage,False,strong_name_match,False,False,True,True,,True,True,most_recent_completed_presidential_election,True,validated_scorable,MIT Election Data and Science Lab,1976-2024-senate-state.csv,official,"MIT Election Data and Science Lab, U.S. President 1976-2024",10.7910/DVN/42MVDX,1976-2024-president.csv,,,,,,43.34550265926321,55.387852563685776,False,regular_cycle,Assigned from the regular six-year Senate election cycle,2022-11-07,1,Chuck Grassley,R,G000386,2017-01-03,2023-01-03,,single_match,0.2276,1.0,R,True,False,,,False,False,False,False,,,,,
2022_ID,2022,2022-11-08,ID,Idaho,3,ID_CLASS_3,regular,False,DAVID ROTH,MIKE CRAPO,169808,358539,62543,590890,32.13948408905511,67.86051591094488,-35.721031821889774,R,2020,"BIDEN, JOSEPH R. JR","TRUMP, DONALD J.",34.12285707492213,65.87714292507788,-31.754285850155743,R,-3.9667459717340314,3.9667459717340314,False,Mike Crapo,R,True,False,audited_senate_seat_lineage,False,strong_name_match,False,False,True,True,,True,True,most_recent_completed_presidential_election,True,validated_scorable,MIT Election Data and Science Lab,1976-2024-senate-state.csv,official,"MIT Election Data and Science Lab, U.S. President 1976-2024",10.7910/DVN/42MVDX,1976-2024-president.csv,,,,,,28.737666909238605,60.677791128636464,False,regular_cycle,Assigned from the regular six-year Senate election cycle,2022-11-07,1,Mike Crapo,R,C000880,2017-01-03,2023-01-03,,single_match,0.22,1.0,R,True,False,,,False,False,False,False,,,,,
2022_IL,2022,2022-11-08,IL,Illinois,3,IL_CLASS_3,regular,False,TAMMY DUCKWORTH,KATHY SALVI,2329136,1701055,68705,4098896,57.792198930522154,42.207801069477846,15.584397861044309,D,2020,"BIDEN, JOSEPH R. JR","TRUMP, DONALD J.",58.65904373280692,41.34095626719308,17.318087465613843,D,-1.733689604569534,1.733689604569534,False,Tammy Duckworth,D,True,False,audited_senate_seat_lineage,False,strong_name_match,False,False,True,True,,True,True,most_recent_completed_presidential_election,True,validated_scorable,MIT Election Data and Science Lab,1976-2024-senate-state.csv,official,"MIT Election Data and Science Lab, U.S. President 1976-2024",10.7910/DVN/42MVDX,1976-2024-president.csv,,,,,,56.82349588767317,41.50032106206159,False,regular_cycle,Assigned from the regular six-year Senate election cycle,2022-11-07,1,Tammy Duckworth,D,D000622,2017-01-03,2023-01-03,,single_match,1.0,0.1269,D,True,False,,,False,False,False,False,,,,,
2022_IN,2022,2022-11-08,IN,Indiana,3,IN_CLASS_3,regular,False,"THOMAS M. MCDERMOTT, JR.",TODD YOUNG,704411,1090165,65275,1859851,39.252224480880166,60.747775519119834,-21.495551038239668,R,2020,"BIDEN, JOSEPH R. JR","TRUMP, DONALD J.",41.80495199255704,58.19504800744296,-16.390096014885927,R,-5.105455023353741,5.105455023353741,False,Todd Young,R,True,False,audited_senate_seat_lineage,False,strong_name_match,False,False,True,True,,True,True,most_recent_completed_presidential_election,True,validated_scorable,MIT Election Data and Science Lab,1976-2024-senate-state.csv,official,"MIT Election Data and Science Lab, U.S. President 1976-2024",10.7910/DVN/42MVDX,1976-2024-president.csv,,,,,,37.87459317977623,58.615717065506864,False,regular_cycle,Assigned from the regular six-year Senate election cycle,2022-11-07,1,Todd Young,R,Y000064,2017-01-03,2023-01-03,,single_match,0.1571,1.0,R,True,False,,,False,False,False,False,,,,,
2022_KS,2022,2022-11-08,KS,Kansas,3,KS_CLASS_3,regular,False,MARK R. HOLLAND,JERRY MORAN,372214,602976,29766,1004956,38.16835693557153,61.83164306442847,-23.66328612885694,R,2020,"BIDEN, JOSEPH R. JR","TRUMP, DONALD J.",42.50657174436865,57.49342825563135,-14.9868565112627,R,-8.67642961759424,8.67642961759424,False,Jerry Moran,R,True,False,audited_senate_seat_lineage,False,strong_name_match,False,False,True,True,,True,True,most_recent_completed_presidential_election,True,validated_scorable,MIT Election Data and Science Lab,1976-2024-senate-state.csv,official,"MIT Election Data and Science Lab, U.S. President 1976-2024",10.7910/DVN/42MVDX,1976-2024-president.csv,,,,,,37.03784046266702,60.00023881642579,False,regular_cycle,Assigned from the regular six-year Senate election cycle,2022-11-07,1,Jerry Moran,R,M000934,2017-01-03,2023-01-03,,single_match,0.264,1.0,R,True,False,,,False,False,False,False,,,,,
2022_KY,2022,2022-11-08,KY,Kentucky,3,KY_CLASS_3,regular,False,CHARLES BOOKER,RAND PAUL,564311,913326,193,1477830,38.19009675583381,61.80990324416619,-23.619806488332387,R,2020,"BIDEN, JOSEPH R. JR","TRUMP, DONALD J.",36.79989709973703,63.20010290026297,-26.40020580052594,R,2.780399312193552,2.780399312193552,True,Rand Paul,R,True,False,audited_senate_seat_lineage,False,strong_name_match,False,False,True,True,,True,True,most_recent_completed_presidential_election,True,validated_scorable,MIT Election Data and Science Lab,1976-2024-senate-state.csv,official,"MIT Election Data and Science Lab, U.S. President 1976-2024",10.7910/DVN/42MVDX,1976-2024-president.csv,,,,,,38.18510924801905,61.80183106311281,False,regular_cycle,Assigned from the regular six-year Senate election cycle,2022-11-07,1,Rand Paul,R,P000603,2017-01-03,2023-01-03,,single_match,0.0957,1.0,R,True,False,,,False,False,False,False,,,,,
2022_LA,2022,2022-11-08,LA,Louisiana,3,LA_CLASS_3,regular,False,"GARY CHAMBERS, JR.",JOHN KENNEDY,246933,851568,284789,1383290,22.47908741093545,77.52091258906455,-55.0418251781291,R,2020,"BIDEN, JOSEPH R. JR","TRUMP, DONALD J.",40.53555954370895,59.46444045629105,-18.928880912582105,R,-36.112944265547,36.112944265547,False,John Kennedy,R,True,False,audited_senate_seat_lineage,False,strong_name_match,False,False,True,True,,True,True,most_recent_completed_presidential_election,True,validated_scorable,MIT Election Data and Science Lab,1976-2024-senate-state.csv,official,"MIT Election Data and Science Lab, U.S. President 1976-2024",10.7910/DVN/42MVDX,1976-2024-president.csv,,,,,,17.85113750551222,61.56106094889719,False,regular_cycle,Assigned from the regular six-year Senate election cycle,2022-11-07,1,John Kennedy,R,K000393,2017-01-03,2023-01-03,,single_match,0.088,1.0,R,True,False,,,False,False,False,False,,,,,
2022_MD,2022,2022-11-08,MD,Maryland,3,MD_CLASS_3,regular,False,CHRIS VAN HOLLEN,CHRIS CHAFFEE,1316897,682293,3146,2002336,65.87152796882738,34.12847203117263,31.743055937654752,D,2020,"BIDEN, JOSEPH R. JR","TRUMP, DONALD J.",67.02904704709233,32.97095295290766,34.058094094184675,D,-2.3150381565299227,2.3150381565299227,False,Chris Van Hollen,D,True,False,audited_senate_seat_lineage,False,strong_name_match,False,False,True,True,,True,True,most_recent_completed_presidential_election,True,validated_scorable,MIT Election Data and Science Lab,1976-2024-senate-state.csv,official,"MIT Election Data and Science Lab, U.S. President 1976-2024",10.7910/DVN/42MVDX,1976-2024-president.csv,,,,,,65.76803293752897,34.07485057452895,False,regular_cycle,Assigned from the regular six-year Senate election cycle,2022-11-07,1,Chris Van Hollen,D,V000128,2017-01-03,2023-01-03,,single_match,1.0,0.4159,D,True,False,,,False,False,False,False,,,,,
2022_MO,2022,2022-11-08,MO,Missouri,3,MO_CLASS_3,regular,False,TRUDY BUSCH VALENTINE,ERIC SCHMITT,868875,1143636,0,2012511,43.17367706313158,56.82632293686842,-13.652645873736844,R,2020,"BIDEN, JOSEPH R. JR","TRUMP, DONALD J.",42.16417935559856,57.83582064440144,-15.671641288802888,R,2.018995415066044,2.018995415066044,True,Roy Blunt,R,False,True,audited_senate_seat_lineage,False,no_confident_match,False,False,True,True,,True,True,most_recent_completed_presidential_election,True,validated_scorable,MIT Election Data and Science Lab,1976-2024-senate-state.csv,unofficial,"MIT Election Data and Science Lab, U.S. President 1976-2024",10.7910/DVN/42MVDX,1976-2024-president.csv,,,,,,43.17367706313158,56.82632293686842,False,regular_cycle,Assigned from the regular six-year Senate election cycle,2022-11-07,1,Roy Blunt,R,B000575,2017-01-03,2023-01-03,,single_match,0.2567,0.1571,,False,True,,,False,False,False,False,,,,,
2022_NC,2022,2022-11-08,NC,North Carolina,3,NC_CLASS_3,regular,False,CHERI BEASLEY,TED BUDD,1784049,1905786,84089,3773924,48.35037339068007,51.64962660931993,-3.299253218639862,R,2020,"BIDEN, JOSEPH R. JR","TRUMP, DONALD J.",49.31581746681328,50.68418253318672,-1.3683650663734426,R,-1.9308881522664194,1.9308881522664194,False,Richard Burr,R,False,True,audited_senate_seat_lineage,False,no_confident_match,False,False,True,True,,True,True,most_recent_completed_presidential_election,True,validated_scorable,MIT Election Data and Science Lab,1976-2024-senate-state.csv,official,"MIT Election Data and Science Lab, U.S. President 1976-2024",10.7910/DVN/42MVDX,1976-2024-president.csv,,,,,,47.273050543678146,50.498791178624685,False,regular_cycle,Assigned from the regular six-year Senate election cycle,2022-11-07,1,Richard Burr,R,B001135,2017-01-03,2023-01-03,,single_match,0.176,0.22,,False,True,,,False,False,False,False,,,,,
2022_ND,2022,2022-11-08,ND,North Dakota,3,ND_CLASS_3,regular,False,KATRINA CHRISTIANSEN,JOHN HOEVEN,59995,135474,44671,240140,30.692846436007756,69.30715356399224,-38.61430712798449,R,2020,"BIDEN, JOSEPH R. JR","TRUMP, DONALD J.",32.78259157710337,67.21740842289663,-34.43481684579326,R,-4.179490282191232,4.179490282191232,False,John Hoeven,R,True,False,audited_senate_seat_lineage,False,strong_name_match,False,False,True,True,,True,True,most_recent_completed_presidential_election,True,validated_scorable,MIT Election Data and Science Lab,1976-2024-senate-state.csv,official,"MIT Election Data and Science Lab, U.S. President 1976-2024",10.7910/DVN/42MVDX,1976-2024-president.csv,,,,,,24.98334304988757,56.41459148829849,False,regular_cycle,Assigned from the regular six-year Senate election cycle,2022-11-07,1,John Hoeven,R,H001061,2017-01-03,2023-01-03,,single_match,0.1419,1.0,R,True,False,,,False,False,False,False,,,,,
2022_NH,2022,2022-11-08,NH,New Hampshire,3,NH_CLASS_3,regular,False,MAGGIE HASSAN,DONALD C. BOLDUC,332490,275631,12854,620975,54.67497422387979,45.32502577612021,9.349948447759571,D,2020,"BIDEN, JOSEPH R. JR","TRUMP, DONALD J.",53.74834772159504,46.25165227840496,7.496695443190077,D,1.8532530045694937,1.8532530045694937,True,Margaret Wood Hassan,D,False,True,audited_senate_seat_lineage,False,no_confident_match,False,False,True,True,,True,True,most_recent_completed_presidential_election,True,validated_scorable,MIT Election Data and Science Lab,1976-2024-senate-state.csv,official,"MIT Election Data and Science Lab, U.S. President 1976-2024",10.7910/DVN/42MVDX,1976-2024-president.csv,,,,,,53.54321832601956,44.386811063247315,False,regular_cycle,Assigned from the regular six-year Senate election cycle,2022-11-07,1,Margaret Wood Hassan,D,H001076,2017-01-03,2023-01-03,,single_match,0.6292,0.0943,,False,True,,,False,False,False,False,,,,,
2022_NV,2022,2022-11-08,NV,Nevada,3,NV_CLASS_3,regular,False,"CORTEZ MASTO, CATHERINE","LAXALT, ADAM PAUL",498316,490388,32146,1020850,50.40092889277276,49.59907110722724,0.801857785545522,D,2020,"BIDEN, JOSEPH R. JR","TRUMP, DONALD J.",51.22311734004381,48.77688265995619,2.446234680087614,D,-1.6443768945420918,1.6443768945420918,False,Catherine Cortez Masto,D,True,False,audited_senate_seat_lineage,False,confirmed_name_match,True,False,True,True,,True,True,most_recent_completed_presidential_election,True,validated_scorable,MIT Election Data and Science Lab,1976-2024-senate-state.csv,official,"MIT Election Data and Science Lab, U.S. President 1976-2024",10.7910/DVN/42MVDX,1976-2024-president.csv,,,,,,48.81383161091247,48.03722388205907,False,regular_cycle,Assigned from the regular six-year Senate election cycle,2022-11-07,1,Catherine Cortez Masto,D,C001113,2017-01-03,2023-01-03,,single_match,0.75,0.1447,D,True,False,confirmed,Reversed candidate-name format.,False,False,False,False,,,,,
2022_NY,2022,2022-11-08,NY,New York,3,NY_CLASS_3,regular,False,CHARLES E. SCHUMER,JOE PINION,3320561,2501151,26844,5848556,57.03753466334302,42.96246533665698,14.075069326686034,D,2020,"BIDEN, JOSEPH R. JR","TRUMP, DONALD J.",61.71683489301225,38.28316510698775,23.433669786024495,D,-9.358600459338462,9.358600459338462,False,Charles E. Schumer,D,True,False,audited_senate_seat_lineage,False,strong_name_match,False,False,True,True,,True,True,most_recent_completed_presidential_election,True,validated_scorable,MIT Election Data and Science Lab,1976-2024-senate-state.csv,official,"MIT Election Data and Science Lab, U.S. President 1976-2024",10.7910/DVN/42MVDX,1976-2024-president.csv,,,,,,56.77574088373267,42.765274026614435,False,regular_cycle,Assigned from the regular six-year Senate election cycle,2022-11-07,1,Charles E. Schumer,D,S000148,2017-01-03,2023-01-03,,single_match,1.0,0.0815,D,True,False,,,False,False,False,False,,,,,
2022_OH,2022,2022-11-08,OH,Ohio,3,OH_CLASS_3,regular,False,TIM RYAN,JD VANCE,1939489,2192114,1739,4133342,46.9427725751966,53.0572274248034,-6.114454849606801,R,2020,"BIDEN, JOSEPH R. JR","TRUMP, DONALD J.",45.92330235229728,54.07669764770272,-8.153395295405431,R,2.03894044579863,2.03894044579863,True,Rob Portman,R,False,True,audited_senate_seat_lineage,False,no_confident_match,False,False,True,True,,True,True,most_recent_completed_presidential_election,True,validated_scorable,MIT Election Data and Science Lab,1976-2024-senate-state.csv,official,"MIT Election Data and Science Lab, U.S. President 1976-2024",10.7910/DVN/42MVDX,1976-2024-president.csv,,,,,,46.9230225807591,53.03490492681225,False,regular_cycle,Assigned from the regular six-year Senate election cycle,2022-11-07,1,Rob Portman,R,P000449,2017-01-03,2023-01-03,,single_match,0.1737,0.1737,,False,True,,,False,False,False,False,,,,,
2022_OK_REGULAR,2022,2022-11-08,OK,Oklahoma,3,OK_CLASS_3,regular,False,MADISON HORN,JAMES LANKFORD,369370,739960,41402,1150732,33.29667456933464,66.70332543066536,-33.40665086133072,R,2020,"BIDEN, JOSEPH R. JR","TRUMP, DONALD J.",33.059960503093485,66.94003949690651,-33.88007899381302,R,0.4734281324823044,0.4734281324823044,True,James Lankford,R,True,False,audited_senate_seat_lineage,False,strong_name_match,False,False,True,True,,True,True,most_recent_completed_presidential_election,True,validated_scorable,MIT Election Data and Science Lab,1976-2024-senate-state.csv,official,"MIT Election Data and Science Lab, U.S. President 1976-2024",10.7910/DVN/42MVDX,1976-2024-president.csv,,,,,,32.098698915125325,64.30341730307318,False,regular_cycle,Assigned from the regular six-year Senate election cycle,2022-11-07,1,James Lankford,R,L000575,2017-01-03,2023-01-03,,single_match,0.2115,1.0,R,True,False,,,False,False,False,False,,,,,
2022_OK_SPECIAL,2022,2022-11-08,OK,Oklahoma,2,OK_CLASS_2,special,True,KENDRA HORN,MARKWAYNE MULLIN,405389,710643,34449,1150481,36.324137659135225,63.675862340864775,-27.35172468172955,R,2020,"BIDEN, JOSEPH R. JR","TRUMP, DONALD J.",33.059960503093485,66.94003949690651,-33.88007899381302,R,6.528354312083472,6.528354312083472,True,James M. Inhofe,R,False,True,audited_senate_seat_lineage,False,no_confident_match,False,False,True,True,,True,True,most_recent_completed_presidential_election,True,validated_scorable,MIT Election Data and Science Lab,1976-2024-senate-state.csv,official,"MIT Election Data and Science Lab, U.S. President 1976-2024",10.7910/DVN/42MVDX,1976-2024-president.csv,,,,,,35.23647935081066,61.76920783567916,False,special_election_override,Special election for the Class 2 seat,2022-11-07,1,James M. Inhofe,R,I000024,2021-01-03,2023-01-03,,single_match,0.176,0.22,,False,True,,,False,False,False,False,,,,,
2022_OR,2022,2022-11-08,OR,Oregon,3,OR_CLASS_3,regular,False,WYDEN RON,PERKINS JO RAE,1076424,788991,62534,1927949,57.704264198583154,42.295735801416846,15.408528397166307,D,2020,"BIDEN, JOSEPH R. JR","TRUMP, DONALD J.",58.30715698544173,41.69284301455827,16.614313970883458,D,-1.2057855737171508,1.2057855737171508,False,Ron Wyden,D,True,False,audited_senate_seat_lineage,False,confirmed_name_match,True,False,True,True,,True,True,most_recent_completed_presidential_election,True,validated_scorable,MIT Election Data and Science Lab,1976-2024-senate-state.csv,official,"MIT Election Data and Science Lab, U.S. President 1976-2024",10.7910/DVN/42MVDX,1976-2024-president.csv,,,,,,55.83259723156577,40.923852238829966,False,regular_cycle,Assigned from the regular six-year Senate election cycle,2022-11-07,1,Ron Wyden,D,W000779,2017-01-03,2023-01-03,,single_match,0.7556,0.1913,D,True,False,confirmed,Reordered candidate-name format.,False,False,False,False,,,,,
2022_PA,2022,2022-11-08,PA,Pennsylvania,3,PA_CLASS_3,regular,False,JOHN K FETTERMAN,MEHMET C OZ,2751012,2487260,129749,5368021,52.51754777147884,47.48245222852116,5.035095542957677,D,2020,"BIDEN, JOSEPH R. JR","TRUMP, DONALD J.",50.58920525934906,49.41079474065094,1.178410518698115,D,3.856685024259562,3.856685024259562,True,Patrick J. Toomey,R,False,True,audited_senate_seat_lineage,False,no_confident_match,False,False,True,True,,True,True,most_recent_completed_presidential_election,True,validated_scorable,MIT Election Data and Science Lab,1976-2024-senate-state.csv,official,"MIT Election Data and Science Lab, U.S. President 1976-2024",10.7910/DVN/42MVDX,1976-2024-president.csv,,,,,,51.248160169269084,46.33476657412481,False,regular_cycle,Assigned from the regular six-year Senate election cycle,2022-11-07,1,Patrick J. Toomey,R,T000461,2017-01-03,2023-01-03,,single_match,0.1375,0.0815,,False,True,,,False,False,False,False,,,,,
2022_SC,2022,2022-11-08,SC,South Carolina,3,SC_CLASS_3,regular,False,KRYSTLE MATTHEWS,TIM SCOTT,627616,1066274,1812,1695702,37.05175660757192,62.94824339242808,-25.896486784856165,R,2020,"BIDEN, JOSEPH R. JR","TRUMP, DONALD J.",44.073391250417906,55.926608749582094,-11.853217499164188,R,-14.043269285691977,14.043269285691977,False,Tim Scott,R,True,False,audited_senate_seat_lineage,False,strong_name_match,False,False,True,True,,True,True,most_recent_completed_presidential_election,True,validated_scorable,MIT Election Data and Science Lab,1976-2024-senate-state.csv,official,"MIT Election Data and Science Lab, U.S. President 1976-2024",10.7910/DVN/42MVDX,1976-2024-president.csv,,,,,,37.012163693856586,62.88097790767482,False,regular_cycle,Assigned from the regular six-year Senate election cycle,2022-11-07,1,Tim Scott,R,S001184,2017-01-03,2023-01-03,,single_match,0.176,1.0,R,True,False,,,False,False,False,False,,,,,
2022_SD,2022,2022-11-08,SD,South Dakota,3,SD_CLASS_3,regular,False,BRIAN L BENGS,JOHN R THUNE,91007,242316,14697,348020,27.302946391338132,72.69705360866188,-45.39410721732374,R,2020,"BIDEN, JOSEPH R. JR","TRUMP, DONALD J.",36.5652201383185,63.4347798616815,-26.869559723362997,R,-18.524547493960746,18.524547493960746,False,John Thune,R,True,False,audited_senate_seat_lineage,False,strong_name_match,False,False,True,True,,True,True,most_recent_completed_presidential_election,True,validated_scorable,MIT Election Data and Science Lab,1976-2024-senate-state.csv,official,"MIT Election Data and Science Lab, U.S. President 1976-2024",10.7910/DVN/42MVDX,1976-2024-president.csv,,,,,,26.149933911844148,69.627032929142,False,regular_cycle,Assigned from the regular six-year Senate election cycle,2022-11-07,1,John Thune,R,T000250,2017-01-03,2023-01-03,,single_match,0.1435,0.95,R,True,False,,,False,False,False,False,,,,,
2022_UT,2022,2022-11-08,UT,Utah,3,UT_CLASS_3,regular,False,EVAN MCMULLIN,MIKE LEE,459958,571974,44129,1076061,44.57251059178318,55.42748940821682,-10.854978816433643,R,2020,"BIDEN, JOSEPH R. JR","TRUMP, DONALD J.",39.30639487814837,60.69360512185163,-21.387210243703265,R,10.532231427269622,10.532231427269622,True,Mike Lee,R,True,False,audited_senate_seat_lineage,False,strong_name_match,False,False,True,True,,True,True,most_recent_completed_presidential_election,True,validated_scorable,MIT Election Data and Science Lab,1976-2024-senate-state.csv,official,"MIT Election Data and Science Lab, U.S. President 1976-2024",10.7910/DVN/42MVDX,1976-2024-president.csv,,,,,,42.74460276880214,53.15442154301661,False,regular_cycle,Assigned from the regular six-year Senate election cycle,2022-11-07,1,Mike Lee,R,L000577,2017-01-03,2023-01-03,,single_match,0.1048,1.0,R,True,False,,,False,False,False,False,,,,,
2022_VT,2022,2022-11-08,VT,Vermont,3,VT_CLASS_3,regular,False,PETER WELCH,GERALD MALLOY,196575,80468,10343,287386,70.95468934425342,29.04531065574658,41.90937868850685,D,2020,"BIDEN, JOSEPH R. JR","TRUMP, DONALD J.",68.29918655280656,31.70081344719344,36.59837310561312,D,5.311005582893728,5.311005582893728,True,Patrick J. Leahy,D,False,True,audited_senate_seat_lineage,False,no_confident_match,False,False,True,True,,True,True,most_recent_completed_presidential_election,True,validated_scorable,MIT Election Data and Science Lab,1976-2024-senate-state.csv,official,"MIT Election Data and Science Lab, U.S. President 1976-2024",10.7910/DVN/42MVDX,1976-2024-president.csv,,,,,,68.40103554104932,27.999972162875014,False,regular_cycle,Assigned from the regular six-year Senate election cycle,2022-11-07,1,Patrick J. Leahy,D,L000174,2017-01-03,2023-01-03,,single_match,0.2115,0.1571,,False,True,,,False,False,False,False,,,,,
2022_WA,2022,2022-11-08,WA,Washington,3,WA_CLASS_3,regular,False,PATTY MURRAY,TIFFANY SMILEY,1741827,1299322,6751,3047900,57.27529298959045,42.72470701040955,14.550585979180894,D,2020,"BIDEN, JOSEPH R. JR","TRUMP, DONALD J.",59.92550318479069,40.07449681520931,19.851006369581384,D,-5.30042039040049,5.30042039040049,False,Patty Murray,D,True,False,audited_senate_seat_lineage,False,strong_name_match,False,False,True,True,,True,True,most_recent_completed_presidential_election,True,validated_scorable,MIT Election Data and Science Lab,1976-2024-senate-state.csv,official,"MIT Election Data and Science Lab, U.S. President 1976-2024",10.7910/DVN/42MVDX,1976-2024-president.csv,,,,,,57.14843006660323,42.63007316513009,False,regular_cycle,Assigned from the regular six-year Senate election cycle,2022-11-07,1,Patty Murray,D,M001111,2017-01-03,2023-01-03,,single_match,1.0,0.2115,D,True,False,,,False,False,False,False,,,,,
2022_WI,2022,2022-11-08,WI,Wisconsin,3,WI_CLASS_3,regular,False,MANDELA BARNES,RON JOHNSON,1310467,1337185,4825,2652477,49.49543973301627,50.50456026698373,-1.0091205339674616,R,2020,"BIDEN, JOSEPH R. JR","TRUMP, DONALD J.",50.319063266533995,49.680936733466005,0.6381265330679895,D,-1.647247067035451,1.647247067035451,False,Ron Johnson,R,True,False,audited_senate_seat_lineage,False,strong_name_match,False,False,True,True,,True,True,most_recent_completed_presidential_election,True,validated_scorable,MIT Election Data and Science Lab,1976-2024-senate-state.csv,official,"MIT Election Data and Science Lab, U.S. President 1976-2024",10.7910/DVN/42MVDX,1976-2024-president.csv,,,,,,49.40540483480159,50.41268972360552,False,regular_cycle,Assigned from the regular six-year Senate election cycle,2022-11-07,1,Ron Johnson,R,J000293,2017-01-03,2023-01-03,,single_match,0.132,1.0,R,True,False,,,False,False,False,False,,,,,
2024_AZ,2024,2024-11-05,AZ,Arizona,1,AZ_CLASS_1,regular,False,RUBEN GALLEGO,KARI LAKE,1676335,1595761,75868,3347964,51.231229157090745,48.768770842909255,2.4624583141814895,D,2020,"BIDEN, JOSEPH R. JR","TRUMP, DONALD J.",50.15683167912931,49.84316832087069,0.3136633582586228,D,2.1487949559228667,2.1487949559228667,True,Kyrsten Sinema,D,False,True,audited_senate_seat_lineage,False,no_confident_match,False,False,True,True,,True,True,most_recent_completed_presidential_election,True,validated_scorable,MIT Election Data and Science Lab,1976-2024-senate-state.csv,unofficial,"MIT Election Data and Science Lab, U.S. President 1976-2024",10.7910/DVN/42MVDX,1976-2024-president.csv,,,,,,50.070281520350875,47.66362481794906,False,regular_cycle,Assigned from the regular six-year Senate election cycle,2024-11-04,1,Kyrsten Sinema,D,S001191,2019-01-03,2025-01-03,,single_match,0.2037,0.1435,,False,True,,,False,False,False,False,,,,,
2024_CA_REGULAR,2024,2024-11-05,CA,California,1,CA_CLASS_1,regular,False,ADAM B. SCHIFF,STEVE GARVEY,9036252,6312594,0,15348846,58.8725171911947,41.1274828088053,17.745034382389406,D,2020,"BIDEN, JOSEPH R. JR","TRUMP, DONALD J.",64.90891136066757,35.09108863933243,29.81782272133514,D,-12.072788338945735,12.072788338945735,False,Laphonza R. Butler,D,False,True,audited_senate_seat_lineage,True,no_confident_match,False,False,True,True,,True,True,most_recent_completed_presidential_election,True,validated_scorable,MIT Election Data and Science Lab,1976-2024-senate-state.csv,official,"MIT Election Data and Science Lab, U.S. President 1976-2024",10.7910/DVN/42MVDX,1976-2024-president.csv,,,,,,58.8725171911947,41.1274828088053,False,regular_cycle,Assigned from the regular six-year Senate election cycle,2024-11-04,1,Laphonza R. Butler,D,B001320,2023-10-03,2024-12-08,appointment,single_match,0.1467,0.1138,,False,True,,,False,False,False,False,,,,,
2024_CA_SPECIAL,2024,2024-11-05,CA,California,1,CA_CLASS_1,special,True,ADAM B. SCHIFF,STEVE GARVEY,8837051,6204637,0,15041688,58.750394237668,41.249605762332,17.50078847533601,D,2020,"BIDEN, JOSEPH R. JR","TRUMP, DONALD J.",64.90891136066757,35.09108863933243,29.81782272133514,D,-12.317034245999132,12.317034245999132,False,Laphonza R. Butler,D,False,True,audited_senate_seat_lineage,True,no_confident_match,False,False,True,True,,True,True,most_recent_completed_presidential_election,True,validated_scorable,MIT Election Data and Science Lab,1976-2024-senate-state.csv,unofficial,"MIT Election Data and Science Lab, U.S. President 1976-2024",10.7910/DVN/42MVDX,1976-2024-president.csv,,,,,,58.750394237668,41.249605762332,False,special_election_override,Special election for the Class 1 seat,2024-11-04,1,Laphonza R. Butler,D,B001320,2023-10-03,2024-12-08,appointment,single_match,0.1467,0.1138,,False,True,,,False,False,False,False,,,,,
2024_CT,2024,2024-11-05,CT,Connecticut,1,CT_CLASS_1,regular,False,CHRISTOPHER S. MURPHY,MATTHEW M. COREY,1000695,678256,29308,1708259,59.60239459043176,40.39760540956824,19.20478918086353,D,2020,"BIDEN, JOSEPH R. JR","TRUMP, DONALD J.",60.195049088077845,39.804950911922155,20.39009817615569,D,-1.1853089952921607,1.1853089952921607,False,Christopher Murphy,D,True,False,audited_senate_seat_lineage,False,strong_name_match,False,False,True,True,,True,True,most_recent_completed_presidential_election,True,validated_scorable,MIT Election Data and Science Lab,1976-2024-senate-state.csv,official,"MIT Election Data and Science Lab, U.S. President 1976-2024",10.7910/DVN/42MVDX,1976-2024-president.csv,,,,,,58.57981722912041,39.70451787463142,False,regular_cycle,Assigned from the regular six-year Senate election cycle,2024-11-04,1,Christopher Murphy,D,M001169,2019-01-03,2025-01-03,,single_match,0.9711,0.2333,D,True,False,,,False,False,False,False,,,,,
2024_DE,2024,2024-11-05,DE,Delaware,1,DE_CLASS_1,regular,False,LISA BLUNT ROCHESTER,ERIC HANSEN,283298,197753,19555,500606,58.89146888791417,41.10853111208583,17.782937775828344,D,2020,"BIDEN, JOSEPH R. JR","TRUMP, DONALD J.",59.62674416498447,40.37325583501553,19.253488329968945,D,-1.4705505541406012,1.4705505541406012,False,Thomas R. Carper,D,False,True,audited_senate_seat_lineage,False,no_confident_match,False,False,True,True,,True,True,most_recent_completed_presidential_election,True,validated_scorable,MIT Election Data and Science Lab,1976-2024-senate-state.csv,official,"MIT Election Data and Science Lab, U.S. President 1976-2024",10.7910/DVN/42MVDX,1976-2024-president.csv,,,,,,56.591011693827085,39.502722700087496,False,regular_cycle,Assigned from the regular six-year Senate election cycle,2024-11-04,1,Thomas R. Carper,D,C000174,2019-01-03,2025-01-03,,single_match,0.1886,0.0846,,False,True,,,False,False,False,False,,,,,
2024_FL,2024,2024-11-05,FL,Florida,1,FL_CLASS_1,regular,False,DEBBIE MUCARSEL-POWELL,RICK SCOTT,4603077,5977706,176645,10757428,43.50412441120851,56.49587558879149,-12.991751177582984,R,2020,"BIDEN, JOSEPH R. JR","TRUMP, DONALD J.",48.305245337858445,51.694754662141555,-3.389509324283111,R,-9.602241853299873,9.602241853299873,False,Rick Scott,R,True,False,audited_senate_seat_lineage,False,strong_name_match,False,False,True,True,,True,True,most_recent_completed_presidential_election,True,validated_scorable,MIT Election Data and Science Lab,1976-2024-senate-state.csv,official,"MIT Election Data and Science Lab, U.S. President 1976-2024",10.7910/DVN/42MVDX,1976-2024-president.csv,,,,,,42.789754205187336,55.56817112789414,False,regular_cycle,Assigned from the regular six-year Senate election cycle,2024-11-04,1,Rick Scott,R,S001217,2019-01-08,2025-01-03,,single_match,0.1031,1.0,R,True,False,,,False,False,False,False,,,,,
2024_HI,2024,2024-11-05,HI,Hawaii,1,HI_CLASS_1,regular,False,MAZIE K. HIRONO,BOB MCDERMOTT,324194,160075,17494,501763,66.94502435629784,33.05497564370216,33.89004871259568,D,2020,"BIDEN, JOSEPH R. JR","TRUMP, DONALD J.",65.03266464651489,34.96733535348512,30.06532929302977,D,3.824719419565909,3.824719419565909,True,Mazie K. Hirono,D,True,False,audited_senate_seat_lineage,False,strong_name_match,False,False,True,True,,True,True,most_recent_completed_presidential_election,True,validated_scorable,MIT Election Data and Science Lab,1976-2024-senate-state.csv,official,"MIT Election Data and Science Lab, U.S. President 1976-2024",10.7910/DVN/42MVDX,1976-2024-president.csv,,,,,,64.61098167860125,31.902511743592093,False,regular_cycle,Assigned from the regular six-year Senate election cycle,2024-11-04,1,Mazie K. Hirono,D,H001042,2019-01-03,2025-01-03,,single_match,1.0,0.163,D,True,False,,,False,False,False,False,,,,,
2024_IN,2024,2024-11-05,IN,Indiana,1,IN_CLASS_1,regular,False,VALERIE MCCRAY,JIM BANKS,1097061,1659416,73420,2829897,39.79938885758887,60.20061114241113,-20.401222284822257,R,2020,"BIDEN, JOSEPH R. JR","TRUMP, DONALD J.",41.80495199255704,58.19504800744296,-16.390096014885927,R,-4.01112626993633,4.01112626993633,False,Mike Braun,R,False,True,audited_senate_seat_lineage,False,no_confident_match,False,False,True,True,,True,True,most_recent_completed_presidential_election,True,validated_scorable,MIT Election Data and Science Lab,1976-2024-senate-state.csv,official,"MIT Election Data and Science Lab, U.S. President 1976-2024",10.7910/DVN/42MVDX,1976-2024-president.csv,,,,,,38.76681730819178,58.63874197541465,False,regular_cycle,Assigned from the regular six-year Senate election cycle,2024-11-04,1,Mike Braun,R,B001310,2019-01-03,2025-01-03,,single_match,0.2292,0.2895,,False,True,,,False,False,False,False,,,,,
2024_MA,2024,2024-11-05,MA,Massachusetts,1,MA_CLASS_1,regular,False,ELIZABETH ANN WARREN,JOHN DEATON,2041668,1365440,105822,3512930,59.92378286805114,40.07621713194886,19.847565736102283,D,2020,"BIDEN, JOSEPH R. JR","TRUMP, DONALD J.",67.11554954014815,32.88445045985185,34.2310990802963,D,-14.38353334419402,14.38353334419402,False,Elizabeth Warren,D,True,False,audited_senate_seat_lineage,False,strong_name_match,False,False,True,True,,True,True,most_recent_completed_presidential_election,True,validated_scorable,MIT Election Data and Science Lab,1976-2024-senate-state.csv,official,"MIT Election Data and Science Lab, U.S. President 1976-2024",10.7910/DVN/42MVDX,1976-2024-president.csv,,,,,,58.118664476661934,38.86897831724515,False,regular_cycle,Assigned from the regular six-year Senate election cycle,2024-11-04,1,Elizabeth Warren,D,W000817,2019-01-03,2025-01-03,,single_match,0.9389,0.163,D,True,False,,,False,False,False,False,,,,,
2024_MD,2024,2024-11-05,MD,Maryland,1,MD_CLASS_1,regular,False,ANGELA ALSOBROOKS,LARRY HOGAN,1650912,1294344,76122,3021378,56.053259886407155,43.946740113592845,12.106519772814307,D,2020,"BIDEN, JOSEPH R. JR","TRUMP, DONALD J.",67.02904704709233,32.97095295290766,34.058094094184675,D,-21.951574321370366,21.951574321370366,False,Benjamin L. Cardin,D,False,True,audited_senate_seat_lineage,False,no_confident_match,False,False,True,True,,True,True,most_recent_completed_presidential_election,True,validated_scorable,MIT Election Data and Science Lab,1976-2024-senate-state.csv,official,"MIT Election Data and Science Lab, U.S. President 1976-2024",10.7910/DVN/42MVDX,1976-2024-president.csv,,,,,,54.64102803422809,42.83952554099487,False,regular_cycle,Assigned from the regular six-year Senate election cycle,2024-11-04,1,Benjamin L. Cardin,D,C000141,2019-01-03,2025-01-03,,single_match,0.0647,0.1571,,False,True,,,False,False,False,False,,,,,
2024_ME,2024,2024-11-05,ME,Maine,1,ME_CLASS_1,regular,False,DAVID ALLEN COSTELLO,DEMI KOUZOUNAS,88875,284434,469138,842447,23.807355300836573,76.19264469916342,-52.38528939832685,R,2020,"BIDEN, JOSEPH R. JR","TRUMP, DONALD J.",54.670404582003975,45.329595417996025,9.34080916400795,D,-61.7260985623348,61.7260985623348,False,"Angus S. King, Jr.",D,False,True,audited_senate_seat_lineage,False,no_confident_match,False,False,True,False,Independent winner; D-R margin does not represent race outcome,True,False,most_recent_completed_presidential_election,True,not_scorable,MIT Election Data and Science Lab,1976-2024-senate-state.csv,official,"MIT Election Data and Science Lab, U.S. President 1976-2024",10.7910/DVN/42MVDX,1976-2024-president.csv,,,,,,10.549625080272111,33.76283611906743,False,regular_cycle,Assigned from the regular six-year Senate election cycle,2024-11-04,1,"Angus S. King, Jr.",D,K000383,2019-01-03,2025-01-03,,single_match,0.1031,0.1269,,False,True,,,False,False,False,False,,,,,
2024_MI,2024,2024-11-05,MI,Michigan,1,MI_CLASS_1,regular,False,ELISSA SLOTKIN,MIKE ROGERS,2712686,2693680,170821,5577187,50.175774263155695,49.824225736844305,0.3515485263113902,D,2020,"BIDEN, JOSEPH R. JR","TRUMP, DONALD J.",51.41355934440946,48.58644065559054,2.8271186888189135,D,-2.4755701625075233,2.4755701625075233,False,Debbie Stabenow,D,False,True,audited_senate_seat_lineage,False,no_confident_match,False,False,True,True,,True,True,most_recent_completed_presidential_election,True,validated_scorable,MIT Election Data and Science Lab,1976-2024-senate-state.csv,official,"MIT Election Data and Science Lab, U.S. President 1976-2024",10.7910/DVN/42MVDX,1976-2024-president.csv,,,,,,48.638964409836,48.298183295629144,False,regular_cycle,Assigned from the regular six-year Senate election cycle,2024-11-04,1,Debbie Stabenow,D,S000770,2019-01-03,2025-01-03,,single_match,0.2276,0.1692,,False,True,,,False,False,False,False,,,,,
2024_MN,2024,2024-11-05,MN,Minnesota,1,MN_CLASS_1,regular,False,AMY KLOBUCHAR,ROYCE WHITE,1792441,1291712,105170,3189323,58.11777171884793,41.88222828115207,16.235543437695867,D,2020,"BIDEN, JOSEPH R. JR","TRUMP, DONALD J.",53.63951364856667,46.36048635143333,7.279027297133339,D,8.956516140562528,8.956516140562528,True,Amy Klobuchar,D,True,False,audited_senate_seat_lineage,False,strong_name_match,False,False,True,True,,True,True,most_recent_completed_presidential_election,True,validated_scorable,MIT Election Data and Science Lab,1976-2024-senate-state.csv,official,"MIT Election Data and Science Lab, U.S. President 1976-2024",10.7910/DVN/42MVDX,1976-2024-president.csv,,,,,,56.201300401370446,40.501134566803046,False,regular_cycle,Assigned from the regular six-year Senate election cycle,2024-11-04,1,Amy Klobuchar,D,K000367,2019-01-03,2025-01-03,,single_match,1.0,0.1375,D,True,False,,,False,False,False,False,,,,,
2024_MO,2024,2024-11-05,MO,Missouri,1,MO_CLASS_1,regular,False,LUCAS KUNCE,JOSH HAWLEY,1243728,1651907,76924,2972559,42.951822311859054,57.048177688140946,-14.096355376281892,R,2020,"BIDEN, JOSEPH R. JR","TRUMP, DONALD J.",42.16417935559856,57.83582064440144,-15.671641288802888,R,1.5752859125209966,1.5752859125209966,True,Josh Hawley,R,True,False,audited_senate_seat_lineage,False,strong_name_match,False,False,True,True,,True,True,most_recent_completed_presidential_election,True,validated_scorable,MIT Election Data and Science Lab,1976-2024-senate-state.csv,official,"MIT Election Data and Science Lab, U.S. President 1976-2024",10.7910/DVN/42MVDX,1976-2024-president.csv,,,,,,41.84031334617749,55.57188267751793,False,regular_cycle,Assigned from the regular six-year Senate election cycle,2024-11-04,1,Josh Hawley,R,H001089,2019-01-03,2025-01-03,,single_match,0.15,1.0,R,True,False,,,False,False,False,False,,,,,
2024_MS,2024,2024-11-05,MS,Mississippi,1,MS_CLASS_1,regular,False,TY PINKINS,ROGER F. WICKER,451981,763420,0,1215401,37.18780879726115,62.81219120273885,-25.624382405477704,R,2020,"BIDEN, JOSEPH R. JR","TRUMP, DONALD J.",41.61501417261114,58.38498582738886,-16.76997165477772,R,-8.854410750699984,8.854410750699984,False,Roger F. Wicker,R,True,False,audited_senate_seat_lineage,False,strong_name_match,False,False,True,True,,True,True,most_recent_completed_presidential_election,True,validated_scorable,MIT Election Data and Science Lab,1976-2024-senate-state.csv,official,"MIT Election Data and Science Lab, U.S. President 1976-2024",10.7910/DVN/42MVDX,1976-2024-president.csv,,,,,,37.18780879726115,62.81219120273885,False,regular_cycle,Assigned from the regular six-year Senate election cycle,2024-11-04,1,Roger F. Wicker,R,W000437,2019-01-03,2025-01-03,,single_match,0.1375,1.0,R,True,False,,,False,False,False,False,,,,,
2024_MT,2024,2024-11-05,MT,Montana,1,MT_CLASS_1,regular,False,JON TESTER,TIM SHEEHY,276305,319682,11275,607262,46.36091055677389,53.63908944322611,-7.278178886452224,R,2020,"BIDEN, JOSEPH R. JR","TRUMP, DONALD J.",41.6028199079519,58.3971800920481,-16.794360184096206,R,9.516181297643982,9.516181297643982,True,Jon Tester,D,True,False,audited_senate_seat_lineage,False,strong_name_match,False,False,True,True,,True,True,most_recent_completed_presidential_election,True,validated_scorable,MIT Election Data and Science Lab,1976-2024-senate-state.csv,official,"MIT Election Data and Science Lab, U.S. President 1976-2024",10.7910/DVN/42MVDX,1976-2024-president.csv,,,,,,45.5001300921184,52.64317543333849,False,regular_cycle,Assigned from the regular six-year Senate election cycle,2024-11-04,1,Jon Tester,D,T000464,2019-01-03,2025-01-03,,single_match,1.0,0.165,D,True,False,,,False,False,False,False,,,,,
2024_ND,2024,2024-11-05,ND,North Dakota,1,ND_CLASS_1,regular,False,KATRINA CHRISTIANSEN,KEVIN CRAMER,121602,241569,1156,364327,33.483400381638404,66.5165996183616,-33.03319923672319,R,2020,"BIDEN, JOSEPH R. JR","TRUMP, DONALD J.",32.78259157710337,67.21740842289663,-34.43481684579326,R,1.4016176090700654,1.4016176090700654,True,Kevin Cramer,R,True,False,audited_senate_seat_lineage,False,strong_name_match,False,False,True,True,,True,True,most_recent_completed_presidential_election,True,validated_scorable,MIT Election Data and Science Lab,1976-2024-senate-state.csv,official,"MIT Election Data and Science Lab, U.S. President 1976-2024",10.7910/DVN/42MVDX,1976-2024-president.csv,,,,,,33.377158431848315,66.3055441951873,False,regular_cycle,Assigned from the regular six-year Senate election cycle,2024-11-04,1,Kevin Cramer,R,C001096,2019-01-03,2025-01-03,,single_match,0.275,1.0,R,True,False,,,False,False,False,False,,,,,
2024_NE_REGULAR,2024,2024-11-05,NE,Nebraska,1,NE_CLASS_1,regular,False,DAN OSBORN,DEB FISCHER,436493,499124,2719,938336,46.652957353275966,53.347042646724034,-6.694085293448069,R,2020,"BIDEN, JOSEPH R. JR","TRUMP, DONALD J.",40.215947753398275,59.784052246601725,-19.56810449320345,R,12.87401919975538,12.87401919975538,True,Deb Fischer,R,True,False,audited_senate_seat_lineage,False,strong_name_match,False,False,True,True,,True,True,most_recent_completed_presidential_election,True,validated_scorable,MIT Election Data and Science Lab,1976-2024-senate-state.csv,official,"MIT Election Data and Science Lab, U.S. President 1976-2024",10.7910/DVN/42MVDX,1976-2024-president.csv,,,,,,46.517771885550594,53.192459843808614,False,regular_cycle,Assigned from the regular six-year Senate election cycle,2024-11-04,1,Deb Fischer,R,F000463,2019-01-03,2025-01-03,,single_match,0.1571,1.0,R,True,False,,,False,False,False,False,,,,,
2024_NE_SPECIAL,2024,2024-11-05,NE,Nebraska,2,NE_CLASS_2,special,True,PRESTON LOVE JR.,PETE RICKETTS,349902,585103,0,935005,37.422473676611354,62.577526323388646,-25.155052646777293,R,2020,"BIDEN, JOSEPH R. JR","TRUMP, DONALD J.",40.215947753398275,59.784052246601725,-19.56810449320345,R,-5.586948153573843,5.586948153573843,False,Pete Ricketts,R,True,False,audited_senate_seat_lineage,True,strong_name_match,False,False,True,True,,True,True,most_recent_completed_presidential_election,True,validated_scorable,MIT Election Data and Science Lab,1976-2024-senate-state.csv,unofficial,"MIT Election Data and Science Lab, U.S. President 1976-2024",10.7910/DVN/42MVDX,1976-2024-president.csv,,,,,,37.422473676611354,62.577526323388646,False,special_election_override,Special election for the Class 2 seat,2024-11-04,1,Pete Ricketts,R,R000618,2023-01-23,2024-11-05,appointment,single_match,0.176,1.0,R,True,False,,,False,False,False,False,,,,,
2024_NJ,2024,2024-11-05,NJ,New Jersey,1,NJ_CLASS_1,regular,False,ANDY KIM,CURTIS BASHAW,2161491,1773589,96715,4031795,54.92876891956453,45.07123108043547,9.857537839129066,D,2020,"BIDEN, JOSEPH R. JR","TRUMP, DONALD J.",58.07128358679484,41.92871641320516,16.142567173589683,D,-6.285029334460617,6.285029334460617,False,George S. Helmy,D,False,True,audited_senate_seat_lineage,True,no_confident_match,False,False,True,True,,True,True,most_recent_completed_presidential_election,True,validated_scorable,MIT Election Data and Science Lab,1976-2024-senate-state.csv,official,"MIT Election Data and Science Lab, U.S. President 1976-2024",10.7910/DVN/42MVDX,1976-2024-president.csv,,,,,,53.611133502571434,43.99005901837767,False,regular_cycle,Assigned from the regular six-year Senate election cycle,2024-11-04,1,George S. Helmy,D,H001097,2024-09-09,2024-12-08,appointment,single_match,0.1,0.163,,False,True,,,False,False,False,False,,,,,
2024_NM,2024,2024-11-05,NM,New Mexico,1,NM_CLASS_1,regular,False,MARTIN HEINRICH,NELLA LOUISE DOMENICI,497333,405978,0,903311,55.05667483292022,44.94332516707978,10.113349665840444,D,2020,"BIDEN, JOSEPH R. JR","TRUMP, DONALD J.",55.51849015171974,44.48150984828026,11.036980303439478,D,-0.9236306375990342,0.9236306375990342,False,Martin Heinrich,D,True,False,audited_senate_seat_lineage,False,strong_name_match,False,False,True,True,,True,True,most_recent_completed_presidential_election,True,validated_scorable,MIT Election Data and Science Lab,1976-2024-senate-state.csv,official,"MIT Election Data and Science Lab, U.S. President 1976-2024",10.7910/DVN/42MVDX,1976-2024-president.csv,,,,,,55.05667483292022,44.94332516707978,False,regular_cycle,Assigned from the regular six-year Senate election cycle,2024-11-04,1,Martin Heinrich,D,H001046,2019-01-03,2025-01-03,,single_match,1.0,0.1222,D,True,False,,,False,False,False,False,,,,,
2024_NV,2024,2024-11-05,NV,Nevada,1,NV_CLASS_1,regular,False,JACKY S. ROSEN,SAM BROWN,701105,677046,86577,1464728,50.872872421091735,49.127127578908265,1.7457448421834698,D,2020,"BIDEN, JOSEPH R. JR","TRUMP, DONALD J.",51.22311734004381,48.77688265995619,2.446234680087614,D,-0.700489837904144,0.700489837904144,False,Jacky Rosen,D,True,False,audited_senate_seat_lineage,False,strong_name_match,False,False,True,True,,True,True,most_recent_completed_presidential_election,True,validated_scorable,MIT Election Data and Science Lab,1976-2024-senate-state.csv,official,"MIT Election Data and Science Lab, U.S. President 1976-2024",10.7910/DVN/42MVDX,1976-2024-president.csv,,,,,,47.86588363163673,46.22332610559776,False,regular_cycle,Assigned from the regular six-year Senate election cycle,2024-11-04,1,Jacky Rosen,D,R000608,2019-01-03,2025-01-03,,single_match,0.9542,0.275,D,True,False,,,False,False,False,False,,,,,
2024_NY,2024,2024-11-05,NY,New York,1,NY_CLASS_1,regular,False,KIRSTEN E. GILLIBRAND,MICHAEL D. SAPRAICONE,4711669,3246690,423038,8381397,59.20402686031128,40.79597313968872,18.40805372062256,D,2020,"BIDEN, JOSEPH R. JR","TRUMP, DONALD J.",61.71683489301225,38.28316510698775,23.433669786024495,D,-5.025616065401934,5.025616065401934,False,Kirsten E. Gillibrand,D,True,False,audited_senate_seat_lineage,False,strong_name_match,False,False,True,True,,True,True,most_recent_completed_presidential_election,True,validated_scorable,MIT Election Data and Science Lab,1976-2024-senate-state.csv,official,"MIT Election Data and Science Lab, U.S. President 1976-2024",10.7910/DVN/42MVDX,1976-2024-president.csv,,,,,,56.21579552907469,38.73685973829899,False,regular_cycle,Assigned from the regular six-year Senate election cycle,2024-11-04,1,Kirsten E. Gillibrand,D,G000555,2019-01-03,2025-01-03,,single_match,1.0,0.1375,D,True,False,,,False,False,False,False,,,,,
2024_OH,2024,2024-11-05,OH,Ohio,1,OH_CLASS_1,regular,False,SHERROD BROWN,BERNIE MORENO,2650949,2857383,196288,5704620,48.12616596094789,51.87383403905211,-3.747668078104226,R,2020,"BIDEN, JOSEPH R. JR","TRUMP, DONALD J.",45.92330235229728,54.07669764770272,-8.153395295405431,R,4.405727217301205,4.405727217301205,True,Sherrod Brown,D,True,False,audited_senate_seat_lineage,False,strong_name_match,False,False,True,True,,True,True,most_recent_completed_presidential_election,True,validated_scorable,MIT Election Data and Science Lab,1976-2024-senate-state.csv,official,"MIT Election Data and Science Lab, U.S. President 1976-2024",10.7910/DVN/42MVDX,1976-2024-president.csv,,,,,,46.470211863366885,50.08892792157935,False,regular_cycle,Assigned from the regular six-year Senate election cycle,2024-11-04,1,Sherrod Brown,D,B000944,2019-01-03,2025-01-03,,single_match,1.0,0.1692,D,True,False,,,False,False,False,False,,,,,
2024_PA,2024,2024-11-05,PA,Pennsylvania,1,PA_CLASS_1,regular,False,ROBERT P CASEY JR,DAVE MCCORMICK,3384180,3399295,179662,6963137,49.88858955034109,50.11141044965891,-0.2228208993178242,R,2020,"BIDEN, JOSEPH R. JR","TRUMP, DONALD J.",50.58920525934906,49.41079474065094,1.178410518698115,D,-1.4012314180159393,1.4012314180159393,False,"Robert P. Casey, Jr.",D,True,False,audited_senate_seat_lineage,False,strong_name_match,False,False,True,True,,True,True,most_recent_completed_presidential_election,True,validated_scorable,MIT Election Data and Science Lab,1976-2024-senate-state.csv,official,"MIT Election Data and Science Lab, U.S. President 1976-2024",10.7910/DVN/42MVDX,1976-2024-president.csv,,,,,,48.60137033064264,48.8184420326643,False,regular_cycle,Assigned from the regular six-year Senate election cycle,2024-11-04,1,"Robert P. Casey, Jr.",D,C001070,2019-01-03,2025-01-03,,single_match,1.0,0.0786,D,True,False,,,False,False,False,False,,,,,
2024_RI,2024,2024-11-05,RI,Rhode Island,1,RI_CLASS_1,regular,False,SHELDON WHITEHOUSE,PATRICIA MORGAN,294665,196039,1244,491948,60.04943917310639,39.95056082689361,20.098878346212786,D,2020,"BIDEN, JOSEPH R. JR","TRUMP, DONALD J.",60.59935988395926,39.40064011604074,21.19871976791852,D,-1.099841421705733,1.099841421705733,False,Sheldon Whitehouse,D,True,False,audited_senate_seat_lineage,False,strong_name_match,False,False,True,True,,True,True,most_recent_completed_presidential_election,True,validated_scorable,MIT Election Data and Science Lab,1976-2024-senate-state.csv,official,"MIT Election Data and Science Lab, U.S. President 1976-2024",10.7910/DVN/42MVDX,1976-2024-president.csv,,,,,,59.897590802279915,39.84953694292893,False,regular_cycle,Assigned from the regular six-year Senate election cycle,2024-11-04,1,Sheldon Whitehouse,D,W000802,2019-01-03,2025-01-03,,single_match,1.0,0.0667,D,True,False,,,False,False,False,False,,,,,
2024_TN,2024,2024-11-05,TN,Tennessee,1,TN_CLASS_1,regular,False,GLORIA JOHNSON,MARSHA BLACKBURN,1027461,1918743,61404,3007608,34.87406167393704,65.12593832606296,-30.25187665212592,R,2020,"BIDEN, JOSEPH R. JR","TRUMP, DONALD J.",38.172229627933646,61.827770372066354,-23.655540744132708,R,-6.596335907993211,6.596335907993211,False,Marsha Blackburn,R,True,False,audited_senate_seat_lineage,False,strong_name_match,False,False,True,True,,True,True,most_recent_completed_presidential_election,True,validated_scorable,MIT Election Data and Science Lab,1976-2024-senate-state.csv,official,"MIT Election Data and Science Lab, U.S. President 1976-2024",10.7910/DVN/42MVDX,1976-2024-president.csv,,,,,,34.16206500315201,63.79631255136973,False,regular_cycle,Assigned from the regular six-year Senate election cycle,2024-11-04,1,Marsha Blackburn,R,B001243,2019-01-03,2025-01-03,,single_match,0.1467,1.0,R,True,False,,,False,False,False,False,,,,,
2024_TX,2024,2024-11-05,TX,Texas,1,TX_CLASS_1,regular,False,COLIN ALLRED,TED CRUZ,5031249,5990741,269864,11291854,45.64737402229543,54.35262597770457,-8.705251955409139,R,2020,"BIDEN, JOSEPH R. JR","TRUMP, DONALD J.",47.16927876322047,52.83072123677953,-5.661442473559063,R,-3.043809481850076,3.043809481850076,False,Ted Cruz,R,True,False,audited_senate_seat_lineage,False,strong_name_match,False,False,True,True,,True,True,most_recent_completed_presidential_election,True,validated_scorable,MIT Election Data and Science Lab,1976-2024-senate-state.csv,official,"MIT Election Data and Science Lab, U.S. President 1976-2024",10.7910/DVN/42MVDX,1976-2024-president.csv,,,,,,44.55644750631738,53.0536526596961,False,regular_cycle,Assigned from the regular six-year Senate election cycle,2024-11-04,1,Ted Cruz,R,C001098,2019-01-03,2025-01-03,,single_match,0.11,1.0,R,True,False,,,False,False,False,False,,,,,
2024_UT,2024,2024-11-05,UT,Utah,1,UT_CLASS_1,regular,False,CAROLINE GLEICH,JOHN CURTIS,464515,914700,84294,1463509,33.679665606885074,66.32033439311492,-32.640668786229845,R,2020,"BIDEN, JOSEPH R. JR","TRUMP, DONALD J.",39.30639487814837,60.69360512185163,-21.387210243703265,R,-11.25345854252658,11.25345854252658,False,Mitt Romney,R,False,True,audited_senate_seat_lineage,False,no_confident_match,False,False,True,True,,True,True,most_recent_completed_presidential_election,True,validated_scorable,MIT Election Data and Science Lab,1976-2024-senate-state.csv,official,"MIT Election Data and Science Lab, U.S. President 1976-2024",10.7910/DVN/42MVDX,1976-2024-president.csv,,,,,,31.73981164447913,62.50046976137489,False,regular_cycle,Assigned from the regular six-year Senate election cycle,2024-11-04,1,Mitt Romney,R,R000615,2019-01-03,2025-01-03,,single_match,0.1692,0.05,,False,True,,,False,False,False,False,,,,,
2024_VA,2024,2024-11-05,VA,Virginia,1,VA_CLASS_1,regular,False,TIMOTHY M. KAINE,HUNG CAO,2417115,2019911,8509,4445535,54.476016142343994,45.523983857656006,8.952032284687988,D,2020,"BIDEN, JOSEPH R. JR","TRUMP, DONALD J.",55.15468699939991,44.84531300060009,10.309373998799812,D,-1.3573417141118238,1.3573417141118238,False,Tim Kaine,D,False,True,audited_senate_seat_lineage,False,no_confident_match,False,False,True,True,,True,True,most_recent_completed_presidential_election,True,validated_scorable,MIT Election Data and Science Lab,1976-2024-senate-state.csv,official,"MIT Election Data and Science Lab, U.S. President 1976-2024",10.7910/DVN/42MVDX,1976-2024-president.csv,,,,,,54.3717460328172,45.436848433315674,False,regular_cycle,Assigned from the regular six-year Senate election cycle,2024-11-04,1,Tim Kaine,D,K000384,2019-01-03,2025-01-03,,single_match,0.675,0.1294,,False,True,,,False,False,False,False,,,,,
2024_VT,2024,2024-11-05,VT,Vermont,1,VT_CLASS_1,regular,False,BERNIE SANDERS,GERALD MALLOY,229429,116512,26944,372885,66.32026848508849,33.6797315149115,32.64053697017699,D,2020,"BIDEN, JOSEPH R. JR","TRUMP, DONALD J.",68.29918655280656,31.70081344719344,36.59837310561312,D,-3.957836135436132,3.957836135436132,False,Bernard Sanders,D,True,False,audited_senate_seat_lineage,False,confirmed_name_match,True,False,True,True,,True,True,most_recent_completed_presidential_election,True,validated_scorable,MIT Election Data and Science Lab,1976-2024-senate-state.csv,official,"MIT Election Data and Science Lab, U.S. President 1976-2024",10.7910/DVN/42MVDX,1976-2024-president.csv,,,,,,61.5280850664414,31.24609464043874,False,regular_cycle,Assigned from the regular six-year Senate election cycle,2024-11-04,1,Bernard Sanders,D,S000033,2019-01-03,2025-01-03,,single_match,0.7552,0.2357,D,True,False,confirmed,Bernie Sanders and Bernard Sanders are the same candidate.,False,False,False,False,,,,,
2024_WA,2024,2024-11-05,WA,Washington,1,WA_CLASS_1,regular,False,MARIA CANTWELL,DR RAUL GARCIA,2252577,1549187,10627,3812391,59.25083724292197,40.74916275707803,18.501674485843935,D,2020,"BIDEN, JOSEPH R. JR","TRUMP, DONALD J.",59.92550318479069,40.07449681520931,19.851006369581384,D,-1.3493318837374488,1.3493318837374488,False,Maria Cantwell,D,True,False,audited_senate_seat_lineage,False,strong_name_match,False,False,True,True,,True,True,most_recent_completed_presidential_election,True,validated_scorable,MIT Election Data and Science Lab,1976-2024-senate-state.csv,unofficial,"MIT Election Data and Science Lab, U.S. President 1976-2024",10.7910/DVN/42MVDX,1976-2024-president.csv,,,,,,59.085676154413335,40.63557489250184,False,regular_cycle,Assigned from the regular six-year Senate election cycle,2024-11-04,1,Maria Cantwell,D,C000127,2019-01-03,2025-01-03,,single_match,1.0,0.1571,D,True,False,,,False,False,False,False,,,,,
2024_WI,2024,2024-11-05,WI,Wisconsin,1,WI_CLASS_1,regular,False,TAMMY BALDWIN,ERIC HOVDE,1672777,1643996,74014,3390787,50.43387051209112,49.56612948790888,0.8677410241822372,D,2020,"BIDEN, JOSEPH R. JR","TRUMP, DONALD J.",50.319063266533995,49.680936733466005,0.6381265330679895,D,0.2296144911142477,0.2296144911142477,True,Tammy Baldwin,D,True,False,audited_senate_seat_lineage,False,strong_name_match,False,False,True,True,,True,True,most_recent_completed_presidential_election,True,validated_scorable,MIT Election Data and Science Lab,1976-2024-senate-state.csv,official,"MIT Election Data and Science Lab, U.S. President 1976-2024",10.7910/DVN/42MVDX,1976-2024-president.csv,,,,,,49.33300145364483,48.484201455296365,False,regular_cycle,Assigned from the regular six-year Senate election cycle,2024-11-04,1,Tammy Baldwin,D,B001230,2019-01-03,2025-01-03,,single_match,1.0,0.0957,D,True,False,,,False,False,False,False,,,,,
2024_WV,2024,2024-11-05,WV,West Virginia,1,WV_CLASS_1,regular,False,GLENN ELLIOTT,JIM JUSTICE,207548,514079,26090,747717,28.76111897143538,71.23888102856462,-42.47776205712924,R,2020,"BIDEN, JOSEPH R. JR","TRUMP, DONALD J.",30.201467686077972,69.79853231392202,-39.59706462784405,R,-2.880697429285192,2.880697429285192,False,"Joe Manchin, III",D,False,True,audited_senate_seat_lineage,False,no_confident_match,False,False,True,True,,True,True,most_recent_completed_presidential_election,True,validated_scorable,MIT Election Data and Science Lab,1976-2024-senate-state.csv,official,"MIT Election Data and Science Lab, U.S. President 1976-2024",10.7910/DVN/42MVDX,1976-2024-president.csv,,,,,,27.757560681380788,68.75315125909937,False,regular_cycle,Assigned from the regular six-year Senate election cycle,2024-11-04,1,"Joe Manchin, III",D,M001183,2019-01-03,2025-01-03,,single_match,0.0458,0.1,,False,True,,,False,False,False,False,,,,,
2024_WY,2024,2024-11-05,WY,Wyoming,1,WY_CLASS_1,regular,False,SCOTT D MORROW,JOHN BARRASSO,63727,198418,8978,271123,24.309828530012016,75.69017146998799,-51.380342939975975,R,2020,"BIDEN, JOSEPH R. JR","TRUMP, DONALD J.",27.519565624414906,72.48043437558509,-44.96086875117019,R,-6.419474188805786,6.419474188805786,False,John Barrasso,R,True,False,audited_senate_seat_lineage,False,strong_name_match,False,False,True,True,,True,True,most_recent_completed_presidential_election,True,validated_scorable,MIT Election Data and Science Lab,1976-2024-senate-state.csv,official,"MIT Election Data and Science Lab, U.S. President 1976-2024",10.7910/DVN/42MVDX,1976-2024-president.csv,,,,,,23.50482991114734,73.18375792536966,False,regular_cycle,Assigned from the regular six-year Senate election cycle,2024-11-04,1,John Barrasso,R,B001261,2019-01-03,2025-01-03,,single_match,0.2037,1.0,R,True,False,,,False,False,False,False,,,,,
