forecast_cycle,presidential_result_year,state,state_po,presidential_dem_candidate,presidential_gop_candidate,presidential_dem_votes,presidential_gop_votes,presidential_total_votes,presidential_dem_two_party_share,presidential_gop_two_party_share,presidential_margin_dem,presidential_winner_party,baseline_method,lookahead_protection,source_dataset,source_doi,source_file,source_status,validation_status
2012,2008,ALASKA,AK,"OBAMA, BARACK H.","MCCAIN, JOHN",123594,193841,326197,38.9352150834029,61.0647849165971,-22.129569833194196,R,most_recent_completed_presidential_election,True,"MIT Election Data and Science Lab, U.S. President 1976-2024",10.7910/DVN/42MVDX,1976-2024-president.csv,authoritative_academic,validated
2012,2008,ALABAMA,AL,"OBAMA, BARACK H.","MCCAIN, JOHN",813479,1266546,2099819,39.109097246427325,60.890902753572675,-21.78180550714535,R,most_recent_completed_presidential_election,True,"MIT Election Data and Science Lab, U.S. President 1976-2024",10.7910/DVN/42MVDX,1976-2024-president.csv,authoritative_academic,validated
2012,2008,ARKANSAS,AR,"OBAMA, BARACK H.","MCCAIN, JOHN",422310,638017,1086617,39.82827938928274,60.17172061071726,-20.343441221434517,R,most_recent_completed_presidential_election,True,"MIT Election Data and Science Lab, U.S. President 1976-2024",10.7910/DVN/42MVDX,1976-2024-president.csv,authoritative_academic,validated
2012,2008,ARIZONA,AZ,"OBAMA, BARACK H.","MCCAIN, JOHN",1034707,1230111,2293475,45.68609928038368,54.31390071961632,-8.627801439232641,R,most_recent_completed_presidential_election,True,"MIT Election Data and Science Lab, U.S. President 1976-2024",10.7910/DVN/42MVDX,1976-2024-president.csv,authoritative_academic,validated
2012,2008,CALIFORNIA,CA,"OBAMA, BARACK H.","MCCAIN, JOHN",8274473,5011781,13561900,62.27844959158541,37.72155040841459,24.556899183170813,D,most_recent_completed_presidential_election,True,"MIT Election Data and Science Lab, U.S. President 1976-2024",10.7910/DVN/42MVDX,1976-2024-president.csv,authoritative_academic,validated
2012,2008,COLORADO,CO,"OBAMA, BARACK H.","MCCAIN, JOHN",1288576,1073589,2401361,54.55063469317342,45.44936530682658,9.101269386346845,D,most_recent_completed_presidential_election,True,"MIT Election Data and Science Lab, U.S. President 1976-2024",10.7910/DVN/42MVDX,1976-2024-president.csv,authoritative_academic,validated
2012,2008,CONNECTICUT,CT,"OBAMA, BARACK H.","MCCAIN, JOHN",997772,629428,1646792,61.31833824975418,38.68166175024582,22.63667649950835,D,most_recent_completed_presidential_election,True,"MIT Election Data and Science Lab, U.S. President 1976-2024",10.7910/DVN/42MVDX,1976-2024-president.csv,authoritative_academic,validated
2012,2008,DELAWARE,DE,"OBAMA, BARACK H.","MCCAIN, JOHN",255459,152374,412412,62.63813864988856,37.36186135011144,25.27627729977712,D,most_recent_completed_presidential_election,True,"MIT Election Data and Science Lab, U.S. President 1976-2024",10.7910/DVN/42MVDX,1976-2024-president.csv,authoritative_academic,validated
2012,2008,FLORIDA,FL,"OBAMA, BARACK H.","MCCAIN, JOHN",4282074,4045624,8390744,51.419660030899294,48.580339969100706,2.8393200617985883,D,most_recent_completed_presidential_election,True,"MIT Election Data and Science Lab, U.S. President 1976-2024",10.7910/DVN/42MVDX,1976-2024-president.csv,authoritative_academic,validated
2012,2008,GEORGIA,GA,"OBAMA, BARACK H.","MCCAIN, JOHN",1844123,2048759,3924486,47.37166448918821,52.62833551081179,-5.256671021623575,R,most_recent_completed_presidential_election,True,"MIT Election Data and Science Lab, U.S. President 1976-2024",10.7910/DVN/42MVDX,1976-2024-president.csv,authoritative_academic,validated
2012,2008,HAWAII,HI,"OBAMA, BARACK H.","MCCAIN, JOHN",325871,120566,456064,72.99372587845542,27.006274121544585,45.98745175691083,D,most_recent_completed_presidential_election,True,"MIT Election Data and Science Lab, U.S. President 1976-2024",10.7910/DVN/42MVDX,1976-2024-president.csv,authoritative_academic,validated
2012,2008,IOWA,IA,"OBAMA, BARACK H.","MCCAIN, JOHN",828940,682379,1537123,54.84877778946735,45.15122221053265,9.697555578934695,D,most_recent_completed_presidential_election,True,"MIT Election Data and Science Lab, U.S. President 1976-2024",10.7910/DVN/42MVDX,1976-2024-president.csv,authoritative_academic,validated
2012,2008,IDAHO,ID,"OBAMA, BARACK H.","MCCAIN, JOHN",236440,403012,655122,36.97541019497945,63.02458980502055,-26.049179610041097,R,most_recent_completed_presidential_election,True,"MIT Election Data and Science Lab, U.S. President 1976-2024",10.7910/DVN/42MVDX,1976-2024-president.csv,authoritative_academic,validated
2012,2008,ILLINOIS,IL,"OBAMA, BARACK H.","MCCAIN, JOHN",3419348,2031179,5522371,62.73426404455936,37.26573595544064,25.46852808911872,D,most_recent_completed_presidential_election,True,"MIT Election Data and Science Lab, U.S. President 1976-2024",10.7910/DVN/42MVDX,1976-2024-president.csv,authoritative_academic,validated
2012,2008,INDIANA,IN,"OBAMA, BARACK H.","MCCAIN, JOHN",1374039,1345648,2751054,50.52195344537809,49.47804655462191,1.0439068907561762,D,most_recent_completed_presidential_election,True,"MIT Election Data and Science Lab, U.S. President 1976-2024",10.7910/DVN/42MVDX,1976-2024-president.csv,authoritative_academic,validated
2012,2008,KANSAS,KS,"OBAMA, BARACK H.","MCCAIN, JOHN",514765,699655,1235872,42.38772418109056,57.61227581890944,-15.224551637818877,R,most_recent_completed_presidential_election,True,"MIT Election Data and Science Lab, U.S. President 1976-2024",10.7910/DVN/42MVDX,1976-2024-president.csv,authoritative_academic,validated
2012,2008,KENTUCKY,KY,"OBAMA, BARACK H.","MCCAIN, JOHN",751985,1048462,1826620,41.76657241229539,58.23342758770461,-16.466855175409222,R,most_recent_completed_presidential_election,True,"MIT Election Data and Science Lab, U.S. President 1976-2024",10.7910/DVN/42MVDX,1976-2024-president.csv,authoritative_academic,validated
2012,2008,LOUISIANA,LA,"OBAMA, BARACK H.","MCCAIN, JOHN",782989,1148275,1960761,40.54282583841464,59.45717416158536,-18.914348323170728,R,most_recent_completed_presidential_election,True,"MIT Election Data and Science Lab, U.S. President 1976-2024",10.7910/DVN/42MVDX,1976-2024-president.csv,authoritative_academic,validated
2012,2008,MASSACHUSETTS,MA,"OBAMA, BARACK H.","MCCAIN, JOHN",1904097,1108854,3102995,63.19707821335295,36.80292178664705,26.394156426705905,D,most_recent_completed_presidential_election,True,"MIT Election Data and Science Lab, U.S. President 1976-2024",10.7910/DVN/42MVDX,1976-2024-president.csv,authoritative_academic,validated
2012,2008,MARYLAND,MD,"OBAMA, BARACK H.","MCCAIN, JOHN",1629467,959862,2631596,62.93008729288553,37.06991270711447,25.860174585771063,D,most_recent_completed_presidential_election,True,"MIT Election Data and Science Lab, U.S. President 1976-2024",10.7910/DVN/42MVDX,1976-2024-president.csv,authoritative_academic,validated
2012,2008,MAINE,ME,"OBAMA, BARACK H.","MCCAIN, JOHN",421923,295273,731163,58.8295249834076,41.1704750165924,17.659049966815203,D,most_recent_completed_presidential_election,True,"MIT Election Data and Science Lab, U.S. President 1976-2024",10.7910/DVN/42MVDX,1976-2024-president.csv,authoritative_academic,validated
2012,2008,MICHIGAN,MI,"OBAMA, BARACK H.","MCCAIN, JOHN",2872579,2048639,5001596,58.37130157615452,41.62869842384548,16.742603152309044,D,most_recent_completed_presidential_election,True,"MIT Election Data and Science Lab, U.S. President 1976-2024",10.7910/DVN/42MVDX,1976-2024-president.csv,authoritative_academic,validated
2012,2008,MINNESOTA,MN,"OBAMA, BARACK H.","MCCAIN, JOHN",1573354,1275409,2910369,55.22937499539274,44.77062500460726,10.458749990785478,D,most_recent_completed_presidential_election,True,"MIT Election Data and Science Lab, U.S. President 1976-2024",10.7910/DVN/42MVDX,1976-2024-president.csv,authoritative_academic,validated
2012,2008,MISSOURI,MO,"OBAMA, BARACK H.","MCCAIN, JOHN",1441911,1445814,2925205,49.93242085032335,50.06757914967665,-0.1351582993532929,R,most_recent_completed_presidential_election,True,"MIT Election Data and Science Lab, U.S. President 1976-2024",10.7910/DVN/42MVDX,1976-2024-president.csv,authoritative_academic,validated
2012,2008,MISSISSIPPI,MS,"OBAMA, BARACK H.","MCCAIN, JOHN",554662,724597,1289865,43.358069007136166,56.641930992863834,-13.283861985727668,R,most_recent_completed_presidential_election,True,"MIT Election Data and Science Lab, U.S. President 1976-2024",10.7910/DVN/42MVDX,1976-2024-president.csv,authoritative_academic,validated
2012,2008,MONTANA,MT,"OBAMA, BARACK H.","MCCAIN, JOHN",231667,242763,490109,48.83059671605927,51.16940328394073,-2.3388065678814627,R,most_recent_completed_presidential_election,True,"MIT Election Data and Science Lab, U.S. President 1976-2024",10.7910/DVN/42MVDX,1976-2024-president.csv,authoritative_academic,validated
2012,2008,NORTH CAROLINA,NC,"OBAMA, BARACK H.","MCCAIN, JOHN",2142651,2128474,4310851,50.16596330006731,49.83403669993269,0.3319266001346221,D,most_recent_completed_presidential_election,True,"MIT Election Data and Science Lab, U.S. President 1976-2024",10.7910/DVN/42MVDX,1976-2024-president.csv,authoritative_academic,validated
2012,2008,NORTH DAKOTA,ND,"OBAMA, BARACK H.","MCCAIN, JOHN",141278,168601,316621,45.59134371803188,54.40865628196812,-8.817312563936241,R,most_recent_completed_presidential_election,True,"MIT Election Data and Science Lab, U.S. President 1976-2024",10.7910/DVN/42MVDX,1976-2024-president.csv,authoritative_academic,validated
2012,2008,NEBRASKA,NE,"OBAMA, BARACK H.","MCCAIN, JOHN",333319,452979,801281,42.39092557783436,57.60907442216564,-15.218148844331282,R,most_recent_completed_presidential_election,True,"MIT Election Data and Science Lab, U.S. President 1976-2024",10.7910/DVN/42MVDX,1976-2024-president.csv,authoritative_academic,validated
2012,2008,NEW HAMPSHIRE,NH,"OBAMA, BARACK H.","MCCAIN, JOHN",384826,316534,710970,54.868541120109505,45.131458879890495,9.73708224021901,D,most_recent_completed_presidential_election,True,"MIT Election Data and Science Lab, U.S. President 1976-2024",10.7910/DVN/42MVDX,1976-2024-president.csv,authoritative_academic,validated
2012,2008,NEW JERSEY,NJ,"OBAMA, BARACK H.","MCCAIN, JOHN",2215422,1613207,3868237,57.86462987142395,42.13537012857605,15.7292597428479,D,most_recent_completed_presidential_election,True,"MIT Election Data and Science Lab, U.S. President 1976-2024",10.7910/DVN/42MVDX,1976-2024-president.csv,authoritative_academic,validated
2012,2008,NEW MEXICO,NM,"OBAMA, BARACK H.","MCCAIN, JOHN",472422,346832,830158,57.66490001879759,42.33509998120241,15.329800037595176,D,most_recent_completed_presidential_election,True,"MIT Election Data and Science Lab, U.S. President 1976-2024",10.7910/DVN/42MVDX,1976-2024-president.csv,authoritative_academic,validated
2012,2008,NEVADA,NV,"OBAMA, BARACK H.","MCCAIN, JOHN",533736,412827,967848,56.3867381251961,43.6132618748039,12.773476250392209,D,most_recent_completed_presidential_election,True,"MIT Election Data and Science Lab, U.S. President 1976-2024",10.7910/DVN/42MVDX,1976-2024-president.csv,authoritative_academic,validated
2012,2008,NEW YORK,NY,"OBAMA, BARACK H.","MCCAIN, JOHN",4645332,2418323,7722019,65.76385737978426,34.23614262021574,31.52771475956852,D,most_recent_completed_presidential_election,True,"MIT Election Data and Science Lab, U.S. President 1976-2024",10.7910/DVN/42MVDX,1976-2024-president.csv,authoritative_academic,validated
2012,2008,OHIO,OH,"OBAMA, BARACK H.","MCCAIN, JOHN",2940044,2677820,5708350,52.33384076225413,47.66615923774587,4.667681524508254,D,most_recent_completed_presidential_election,True,"MIT Election Data and Science Lab, U.S. President 1976-2024",10.7910/DVN/42MVDX,1976-2024-president.csv,authoritative_academic,validated
2012,2008,OKLAHOMA,OK,"OBAMA, BARACK H.","MCCAIN, JOHN",502496,960165,1462661,34.354918877306496,65.6450811226935,-31.290162245387,R,most_recent_completed_presidential_election,True,"MIT Election Data and Science Lab, U.S. President 1976-2024",10.7910/DVN/42MVDX,1976-2024-president.csv,authoritative_academic,validated
2012,2008,OREGON,OR,"OBAMA, BARACK H.","MCCAIN, JOHN",1037291,738475,1827864,58.41372117722718,41.58627882277282,16.827442354454362,D,most_recent_completed_presidential_election,True,"MIT Election Data and Science Lab, U.S. President 1976-2024",10.7910/DVN/42MVDX,1976-2024-president.csv,authoritative_academic,validated
2012,2008,PENNSYLVANIA,PA,"OBAMA, BARACK H.","MCCAIN, JOHN",3276363,2655885,6013272,55.22970381548445,44.77029618451555,10.459407630968895,D,most_recent_completed_presidential_election,True,"MIT Election Data and Science Lab, U.S. President 1976-2024",10.7910/DVN/42MVDX,1976-2024-president.csv,authoritative_academic,validated
2012,2008,RHODE ISLAND,RI,"OBAMA, BARACK H.","MCCAIN, JOHN",296571,165391,471766,64.19813750914578,35.80186249085423,28.39627501829155,D,most_recent_completed_presidential_election,True,"MIT Election Data and Science Lab, U.S. President 1976-2024",10.7910/DVN/42MVDX,1976-2024-president.csv,authoritative_academic,validated
2012,2008,SOUTH CAROLINA,SC,"OBAMA, BARACK H.","MCCAIN, JOHN",862449,1034896,1920969,45.45557081079087,54.54442918920913,-9.088858378418266,R,most_recent_completed_presidential_election,True,"MIT Election Data and Science Lab, U.S. President 1976-2024",10.7910/DVN/42MVDX,1976-2024-president.csv,authoritative_academic,validated
2012,2008,SOUTH DAKOTA,SD,"OBAMA, BARACK H.","MCCAIN, JOHN",170924,203054,381975,45.704292765884624,54.295707234115376,-8.591414468230752,R,most_recent_completed_presidential_election,True,"MIT Election Data and Science Lab, U.S. President 1976-2024",10.7910/DVN/42MVDX,1976-2024-president.csv,authoritative_academic,validated
2012,2008,TENNESSEE,TN,"OBAMA, BARACK H.","MCCAIN, JOHN",1087437,1479178,2599749,42.36852819764554,57.63147180235446,-15.262943604708925,R,most_recent_completed_presidential_election,True,"MIT Election Data and Science Lab, U.S. President 1976-2024",10.7910/DVN/42MVDX,1976-2024-president.csv,authoritative_academic,validated
2012,2008,TEXAS,TX,"OBAMA, BARACK H.","MCCAIN, JOHN",3528633,4479328,8077795,44.06406324905928,55.93593675094072,-11.87187350188144,R,most_recent_completed_presidential_election,True,"MIT Election Data and Science Lab, U.S. President 1976-2024",10.7910/DVN/42MVDX,1976-2024-president.csv,authoritative_academic,validated
2012,2008,UTAH,UT,"OBAMA, BARACK H.","MCCAIN, JOHN",327670,596030,952370,35.47363862725993,64.52636137274007,-29.05272274548014,R,most_recent_completed_presidential_election,True,"MIT Election Data and Science Lab, U.S. President 1976-2024",10.7910/DVN/42MVDX,1976-2024-president.csv,authoritative_academic,validated
2012,2008,VIRGINIA,VA,"OBAMA, BARACK H.","MCCAIN, JOHN",1959532,1725005,3723260,53.18258440612755,46.81741559387245,6.3651688122551064,D,most_recent_completed_presidential_election,True,"MIT Election Data and Science Lab, U.S. President 1976-2024",10.7910/DVN/42MVDX,1976-2024-president.csv,authoritative_academic,validated
2012,2008,VERMONT,VT,"OBAMA, BARACK H.","MCCAIN, JOHN",219262,98974,325046,68.8991817393381,31.1008182606619,37.79836347867621,D,most_recent_completed_presidential_election,True,"MIT Election Data and Science Lab, U.S. President 1976-2024",10.7910/DVN/42MVDX,1976-2024-president.csv,authoritative_academic,validated
2012,2008,WASHINGTON,WA,"OBAMA, BARACK H.","MCCAIN, JOHN",1750848,1229216,3036878,58.75202680210895,41.24797319789105,17.5040536042179,D,most_recent_completed_presidential_election,True,"MIT Election Data and Science Lab, U.S. President 1976-2024",10.7910/DVN/42MVDX,1976-2024-president.csv,authoritative_academic,validated
2012,2008,WISCONSIN,WI,"OBAMA, BARACK H.","MCCAIN, JOHN",1677211,1262393,2983417,57.05567824781841,42.94432175218159,14.111356495636826,D,most_recent_completed_presidential_election,True,"MIT Election Data and Science Lab, U.S. President 1976-2024",10.7910/DVN/42MVDX,1976-2024-president.csv,authoritative_academic,validated
2012,2008,WEST VIRGINIA,WV,"OBAMA, BARACK H.","MCCAIN, JOHN",303857,397466,713451,43.32625623286275,56.67374376713725,-13.347487534274508,R,most_recent_completed_presidential_election,True,"MIT Election Data and Science Lab, U.S. President 1976-2024",10.7910/DVN/42MVDX,1976-2024-president.csv,authoritative_academic,validated
2012,2008,WYOMING,WY,"OBAMA, BARACK H.","MCCAIN, JOHN",82868,164958,254904,33.43797664490408,66.56202335509592,-33.124046710191834,R,most_recent_completed_presidential_election,True,"MIT Election Data and Science Lab, U.S. President 1976-2024",10.7910/DVN/42MVDX,1976-2024-president.csv,authoritative_academic,validated
2014,2012,ALASKA,AK,"OBAMA, BARACK H.","ROMNEY, MITT",122640,164676,300495,42.684709518439625,57.315290481560375,-14.63058096312075,R,most_recent_completed_presidential_election,True,"MIT Election Data and Science Lab, U.S. President 1976-2024",10.7910/DVN/42MVDX,1976-2024-president.csv,authoritative_academic,validated
2014,2012,ALABAMA,AL,"OBAMA, BARACK H.","ROMNEY, MITT",795696,1255925,2074338,38.78377146656229,61.21622853343771,-22.432457066875415,R,most_recent_completed_presidential_election,True,"MIT Election Data and Science Lab, U.S. President 1976-2024",10.7910/DVN/42MVDX,1976-2024-president.csv,authoritative_academic,validated
2014,2012,ARKANSAS,AR,"OBAMA, BARACK H.","ROMNEY, MITT",394409,647744,1069468,37.84559464877038,62.15440535122962,-24.30881070245924,R,most_recent_completed_presidential_election,True,"MIT Election Data and Science Lab, U.S. President 1976-2024",10.7910/DVN/42MVDX,1976-2024-president.csv,authoritative_academic,validated
2014,2012,ARIZONA,AZ,"OBAMA, BARACK H.","ROMNEY, MITT",1025232,1233654,2299254,45.38661977629681,54.61338022370319,-9.226760447406376,R,most_recent_completed_presidential_election,True,"MIT Election Data and Science Lab, U.S. President 1976-2024",10.7910/DVN/42MVDX,1976-2024-president.csv,authoritative_academic,validated
2014,2012,CALIFORNIA,CA,"OBAMA, BARACK H.","ROMNEY, MITT",7854285,4839958,13038547,61.872811163296625,38.127188836703375,23.74562232659325,D,most_recent_completed_presidential_election,True,"MIT Election Data and Science Lab, U.S. President 1976-2024",10.7910/DVN/42MVDX,1976-2024-president.csv,authoritative_academic,validated
2014,2012,COLORADO,CO,"OBAMA, BARACK H.","ROMNEY, MITT",1323101,1185243,2569516,52.74798831420251,47.25201168579749,5.495976628405032,D,most_recent_completed_presidential_election,True,"MIT Election Data and Science Lab, U.S. President 1976-2024",10.7910/DVN/42MVDX,1976-2024-president.csv,authoritative_academic,validated
2014,2012,CONNECTICUT,CT,"OBAMA, BARACK H.","ROMNEY, MITT",905083,634892,1558204,58.772577476907095,41.227422523092905,17.54515495381419,D,most_recent_completed_presidential_election,True,"MIT Election Data and Science Lab, U.S. President 1976-2024",10.7910/DVN/42MVDX,1976-2024-president.csv,authoritative_academic,validated
2014,2012,DELAWARE,DE,"OBAMA, BARACK H.","ROMNEY, MITT",242584,165484,413890,59.44695491927816,40.55304508072184,18.89390983855633,D,most_recent_completed_presidential_election,True,"MIT Election Data and Science Lab, U.S. President 1976-2024",10.7910/DVN/42MVDX,1976-2024-president.csv,authoritative_academic,validated
2014,2012,FLORIDA,FL,"OBAMA, BARACK H.","ROMNEY, MITT",4237756,4163447,8474179,50.44225213936623,49.55774786063377,0.8845042787324644,D,most_recent_completed_presidential_election,True,"MIT Election Data and Science Lab, U.S. President 1976-2024",10.7910/DVN/42MVDX,1976-2024-president.csv,authoritative_academic,validated
2014,2012,GEORGIA,GA,"OBAMA, BARACK H.","ROMNEY, MITT",1773827,2078688,3897839,46.04335090194328,53.95664909805672,-7.913298196113445,R,most_recent_completed_presidential_election,True,"MIT Election Data and Science Lab, U.S. President 1976-2024",10.7910/DVN/42MVDX,1976-2024-president.csv,authoritative_academic,validated
2014,2012,HAWAII,HI,"OBAMA, BARACK H.","ROMNEY, MITT",306658,121015,437159,71.70384850107442,28.296151498925585,43.40769700214883,D,most_recent_completed_presidential_election,True,"MIT Election Data and Science Lab, U.S. President 1976-2024",10.7910/DVN/42MVDX,1976-2024-president.csv,authoritative_academic,validated
2014,2012,IOWA,IA,"OBAMA, BARACK H.","ROMNEY, MITT",822544,730617,1582180,52.959351928100176,47.040648071899824,5.918703856200352,D,most_recent_completed_presidential_election,True,"MIT Election Data and Science Lab, U.S. President 1976-2024",10.7910/DVN/42MVDX,1976-2024-president.csv,authoritative_academic,validated
2014,2012,IDAHO,ID,"OBAMA, BARACK H.","ROMNEY, MITT",212787,420911,652274,33.578613156424666,66.42138684357533,-32.84277368715067,R,most_recent_completed_presidential_election,True,"MIT Election Data and Science Lab, U.S. President 1976-2024",10.7910/DVN/42MVDX,1976-2024-president.csv,authoritative_academic,validated
2014,2012,ILLINOIS,IL,"OBAMA, BARACK H.","ROMNEY, MITT",3019512,2135216,5242014,58.57752339211691,41.42247660788309,17.155046784233818,D,most_recent_completed_presidential_election,True,"MIT Election Data and Science Lab, U.S. President 1976-2024",10.7910/DVN/42MVDX,1976-2024-president.csv,authoritative_academic,validated
2014,2012,INDIANA,IN,"OBAMA, BARACK H.","ROMNEY, MITT",1152887,1420543,2624534,44.799625402672696,55.200374597327304,-10.400749194654608,R,most_recent_completed_presidential_election,True,"MIT Election Data and Science Lab, U.S. President 1976-2024",10.7910/DVN/42MVDX,1976-2024-president.csv,authoritative_academic,validated
2014,2012,KANSAS,KS,"OBAMA, BARACK H.","ROMNEY, MITT",440726,692634,1159971,38.886673254746945,61.113326745253055,-22.22665349050611,R,most_recent_completed_presidential_election,True,"MIT Election Data and Science Lab, U.S. President 1976-2024",10.7910/DVN/42MVDX,1976-2024-president.csv,authoritative_academic,validated
2014,2012,KENTUCKY,KY,"OBAMA, BARACK H.","ROMNEY, MITT",679370,1087190,1797212,38.45722760619509,61.54277239380491,-23.08554478760982,R,most_recent_completed_presidential_election,True,"MIT Election Data and Science Lab, U.S. President 1976-2024",10.7910/DVN/42MVDX,1976-2024-president.csv,authoritative_academic,validated
2014,2012,LOUISIANA,LA,"OBAMA, BARACK H.","ROMNEY, MITT",809141,1152262,1994065,41.25317438588602,58.74682561411398,-17.49365122822796,R,most_recent_completed_presidential_election,True,"MIT Election Data and Science Lab, U.S. President 1976-2024",10.7910/DVN/42MVDX,1976-2024-president.csv,authoritative_academic,validated
2014,2012,MASSACHUSETTS,MA,"OBAMA, BARACK H.","ROMNEY, MITT",1921290,1188314,3184196,61.785680749060006,38.214319250939994,23.571361498120012,D,most_recent_completed_presidential_election,True,"MIT Election Data and Science Lab, U.S. President 1976-2024",10.7910/DVN/42MVDX,1976-2024-president.csv,authoritative_academic,validated
2014,2012,MARYLAND,MD,"OBAMA, BARACK H.","ROMNEY, MITT",1677844,971869,2707327,63.32172578690598,36.67827421309402,26.64345157381196,D,most_recent_completed_presidential_election,True,"MIT Election Data and Science Lab, U.S. President 1976-2024",10.7910/DVN/42MVDX,1976-2024-president.csv,authoritative_academic,validated
2014,2012,MAINE,ME,"OBAMA, BARACK H.","ROMNEY, MITT",401306,292276,724758,57.85992139357711,42.14007860642289,15.71984278715422,D,most_recent_completed_presidential_election,True,"MIT Election Data and Science Lab, U.S. President 1976-2024",10.7910/DVN/42MVDX,1976-2024-president.csv,authoritative_academic,validated
2014,2012,MICHIGAN,MI,"OBAMA, BARACK H.","ROMNEY, MITT",2564569,2115256,4730961,54.80053207117788,45.19946792882212,9.601064142355751,D,most_recent_completed_presidential_election,True,"MIT Election Data and Science Lab, U.S. President 1976-2024",10.7910/DVN/42MVDX,1976-2024-president.csv,authoritative_academic,validated
2014,2012,MINNESOTA,MN,"OBAMA, BARACK H.","ROMNEY, MITT",1546167,1320225,2936561,53.94122646169819,46.05877353830181,7.882452923396386,D,most_recent_completed_presidential_election,True,"MIT Election Data and Science Lab, U.S. President 1976-2024",10.7910/DVN/42MVDX,1976-2024-president.csv,authoritative_academic,validated
2014,2012,MISSOURI,MO,"OBAMA, BARACK H.","ROMNEY, MITT",1223796,1482440,2757323,45.22133324662003,54.77866675337997,-9.557333506759946,R,most_recent_completed_presidential_election,True,"MIT Election Data and Science Lab, U.S. President 1976-2024",10.7910/DVN/42MVDX,1976-2024-president.csv,authoritative_academic,validated
2014,2012,MISSISSIPPI,MS,"OBAMA, BARACK H.","ROMNEY, MITT",562949,710746,1285584,44.19810080121222,55.80189919878778,-11.60379839757556,R,most_recent_completed_presidential_election,True,"MIT Election Data and Science Lab, U.S. President 1976-2024",10.7910/DVN/42MVDX,1976-2024-president.csv,authoritative_academic,validated
2014,2012,MONTANA,MT,"OBAMA, BARACK H.","ROMNEY, MITT",201839,267928,484048,42.96576813611854,57.03423186388146,-14.068463727762918,R,most_recent_completed_presidential_election,True,"MIT Election Data and Science Lab, U.S. President 1976-2024",10.7910/DVN/42MVDX,1976-2024-president.csv,authoritative_academic,validated
2014,2012,NORTH CAROLINA,NC,"OBAMA, BARACK H.","ROMNEY, MITT",2178391,2270395,4505372,48.965965096995,51.034034903005,-2.0680698060100013,R,most_recent_completed_presidential_election,True,"MIT Election Data and Science Lab, U.S. President 1976-2024",10.7910/DVN/42MVDX,1976-2024-president.csv,authoritative_academic,validated
2014,2012,NORTH DAKOTA,ND,"OBAMA, BARACK H.","ROMNEY, MITT",124966,188320,322932,39.888791711088274,60.111208288911726,-20.222416577823452,R,most_recent_completed_presidential_election,True,"MIT Election Data and Science Lab, U.S. President 1976-2024",10.7910/DVN/42MVDX,1976-2024-president.csv,authoritative_academic,validated
2014,2012,NEBRASKA,NE,"OBAMA, BARACK H.","ROMNEY, MITT",302081,475064,794379,38.87060973177464,61.12939026822536,-22.25878053645073,R,most_recent_completed_presidential_election,True,"MIT Election Data and Science Lab, U.S. President 1976-2024",10.7910/DVN/42MVDX,1976-2024-president.csv,authoritative_academic,validated
2014,2012,NEW HAMPSHIRE,NH,"OBAMA, BARACK H.","ROMNEY, MITT",369561,329918,710972,52.83375197825811,47.16624802174189,5.667503956516214,D,most_recent_completed_presidential_election,True,"MIT Election Data and Science Lab, U.S. President 1976-2024",10.7910/DVN/42MVDX,1976-2024-president.csv,authoritative_academic,validated
2014,2012,NEW JERSEY,NJ,"OBAMA, BARACK H.","ROMNEY, MITT",2122786,1478088,3638499,58.951965550585776,41.048034449414224,17.90393110117155,D,most_recent_completed_presidential_election,True,"MIT Election Data and Science Lab, U.S. President 1976-2024",10.7910/DVN/42MVDX,1976-2024-president.csv,authoritative_academic,validated
2014,2012,NEW MEXICO,NM,"OBAMA, BARACK H.","ROMNEY, MITT",415335,335788,783758,55.295204646908694,44.704795353091306,10.590409293817387,D,most_recent_completed_presidential_election,True,"MIT Election Data and Science Lab, U.S. President 1976-2024",10.7910/DVN/42MVDX,1976-2024-president.csv,authoritative_academic,validated
2014,2012,NEVADA,NV,"OBAMA, BARACK H.","ROMNEY, MITT",531373,463567,1014918,53.407542163346534,46.592457836653466,6.815084326693068,D,most_recent_completed_presidential_election,True,"MIT Election Data and Science Lab, U.S. President 1976-2024",10.7910/DVN/42MVDX,1976-2024-president.csv,authoritative_academic,validated
2014,2012,NEW YORK,NY,"OBAMA, BARACK H.","ROMNEY, MITT",4324228,2223397,7116784,66.04269487027739,33.957305129722606,32.08538974055478,D,most_recent_completed_presidential_election,True,"MIT Election Data and Science Lab, U.S. President 1976-2024",10.7910/DVN/42MVDX,1976-2024-president.csv,authoritative_academic,validated
2014,2012,OHIO,OH,"OBAMA, BARACK H.","ROMNEY, MITT",2827621,2661407,5580822,51.51405676924949,48.48594323075051,3.0281135384989852,D,most_recent_completed_presidential_election,True,"MIT Election Data and Science Lab, U.S. President 1976-2024",10.7910/DVN/42MVDX,1976-2024-president.csv,authoritative_academic,validated
2014,2012,OKLAHOMA,OK,"OBAMA, BARACK H.","ROMNEY, MITT",443547,891325,1334872,33.22768025698344,66.77231974301655,-33.54463948603311,R,most_recent_completed_presidential_election,True,"MIT Election Data and Science Lab, U.S. President 1976-2024",10.7910/DVN/42MVDX,1976-2024-president.csv,authoritative_academic,validated
2014,2012,OREGON,OR,"OBAMA, BARACK H.","ROMNEY, MITT",970488,754175,1789270,56.27116717874738,43.72883282125262,12.542334357494768,D,most_recent_completed_presidential_election,True,"MIT Election Data and Science Lab, U.S. President 1976-2024",10.7910/DVN/42MVDX,1976-2024-president.csv,authoritative_academic,validated
2014,2012,PENNSYLVANIA,PA,"OBAMA, BARACK H.","ROMNEY, MITT",2990274,2680434,5742040,52.73193400189183,47.26806599810817,5.463868003783659,D,most_recent_completed_presidential_election,True,"MIT Election Data and Science Lab, U.S. President 1976-2024",10.7910/DVN/42MVDX,1976-2024-president.csv,authoritative_academic,validated
2014,2012,RHODE ISLAND,RI,"OBAMA, BARACK H.","ROMNEY, MITT",279677,157204,446049,64.01674597888213,35.98325402111788,28.033491957764248,D,most_recent_completed_presidential_election,True,"MIT Election Data and Science Lab, U.S. President 1976-2024",10.7910/DVN/42MVDX,1976-2024-president.csv,authoritative_academic,validated
2014,2012,SOUTH CAROLINA,SC,"OBAMA, BARACK H.","ROMNEY, MITT",865941,1071645,1964118,44.69174529543463,55.30825470456537,-10.616509409130742,R,most_recent_completed_presidential_election,True,"MIT Election Data and Science Lab, U.S. President 1976-2024",10.7910/DVN/42MVDX,1976-2024-president.csv,authoritative_academic,validated
2014,2012,SOUTH DAKOTA,SD,"OBAMA, BARACK H.","ROMNEY, MITT",145039,210610,363815,40.78150086180476,59.21849913819524,-18.436998276390483,R,most_recent_completed_presidential_election,True,"MIT Election Data and Science Lab, U.S. President 1976-2024",10.7910/DVN/42MVDX,1976-2024-president.csv,authoritative_academic,validated
2014,2012,TENNESSEE,TN,"OBAMA, BARACK H.","ROMNEY, MITT",960709,1462330,2458577,39.64892847370595,60.35107152629405,-20.7021430525881,R,most_recent_completed_presidential_election,True,"MIT Election Data and Science Lab, U.S. President 1976-2024",10.7910/DVN/42MVDX,1976-2024-president.csv,authoritative_academic,validated
2014,2012,TEXAS,TX,"OBAMA, BARACK H.","ROMNEY, MITT",3308124,4569843,7993851,41.99210278489362,58.00789721510638,-16.015794430212765,R,most_recent_completed_presidential_election,True,"MIT Election Data and Science Lab, U.S. President 1976-2024",10.7910/DVN/42MVDX,1976-2024-president.csv,authoritative_academic,validated
2014,2012,UTAH,UT,"OBAMA, BARACK H.","ROMNEY, MITT",251813,740600,1017440,25.37381110485252,74.62618889514748,-49.25237779029496,R,most_recent_completed_presidential_election,True,"MIT Election Data and Science Lab, U.S. President 1976-2024",10.7910/DVN/42MVDX,1976-2024-president.csv,authoritative_academic,validated
2014,2012,VIRGINIA,VA,"OBAMA, BARACK H.","ROMNEY, MITT",1971820,1822522,3854489,51.96737668876448,48.03262331123552,3.9347533775289634,D,most_recent_completed_presidential_election,True,"MIT Election Data and Science Lab, U.S. President 1976-2024",10.7910/DVN/42MVDX,1976-2024-president.csv,authoritative_academic,validated
2014,2012,VERMONT,VT,"OBAMA, BARACK H.","ROMNEY, MITT",199239,92698,299290,68.24725882639062,31.752741173609376,36.49451765278124,D,most_recent_completed_presidential_election,True,"MIT Election Data and Science Lab, U.S. President 1976-2024",10.7910/DVN/42MVDX,1976-2024-president.csv,authoritative_academic,validated
2014,2012,WASHINGTON,WA,"OBAMA, BARACK H.","ROMNEY, MITT",1755396,1290670,3125516,57.62829827062185,42.37170172937815,15.256596541243695,D,most_recent_completed_presidential_election,True,"MIT Election Data and Science Lab, U.S. President 1976-2024",10.7910/DVN/42MVDX,1976-2024-president.csv,authoritative_academic,validated
2014,2012,WISCONSIN,WI,"OBAMA, BARACK H.","ROMNEY, MITT",1620985,1410966,3071434,53.46342998287241,46.53657001712759,6.926859965744825,D,most_recent_completed_presidential_election,True,"MIT Election Data and Science Lab, U.S. President 1976-2024",10.7910/DVN/42MVDX,1976-2024-president.csv,authoritative_academic,validated
2014,2012,WEST VIRGINIA,WV,"OBAMA, BARACK H.","ROMNEY, MITT",238269,417655,670438,36.32570236795726,63.67429763204274,-27.348595264085475,R,most_recent_completed_presidential_election,True,"MIT Election Data and Science Lab, U.S. President 1976-2024",10.7910/DVN/42MVDX,1976-2024-president.csv,authoritative_academic,validated
2014,2012,WYOMING,WY,"OBAMA, BARACK H.","ROMNEY, MITT",69286,170962,250701,28.839365988478573,71.16063401152142,-42.32126802304285,R,most_recent_completed_presidential_election,True,"MIT Election Data and Science Lab, U.S. President 1976-2024",10.7910/DVN/42MVDX,1976-2024-president.csv,authoritative_academic,validated
2016,2012,ALASKA,AK,"OBAMA, BARACK H.","ROMNEY, MITT",122640,164676,300495,42.684709518439625,57.315290481560375,-14.63058096312075,R,most_recent_completed_presidential_election,True,"MIT Election Data and Science Lab, U.S. President 1976-2024",10.7910/DVN/42MVDX,1976-2024-president.csv,authoritative_academic,validated
2016,2012,ALABAMA,AL,"OBAMA, BARACK H.","ROMNEY, MITT",795696,1255925,2074338,38.78377146656229,61.21622853343771,-22.432457066875415,R,most_recent_completed_presidential_election,True,"MIT Election Data and Science Lab, U.S. President 1976-2024",10.7910/DVN/42MVDX,1976-2024-president.csv,authoritative_academic,validated
2016,2012,ARKANSAS,AR,"OBAMA, BARACK H.","ROMNEY, MITT",394409,647744,1069468,37.84559464877038,62.15440535122962,-24.30881070245924,R,most_recent_completed_presidential_election,True,"MIT Election Data and Science Lab, U.S. President 1976-2024",10.7910/DVN/42MVDX,1976-2024-president.csv,authoritative_academic,validated
2016,2012,ARIZONA,AZ,"OBAMA, BARACK H.","ROMNEY, MITT",1025232,1233654,2299254,45.38661977629681,54.61338022370319,-9.226760447406376,R,most_recent_completed_presidential_election,True,"MIT Election Data and Science Lab, U.S. President 1976-2024",10.7910/DVN/42MVDX,1976-2024-president.csv,authoritative_academic,validated
2016,2012,CALIFORNIA,CA,"OBAMA, BARACK H.","ROMNEY, MITT",7854285,4839958,13038547,61.872811163296625,38.127188836703375,23.74562232659325,D,most_recent_completed_presidential_election,True,"MIT Election Data and Science Lab, U.S. President 1976-2024",10.7910/DVN/42MVDX,1976-2024-president.csv,authoritative_academic,validated
2016,2012,COLORADO,CO,"OBAMA, BARACK H.","ROMNEY, MITT",1323101,1185243,2569516,52.74798831420251,47.25201168579749,5.495976628405032,D,most_recent_completed_presidential_election,True,"MIT Election Data and Science Lab, U.S. President 1976-2024",10.7910/DVN/42MVDX,1976-2024-president.csv,authoritative_academic,validated
2016,2012,CONNECTICUT,CT,"OBAMA, BARACK H.","ROMNEY, MITT",905083,634892,1558204,58.772577476907095,41.227422523092905,17.54515495381419,D,most_recent_completed_presidential_election,True,"MIT Election Data and Science Lab, U.S. President 1976-2024",10.7910/DVN/42MVDX,1976-2024-president.csv,authoritative_academic,validated
2016,2012,DELAWARE,DE,"OBAMA, BARACK H.","ROMNEY, MITT",242584,165484,413890,59.44695491927816,40.55304508072184,18.89390983855633,D,most_recent_completed_presidential_election,True,"MIT Election Data and Science Lab, U.S. President 1976-2024",10.7910/DVN/42MVDX,1976-2024-president.csv,authoritative_academic,validated
2016,2012,FLORIDA,FL,"OBAMA, BARACK H.","ROMNEY, MITT",4237756,4163447,8474179,50.44225213936623,49.55774786063377,0.8845042787324644,D,most_recent_completed_presidential_election,True,"MIT Election Data and Science Lab, U.S. President 1976-2024",10.7910/DVN/42MVDX,1976-2024-president.csv,authoritative_academic,validated
2016,2012,GEORGIA,GA,"OBAMA, BARACK H.","ROMNEY, MITT",1773827,2078688,3897839,46.04335090194328,53.95664909805672,-7.913298196113445,R,most_recent_completed_presidential_election,True,"MIT Election Data and Science Lab, U.S. President 1976-2024",10.7910/DVN/42MVDX,1976-2024-president.csv,authoritative_academic,validated
2016,2012,HAWAII,HI,"OBAMA, BARACK H.","ROMNEY, MITT",306658,121015,437159,71.70384850107442,28.296151498925585,43.40769700214883,D,most_recent_completed_presidential_election,True,"MIT Election Data and Science Lab, U.S. President 1976-2024",10.7910/DVN/42MVDX,1976-2024-president.csv,authoritative_academic,validated
2016,2012,IOWA,IA,"OBAMA, BARACK H.","ROMNEY, MITT",822544,730617,1582180,52.959351928100176,47.040648071899824,5.918703856200352,D,most_recent_completed_presidential_election,True,"MIT Election Data and Science Lab, U.S. President 1976-2024",10.7910/DVN/42MVDX,1976-2024-president.csv,authoritative_academic,validated
2016,2012,IDAHO,ID,"OBAMA, BARACK H.","ROMNEY, MITT",212787,420911,652274,33.578613156424666,66.42138684357533,-32.84277368715067,R,most_recent_completed_presidential_election,True,"MIT Election Data and Science Lab, U.S. President 1976-2024",10.7910/DVN/42MVDX,1976-2024-president.csv,authoritative_academic,validated
2016,2012,ILLINOIS,IL,"OBAMA, BARACK H.","ROMNEY, MITT",3019512,2135216,5242014,58.57752339211691,41.42247660788309,17.155046784233818,D,most_recent_completed_presidential_election,True,"MIT Election Data and Science Lab, U.S. President 1976-2024",10.7910/DVN/42MVDX,1976-2024-president.csv,authoritative_academic,validated
2016,2012,INDIANA,IN,"OBAMA, BARACK H.","ROMNEY, MITT",1152887,1420543,2624534,44.799625402672696,55.200374597327304,-10.400749194654608,R,most_recent_completed_presidential_election,True,"MIT Election Data and Science Lab, U.S. President 1976-2024",10.7910/DVN/42MVDX,1976-2024-president.csv,authoritative_academic,validated
2016,2012,KANSAS,KS,"OBAMA, BARACK H.","ROMNEY, MITT",440726,692634,1159971,38.886673254746945,61.113326745253055,-22.22665349050611,R,most_recent_completed_presidential_election,True,"MIT Election Data and Science Lab, U.S. President 1976-2024",10.7910/DVN/42MVDX,1976-2024-president.csv,authoritative_academic,validated
2016,2012,KENTUCKY,KY,"OBAMA, BARACK H.","ROMNEY, MITT",679370,1087190,1797212,38.45722760619509,61.54277239380491,-23.08554478760982,R,most_recent_completed_presidential_election,True,"MIT Election Data and Science Lab, U.S. President 1976-2024",10.7910/DVN/42MVDX,1976-2024-president.csv,authoritative_academic,validated
2016,2012,LOUISIANA,LA,"OBAMA, BARACK H.","ROMNEY, MITT",809141,1152262,1994065,41.25317438588602,58.74682561411398,-17.49365122822796,R,most_recent_completed_presidential_election,True,"MIT Election Data and Science Lab, U.S. President 1976-2024",10.7910/DVN/42MVDX,1976-2024-president.csv,authoritative_academic,validated
2016,2012,MASSACHUSETTS,MA,"OBAMA, BARACK H.","ROMNEY, MITT",1921290,1188314,3184196,61.785680749060006,38.214319250939994,23.571361498120012,D,most_recent_completed_presidential_election,True,"MIT Election Data and Science Lab, U.S. President 1976-2024",10.7910/DVN/42MVDX,1976-2024-president.csv,authoritative_academic,validated
2016,2012,MARYLAND,MD,"OBAMA, BARACK H.","ROMNEY, MITT",1677844,971869,2707327,63.32172578690598,36.67827421309402,26.64345157381196,D,most_recent_completed_presidential_election,True,"MIT Election Data and Science Lab, U.S. President 1976-2024",10.7910/DVN/42MVDX,1976-2024-president.csv,authoritative_academic,validated
2016,2012,MAINE,ME,"OBAMA, BARACK H.","ROMNEY, MITT",401306,292276,724758,57.85992139357711,42.14007860642289,15.71984278715422,D,most_recent_completed_presidential_election,True,"MIT Election Data and Science Lab, U.S. President 1976-2024",10.7910/DVN/42MVDX,1976-2024-president.csv,authoritative_academic,validated
2016,2012,MICHIGAN,MI,"OBAMA, BARACK H.","ROMNEY, MITT",2564569,2115256,4730961,54.80053207117788,45.19946792882212,9.601064142355751,D,most_recent_completed_presidential_election,True,"MIT Election Data and Science Lab, U.S. President 1976-2024",10.7910/DVN/42MVDX,1976-2024-president.csv,authoritative_academic,validated
2016,2012,MINNESOTA,MN,"OBAMA, BARACK H.","ROMNEY, MITT",1546167,1320225,2936561,53.94122646169819,46.05877353830181,7.882452923396386,D,most_recent_completed_presidential_election,True,"MIT Election Data and Science Lab, U.S. President 1976-2024",10.7910/DVN/42MVDX,1976-2024-president.csv,authoritative_academic,validated
2016,2012,MISSOURI,MO,"OBAMA, BARACK H.","ROMNEY, MITT",1223796,1482440,2757323,45.22133324662003,54.77866675337997,-9.557333506759946,R,most_recent_completed_presidential_election,True,"MIT Election Data and Science Lab, U.S. President 1976-2024",10.7910/DVN/42MVDX,1976-2024-president.csv,authoritative_academic,validated
2016,2012,MISSISSIPPI,MS,"OBAMA, BARACK H.","ROMNEY, MITT",562949,710746,1285584,44.19810080121222,55.80189919878778,-11.60379839757556,R,most_recent_completed_presidential_election,True,"MIT Election Data and Science Lab, U.S. President 1976-2024",10.7910/DVN/42MVDX,1976-2024-president.csv,authoritative_academic,validated
2016,2012,MONTANA,MT,"OBAMA, BARACK H.","ROMNEY, MITT",201839,267928,484048,42.96576813611854,57.03423186388146,-14.068463727762918,R,most_recent_completed_presidential_election,True,"MIT Election Data and Science Lab, U.S. President 1976-2024",10.7910/DVN/42MVDX,1976-2024-president.csv,authoritative_academic,validated
2016,2012,NORTH CAROLINA,NC,"OBAMA, BARACK H.","ROMNEY, MITT",2178391,2270395,4505372,48.965965096995,51.034034903005,-2.0680698060100013,R,most_recent_completed_presidential_election,True,"MIT Election Data and Science Lab, U.S. President 1976-2024",10.7910/DVN/42MVDX,1976-2024-president.csv,authoritative_academic,validated
2016,2012,NORTH DAKOTA,ND,"OBAMA, BARACK H.","ROMNEY, MITT",124966,188320,322932,39.888791711088274,60.111208288911726,-20.222416577823452,R,most_recent_completed_presidential_election,True,"MIT Election Data and Science Lab, U.S. President 1976-2024",10.7910/DVN/42MVDX,1976-2024-president.csv,authoritative_academic,validated
2016,2012,NEBRASKA,NE,"OBAMA, BARACK H.","ROMNEY, MITT",302081,475064,794379,38.87060973177464,61.12939026822536,-22.25878053645073,R,most_recent_completed_presidential_election,True,"MIT Election Data and Science Lab, U.S. President 1976-2024",10.7910/DVN/42MVDX,1976-2024-president.csv,authoritative_academic,validated
2016,2012,NEW HAMPSHIRE,NH,"OBAMA, BARACK H.","ROMNEY, MITT",369561,329918,710972,52.83375197825811,47.16624802174189,5.667503956516214,D,most_recent_completed_presidential_election,True,"MIT Election Data and Science Lab, U.S. President 1976-2024",10.7910/DVN/42MVDX,1976-2024-president.csv,authoritative_academic,validated
2016,2012,NEW JERSEY,NJ,"OBAMA, BARACK H.","ROMNEY, MITT",2122786,1478088,3638499,58.951965550585776,41.048034449414224,17.90393110117155,D,most_recent_completed_presidential_election,True,"MIT Election Data and Science Lab, U.S. President 1976-2024",10.7910/DVN/42MVDX,1976-2024-president.csv,authoritative_academic,validated
2016,2012,NEW MEXICO,NM,"OBAMA, BARACK H.","ROMNEY, MITT",415335,335788,783758,55.295204646908694,44.704795353091306,10.590409293817387,D,most_recent_completed_presidential_election,True,"MIT Election Data and Science Lab, U.S. President 1976-2024",10.7910/DVN/42MVDX,1976-2024-president.csv,authoritative_academic,validated
2016,2012,NEVADA,NV,"OBAMA, BARACK H.","ROMNEY, MITT",531373,463567,1014918,53.407542163346534,46.592457836653466,6.815084326693068,D,most_recent_completed_presidential_election,True,"MIT Election Data and Science Lab, U.S. President 1976-2024",10.7910/DVN/42MVDX,1976-2024-president.csv,authoritative_academic,validated
2016,2012,NEW YORK,NY,"OBAMA, BARACK H.","ROMNEY, MITT",4324228,2223397,7116784,66.04269487027739,33.957305129722606,32.08538974055478,D,most_recent_completed_presidential_election,True,"MIT Election Data and Science Lab, U.S. President 1976-2024",10.7910/DVN/42MVDX,1976-2024-president.csv,authoritative_academic,validated
2016,2012,OHIO,OH,"OBAMA, BARACK H.","ROMNEY, MITT",2827621,2661407,5580822,51.51405676924949,48.48594323075051,3.0281135384989852,D,most_recent_completed_presidential_election,True,"MIT Election Data and Science Lab, U.S. President 1976-2024",10.7910/DVN/42MVDX,1976-2024-president.csv,authoritative_academic,validated
2016,2012,OKLAHOMA,OK,"OBAMA, BARACK H.","ROMNEY, MITT",443547,891325,1334872,33.22768025698344,66.77231974301655,-33.54463948603311,R,most_recent_completed_presidential_election,True,"MIT Election Data and Science Lab, U.S. President 1976-2024",10.7910/DVN/42MVDX,1976-2024-president.csv,authoritative_academic,validated
2016,2012,OREGON,OR,"OBAMA, BARACK H.","ROMNEY, MITT",970488,754175,1789270,56.27116717874738,43.72883282125262,12.542334357494768,D,most_recent_completed_presidential_election,True,"MIT Election Data and Science Lab, U.S. President 1976-2024",10.7910/DVN/42MVDX,1976-2024-president.csv,authoritative_academic,validated
2016,2012,PENNSYLVANIA,PA,"OBAMA, BARACK H.","ROMNEY, MITT",2990274,2680434,5742040,52.73193400189183,47.26806599810817,5.463868003783659,D,most_recent_completed_presidential_election,True,"MIT Election Data and Science Lab, U.S. President 1976-2024",10.7910/DVN/42MVDX,1976-2024-president.csv,authoritative_academic,validated
2016,2012,RHODE ISLAND,RI,"OBAMA, BARACK H.","ROMNEY, MITT",279677,157204,446049,64.01674597888213,35.98325402111788,28.033491957764248,D,most_recent_completed_presidential_election,True,"MIT Election Data and Science Lab, U.S. President 1976-2024",10.7910/DVN/42MVDX,1976-2024-president.csv,authoritative_academic,validated
2016,2012,SOUTH CAROLINA,SC,"OBAMA, BARACK H.","ROMNEY, MITT",865941,1071645,1964118,44.69174529543463,55.30825470456537,-10.616509409130742,R,most_recent_completed_presidential_election,True,"MIT Election Data and Science Lab, U.S. President 1976-2024",10.7910/DVN/42MVDX,1976-2024-president.csv,authoritative_academic,validated
2016,2012,SOUTH DAKOTA,SD,"OBAMA, BARACK H.","ROMNEY, MITT",145039,210610,363815,40.78150086180476,59.21849913819524,-18.436998276390483,R,most_recent_completed_presidential_election,True,"MIT Election Data and Science Lab, U.S. President 1976-2024",10.7910/DVN/42MVDX,1976-2024-president.csv,authoritative_academic,validated
2016,2012,TENNESSEE,TN,"OBAMA, BARACK H.","ROMNEY, MITT",960709,1462330,2458577,39.64892847370595,60.35107152629405,-20.7021430525881,R,most_recent_completed_presidential_election,True,"MIT Election Data and Science Lab, U.S. President 1976-2024",10.7910/DVN/42MVDX,1976-2024-president.csv,authoritative_academic,validated
2016,2012,TEXAS,TX,"OBAMA, BARACK H.","ROMNEY, MITT",3308124,4569843,7993851,41.99210278489362,58.00789721510638,-16.015794430212765,R,most_recent_completed_presidential_election,True,"MIT Election Data and Science Lab, U.S. President 1976-2024",10.7910/DVN/42MVDX,1976-2024-president.csv,authoritative_academic,validated
2016,2012,UTAH,UT,"OBAMA, BARACK H.","ROMNEY, MITT",251813,740600,1017440,25.37381110485252,74.62618889514748,-49.25237779029496,R,most_recent_completed_presidential_election,True,"MIT Election Data and Science Lab, U.S. President 1976-2024",10.7910/DVN/42MVDX,1976-2024-president.csv,authoritative_academic,validated
2016,2012,VIRGINIA,VA,"OBAMA, BARACK H.","ROMNEY, MITT",1971820,1822522,3854489,51.96737668876448,48.03262331123552,3.9347533775289634,D,most_recent_completed_presidential_election,True,"MIT Election Data and Science Lab, U.S. President 1976-2024",10.7910/DVN/42MVDX,1976-2024-president.csv,authoritative_academic,validated
2016,2012,VERMONT,VT,"OBAMA, BARACK H.","ROMNEY, MITT",199239,92698,299290,68.24725882639062,31.752741173609376,36.49451765278124,D,most_recent_completed_presidential_election,True,"MIT Election Data and Science Lab, U.S. President 1976-2024",10.7910/DVN/42MVDX,1976-2024-president.csv,authoritative_academic,validated
2016,2012,WASHINGTON,WA,"OBAMA, BARACK H.","ROMNEY, MITT",1755396,1290670,3125516,57.62829827062185,42.37170172937815,15.256596541243695,D,most_recent_completed_presidential_election,True,"MIT Election Data and Science Lab, U.S. President 1976-2024",10.7910/DVN/42MVDX,1976-2024-president.csv,authoritative_academic,validated
2016,2012,WISCONSIN,WI,"OBAMA, BARACK H.","ROMNEY, MITT",1620985,1410966,3071434,53.46342998287241,46.53657001712759,6.926859965744825,D,most_recent_completed_presidential_election,True,"MIT Election Data and Science Lab, U.S. President 1976-2024",10.7910/DVN/42MVDX,1976-2024-president.csv,authoritative_academic,validated
2016,2012,WEST VIRGINIA,WV,"OBAMA, BARACK H.","ROMNEY, MITT",238269,417655,670438,36.32570236795726,63.67429763204274,-27.348595264085475,R,most_recent_completed_presidential_election,True,"MIT Election Data and Science Lab, U.S. President 1976-2024",10.7910/DVN/42MVDX,1976-2024-president.csv,authoritative_academic,validated
2016,2012,WYOMING,WY,"OBAMA, BARACK H.","ROMNEY, MITT",69286,170962,250701,28.839365988478573,71.16063401152142,-42.32126802304285,R,most_recent_completed_presidential_election,True,"MIT Election Data and Science Lab, U.S. President 1976-2024",10.7910/DVN/42MVDX,1976-2024-president.csv,authoritative_academic,validated
2018,2016,ALASKA,AK,"CLINTON, HILLARY","TRUMP, DONALD J.",116454,163387,318608,41.61434528893193,58.38565471106807,-16.77130942213614,R,most_recent_completed_presidential_election,True,"MIT Election Data and Science Lab, U.S. President 1976-2024",10.7910/DVN/42MVDX,1976-2024-president.csv,authoritative_academic,validated
2018,2016,ALABAMA,AL,"CLINTON, HILLARY","TRUMP, DONALD J.",729547,1318255,2123372,35.625856406039254,64.37414359396074,-28.748287187921484,R,most_recent_completed_presidential_election,True,"MIT Election Data and Science Lab, U.S. President 1976-2024",10.7910/DVN/42MVDX,1976-2024-president.csv,authoritative_academic,validated
2018,2016,ARKANSAS,AR,"CLINTON, HILLARY","TRUMP, DONALD J.",380494,684872,1130635,35.714862310229535,64.28513768977047,-28.57027537954093,R,most_recent_completed_presidential_election,True,"MIT Election Data and Science Lab, U.S. President 1976-2024",10.7910/DVN/42MVDX,1976-2024-president.csv,authoritative_academic,validated
2018,2016,ARIZONA,AZ,"CLINTON, HILLARY","TRUMP, DONALD J.",1161209,1252401,2573165,48.1108795538633,51.8891204461367,-3.778240892273402,R,most_recent_completed_presidential_election,True,"MIT Election Data and Science Lab, U.S. President 1976-2024",10.7910/DVN/42MVDX,1976-2024-president.csv,authoritative_academic,validated
2018,2016,CALIFORNIA,CA,"CLINTON, HILLARY","TRUMP, DONALD J.",8753788,4483810,14181595,66.12822054272988,33.871779457270115,32.25644108545976,D,most_recent_completed_presidential_election,True,"MIT Election Data and Science Lab, U.S. President 1976-2024",10.7910/DVN/42MVDX,1976-2024-president.csv,authoritative_academic,validated
2018,2016,COLORADO,CO,"CLINTON, HILLARY","TRUMP, DONALD J.",1338870,1202484,2780220,52.68333337268243,47.31666662731757,5.366666745364867,D,most_recent_completed_presidential_election,True,"MIT Election Data and Science Lab, U.S. President 1976-2024",10.7910/DVN/42MVDX,1976-2024-president.csv,authoritative_academic,validated
2018,2016,CONNECTICUT,CT,"CLINTON, HILLARY","TRUMP, DONALD J.",897572,673215,1644920,57.14154751726364,42.85845248273636,14.283095034527278,D,most_recent_completed_presidential_election,True,"MIT Election Data and Science Lab, U.S. President 1976-2024",10.7910/DVN/42MVDX,1976-2024-president.csv,authoritative_academic,validated
2018,2016,DELAWARE,DE,"CLINTON, HILLARY","TRUMP, DONALD J.",235603,185127,441590,55.99862144368122,44.00137855631878,11.997242887362448,D,most_recent_completed_presidential_election,True,"MIT Election Data and Science Lab, U.S. President 1976-2024",10.7910/DVN/42MVDX,1976-2024-president.csv,authoritative_academic,validated
2018,2016,FLORIDA,FL,"CLINTON, HILLARY","TRUMP, DONALD J.",4504975,4617886,9420039,49.38116452722452,50.61883547277548,-1.2376709455509598,R,most_recent_completed_presidential_election,True,"MIT Election Data and Science Lab, U.S. President 1976-2024",10.7910/DVN/42MVDX,1976-2024-president.csv,authoritative_academic,validated
2018,2016,GEORGIA,GA,"CLINTON, HILLARY","TRUMP, DONALD J.",1877963,2089104,4114732,47.338827400696786,52.661172599303214,-5.322345198606428,R,most_recent_completed_presidential_election,True,"MIT Election Data and Science Lab, U.S. President 1976-2024",10.7910/DVN/42MVDX,1976-2024-president.csv,authoritative_academic,validated
2018,2016,HAWAII,HI,"CLINTON, HILLARY","TRUMP, DONALD J.",266891,128847,437664,67.44133745053546,32.55866254946454,34.882674901070914,D,most_recent_completed_presidential_election,True,"MIT Election Data and Science Lab, U.S. President 1976-2024",10.7910/DVN/42MVDX,1976-2024-president.csv,authoritative_academic,validated
2018,2016,IOWA,IA,"CLINTON, HILLARY","TRUMP, DONALD J.",653669,800983,1565580,44.93645215487965,55.06354784512035,-10.127095690240694,R,most_recent_completed_presidential_election,True,"MIT Election Data and Science Lab, U.S. President 1976-2024",10.7910/DVN/42MVDX,1976-2024-president.csv,authoritative_academic,validated
2018,2016,IDAHO,ID,"CLINTON, HILLARY","TRUMP, DONALD J.",189765,409055,690255,31.689823319194417,68.31017668080558,-36.620353361611166,R,most_recent_completed_presidential_election,True,"MIT Election Data and Science Lab, U.S. President 1976-2024",10.7910/DVN/42MVDX,1976-2024-president.csv,authoritative_academic,validated
2018,2016,ILLINOIS,IL,"CLINTON, HILLARY","TRUMP, DONALD J.",3090729,2146015,5536424,59.02005139071148,40.97994860928852,18.04010278142296,D,most_recent_completed_presidential_election,True,"MIT Election Data and Science Lab, U.S. President 1976-2024",10.7910/DVN/42MVDX,1976-2024-president.csv,authoritative_academic,validated
2018,2016,INDIANA,IN,"CLINTON, HILLARY","TRUMP, DONALD J.",1033126,1557286,2734958,39.88269047549193,60.11730952450807,-20.234619049016143,R,most_recent_completed_presidential_election,True,"MIT Election Data and Science Lab, U.S. President 1976-2024",10.7910/DVN/42MVDX,1976-2024-president.csv,authoritative_academic,validated
2018,2016,KANSAS,KS,"CLINTON, HILLARY","TRUMP, DONALD J.",427005,671018,1184402,38.888529657393335,61.111470342606665,-22.22294068521333,R,most_recent_completed_presidential_election,True,"MIT Election Data and Science Lab, U.S. President 1976-2024",10.7910/DVN/42MVDX,1976-2024-president.csv,authoritative_academic,validated
2018,2016,KENTUCKY,KY,"CLINTON, HILLARY","TRUMP, DONALD J.",628854,1202971,1924149,34.32937098249014,65.67062901750987,-31.341258035019727,R,most_recent_completed_presidential_election,True,"MIT Election Data and Science Lab, U.S. President 1976-2024",10.7910/DVN/42MVDX,1976-2024-president.csv,authoritative_academic,validated
2018,2016,LOUISIANA,LA,"CLINTON, HILLARY","TRUMP, DONALD J.",780154,1178638,2029032,39.82832276219221,60.17167723780779,-20.343354475615584,R,most_recent_completed_presidential_election,True,"MIT Election Data and Science Lab, U.S. President 1976-2024",10.7910/DVN/42MVDX,1976-2024-president.csv,authoritative_academic,validated
2018,2016,MASSACHUSETTS,MA,"CLINTON, HILLARY","TRUMP, DONALD J.",1995196,1090893,3378821,64.65127868962949,35.34872131037051,29.302557379258985,D,most_recent_completed_presidential_election,True,"MIT Election Data and Science Lab, U.S. President 1976-2024",10.7910/DVN/42MVDX,1976-2024-president.csv,authoritative_academic,validated
2018,2016,MARYLAND,MD,"CLINTON, HILLARY","TRUMP, DONALD J.",1678006,943428,2781446,64.01099550856516,35.98900449143484,28.02199101713032,D,most_recent_completed_presidential_election,True,"MIT Election Data and Science Lab, U.S. President 1976-2024",10.7910/DVN/42MVDX,1976-2024-president.csv,authoritative_academic,validated
2018,2016,MAINE,ME,"CLINTON, HILLARY","TRUMP, DONALD J.",357735,335593,771892,51.59679112916253,48.40320887083747,3.1935822583250655,D,most_recent_completed_presidential_election,True,"MIT Election Data and Science Lab, U.S. President 1976-2024",10.7910/DVN/42MVDX,1976-2024-president.csv,authoritative_academic,validated
2018,2016,MICHIGAN,MI,"CLINTON, HILLARY","TRUMP, DONALD J.",2268839,2279543,4799284,49.88233178303845,50.11766821696155,-0.235336433923095,R,most_recent_completed_presidential_election,True,"MIT Election Data and Science Lab, U.S. President 1976-2024",10.7910/DVN/42MVDX,1976-2024-president.csv,authoritative_academic,validated
2018,2016,MINNESOTA,MN,"CLINTON, HILLARY","TRUMP, DONALD J.",1367705,1322949,2944782,50.83169370718048,49.16830629281952,1.6633874143609688,D,most_recent_completed_presidential_election,True,"MIT Election Data and Science Lab, U.S. President 1976-2024",10.7910/DVN/42MVDX,1976-2024-president.csv,authoritative_academic,validated
2018,2016,MISSOURI,MO,"CLINTON, HILLARY","TRUMP, DONALD J.",1071068,1594511,2808605,40.18143900443393,59.81856099556607,-19.637121991132133,R,most_recent_completed_presidential_election,True,"MIT Election Data and Science Lab, U.S. President 1976-2024",10.7910/DVN/42MVDX,1976-2024-president.csv,authoritative_academic,validated
2018,2016,MISSISSIPPI,MS,"CLINTON, HILLARY","TRUMP, DONALD J.",485131,700714,1209357,40.91015267593994,59.08984732406006,-18.17969464812012,R,most_recent_completed_presidential_election,True,"MIT Election Data and Science Lab, U.S. President 1976-2024",10.7910/DVN/42MVDX,1976-2024-president.csv,authoritative_academic,validated
2018,2016,MONTANA,MT,"CLINTON, HILLARY","TRUMP, DONALD J.",177709,279240,494526,38.89033568297556,61.10966431702444,-22.21932863404888,R,most_recent_completed_presidential_election,True,"MIT Election Data and Science Lab, U.S. President 1976-2024",10.7910/DVN/42MVDX,1976-2024-president.csv,authoritative_academic,validated
2018,2016,NORTH CAROLINA,NC,"CLINTON, HILLARY","TRUMP, DONALD J.",2189316,2362631,4741564,48.096254196281286,51.903745803718714,-3.807491607437427,R,most_recent_completed_presidential_election,True,"MIT Election Data and Science Lab, U.S. President 1976-2024",10.7910/DVN/42MVDX,1976-2024-president.csv,authoritative_academic,validated
2018,2016,NORTH DAKOTA,ND,"CLINTON, HILLARY","TRUMP, DONALD J.",93758,216794,344360,30.190757103480255,69.80924289651975,-39.6184857930395,R,most_recent_completed_presidential_election,True,"MIT Election Data and Science Lab, U.S. President 1976-2024",10.7910/DVN/42MVDX,1976-2024-president.csv,authoritative_academic,validated
2018,2016,NEBRASKA,NE,"CLINTON, HILLARY","TRUMP, DONALD J.",284494,495961,844227,36.45232588682243,63.54767411317757,-27.095348226355146,R,most_recent_completed_presidential_election,True,"MIT Election Data and Science Lab, U.S. President 1976-2024",10.7910/DVN/42MVDX,1976-2024-president.csv,authoritative_academic,validated
2018,2016,NEW HAMPSHIRE,NH,"CLINTON, HILLARY","TRUMP, DONALD J.",348526,345790,744296,50.197028442380706,49.802971557619294,0.3940568847614116,D,most_recent_completed_presidential_election,True,"MIT Election Data and Science Lab, U.S. President 1976-2024",10.7910/DVN/42MVDX,1976-2024-president.csv,authoritative_academic,validated
2018,2016,NEW JERSEY,NJ,"CLINTON, HILLARY","TRUMP, DONALD J.",2148278,1601933,3874046,57.284190142901295,42.715809857098705,14.56838028580259,D,most_recent_completed_presidential_election,True,"MIT Election Data and Science Lab, U.S. President 1976-2024",10.7910/DVN/42MVDX,1976-2024-president.csv,authoritative_academic,validated
2018,2016,NEW MEXICO,NM,"CLINTON, HILLARY","TRUMP, DONALD J.",385234,319667,798319,54.65079493432411,45.34920506567589,9.301589868648222,D,most_recent_completed_presidential_election,True,"MIT Election Data and Science Lab, U.S. President 1976-2024",10.7910/DVN/42MVDX,1976-2024-president.csv,authoritative_academic,validated
2018,2016,NEVADA,NV,"CLINTON, HILLARY","TRUMP, DONALD J.",539260,512058,1125385,51.2937094199852,48.7062905800148,2.587418839970397,D,most_recent_completed_presidential_election,True,"MIT Election Data and Science Lab, U.S. President 1976-2024",10.7910/DVN/42MVDX,1976-2024-president.csv,authoritative_academic,validated
2018,2016,NEW YORK,NY,"CLINTON, HILLARY","TRUMP, DONALD J.",4379789,2527142,7802084,63.41150649977537,36.58849350022463,26.82301299955074,D,most_recent_completed_presidential_election,True,"MIT Election Data and Science Lab, U.S. President 1976-2024",10.7910/DVN/42MVDX,1976-2024-president.csv,authoritative_academic,validated
2018,2016,OHIO,OH,"CLINTON, HILLARY","TRUMP, DONALD J.",2394164,2841005,5496487,45.7323154228641,54.2676845771359,-8.535369154271805,R,most_recent_completed_presidential_election,True,"MIT Election Data and Science Lab, U.S. President 1976-2024",10.7910/DVN/42MVDX,1976-2024-president.csv,authoritative_academic,validated
2018,2016,OKLAHOMA,OK,"CLINTON, HILLARY","TRUMP, DONALD J.",420375,949136,1452992,30.695262761671867,69.30473723832813,-38.60947447665626,R,most_recent_completed_presidential_election,True,"MIT Election Data and Science Lab, U.S. President 1976-2024",10.7910/DVN/42MVDX,1976-2024-president.csv,authoritative_academic,validated
2018,2016,OREGON,OR,"CLINTON, HILLARY","TRUMP, DONALD J.",1002106,782403,2001336,56.15583894505435,43.84416105494565,12.311677890108712,D,most_recent_completed_presidential_election,True,"MIT Election Data and Science Lab, U.S. President 1976-2024",10.7910/DVN/42MVDX,1976-2024-president.csv,authoritative_academic,validated
2018,2016,PENNSYLVANIA,PA,"CLINTON, HILLARY","TRUMP, DONALD J.",2926441,2970733,6115402,49.62446419250983,50.37553580749017,-0.7510716149803329,R,most_recent_completed_presidential_election,True,"MIT Election Data and Science Lab, U.S. President 1976-2024",10.7910/DVN/42MVDX,1976-2024-president.csv,authoritative_academic,validated
2018,2016,RHODE ISLAND,RI,"CLINTON, HILLARY","TRUMP, DONALD J.",252525,180543,464144,58.31070409265981,41.68929590734019,16.621408185319623,D,most_recent_completed_presidential_election,True,"MIT Election Data and Science Lab, U.S. President 1976-2024",10.7910/DVN/42MVDX,1976-2024-president.csv,authoritative_academic,validated
2018,2016,SOUTH CAROLINA,SC,"CLINTON, HILLARY","TRUMP, DONALD J.",855373,1155389,2103027,42.53974363947598,57.46025636052402,-14.92051272104804,R,most_recent_completed_presidential_election,True,"MIT Election Data and Science Lab, U.S. President 1976-2024",10.7910/DVN/42MVDX,1976-2024-president.csv,authoritative_academic,validated
2018,2016,SOUTH DAKOTA,SD,"CLINTON, HILLARY","TRUMP, DONALD J.",117458,227721,370093,34.02814192056875,65.97185807943126,-31.943716158862507,R,most_recent_completed_presidential_election,True,"MIT Election Data and Science Lab, U.S. President 1976-2024",10.7910/DVN/42MVDX,1976-2024-president.csv,authoritative_academic,validated
2018,2016,TENNESSEE,TN,"CLINTON, HILLARY","TRUMP, DONALD J.",870695,1522925,2508027,36.37565695473801,63.62434304526199,-27.248686090523975,R,most_recent_completed_presidential_election,True,"MIT Election Data and Science Lab, U.S. President 1976-2024",10.7910/DVN/42MVDX,1976-2024-president.csv,authoritative_academic,validated
2018,2016,TEXAS,TX,"CLINTON, HILLARY","TRUMP, DONALD J.",3877868,4685047,8969226,45.28677442202801,54.71322557797199,-9.42645115594398,R,most_recent_completed_presidential_election,True,"MIT Election Data and Science Lab, U.S. President 1976-2024",10.7910/DVN/42MVDX,1976-2024-president.csv,authoritative_academic,validated
2018,2016,UTAH,UT,"CLINTON, HILLARY","TRUMP, DONALD J.",310674,515211,1131317,37.61710165458872,62.38289834541128,-24.76579669082257,R,most_recent_completed_presidential_election,True,"MIT Election Data and Science Lab, U.S. President 1976-2024",10.7910/DVN/42MVDX,1976-2024-president.csv,authoritative_academic,validated
2018,2016,VIRGINIA,VA,"CLINTON, HILLARY","TRUMP, DONALD J.",1981473,1769443,3982752,52.8263762771547,47.1736237228453,5.6527525543094015,D,most_recent_completed_presidential_election,True,"MIT Election Data and Science Lab, U.S. President 1976-2024",10.7910/DVN/42MVDX,1976-2024-president.csv,authoritative_academic,validated
2018,2016,VERMONT,VT,"CLINTON, HILLARY","TRUMP, DONALD J.",178573,95369,320467,65.18642632382037,34.81357367617963,30.37285264764074,D,most_recent_completed_presidential_election,True,"MIT Election Data and Science Lab, U.S. President 1976-2024",10.7910/DVN/42MVDX,1976-2024-president.csv,authoritative_academic,validated
2018,2016,WASHINGTON,WA,"CLINTON, HILLARY","TRUMP, DONALD J.",1742718,1221747,3317019,58.78693120006477,41.21306879993523,17.573862400129528,D,most_recent_completed_presidential_election,True,"MIT Election Data and Science Lab, U.S. President 1976-2024",10.7910/DVN/42MVDX,1976-2024-president.csv,authoritative_academic,validated
2018,2016,WISCONSIN,WI,"CLINTON, HILLARY","TRUMP, DONALD J.",1382536,1405284,2976150,49.59201096197029,50.40798903802971,-0.8159780760594231,R,most_recent_completed_presidential_election,True,"MIT Election Data and Science Lab, U.S. President 1976-2024",10.7910/DVN/42MVDX,1976-2024-president.csv,authoritative_academic,validated
2018,2016,WEST VIRGINIA,WV,"CLINTON, HILLARY","TRUMP, DONALD J.",188794,489371,713051,27.838947748704225,72.16105225129577,-44.32210450259154,R,most_recent_completed_presidential_election,True,"MIT Election Data and Science Lab, U.S. President 1976-2024",10.7910/DVN/42MVDX,1976-2024-president.csv,authoritative_academic,validated
2018,2016,WYOMING,WY,"CLINTON, HILLARY","TRUMP, DONALD J.",55973,174419,258788,24.29468037084621,75.70531962915379,-51.41063925830758,R,most_recent_completed_presidential_election,True,"MIT Election Data and Science Lab, U.S. President 1976-2024",10.7910/DVN/42MVDX,1976-2024-president.csv,authoritative_academic,validated
2020,2016,ALASKA,AK,"CLINTON, HILLARY","TRUMP, DONALD J.",116454,163387,318608,41.61434528893193,58.38565471106807,-16.77130942213614,R,most_recent_completed_presidential_election,True,"MIT Election Data and Science Lab, U.S. President 1976-2024",10.7910/DVN/42MVDX,1976-2024-president.csv,authoritative_academic,validated
2020,2016,ALABAMA,AL,"CLINTON, HILLARY","TRUMP, DONALD J.",729547,1318255,2123372,35.625856406039254,64.37414359396074,-28.748287187921484,R,most_recent_completed_presidential_election,True,"MIT Election Data and Science Lab, U.S. President 1976-2024",10.7910/DVN/42MVDX,1976-2024-president.csv,authoritative_academic,validated
2020,2016,ARKANSAS,AR,"CLINTON, HILLARY","TRUMP, DONALD J.",380494,684872,1130635,35.714862310229535,64.28513768977047,-28.57027537954093,R,most_recent_completed_presidential_election,True,"MIT Election Data and Science Lab, U.S. President 1976-2024",10.7910/DVN/42MVDX,1976-2024-president.csv,authoritative_academic,validated
2020,2016,ARIZONA,AZ,"CLINTON, HILLARY","TRUMP, DONALD J.",1161209,1252401,2573165,48.1108795538633,51.8891204461367,-3.778240892273402,R,most_recent_completed_presidential_election,True,"MIT Election Data and Science Lab, U.S. President 1976-2024",10.7910/DVN/42MVDX,1976-2024-president.csv,authoritative_academic,validated
2020,2016,CALIFORNIA,CA,"CLINTON, HILLARY","TRUMP, DONALD J.",8753788,4483810,14181595,66.12822054272988,33.871779457270115,32.25644108545976,D,most_recent_completed_presidential_election,True,"MIT Election Data and Science Lab, U.S. President 1976-2024",10.7910/DVN/42MVDX,1976-2024-president.csv,authoritative_academic,validated
2020,2016,COLORADO,CO,"CLINTON, HILLARY","TRUMP, DONALD J.",1338870,1202484,2780220,52.68333337268243,47.31666662731757,5.366666745364867,D,most_recent_completed_presidential_election,True,"MIT Election Data and Science Lab, U.S. President 1976-2024",10.7910/DVN/42MVDX,1976-2024-president.csv,authoritative_academic,validated
2020,2016,CONNECTICUT,CT,"CLINTON, HILLARY","TRUMP, DONALD J.",897572,673215,1644920,57.14154751726364,42.85845248273636,14.283095034527278,D,most_recent_completed_presidential_election,True,"MIT Election Data and Science Lab, U.S. President 1976-2024",10.7910/DVN/42MVDX,1976-2024-president.csv,authoritative_academic,validated
2020,2016,DELAWARE,DE,"CLINTON, HILLARY","TRUMP, DONALD J.",235603,185127,441590,55.99862144368122,44.00137855631878,11.997242887362448,D,most_recent_completed_presidential_election,True,"MIT Election Data and Science Lab, U.S. President 1976-2024",10.7910/DVN/42MVDX,1976-2024-president.csv,authoritative_academic,validated
2020,2016,FLORIDA,FL,"CLINTON, HILLARY","TRUMP, DONALD J.",4504975,4617886,9420039,49.38116452722452,50.61883547277548,-1.2376709455509598,R,most_recent_completed_presidential_election,True,"MIT Election Data and Science Lab, U.S. President 1976-2024",10.7910/DVN/42MVDX,1976-2024-president.csv,authoritative_academic,validated
2020,2016,GEORGIA,GA,"CLINTON, HILLARY","TRUMP, DONALD J.",1877963,2089104,4114732,47.338827400696786,52.661172599303214,-5.322345198606428,R,most_recent_completed_presidential_election,True,"MIT Election Data and Science Lab, U.S. President 1976-2024",10.7910/DVN/42MVDX,1976-2024-president.csv,authoritative_academic,validated
2020,2016,HAWAII,HI,"CLINTON, HILLARY","TRUMP, DONALD J.",266891,128847,437664,67.44133745053546,32.55866254946454,34.882674901070914,D,most_recent_completed_presidential_election,True,"MIT Election Data and Science Lab, U.S. President 1976-2024",10.7910/DVN/42MVDX,1976-2024-president.csv,authoritative_academic,validated
2020,2016,IOWA,IA,"CLINTON, HILLARY","TRUMP, DONALD J.",653669,800983,1565580,44.93645215487965,55.06354784512035,-10.127095690240694,R,most_recent_completed_presidential_election,True,"MIT Election Data and Science Lab, U.S. President 1976-2024",10.7910/DVN/42MVDX,1976-2024-president.csv,authoritative_academic,validated
2020,2016,IDAHO,ID,"CLINTON, HILLARY","TRUMP, DONALD J.",189765,409055,690255,31.689823319194417,68.31017668080558,-36.620353361611166,R,most_recent_completed_presidential_election,True,"MIT Election Data and Science Lab, U.S. President 1976-2024",10.7910/DVN/42MVDX,1976-2024-president.csv,authoritative_academic,validated
2020,2016,ILLINOIS,IL,"CLINTON, HILLARY","TRUMP, DONALD J.",3090729,2146015,5536424,59.02005139071148,40.97994860928852,18.04010278142296,D,most_recent_completed_presidential_election,True,"MIT Election Data and Science Lab, U.S. President 1976-2024",10.7910/DVN/42MVDX,1976-2024-president.csv,authoritative_academic,validated
2020,2016,INDIANA,IN,"CLINTON, HILLARY","TRUMP, DONALD J.",1033126,1557286,2734958,39.88269047549193,60.11730952450807,-20.234619049016143,R,most_recent_completed_presidential_election,True,"MIT Election Data and Science Lab, U.S. President 1976-2024",10.7910/DVN/42MVDX,1976-2024-president.csv,authoritative_academic,validated
2020,2016,KANSAS,KS,"CLINTON, HILLARY","TRUMP, DONALD J.",427005,671018,1184402,38.888529657393335,61.111470342606665,-22.22294068521333,R,most_recent_completed_presidential_election,True,"MIT Election Data and Science Lab, U.S. President 1976-2024",10.7910/DVN/42MVDX,1976-2024-president.csv,authoritative_academic,validated
2020,2016,KENTUCKY,KY,"CLINTON, HILLARY","TRUMP, DONALD J.",628854,1202971,1924149,34.32937098249014,65.67062901750987,-31.341258035019727,R,most_recent_completed_presidential_election,True,"MIT Election Data and Science Lab, U.S. President 1976-2024",10.7910/DVN/42MVDX,1976-2024-president.csv,authoritative_academic,validated
2020,2016,LOUISIANA,LA,"CLINTON, HILLARY","TRUMP, DONALD J.",780154,1178638,2029032,39.82832276219221,60.17167723780779,-20.343354475615584,R,most_recent_completed_presidential_election,True,"MIT Election Data and Science Lab, U.S. President 1976-2024",10.7910/DVN/42MVDX,1976-2024-president.csv,authoritative_academic,validated
2020,2016,MASSACHUSETTS,MA,"CLINTON, HILLARY","TRUMP, DONALD J.",1995196,1090893,3378821,64.65127868962949,35.34872131037051,29.302557379258985,D,most_recent_completed_presidential_election,True,"MIT Election Data and Science Lab, U.S. President 1976-2024",10.7910/DVN/42MVDX,1976-2024-president.csv,authoritative_academic,validated
2020,2016,MARYLAND,MD,"CLINTON, HILLARY","TRUMP, DONALD J.",1678006,943428,2781446,64.01099550856516,35.98900449143484,28.02199101713032,D,most_recent_completed_presidential_election,True,"MIT Election Data and Science Lab, U.S. President 1976-2024",10.7910/DVN/42MVDX,1976-2024-president.csv,authoritative_academic,validated
2020,2016,MAINE,ME,"CLINTON, HILLARY","TRUMP, DONALD J.",357735,335593,771892,51.59679112916253,48.40320887083747,3.1935822583250655,D,most_recent_completed_presidential_election,True,"MIT Election Data and Science Lab, U.S. President 1976-2024",10.7910/DVN/42MVDX,1976-2024-president.csv,authoritative_academic,validated
2020,2016,MICHIGAN,MI,"CLINTON, HILLARY","TRUMP, DONALD J.",2268839,2279543,4799284,49.88233178303845,50.11766821696155,-0.235336433923095,R,most_recent_completed_presidential_election,True,"MIT Election Data and Science Lab, U.S. President 1976-2024",10.7910/DVN/42MVDX,1976-2024-president.csv,authoritative_academic,validated
2020,2016,MINNESOTA,MN,"CLINTON, HILLARY","TRUMP, DONALD J.",1367705,1322949,2944782,50.83169370718048,49.16830629281952,1.6633874143609688,D,most_recent_completed_presidential_election,True,"MIT Election Data and Science Lab, U.S. President 1976-2024",10.7910/DVN/42MVDX,1976-2024-president.csv,authoritative_academic,validated
2020,2016,MISSOURI,MO,"CLINTON, HILLARY","TRUMP, DONALD J.",1071068,1594511,2808605,40.18143900443393,59.81856099556607,-19.637121991132133,R,most_recent_completed_presidential_election,True,"MIT Election Data and Science Lab, U.S. President 1976-2024",10.7910/DVN/42MVDX,1976-2024-president.csv,authoritative_academic,validated
2020,2016,MISSISSIPPI,MS,"CLINTON, HILLARY","TRUMP, DONALD J.",485131,700714,1209357,40.91015267593994,59.08984732406006,-18.17969464812012,R,most_recent_completed_presidential_election,True,"MIT Election Data and Science Lab, U.S. President 1976-2024",10.7910/DVN/42MVDX,1976-2024-president.csv,authoritative_academic,validated
2020,2016,MONTANA,MT,"CLINTON, HILLARY","TRUMP, DONALD J.",177709,279240,494526,38.89033568297556,61.10966431702444,-22.21932863404888,R,most_recent_completed_presidential_election,True,"MIT Election Data and Science Lab, U.S. President 1976-2024",10.7910/DVN/42MVDX,1976-2024-president.csv,authoritative_academic,validated
2020,2016,NORTH CAROLINA,NC,"CLINTON, HILLARY","TRUMP, DONALD J.",2189316,2362631,4741564,48.096254196281286,51.903745803718714,-3.807491607437427,R,most_recent_completed_presidential_election,True,"MIT Election Data and Science Lab, U.S. President 1976-2024",10.7910/DVN/42MVDX,1976-2024-president.csv,authoritative_academic,validated
2020,2016,NORTH DAKOTA,ND,"CLINTON, HILLARY","TRUMP, DONALD J.",93758,216794,344360,30.190757103480255,69.80924289651975,-39.6184857930395,R,most_recent_completed_presidential_election,True,"MIT Election Data and Science Lab, U.S. President 1976-2024",10.7910/DVN/42MVDX,1976-2024-president.csv,authoritative_academic,validated
2020,2016,NEBRASKA,NE,"CLINTON, HILLARY","TRUMP, DONALD J.",284494,495961,844227,36.45232588682243,63.54767411317757,-27.095348226355146,R,most_recent_completed_presidential_election,True,"MIT Election Data and Science Lab, U.S. President 1976-2024",10.7910/DVN/42MVDX,1976-2024-president.csv,authoritative_academic,validated
2020,2016,NEW HAMPSHIRE,NH,"CLINTON, HILLARY","TRUMP, DONALD J.",348526,345790,744296,50.197028442380706,49.802971557619294,0.3940568847614116,D,most_recent_completed_presidential_election,True,"MIT Election Data and Science Lab, U.S. President 1976-2024",10.7910/DVN/42MVDX,1976-2024-president.csv,authoritative_academic,validated
2020,2016,NEW JERSEY,NJ,"CLINTON, HILLARY","TRUMP, DONALD J.",2148278,1601933,3874046,57.284190142901295,42.715809857098705,14.56838028580259,D,most_recent_completed_presidential_election,True,"MIT Election Data and Science Lab, U.S. President 1976-2024",10.7910/DVN/42MVDX,1976-2024-president.csv,authoritative_academic,validated
2020,2016,NEW MEXICO,NM,"CLINTON, HILLARY","TRUMP, DONALD J.",385234,319667,798319,54.65079493432411,45.34920506567589,9.301589868648222,D,most_recent_completed_presidential_election,True,"MIT Election Data and Science Lab, U.S. President 1976-2024",10.7910/DVN/42MVDX,1976-2024-president.csv,authoritative_academic,validated
2020,2016,NEVADA,NV,"CLINTON, HILLARY","TRUMP, DONALD J.",539260,512058,1125385,51.2937094199852,48.7062905800148,2.587418839970397,D,most_recent_completed_presidential_election,True,"MIT Election Data and Science Lab, U.S. President 1976-2024",10.7910/DVN/42MVDX,1976-2024-president.csv,authoritative_academic,validated
2020,2016,NEW YORK,NY,"CLINTON, HILLARY","TRUMP, DONALD J.",4379789,2527142,7802084,63.41150649977537,36.58849350022463,26.82301299955074,D,most_recent_completed_presidential_election,True,"MIT Election Data and Science Lab, U.S. President 1976-2024",10.7910/DVN/42MVDX,1976-2024-president.csv,authoritative_academic,validated
2020,2016,OHIO,OH,"CLINTON, HILLARY","TRUMP, DONALD J.",2394164,2841005,5496487,45.7323154228641,54.2676845771359,-8.535369154271805,R,most_recent_completed_presidential_election,True,"MIT Election Data and Science Lab, U.S. President 1976-2024",10.7910/DVN/42MVDX,1976-2024-president.csv,authoritative_academic,validated
2020,2016,OKLAHOMA,OK,"CLINTON, HILLARY","TRUMP, DONALD J.",420375,949136,1452992,30.695262761671867,69.30473723832813,-38.60947447665626,R,most_recent_completed_presidential_election,True,"MIT Election Data and Science Lab, U.S. President 1976-2024",10.7910/DVN/42MVDX,1976-2024-president.csv,authoritative_academic,validated
2020,2016,OREGON,OR,"CLINTON, HILLARY","TRUMP, DONALD J.",1002106,782403,2001336,56.15583894505435,43.84416105494565,12.311677890108712,D,most_recent_completed_presidential_election,True,"MIT Election Data and Science Lab, U.S. President 1976-2024",10.7910/DVN/42MVDX,1976-2024-president.csv,authoritative_academic,validated
2020,2016,PENNSYLVANIA,PA,"CLINTON, HILLARY","TRUMP, DONALD J.",2926441,2970733,6115402,49.62446419250983,50.37553580749017,-0.7510716149803329,R,most_recent_completed_presidential_election,True,"MIT Election Data and Science Lab, U.S. President 1976-2024",10.7910/DVN/42MVDX,1976-2024-president.csv,authoritative_academic,validated
2020,2016,RHODE ISLAND,RI,"CLINTON, HILLARY","TRUMP, DONALD J.",252525,180543,464144,58.31070409265981,41.68929590734019,16.621408185319623,D,most_recent_completed_presidential_election,True,"MIT Election Data and Science Lab, U.S. President 1976-2024",10.7910/DVN/42MVDX,1976-2024-president.csv,authoritative_academic,validated
2020,2016,SOUTH CAROLINA,SC,"CLINTON, HILLARY","TRUMP, DONALD J.",855373,1155389,2103027,42.53974363947598,57.46025636052402,-14.92051272104804,R,most_recent_completed_presidential_election,True,"MIT Election Data and Science Lab, U.S. President 1976-2024",10.7910/DVN/42MVDX,1976-2024-president.csv,authoritative_academic,validated
2020,2016,SOUTH DAKOTA,SD,"CLINTON, HILLARY","TRUMP, DONALD J.",117458,227721,370093,34.02814192056875,65.97185807943126,-31.943716158862507,R,most_recent_completed_presidential_election,True,"MIT Election Data and Science Lab, U.S. President 1976-2024",10.7910/DVN/42MVDX,1976-2024-president.csv,authoritative_academic,validated
2020,2016,TENNESSEE,TN,"CLINTON, HILLARY","TRUMP, DONALD J.",870695,1522925,2508027,36.37565695473801,63.62434304526199,-27.248686090523975,R,most_recent_completed_presidential_election,True,"MIT Election Data and Science Lab, U.S. President 1976-2024",10.7910/DVN/42MVDX,1976-2024-president.csv,authoritative_academic,validated
2020,2016,TEXAS,TX,"CLINTON, HILLARY","TRUMP, DONALD J.",3877868,4685047,8969226,45.28677442202801,54.71322557797199,-9.42645115594398,R,most_recent_completed_presidential_election,True,"MIT Election Data and Science Lab, U.S. President 1976-2024",10.7910/DVN/42MVDX,1976-2024-president.csv,authoritative_academic,validated
2020,2016,UTAH,UT,"CLINTON, HILLARY","TRUMP, DONALD J.",310674,515211,1131317,37.61710165458872,62.38289834541128,-24.76579669082257,R,most_recent_completed_presidential_election,True,"MIT Election Data and Science Lab, U.S. President 1976-2024",10.7910/DVN/42MVDX,1976-2024-president.csv,authoritative_academic,validated
2020,2016,VIRGINIA,VA,"CLINTON, HILLARY","TRUMP, DONALD J.",1981473,1769443,3982752,52.8263762771547,47.1736237228453,5.6527525543094015,D,most_recent_completed_presidential_election,True,"MIT Election Data and Science Lab, U.S. President 1976-2024",10.7910/DVN/42MVDX,1976-2024-president.csv,authoritative_academic,validated
2020,2016,VERMONT,VT,"CLINTON, HILLARY","TRUMP, DONALD J.",178573,95369,320467,65.18642632382037,34.81357367617963,30.37285264764074,D,most_recent_completed_presidential_election,True,"MIT Election Data and Science Lab, U.S. President 1976-2024",10.7910/DVN/42MVDX,1976-2024-president.csv,authoritative_academic,validated
2020,2016,WASHINGTON,WA,"CLINTON, HILLARY","TRUMP, DONALD J.",1742718,1221747,3317019,58.78693120006477,41.21306879993523,17.573862400129528,D,most_recent_completed_presidential_election,True,"MIT Election Data and Science Lab, U.S. President 1976-2024",10.7910/DVN/42MVDX,1976-2024-president.csv,authoritative_academic,validated
2020,2016,WISCONSIN,WI,"CLINTON, HILLARY","TRUMP, DONALD J.",1382536,1405284,2976150,49.59201096197029,50.40798903802971,-0.8159780760594231,R,most_recent_completed_presidential_election,True,"MIT Election Data and Science Lab, U.S. President 1976-2024",10.7910/DVN/42MVDX,1976-2024-president.csv,authoritative_academic,validated
2020,2016,WEST VIRGINIA,WV,"CLINTON, HILLARY","TRUMP, DONALD J.",188794,489371,713051,27.838947748704225,72.16105225129577,-44.32210450259154,R,most_recent_completed_presidential_election,True,"MIT Election Data and Science Lab, U.S. President 1976-2024",10.7910/DVN/42MVDX,1976-2024-president.csv,authoritative_academic,validated
2020,2016,WYOMING,WY,"CLINTON, HILLARY","TRUMP, DONALD J.",55973,174419,258788,24.29468037084621,75.70531962915379,-51.41063925830758,R,most_recent_completed_presidential_election,True,"MIT Election Data and Science Lab, U.S. President 1976-2024",10.7910/DVN/42MVDX,1976-2024-president.csv,authoritative_academic,validated
2022,2020,ALASKA,AK,"BIDEN, JOSEPH R. JR","TRUMP, DONALD J.",153778,189951,359530,44.73815127615069,55.26184872384931,-10.523697447698623,R,most_recent_completed_presidential_election,True,"MIT Election Data and Science Lab, U.S. President 1976-2024",10.7910/DVN/42MVDX,1976-2024-president.csv,authoritative_academic,validated
2022,2020,ALABAMA,AL,"BIDEN, JOSEPH R. JR","TRUMP, DONALD J.",849624,1441170,2323282,37.08862516664528,62.91137483335472,-25.82274966670944,R,most_recent_completed_presidential_election,True,"MIT Election Data and Science Lab, U.S. President 1976-2024",10.7910/DVN/42MVDX,1976-2024-president.csv,authoritative_academic,validated
2022,2020,ARKANSAS,AR,"BIDEN, JOSEPH R. JR","TRUMP, DONALD J.",423932,760647,1219069,35.78756672201685,64.21243327798315,-28.424866555966304,R,most_recent_completed_presidential_election,True,"MIT Election Data and Science Lab, U.S. President 1976-2024",10.7910/DVN/42MVDX,1976-2024-president.csv,authoritative_academic,validated
2022,2020,ARIZONA,AZ,"BIDEN, JOSEPH R. JR","TRUMP, DONALD J.",1672143,1661686,3387326,50.15683167912931,49.84316832087069,0.3136633582586228,D,most_recent_completed_presidential_election,True,"MIT Election Data and Science Lab, U.S. President 1976-2024",10.7910/DVN/42MVDX,1976-2024-president.csv,authoritative_academic,validated
2022,2020,CALIFORNIA,CA,"BIDEN, JOSEPH R. JR","TRUMP, DONALD J.",11110250,6006429,17500881,64.90891136066757,35.09108863933243,29.81782272133514,D,most_recent_completed_presidential_election,True,"MIT Election Data and Science Lab, U.S. President 1976-2024",10.7910/DVN/42MVDX,1976-2024-president.csv,authoritative_academic,validated
2022,2020,COLORADO,CO,"BIDEN, JOSEPH R. JR","TRUMP, DONALD J.",1804352,1364607,3279980,56.93831949230015,43.06168050769985,13.876638984600303,D,most_recent_completed_presidential_election,True,"MIT Election Data and Science Lab, U.S. President 1976-2024",10.7910/DVN/42MVDX,1976-2024-president.csv,authoritative_academic,validated
2022,2020,CONNECTICUT,CT,"BIDEN, JOSEPH R. JR","TRUMP, DONALD J.",1080831,714717,1823857,60.195049088077845,39.804950911922155,20.39009817615569,D,most_recent_completed_presidential_election,True,"MIT Election Data and Science Lab, U.S. President 1976-2024",10.7910/DVN/42MVDX,1976-2024-president.csv,authoritative_academic,validated
2022,2020,DELAWARE,DE,"BIDEN, JOSEPH R. JR","TRUMP, DONALD J.",296268,200603,504346,59.62674416498447,40.37325583501553,19.253488329968945,D,most_recent_completed_presidential_election,True,"MIT Election Data and Science Lab, U.S. President 1976-2024",10.7910/DVN/42MVDX,1976-2024-president.csv,authoritative_academic,validated
2022,2020,FLORIDA,FL,"BIDEN, JOSEPH R. JR","TRUMP, DONALD J.",5297045,5668731,11067456,48.305245337858445,51.694754662141555,-3.389509324283111,R,most_recent_completed_presidential_election,True,"MIT Election Data and Science Lab, U.S. President 1976-2024",10.7910/DVN/42MVDX,1976-2024-president.csv,authoritative_academic,validated
2022,2020,GEORGIA,GA,"BIDEN, JOSEPH R. JR","TRUMP, DONALD J.",2473633,2461854,4999960,50.11932966290865,49.88067033709135,0.2386593258172951,D,most_recent_completed_presidential_election,True,"MIT Election Data and Science Lab, U.S. President 1976-2024",10.7910/DVN/42MVDX,1976-2024-president.csv,authoritative_academic,validated
2022,2020,HAWAII,HI,"BIDEN, JOSEPH R. JR","TRUMP, DONALD J.",366130,196864,579784,65.03266464651489,34.96733535348512,30.06532929302977,D,most_recent_completed_presidential_election,True,"MIT Election Data and Science Lab, U.S. President 1976-2024",10.7910/DVN/42MVDX,1976-2024-president.csv,authoritative_academic,validated
2022,2020,IOWA,IA,"BIDEN, JOSEPH R. JR","TRUMP, DONALD J.",759061,897672,1700130,45.816736915362945,54.183263084637055,-8.36652616927411,R,most_recent_completed_presidential_election,True,"MIT Election Data and Science Lab, U.S. President 1976-2024",10.7910/DVN/42MVDX,1976-2024-president.csv,authoritative_academic,validated
2022,2020,IDAHO,ID,"BIDEN, JOSEPH R. JR","TRUMP, DONALD J.",287021,554119,868014,34.12285707492213,65.87714292507788,-31.754285850155743,R,most_recent_completed_presidential_election,True,"MIT Election Data and Science Lab, U.S. President 1976-2024",10.7910/DVN/42MVDX,1976-2024-president.csv,authoritative_academic,validated
2022,2020,ILLINOIS,IL,"BIDEN, JOSEPH R. JR","TRUMP, DONALD J.",3471915,2446891,6033743,58.65904373280692,41.34095626719308,17.318087465613843,D,most_recent_completed_presidential_election,True,"MIT Election Data and Science Lab, U.S. President 1976-2024",10.7910/DVN/42MVDX,1976-2024-president.csv,authoritative_academic,validated
2022,2020,INDIANA,IN,"BIDEN, JOSEPH R. JR","TRUMP, DONALD J.",1242416,1729519,3033118,41.80495199255704,58.19504800744296,-16.390096014885927,R,most_recent_completed_presidential_election,True,"MIT Election Data and Science Lab, U.S. President 1976-2024",10.7910/DVN/42MVDX,1976-2024-president.csv,authoritative_academic,validated
2022,2020,KANSAS,KS,"BIDEN, JOSEPH R. JR","TRUMP, DONALD J.",570323,771406,1372303,42.50657174436865,57.49342825563135,-14.9868565112627,R,most_recent_completed_presidential_election,True,"MIT Election Data and Science Lab, U.S. President 1976-2024",10.7910/DVN/42MVDX,1976-2024-president.csv,authoritative_academic,validated
2022,2020,KENTUCKY,KY,"BIDEN, JOSEPH R. JR","TRUMP, DONALD J.",772474,1326646,2136768,36.79989709973703,63.20010290026297,-26.40020580052594,R,most_recent_completed_presidential_election,True,"MIT Election Data and Science Lab, U.S. President 1976-2024",10.7910/DVN/42MVDX,1976-2024-president.csv,authoritative_academic,validated
2022,2020,LOUISIANA,LA,"BIDEN, JOSEPH R. JR","TRUMP, DONALD J.",856034,1255776,2148062,40.53555954370895,59.46444045629105,-18.928880912582105,R,most_recent_completed_presidential_election,True,"MIT Election Data and Science Lab, U.S. President 1976-2024",10.7910/DVN/42MVDX,1976-2024-president.csv,authoritative_academic,validated
2022,2020,MASSACHUSETTS,MA,"BIDEN, JOSEPH R. JR","TRUMP, DONALD J.",2382202,1167202,3658005,67.11554954014815,32.88445045985185,34.2310990802963,D,most_recent_completed_presidential_election,True,"MIT Election Data and Science Lab, U.S. President 1976-2024",10.7910/DVN/42MVDX,1976-2024-president.csv,authoritative_academic,validated
2022,2020,MARYLAND,MD,"BIDEN, JOSEPH R. JR","TRUMP, DONALD J.",1985023,976414,3037030,67.02904704709233,32.97095295290766,34.058094094184675,D,most_recent_completed_presidential_election,True,"MIT Election Data and Science Lab, U.S. President 1976-2024",10.7910/DVN/42MVDX,1976-2024-president.csv,authoritative_academic,validated
2022,2020,MAINE,ME,"BIDEN, JOSEPH R. JR","TRUMP, DONALD J.",435072,360737,828305,54.670404582003975,45.329595417996025,9.34080916400795,D,most_recent_completed_presidential_election,True,"MIT Election Data and Science Lab, U.S. President 1976-2024",10.7910/DVN/42MVDX,1976-2024-president.csv,authoritative_academic,validated
2022,2020,MICHIGAN,MI,"BIDEN, JOSEPH R. JR","TRUMP, DONALD J.",2804040,2649852,5539302,51.41355934440946,48.58644065559054,2.8271186888189135,D,most_recent_completed_presidential_election,True,"MIT Election Data and Science Lab, U.S. President 1976-2024",10.7910/DVN/42MVDX,1976-2024-president.csv,authoritative_academic,validated
2022,2020,MINNESOTA,MN,"BIDEN, JOSEPH R. JR","TRUMP, DONALD J.",1717077,1484065,3277171,53.63951364856667,46.36048635143333,7.279027297133339,D,most_recent_completed_presidential_election,True,"MIT Election Data and Science Lab, U.S. President 1976-2024",10.7910/DVN/42MVDX,1976-2024-president.csv,authoritative_academic,validated
2022,2020,MISSOURI,MO,"BIDEN, JOSEPH R. JR","TRUMP, DONALD J.",1253014,1718736,3025962,42.16417935559856,57.83582064440144,-15.671641288802888,R,most_recent_completed_presidential_election,True,"MIT Election Data and Science Lab, U.S. President 1976-2024",10.7910/DVN/42MVDX,1976-2024-president.csv,authoritative_academic,validated
2022,2020,MISSISSIPPI,MS,"BIDEN, JOSEPH R. JR","TRUMP, DONALD J.",539398,756764,1313759,41.61501417261114,58.38498582738886,-16.76997165477772,R,most_recent_completed_presidential_election,True,"MIT Election Data and Science Lab, U.S. President 1976-2024",10.7910/DVN/42MVDX,1976-2024-president.csv,authoritative_academic,validated
2022,2020,MONTANA,MT,"BIDEN, JOSEPH R. JR","TRUMP, DONALD J.",244786,343602,603674,41.6028199079519,58.3971800920481,-16.794360184096206,R,most_recent_completed_presidential_election,True,"MIT Election Data and Science Lab, U.S. President 1976-2024",10.7910/DVN/42MVDX,1976-2024-president.csv,authoritative_academic,validated
2022,2020,NORTH CAROLINA,NC,"BIDEN, JOSEPH R. JR","TRUMP, DONALD J.",2684292,2758773,5524802,49.31581746681328,50.68418253318672,-1.3683650663734426,R,most_recent_completed_presidential_election,True,"MIT Election Data and Science Lab, U.S. President 1976-2024",10.7910/DVN/42MVDX,1976-2024-president.csv,authoritative_academic,validated
2022,2020,NORTH DAKOTA,ND,"BIDEN, JOSEPH R. JR","TRUMP, DONALD J.",114902,235595,361819,32.78259157710337,67.21740842289663,-34.43481684579326,R,most_recent_completed_presidential_election,True,"MIT Election Data and Science Lab, U.S. President 1976-2024",10.7910/DVN/42MVDX,1976-2024-president.csv,authoritative_academic,validated
2022,2020,NEBRASKA,NE,"BIDEN, JOSEPH R. JR","TRUMP, DONALD J.",374583,556846,956383,40.215947753398275,59.784052246601725,-19.56810449320345,R,most_recent_completed_presidential_election,True,"MIT Election Data and Science Lab, U.S. President 1976-2024",10.7910/DVN/42MVDX,1976-2024-president.csv,authoritative_academic,validated
2022,2020,NEW HAMPSHIRE,NH,"BIDEN, JOSEPH R. JR","TRUMP, DONALD J.",424921,365654,806182,53.74834772159504,46.25165227840496,7.496695443190077,D,most_recent_completed_presidential_election,True,"MIT Election Data and Science Lab, U.S. President 1976-2024",10.7910/DVN/42MVDX,1976-2024-president.csv,authoritative_academic,validated
2022,2020,NEW JERSEY,NJ,"BIDEN, JOSEPH R. JR","TRUMP, DONALD J.",2608335,1883274,4549353,58.07128358679484,41.92871641320516,16.142567173589683,D,most_recent_completed_presidential_election,True,"MIT Election Data and Science Lab, U.S. President 1976-2024",10.7910/DVN/42MVDX,1976-2024-president.csv,authoritative_academic,validated
2022,2020,NEW MEXICO,NM,"BIDEN, JOSEPH R. JR","TRUMP, DONALD J.",501614,401894,923965,55.51849015171974,44.48150984828026,11.036980303439478,D,most_recent_completed_presidential_election,True,"MIT Election Data and Science Lab, U.S. President 1976-2024",10.7910/DVN/42MVDX,1976-2024-president.csv,authoritative_academic,validated
2022,2020,NEVADA,NV,"BIDEN, JOSEPH R. JR","TRUMP, DONALD J.",703486,669890,1405376,51.22311734004381,48.77688265995619,2.446234680087614,D,most_recent_completed_presidential_election,True,"MIT Election Data and Science Lab, U.S. President 1976-2024",10.7910/DVN/42MVDX,1976-2024-president.csv,authoritative_academic,validated
2022,2020,NEW YORK,NY,"BIDEN, JOSEPH R. JR","TRUMP, DONALD J.",5230985,3244798,8661735,61.71683489301225,38.28316510698775,23.433669786024495,D,most_recent_completed_presidential_election,True,"MIT Election Data and Science Lab, U.S. President 1976-2024",10.7910/DVN/42MVDX,1976-2024-president.csv,authoritative_academic,validated
2022,2020,OHIO,OH,"BIDEN, JOSEPH R. JR","TRUMP, DONALD J.",2679165,3154834,5922202,45.92330235229728,54.07669764770272,-8.153395295405431,R,most_recent_completed_presidential_election,True,"MIT Election Data and Science Lab, U.S. President 1976-2024",10.7910/DVN/42MVDX,1976-2024-president.csv,authoritative_academic,validated
2022,2020,OKLAHOMA,OK,"BIDEN, JOSEPH R. JR","TRUMP, DONALD J.",503890,1020280,1560699,33.059960503093485,66.94003949690651,-33.88007899381302,R,most_recent_completed_presidential_election,True,"MIT Election Data and Science Lab, U.S. President 1976-2024",10.7910/DVN/42MVDX,1976-2024-president.csv,authoritative_academic,validated
2022,2020,OREGON,OR,"BIDEN, JOSEPH R. JR","TRUMP, DONALD J.",1340383,958448,2374321,58.30715698544173,41.69284301455827,16.614313970883458,D,most_recent_completed_presidential_election,True,"MIT Election Data and Science Lab, U.S. President 1976-2024",10.7910/DVN/42MVDX,1976-2024-president.csv,authoritative_academic,validated
2022,2020,PENNSYLVANIA,PA,"BIDEN, JOSEPH R. JR","TRUMP, DONALD J.",3458229,3377674,6915283,50.58920525934906,49.41079474065094,1.178410518698115,D,most_recent_completed_presidential_election,True,"MIT Election Data and Science Lab, U.S. President 1976-2024",10.7910/DVN/42MVDX,1976-2024-president.csv,authoritative_academic,validated
2022,2020,RHODE ISLAND,RI,"BIDEN, JOSEPH R. JR","TRUMP, DONALD J.",307486,199922,516990,60.59935988395926,39.40064011604074,21.19871976791852,D,most_recent_completed_presidential_election,True,"MIT Election Data and Science Lab, U.S. President 1976-2024",10.7910/DVN/42MVDX,1976-2024-president.csv,authoritative_academic,validated
2022,2020,SOUTH CAROLINA,SC,"BIDEN, JOSEPH R. JR","TRUMP, DONALD J.",1091541,1385103,2514096,44.073391250417906,55.926608749582094,-11.853217499164188,R,most_recent_completed_presidential_election,True,"MIT Election Data and Science Lab, U.S. President 1976-2024",10.7910/DVN/42MVDX,1976-2024-president.csv,authoritative_academic,validated
2022,2020,SOUTH DAKOTA,SD,"BIDEN, JOSEPH R. JR","TRUMP, DONALD J.",150471,261043,422609,36.5652201383185,63.4347798616815,-26.869559723362997,R,most_recent_completed_presidential_election,True,"MIT Election Data and Science Lab, U.S. President 1976-2024",10.7910/DVN/42MVDX,1976-2024-president.csv,authoritative_academic,validated
2022,2020,TENNESSEE,TN,"BIDEN, JOSEPH R. JR","TRUMP, DONALD J.",1143711,1852475,3053851,38.172229627933646,61.827770372066354,-23.655540744132708,R,most_recent_completed_presidential_election,True,"MIT Election Data and Science Lab, U.S. President 1976-2024",10.7910/DVN/42MVDX,1976-2024-president.csv,authoritative_academic,validated
2022,2020,TEXAS,TX,"BIDEN, JOSEPH R. JR","TRUMP, DONALD J.",5259126,5890347,11315056,47.16927876322047,52.83072123677953,-5.661442473559063,R,most_recent_completed_presidential_election,True,"MIT Election Data and Science Lab, U.S. President 1976-2024",10.7910/DVN/42MVDX,1976-2024-president.csv,authoritative_academic,validated
2022,2020,UTAH,UT,"BIDEN, JOSEPH R. JR","TRUMP, DONALD J.",560282,865140,1488289,39.30639487814837,60.69360512185163,-21.387210243703265,R,most_recent_completed_presidential_election,True,"MIT Election Data and Science Lab, U.S. President 1976-2024",10.7910/DVN/42MVDX,1976-2024-president.csv,authoritative_academic,validated
2022,2020,VIRGINIA,VA,"BIDEN, JOSEPH R. JR","TRUMP, DONALD J.",2413568,1962430,4460524,55.15468699939991,44.84531300060009,10.309373998799812,D,most_recent_completed_presidential_election,True,"MIT Election Data and Science Lab, U.S. President 1976-2024",10.7910/DVN/42MVDX,1976-2024-president.csv,authoritative_academic,validated
2022,2020,VERMONT,VT,"BIDEN, JOSEPH R. JR","TRUMP, DONALD J.",242820,112704,370968,68.29918655280656,31.70081344719344,36.59837310561312,D,most_recent_completed_presidential_election,True,"MIT Election Data and Science Lab, U.S. President 1976-2024",10.7910/DVN/42MVDX,1976-2024-president.csv,authoritative_academic,validated
2022,2020,WASHINGTON,WA,"BIDEN, JOSEPH R. JR","TRUMP, DONALD J.",2369612,1584651,4087631,59.92550318479069,40.07449681520931,19.851006369581384,D,most_recent_completed_presidential_election,True,"MIT Election Data and Science Lab, U.S. President 1976-2024",10.7910/DVN/42MVDX,1976-2024-president.csv,authoritative_academic,validated
2022,2020,WISCONSIN,WI,"BIDEN, JOSEPH R. JR","TRUMP, DONALD J.",1630866,1610184,3298041,50.319063266533995,49.680936733466005,0.6381265330679895,D,most_recent_completed_presidential_election,True,"MIT Election Data and Science Lab, U.S. President 1976-2024",10.7910/DVN/42MVDX,1976-2024-president.csv,authoritative_academic,validated
2022,2020,WEST VIRGINIA,WV,"BIDEN, JOSEPH R. JR","TRUMP, DONALD J.",235984,545382,794652,30.201467686077972,69.79853231392202,-39.59706462784405,R,most_recent_completed_presidential_election,True,"MIT Election Data and Science Lab, U.S. President 1976-2024",10.7910/DVN/42MVDX,1976-2024-president.csv,authoritative_academic,validated
2022,2020,WYOMING,WY,"BIDEN, JOSEPH R. JR","TRUMP, DONALD J.",73491,193559,278503,27.519565624414906,72.48043437558509,-44.96086875117019,R,most_recent_completed_presidential_election,True,"MIT Election Data and Science Lab, U.S. President 1976-2024",10.7910/DVN/42MVDX,1976-2024-president.csv,authoritative_academic,validated
2024,2020,ALASKA,AK,"BIDEN, JOSEPH R. JR","TRUMP, DONALD J.",153778,189951,359530,44.73815127615069,55.26184872384931,-10.523697447698623,R,most_recent_completed_presidential_election,True,"MIT Election Data and Science Lab, U.S. President 1976-2024",10.7910/DVN/42MVDX,1976-2024-president.csv,authoritative_academic,validated
2024,2020,ALABAMA,AL,"BIDEN, JOSEPH R. JR","TRUMP, DONALD J.",849624,1441170,2323282,37.08862516664528,62.91137483335472,-25.82274966670944,R,most_recent_completed_presidential_election,True,"MIT Election Data and Science Lab, U.S. President 1976-2024",10.7910/DVN/42MVDX,1976-2024-president.csv,authoritative_academic,validated
2024,2020,ARKANSAS,AR,"BIDEN, JOSEPH R. JR","TRUMP, DONALD J.",423932,760647,1219069,35.78756672201685,64.21243327798315,-28.424866555966304,R,most_recent_completed_presidential_election,True,"MIT Election Data and Science Lab, U.S. President 1976-2024",10.7910/DVN/42MVDX,1976-2024-president.csv,authoritative_academic,validated
2024,2020,ARIZONA,AZ,"BIDEN, JOSEPH R. JR","TRUMP, DONALD J.",1672143,1661686,3387326,50.15683167912931,49.84316832087069,0.3136633582586228,D,most_recent_completed_presidential_election,True,"MIT Election Data and Science Lab, U.S. President 1976-2024",10.7910/DVN/42MVDX,1976-2024-president.csv,authoritative_academic,validated
2024,2020,CALIFORNIA,CA,"BIDEN, JOSEPH R. JR","TRUMP, DONALD J.",11110250,6006429,17500881,64.90891136066757,35.09108863933243,29.81782272133514,D,most_recent_completed_presidential_election,True,"MIT Election Data and Science Lab, U.S. President 1976-2024",10.7910/DVN/42MVDX,1976-2024-president.csv,authoritative_academic,validated
2024,2020,COLORADO,CO,"BIDEN, JOSEPH R. JR","TRUMP, DONALD J.",1804352,1364607,3279980,56.93831949230015,43.06168050769985,13.876638984600303,D,most_recent_completed_presidential_election,True,"MIT Election Data and Science Lab, U.S. President 1976-2024",10.7910/DVN/42MVDX,1976-2024-president.csv,authoritative_academic,validated
2024,2020,CONNECTICUT,CT,"BIDEN, JOSEPH R. JR","TRUMP, DONALD J.",1080831,714717,1823857,60.195049088077845,39.804950911922155,20.39009817615569,D,most_recent_completed_presidential_election,True,"MIT Election Data and Science Lab, U.S. President 1976-2024",10.7910/DVN/42MVDX,1976-2024-president.csv,authoritative_academic,validated
2024,2020,DELAWARE,DE,"BIDEN, JOSEPH R. JR","TRUMP, DONALD J.",296268,200603,504346,59.62674416498447,40.37325583501553,19.253488329968945,D,most_recent_completed_presidential_election,True,"MIT Election Data and Science Lab, U.S. President 1976-2024",10.7910/DVN/42MVDX,1976-2024-president.csv,authoritative_academic,validated
2024,2020,FLORIDA,FL,"BIDEN, JOSEPH R. JR","TRUMP, DONALD J.",5297045,5668731,11067456,48.305245337858445,51.694754662141555,-3.389509324283111,R,most_recent_completed_presidential_election,True,"MIT Election Data and Science Lab, U.S. President 1976-2024",10.7910/DVN/42MVDX,1976-2024-president.csv,authoritative_academic,validated
2024,2020,GEORGIA,GA,"BIDEN, JOSEPH R. JR","TRUMP, DONALD J.",2473633,2461854,4999960,50.11932966290865,49.88067033709135,0.2386593258172951,D,most_recent_completed_presidential_election,True,"MIT Election Data and Science Lab, U.S. President 1976-2024",10.7910/DVN/42MVDX,1976-2024-president.csv,authoritative_academic,validated
2024,2020,HAWAII,HI,"BIDEN, JOSEPH R. JR","TRUMP, DONALD J.",366130,196864,579784,65.03266464651489,34.96733535348512,30.06532929302977,D,most_recent_completed_presidential_election,True,"MIT Election Data and Science Lab, U.S. President 1976-2024",10.7910/DVN/42MVDX,1976-2024-president.csv,authoritative_academic,validated
2024,2020,IOWA,IA,"BIDEN, JOSEPH R. JR","TRUMP, DONALD J.",759061,897672,1700130,45.816736915362945,54.183263084637055,-8.36652616927411,R,most_recent_completed_presidential_election,True,"MIT Election Data and Science Lab, U.S. President 1976-2024",10.7910/DVN/42MVDX,1976-2024-president.csv,authoritative_academic,validated
2024,2020,IDAHO,ID,"BIDEN, JOSEPH R. JR","TRUMP, DONALD J.",287021,554119,868014,34.12285707492213,65.87714292507788,-31.754285850155743,R,most_recent_completed_presidential_election,True,"MIT Election Data and Science Lab, U.S. President 1976-2024",10.7910/DVN/42MVDX,1976-2024-president.csv,authoritative_academic,validated
2024,2020,ILLINOIS,IL,"BIDEN, JOSEPH R. JR","TRUMP, DONALD J.",3471915,2446891,6033743,58.65904373280692,41.34095626719308,17.318087465613843,D,most_recent_completed_presidential_election,True,"MIT Election Data and Science Lab, U.S. President 1976-2024",10.7910/DVN/42MVDX,1976-2024-president.csv,authoritative_academic,validated
2024,2020,INDIANA,IN,"BIDEN, JOSEPH R. JR","TRUMP, DONALD J.",1242416,1729519,3033118,41.80495199255704,58.19504800744296,-16.390096014885927,R,most_recent_completed_presidential_election,True,"MIT Election Data and Science Lab, U.S. President 1976-2024",10.7910/DVN/42MVDX,1976-2024-president.csv,authoritative_academic,validated
2024,2020,KANSAS,KS,"BIDEN, JOSEPH R. JR","TRUMP, DONALD J.",570323,771406,1372303,42.50657174436865,57.49342825563135,-14.9868565112627,R,most_recent_completed_presidential_election,True,"MIT Election Data and Science Lab, U.S. President 1976-2024",10.7910/DVN/42MVDX,1976-2024-president.csv,authoritative_academic,validated
2024,2020,KENTUCKY,KY,"BIDEN, JOSEPH R. JR","TRUMP, DONALD J.",772474,1326646,2136768,36.79989709973703,63.20010290026297,-26.40020580052594,R,most_recent_completed_presidential_election,True,"MIT Election Data and Science Lab, U.S. President 1976-2024",10.7910/DVN/42MVDX,1976-2024-president.csv,authoritative_academic,validated
2024,2020,LOUISIANA,LA,"BIDEN, JOSEPH R. JR","TRUMP, DONALD J.",856034,1255776,2148062,40.53555954370895,59.46444045629105,-18.928880912582105,R,most_recent_completed_presidential_election,True,"MIT Election Data and Science Lab, U.S. President 1976-2024",10.7910/DVN/42MVDX,1976-2024-president.csv,authoritative_academic,validated
2024,2020,MASSACHUSETTS,MA,"BIDEN, JOSEPH R. JR","TRUMP, DONALD J.",2382202,1167202,3658005,67.11554954014815,32.88445045985185,34.2310990802963,D,most_recent_completed_presidential_election,True,"MIT Election Data and Science Lab, U.S. President 1976-2024",10.7910/DVN/42MVDX,1976-2024-president.csv,authoritative_academic,validated
2024,2020,MARYLAND,MD,"BIDEN, JOSEPH R. JR","TRUMP, DONALD J.",1985023,976414,3037030,67.02904704709233,32.97095295290766,34.058094094184675,D,most_recent_completed_presidential_election,True,"MIT Election Data and Science Lab, U.S. President 1976-2024",10.7910/DVN/42MVDX,1976-2024-president.csv,authoritative_academic,validated
2024,2020,MAINE,ME,"BIDEN, JOSEPH R. JR","TRUMP, DONALD J.",435072,360737,828305,54.670404582003975,45.329595417996025,9.34080916400795,D,most_recent_completed_presidential_election,True,"MIT Election Data and Science Lab, U.S. President 1976-2024",10.7910/DVN/42MVDX,1976-2024-president.csv,authoritative_academic,validated
2024,2020,MICHIGAN,MI,"BIDEN, JOSEPH R. JR","TRUMP, DONALD J.",2804040,2649852,5539302,51.41355934440946,48.58644065559054,2.8271186888189135,D,most_recent_completed_presidential_election,True,"MIT Election Data and Science Lab, U.S. President 1976-2024",10.7910/DVN/42MVDX,1976-2024-president.csv,authoritative_academic,validated
2024,2020,MINNESOTA,MN,"BIDEN, JOSEPH R. JR","TRUMP, DONALD J.",1717077,1484065,3277171,53.63951364856667,46.36048635143333,7.279027297133339,D,most_recent_completed_presidential_election,True,"MIT Election Data and Science Lab, U.S. President 1976-2024",10.7910/DVN/42MVDX,1976-2024-president.csv,authoritative_academic,validated
2024,2020,MISSOURI,MO,"BIDEN, JOSEPH R. JR","TRUMP, DONALD J.",1253014,1718736,3025962,42.16417935559856,57.83582064440144,-15.671641288802888,R,most_recent_completed_presidential_election,True,"MIT Election Data and Science Lab, U.S. President 1976-2024",10.7910/DVN/42MVDX,1976-2024-president.csv,authoritative_academic,validated
2024,2020,MISSISSIPPI,MS,"BIDEN, JOSEPH R. JR","TRUMP, DONALD J.",539398,756764,1313759,41.61501417261114,58.38498582738886,-16.76997165477772,R,most_recent_completed_presidential_election,True,"MIT Election Data and Science Lab, U.S. President 1976-2024",10.7910/DVN/42MVDX,1976-2024-president.csv,authoritative_academic,validated
2024,2020,MONTANA,MT,"BIDEN, JOSEPH R. JR","TRUMP, DONALD J.",244786,343602,603674,41.6028199079519,58.3971800920481,-16.794360184096206,R,most_recent_completed_presidential_election,True,"MIT Election Data and Science Lab, U.S. President 1976-2024",10.7910/DVN/42MVDX,1976-2024-president.csv,authoritative_academic,validated
2024,2020,NORTH CAROLINA,NC,"BIDEN, JOSEPH R. JR","TRUMP, DONALD J.",2684292,2758773,5524802,49.31581746681328,50.68418253318672,-1.3683650663734426,R,most_recent_completed_presidential_election,True,"MIT Election Data and Science Lab, U.S. President 1976-2024",10.7910/DVN/42MVDX,1976-2024-president.csv,authoritative_academic,validated
2024,2020,NORTH DAKOTA,ND,"BIDEN, JOSEPH R. JR","TRUMP, DONALD J.",114902,235595,361819,32.78259157710337,67.21740842289663,-34.43481684579326,R,most_recent_completed_presidential_election,True,"MIT Election Data and Science Lab, U.S. President 1976-2024",10.7910/DVN/42MVDX,1976-2024-president.csv,authoritative_academic,validated
2024,2020,NEBRASKA,NE,"BIDEN, JOSEPH R. JR","TRUMP, DONALD J.",374583,556846,956383,40.215947753398275,59.784052246601725,-19.56810449320345,R,most_recent_completed_presidential_election,True,"MIT Election Data and Science Lab, U.S. President 1976-2024",10.7910/DVN/42MVDX,1976-2024-president.csv,authoritative_academic,validated
2024,2020,NEW HAMPSHIRE,NH,"BIDEN, JOSEPH R. JR","TRUMP, DONALD J.",424921,365654,806182,53.74834772159504,46.25165227840496,7.496695443190077,D,most_recent_completed_presidential_election,True,"MIT Election Data and Science Lab, U.S. President 1976-2024",10.7910/DVN/42MVDX,1976-2024-president.csv,authoritative_academic,validated
2024,2020,NEW JERSEY,NJ,"BIDEN, JOSEPH R. JR","TRUMP, DONALD J.",2608335,1883274,4549353,58.07128358679484,41.92871641320516,16.142567173589683,D,most_recent_completed_presidential_election,True,"MIT Election Data and Science Lab, U.S. President 1976-2024",10.7910/DVN/42MVDX,1976-2024-president.csv,authoritative_academic,validated
2024,2020,NEW MEXICO,NM,"BIDEN, JOSEPH R. JR","TRUMP, DONALD J.",501614,401894,923965,55.51849015171974,44.48150984828026,11.036980303439478,D,most_recent_completed_presidential_election,True,"MIT Election Data and Science Lab, U.S. President 1976-2024",10.7910/DVN/42MVDX,1976-2024-president.csv,authoritative_academic,validated
2024,2020,NEVADA,NV,"BIDEN, JOSEPH R. JR","TRUMP, DONALD J.",703486,669890,1405376,51.22311734004381,48.77688265995619,2.446234680087614,D,most_recent_completed_presidential_election,True,"MIT Election Data and Science Lab, U.S. President 1976-2024",10.7910/DVN/42MVDX,1976-2024-president.csv,authoritative_academic,validated
2024,2020,NEW YORK,NY,"BIDEN, JOSEPH R. JR","TRUMP, DONALD J.",5230985,3244798,8661735,61.71683489301225,38.28316510698775,23.433669786024495,D,most_recent_completed_presidential_election,True,"MIT Election Data and Science Lab, U.S. President 1976-2024",10.7910/DVN/42MVDX,1976-2024-president.csv,authoritative_academic,validated
2024,2020,OHIO,OH,"BIDEN, JOSEPH R. JR","TRUMP, DONALD J.",2679165,3154834,5922202,45.92330235229728,54.07669764770272,-8.153395295405431,R,most_recent_completed_presidential_election,True,"MIT Election Data and Science Lab, U.S. President 1976-2024",10.7910/DVN/42MVDX,1976-2024-president.csv,authoritative_academic,validated
2024,2020,OKLAHOMA,OK,"BIDEN, JOSEPH R. JR","TRUMP, DONALD J.",503890,1020280,1560699,33.059960503093485,66.94003949690651,-33.88007899381302,R,most_recent_completed_presidential_election,True,"MIT Election Data and Science Lab, U.S. President 1976-2024",10.7910/DVN/42MVDX,1976-2024-president.csv,authoritative_academic,validated
2024,2020,OREGON,OR,"BIDEN, JOSEPH R. JR","TRUMP, DONALD J.",1340383,958448,2374321,58.30715698544173,41.69284301455827,16.614313970883458,D,most_recent_completed_presidential_election,True,"MIT Election Data and Science Lab, U.S. President 1976-2024",10.7910/DVN/42MVDX,1976-2024-president.csv,authoritative_academic,validated
2024,2020,PENNSYLVANIA,PA,"BIDEN, JOSEPH R. JR","TRUMP, DONALD J.",3458229,3377674,6915283,50.58920525934906,49.41079474065094,1.178410518698115,D,most_recent_completed_presidential_election,True,"MIT Election Data and Science Lab, U.S. President 1976-2024",10.7910/DVN/42MVDX,1976-2024-president.csv,authoritative_academic,validated
2024,2020,RHODE ISLAND,RI,"BIDEN, JOSEPH R. JR","TRUMP, DONALD J.",307486,199922,516990,60.59935988395926,39.40064011604074,21.19871976791852,D,most_recent_completed_presidential_election,True,"MIT Election Data and Science Lab, U.S. President 1976-2024",10.7910/DVN/42MVDX,1976-2024-president.csv,authoritative_academic,validated
2024,2020,SOUTH CAROLINA,SC,"BIDEN, JOSEPH R. JR","TRUMP, DONALD J.",1091541,1385103,2514096,44.073391250417906,55.926608749582094,-11.853217499164188,R,most_recent_completed_presidential_election,True,"MIT Election Data and Science Lab, U.S. President 1976-2024",10.7910/DVN/42MVDX,1976-2024-president.csv,authoritative_academic,validated
2024,2020,SOUTH DAKOTA,SD,"BIDEN, JOSEPH R. JR","TRUMP, DONALD J.",150471,261043,422609,36.5652201383185,63.4347798616815,-26.869559723362997,R,most_recent_completed_presidential_election,True,"MIT Election Data and Science Lab, U.S. President 1976-2024",10.7910/DVN/42MVDX,1976-2024-president.csv,authoritative_academic,validated
2024,2020,TENNESSEE,TN,"BIDEN, JOSEPH R. JR","TRUMP, DONALD J.",1143711,1852475,3053851,38.172229627933646,61.827770372066354,-23.655540744132708,R,most_recent_completed_presidential_election,True,"MIT Election Data and Science Lab, U.S. President 1976-2024",10.7910/DVN/42MVDX,1976-2024-president.csv,authoritative_academic,validated
2024,2020,TEXAS,TX,"BIDEN, JOSEPH R. JR","TRUMP, DONALD J.",5259126,5890347,11315056,47.16927876322047,52.83072123677953,-5.661442473559063,R,most_recent_completed_presidential_election,True,"MIT Election Data and Science Lab, U.S. President 1976-2024",10.7910/DVN/42MVDX,1976-2024-president.csv,authoritative_academic,validated
2024,2020,UTAH,UT,"BIDEN, JOSEPH R. JR","TRUMP, DONALD J.",560282,865140,1488289,39.30639487814837,60.69360512185163,-21.387210243703265,R,most_recent_completed_presidential_election,True,"MIT Election Data and Science Lab, U.S. President 1976-2024",10.7910/DVN/42MVDX,1976-2024-president.csv,authoritative_academic,validated
2024,2020,VIRGINIA,VA,"BIDEN, JOSEPH R. JR","TRUMP, DONALD J.",2413568,1962430,4460524,55.15468699939991,44.84531300060009,10.309373998799812,D,most_recent_completed_presidential_election,True,"MIT Election Data and Science Lab, U.S. President 1976-2024",10.7910/DVN/42MVDX,1976-2024-president.csv,authoritative_academic,validated
2024,2020,VERMONT,VT,"BIDEN, JOSEPH R. JR","TRUMP, DONALD J.",242820,112704,370968,68.29918655280656,31.70081344719344,36.59837310561312,D,most_recent_completed_presidential_election,True,"MIT Election Data and Science Lab, U.S. President 1976-2024",10.7910/DVN/42MVDX,1976-2024-president.csv,authoritative_academic,validated
2024,2020,WASHINGTON,WA,"BIDEN, JOSEPH R. JR","TRUMP, DONALD J.",2369612,1584651,4087631,59.92550318479069,40.07449681520931,19.851006369581384,D,most_recent_completed_presidential_election,True,"MIT Election Data and Science Lab, U.S. President 1976-2024",10.7910/DVN/42MVDX,1976-2024-president.csv,authoritative_academic,validated
2024,2020,WISCONSIN,WI,"BIDEN, JOSEPH R. JR","TRUMP, DONALD J.",1630866,1610184,3298041,50.319063266533995,49.680936733466005,0.6381265330679895,D,most_recent_completed_presidential_election,True,"MIT Election Data and Science Lab, U.S. President 1976-2024",10.7910/DVN/42MVDX,1976-2024-president.csv,authoritative_academic,validated
2024,2020,WEST VIRGINIA,WV,"BIDEN, JOSEPH R. JR","TRUMP, DONALD J.",235984,545382,794652,30.201467686077972,69.79853231392202,-39.59706462784405,R,most_recent_completed_presidential_election,True,"MIT Election Data and Science Lab, U.S. President 1976-2024",10.7910/DVN/42MVDX,1976-2024-president.csv,authoritative_academic,validated
2024,2020,WYOMING,WY,"BIDEN, JOSEPH R. JR","TRUMP, DONALD J.",73491,193559,278503,27.519565624414906,72.48043437558509,-44.96086875117019,R,most_recent_completed_presidential_election,True,"MIT Election Data and Science Lab, U.S. President 1976-2024",10.7910/DVN/42MVDX,1976-2024-president.csv,authoritative_academic,validated
