snapshot_id,race_key,cycle,state,race_id,poll_race_id,election_date,snapshot_date,days_before_election,source_candidate_rows,source_questions,candidate_questions,eligible_questions,excluded_questions,has_eligible_polling,earliest_eligible_end_date,latest_eligible_end_date,mean_dem_margin_unweighted,median_dem_margin_unweighted,mean_poll_age_days,median_poll_age_days,internal_questions,partisan_questions,tracking_questions
2018_AZ_96_20181106_D120,2018_AZ_96_20181106,2018,AZ,2018_AZ,96,2018-11-06,2018-07-09,120,217,102,102,16,86,True,2017-10-31,2018-07-02,5.450625,5.5,55.75,17.0,0,0,0
2018_AZ_96_20181106_D090,2018_AZ_96_20181106,2018,AZ,2018_AZ,96,2018-11-06,2018-08-08,90,217,102,102,17,85,True,2017-10-31,2018-07-25,5.36529411764706,5.0,81.52941176470588,47.0,0,0,0
2018_AZ_96_20181106_D060,2018_AZ_96_20181106,2018,AZ,2018_AZ,96,2018-11-06,2018-09-07,60,217,102,102,19,83,True,2017-10-31,2018-09-07,4.584736842105262,5.0,99.84210526315789,67.0,0,0,0
2018_AZ_96_20181106_D030,2018_AZ_96_20181106,2018,AZ,2018_AZ,96,2018-11-06,2018-10-07,30,217,102,102,39,63,True,2017-10-31,2018-10-05,3.80025641025641,4.0,71.05128205128206,26.0,0,0,0
2018_AZ_96_20181106_D014,2018_AZ_96_20181106,2018,AZ,2018_AZ,96,2018-11-06,2018-10-23,14,217,102,102,46,56,True,2017-10-31,2018-10-23,3.298043478260869,4.0,74.80434782608695,39.0,2,0,0
2018_AZ_96_20181106_D007,2018_AZ_96_20181106,2018,AZ,2018_AZ,96,2018-11-06,2018-10-30,7,217,102,102,60,42,True,2017-10-31,2018-10-30,2.9951666666666665,3.0,63.21666666666667,39.5,2,0,1
2018_AZ_96_20181106_D000,2018_AZ_96_20181106,2018,AZ,2018_AZ,96,2018-11-06,2018-11-06,0,217,102,102,74,28,True,2017-10-31,2018-11-05,2.0555405405405405,3.0,57.62162162162162,35.0,2,0,9
2018_CA_97_20181106_D120,2018_CA_97_20181106,2018,CA,2018_CA,97,2018-11-06,2018-07-09,120,44,22,22,0,22,False,,,,,,,0,0,0
2018_CA_97_20181106_D090,2018_CA_97_20181106,2018,CA,2018_CA,97,2018-11-06,2018-08-08,90,44,22,22,0,22,False,,,,,,,0,0,0
2018_CA_97_20181106_D060,2018_CA_97_20181106,2018,CA,2018_CA,97,2018-11-06,2018-09-07,60,44,22,22,0,22,False,,,,,,,0,0,0
2018_CA_97_20181106_D030,2018_CA_97_20181106,2018,CA,2018_CA,97,2018-11-06,2018-10-07,30,44,22,22,0,22,False,,,,,,,0,0,0
2018_CA_97_20181106_D014,2018_CA_97_20181106,2018,CA,2018_CA,97,2018-11-06,2018-10-23,14,44,22,22,0,22,False,,,,,,,0,0,0
2018_CA_97_20181106_D007,2018_CA_97_20181106,2018,CA,2018_CA,97,2018-11-06,2018-10-30,7,44,22,22,0,22,False,,,,,,,0,0,0
2018_CA_97_20181106_D000,2018_CA_97_20181106,2018,CA,2018_CA,97,2018-11-06,2018-11-06,0,44,22,22,0,22,False,,,,,,,0,0,0
2018_CT_98_20181106_D120,2018_CT_98_20181106,2018,CT,2018_CT,98,2018-11-06,2018-07-09,120,12,6,6,0,6,False,,,,,,,0,0,0
2018_CT_98_20181106_D090,2018_CT_98_20181106,2018,CT,2018_CT,98,2018-11-06,2018-08-08,90,12,6,6,0,6,False,,,,,,,0,0,0
2018_CT_98_20181106_D060,2018_CT_98_20181106,2018,CT,2018_CT,98,2018-11-06,2018-09-07,60,12,6,6,2,4,True,2018-08-21,2018-08-27,22.5,22.5,14.0,14.0,0,0,0
2018_CT_98_20181106_D030,2018_CT_98_20181106,2018,CT,2018_CT,98,2018-11-06,2018-10-07,30,12,6,6,2,4,True,2018-08-21,2018-08-27,22.5,22.5,44.0,44.0,0,0,0
2018_CT_98_20181106_D014,2018_CT_98_20181106,2018,CT,2018_CT,98,2018-11-06,2018-10-23,14,12,6,6,3,3,True,2018-08-21,2018-10-08,20.0,17.0,45.0,57.0,0,0,0
2018_CT_98_20181106_D007,2018_CT_98_20181106,2018,CT,2018_CT,98,2018-11-06,2018-10-30,7,12,6,6,5,1,True,2018-08-21,2018-10-29,19.0,17.0,31.8,22.0,0,0,0
2018_CT_98_20181106_D000,2018_CT_98_20181106,2018,CT,2018_CT,98,2018-11-06,2018-11-06,0,12,6,6,6,0,True,2018-08-21,2018-11-01,19.666666666666668,18.5,33.166666666666664,19.0,0,0,0
2018_DE_99_20181106_D120,2018_DE_99_20181106,2018,DE,2018_DE,99,2018-11-06,2018-07-09,120,10,3,3,0,3,False,,,,,,,0,0,0
2018_DE_99_20181106_D090,2018_DE_99_20181106,2018,DE,2018_DE,99,2018-11-06,2018-08-08,90,10,3,3,1,2,True,2018-07-29,2018-07-29,8.0,8.0,10.0,10.0,0,0,0
2018_DE_99_20181106_D060,2018_DE_99_20181106,2018,DE,2018_DE,99,2018-11-06,2018-09-07,60,10,3,3,1,2,True,2018-07-29,2018-07-29,8.0,8.0,40.0,40.0,0,0,0
2018_DE_99_20181106_D030,2018_DE_99_20181106,2018,DE,2018_DE,99,2018-11-06,2018-10-07,30,10,3,3,3,0,True,2018-07-29,2018-09-17,27.666666666666668,37.0,36.666666666666664,20.0,0,0,0
2018_DE_99_20181106_D014,2018_DE_99_20181106,2018,DE,2018_DE,99,2018-11-06,2018-10-23,14,10,3,3,3,0,True,2018-07-29,2018-09-17,27.666666666666668,37.0,52.666666666666664,36.0,0,0,0
2018_DE_99_20181106_D007,2018_DE_99_20181106,2018,DE,2018_DE,99,2018-11-06,2018-10-30,7,10,3,3,3,0,True,2018-07-29,2018-09-17,27.666666666666668,37.0,59.666666666666664,43.0,0,0,0
2018_DE_99_20181106_D000,2018_DE_99_20181106,2018,DE,2018_DE,99,2018-11-06,2018-11-06,0,10,3,3,3,0,True,2018-07-29,2018-09-17,27.666666666666668,37.0,66.66666666666667,50.0,0,0,0
2018_FL_100_20181106_D120,2018_FL_100_20181106,2018,FL,2018_FL,100,2018-11-06,2018-07-09,120,208,104,104,31,73,True,2017-11-24,2018-07-02,-0.7396774193548387,-1.0,82.64516129032258,63.0,0,0,0
2018_FL_100_20181106_D090,2018_FL_100_20181106,2018,FL,2018_FL,100,2018-11-06,2018-08-08,90,208,104,104,34,70,True,2017-11-24,2018-07-25,-0.7626470588235295,-1.5,104.38235294117646,81.5,0,0,0
2018_FL_100_20181106_D060,2018_FL_100_20181106,2018,FL,2018_FL,100,2018-11-06,2018-09-07,60,208,104,104,40,64,True,2017-11-24,2018-09-03,-0.88575,-1.0,115.925,89.5,0,0,0
2018_FL_100_20181106_D030,2018_FL_100_20181106,2018,FL,2018_FL,100,2018-11-06,2018-10-07,30,208,104,104,57,47,True,2017-11-24,2018-10-05,-0.25298245614035103,0.0,106.75438596491227,97.0,0,0,0
2018_FL_100_20181106_D014,2018_FL_100_20181106,2018,FL,2018_FL,100,2018-11-06,2018-10-23,14,208,104,104,69,35,True,2017-11-24,2018-10-23,0.164927536231884,0.0,101.84057971014492,68.0,1,0,0
2018_FL_100_20181106_D007,2018_FL_100_20181106,2018,FL,2018_FL,100,2018-11-06,2018-10-30,7,208,104,104,83,21,True,2017-11-24,2018-10-30,0.505421686746988,0.6999999999999957,90.83132530120481,49.0,1,0,1
2018_FL_100_20181106_D000,2018_FL_100_20181106,2018,FL,2018_FL,100,2018-11-06,2018-11-06,0,208,104,104,104,0,True,2017-11-24,2018-11-05,0.43221153846153826,0.25,78.85576923076923,37.0,1,0,9
2018_IN_102_20181106_D120,2018_IN_102_20181106,2018,IN,2018_IN,102,2018-11-06,2018-07-09,120,101,42,42,7,35,True,2018-05-15,2018-07-02,-3.857142857142857,-5.0,13.857142857142858,7.0,0,0,0
2018_IN_102_20181106_D090,2018_IN_102_20181106,2018,IN,2018_IN,102,2018-11-06,2018-08-08,90,101,42,42,8,34,True,2018-05-15,2018-08-07,-1.8624999999999998,-3.5,38.5,37.0,0,0,0
2018_IN_102_20181106_D060,2018_IN_102_20181106,2018,IN,2018_IN,102,2018-11-06,2018-09-07,60,101,42,42,12,30,True,2018-05-15,2018-08-29,0.25833333333333347,-1.0,48.666666666666664,67.0,0,0,0
2018_IN_102_20181106_D030,2018_IN_102_20181106,2018,IN,2018_IN,102,2018-11-06,2018-10-07,30,101,42,42,19,23,True,2018-05-15,2018-10-03,0.17368421052631602,0.0,55.05263157894737,39.0,1,0,0
2018_IN_102_20181106_D014,2018_IN_102_20181106,2018,IN,2018_IN,102,2018-11-06,2018-10-23,14,101,42,42,25,17,True,2018-05-15,2018-10-20,0.25200000000000017,0.0,55.76,42.0,3,0,0
2018_IN_102_20181106_D007,2018_IN_102_20181106,2018,IN,2018_IN,102,2018-11-06,2018-10-30,7,101,42,42,34,8,True,2018-05-15,2018-10-30,0.6147058823529413,1.0,46.588235294117645,28.0,3,0,1
2018_IN_102_20181106_D000,2018_IN_102_20181106,2018,IN,2018_IN,102,2018-11-06,2018-11-06,0,101,42,42,42,0,True,2018-05-15,2018-11-05,0.4571428571428572,0.10000000000000142,44.142857142857146,21.5,3,0,9
2018_MA_105_20181106_D120,2018_MA_105_20181106,2018,MA,2018_MA,105,2018-11-06,2018-07-09,120,36,13,13,5,8,True,2017-06-22,2018-06-12,29.880000000000003,31.0,161.0,113.0,0,0,0
2018_MA_105_20181106_D090,2018_MA_105_20181106,2018,MA,2018_MA,105,2018-11-06,2018-08-08,90,36,13,13,5,8,True,2017-06-22,2018-06-12,29.880000000000003,31.0,191.0,143.0,0,0,0
2018_MA_105_20181106_D060,2018_MA_105_20181106,2018,MA,2018_MA,105,2018-11-06,2018-09-07,60,36,13,13,5,8,True,2017-06-22,2018-06-12,29.880000000000003,31.0,221.0,173.0,0,0,0
2018_MA_105_20181106_D030,2018_MA_105_20181106,2018,MA,2018_MA,105,2018-11-06,2018-10-07,30,36,13,13,9,4,True,2017-06-22,2018-10-07,28.644444444444446,28.0,143.44444444444446,117.0,0,0,0
2018_MA_105_20181106_D014,2018_MA_105_20181106,2018,MA,2018_MA,105,2018-11-06,2018-10-23,14,36,13,13,9,4,True,2017-06-22,2018-10-07,28.644444444444446,28.0,159.44444444444446,133.0,0,0,0
2018_MA_105_20181106_D007,2018_MA_105_20181106,2018,MA,2018_MA,105,2018-11-06,2018-10-30,7,36,13,13,13,0,True,2017-06-22,2018-10-28,27.53846153846154,27.0,116.0,39.0,0,0,0
2018_MA_105_20181106_D000,2018_MA_105_20181106,2018,MA,2018_MA,105,2018-11-06,2018-11-06,0,36,13,13,13,0,True,2017-06-22,2018-10-28,27.53846153846154,27.0,123.0,46.0,0,0,0
2018_MD_104_20181106_D120,2018_MD_104_20181106,2018,MD,2018_MD,104,2018-11-06,2018-07-09,120,7,2,2,0,2,False,,,,,,,0,0,0
2018_MD_104_20181106_D090,2018_MD_104_20181106,2018,MD,2018_MD,104,2018-11-06,2018-08-08,90,7,2,2,0,2,False,,,,,,,0,0,0
2018_MD_104_20181106_D060,2018_MD_104_20181106,2018,MD,2018_MD,104,2018-11-06,2018-09-07,60,7,2,2,0,2,False,,,,,,,0,0,0
2018_MD_104_20181106_D030,2018_MD_104_20181106,2018,MD,2018_MD,104,2018-11-06,2018-10-07,30,7,2,2,2,0,True,2018-09-16,2018-10-06,33.45,33.45,11.0,11.0,1,0,0
2018_MD_104_20181106_D014,2018_MD_104_20181106,2018,MD,2018_MD,104,2018-11-06,2018-10-23,14,7,2,2,2,0,True,2018-09-16,2018-10-06,33.45,33.45,27.0,27.0,1,0,0
2018_MD_104_20181106_D007,2018_MD_104_20181106,2018,MD,2018_MD,104,2018-11-06,2018-10-30,7,7,2,2,2,0,True,2018-09-16,2018-10-06,33.45,33.45,34.0,34.0,1,0,0
2018_MD_104_20181106_D000,2018_MD_104_20181106,2018,MD,2018_MD,104,2018-11-06,2018-11-06,0,7,2,2,2,0,True,2018-09-16,2018-10-06,33.45,33.45,41.0,41.0,1,0,0
2018_ME_103_20181106_D120,2018_ME_103_20181106,2018,ME,2018_ME,103,2018-11-06,2018-07-09,120,17,6,6,0,6,False,,,,,,,0,0,0
2018_ME_103_20181106_D090,2018_ME_103_20181106,2018,ME,2018_ME,103,2018-11-06,2018-08-08,90,17,6,6,0,6,False,,,,,,,0,0,0
2018_ME_103_20181106_D060,2018_ME_103_20181106,2018,ME,2018_ME,103,2018-11-06,2018-09-07,60,17,6,6,0,6,False,,,,,,,0,0,0
2018_ME_103_20181106_D030,2018_ME_103_20181106,2018,ME,2018_ME,103,2018-11-06,2018-10-07,30,17,6,6,0,6,False,,,,,,,0,0,0
2018_ME_103_20181106_D014,2018_ME_103_20181106,2018,ME,2018_ME,103,2018-11-06,2018-10-23,14,17,6,6,0,6,False,,,,,,,0,0,0
2018_ME_103_20181106_D007,2018_ME_103_20181106,2018,ME,2018_ME,103,2018-11-06,2018-10-30,7,17,6,6,0,6,False,,,,,,,0,0,0
2018_ME_103_20181106_D000,2018_ME_103_20181106,2018,ME,2018_ME,103,2018-11-06,2018-11-06,0,17,6,6,0,6,False,,,,,,,0,0,0
2018_MI_106_20181106_D120,2018_MI_106_20181106,2018,MI,2018_MI,106,2018-11-06,2018-07-09,120,79,35,35,7,28,True,2018-01-19,2018-07-02,12.328571428571427,11.0,30.428571428571427,7.0,0,0,0
2018_MI_106_20181106_D090,2018_MI_106_20181106,2018,MI,2018_MI,106,2018-11-06,2018-08-08,90,79,35,35,9,26,True,2018-01-19,2018-07-21,13.666666666666664,12.0,51.22222222222222,37.0,0,0,0
2018_MI_106_20181106_D060,2018_MI_106_20181106,2018,MI,2018_MI,106,2018-11-06,2018-09-07,60,79,35,35,13,22,True,2018-01-19,2018-09-07,14.453846153846152,12.0,61.61538461538461,67.0,1,0,0
2018_MI_106_20181106_D030,2018_MI_106_20181106,2018,MI,2018_MI,106,2018-11-06,2018-10-07,30,79,35,35,21,14,True,2018-01-19,2018-10-07,15.238095238095237,15.0,62.61904761904762,54.0,1,0,0
2018_MI_106_20181106_D014,2018_MI_106_20181106,2018,MI,2018_MI,106,2018-11-06,2018-10-23,14,79,35,35,25,10,True,2018-01-19,2018-10-23,14.28,15.0,66.32,46.0,2,0,0
2018_MI_106_20181106_D007,2018_MI_106_20181106,2018,MI,2018_MI,106,2018-11-06,2018-10-30,7,79,35,35,30,5,True,2018-01-19,2018-10-30,13.736666666666668,13.0,61.7,46.5,2,0,0
2018_MI_106_20181106_D000,2018_MI_106_20181106,2018,MI,2018_MI,106,2018-11-06,2018-11-06,0,79,35,35,35,0,True,2018-01-19,2018-11-05,12.831428571428573,12.0,59.142857142857146,46.0,2,0,0
2018_MN_107_20181106_D120,2018_MN_107_20181106,2018,MN,2018_MN_REGULAR,107,2018-11-06,2018-07-09,120,42,15,15,1,14,True,2018-06-25,2018-06-25,20.0,20.0,14.0,14.0,0,0,0
2018_MN_107_20181106_D090,2018_MN_107_20181106,2018,MN,2018_MN_REGULAR,107,2018-11-06,2018-08-08,90,42,15,15,1,14,True,2018-06-25,2018-06-25,20.0,20.0,44.0,44.0,0,0,0
2018_MN_107_20181106_D060,2018_MN_107_20181106,2018,MN,2018_MN_REGULAR,107,2018-11-06,2018-09-07,60,42,15,15,3,12,True,2018-06-25,2018-08-20,21.433333333333337,20.0,39.666666666666664,27.0,0,0,0
2018_MN_107_20181106_D030,2018_MN_107_20181106,2018,MN,2018_MN_REGULAR,107,2018-11-06,2018-10-07,30,42,15,15,9,6,True,2018-06-25,2018-10-04,24.811111111111114,27.0,30.555555555555557,25.0,0,0,0
2018_MN_107_20181106_D014,2018_MN_107_20181106,2018,MN,2018_MN_REGULAR,107,2018-11-06,2018-10-23,14,42,15,15,11,4,True,2018-06-25,2018-10-17,23.20909090909091,24.300000000000004,39.54545454545455,19.0,0,0,0
2018_MN_107_20181106_D007,2018_MN_107_20181106,2018,MN,2018_MN_REGULAR,107,2018-11-06,2018-10-30,7,42,15,15,12,3,True,2018-06-25,2018-10-30,23.441666666666666,25.150000000000002,42.666666666666664,26.0,0,0,0
2018_MN_107_20181106_D000,2018_MN_107_20181106,2018,MN,2018_MN_REGULAR,107,2018-11-06,2018-11-06,0,42,15,15,15,0,True,2018-06-25,2018-11-04,22.62,23.0,40.46666666666667,33.0,0,0,0
2018_MN_129_20181106_D120,2018_MN_129_20181106,2018,MN,2018_MN_SPECIAL,129,2018-11-06,2018-07-09,120,38,14,14,1,13,True,2018-06-25,2018-06-25,9.0,9.0,14.0,14.0,0,0,0
2018_MN_129_20181106_D090,2018_MN_129_20181106,2018,MN,2018_MN_SPECIAL,129,2018-11-06,2018-08-08,90,38,14,14,2,12,True,2018-06-25,2018-07-19,11.5,11.5,32.0,32.0,0,0,0
2018_MN_129_20181106_D060,2018_MN_129_20181106,2018,MN,2018_MN_SPECIAL,129,2018-11-06,2018-09-07,60,38,14,14,4,10,True,2018-06-25,2018-08-20,8.549999999999999,8.099999999999998,42.25,38.5,0,0,0
2018_MN_129_20181106_D030,2018_MN_129_20181106,2018,MN,2018_MN_SPECIAL,129,2018-11-06,2018-10-07,30,38,14,14,8,6,True,2018-06-25,2018-10-04,9.899999999999999,9.0,43.625,38.5,0,0,0
2018_MN_129_20181106_D014,2018_MN_129_20181106,2018,MN,2018_MN_SPECIAL,129,2018-11-06,2018-10-23,14,38,14,14,10,4,True,2018-06-25,2018-10-17,8.819999999999999,8.099999999999998,49.3,43.0,0,0,0
2018_MN_129_20181106_D007,2018_MN_129_20181106,2018,MN,2018_MN_SPECIAL,129,2018-11-06,2018-10-30,7,38,14,14,11,3,True,2018-06-25,2018-10-30,9.381818181818181,9.0,51.18181818181818,48.0,0,0,0
2018_MN_129_20181106_D000,2018_MN_129_20181106,2018,MN,2018_MN_SPECIAL,129,2018-11-06,2018-11-06,0,38,14,14,14,0,True,2018-06-25,2018-11-04,9.299999999999999,9.0,46.5,33.0,0,0,0
2018_MO_109_20181106_D120,2018_MO_109_20181106,2018,MO,2018_MO,109,2018-11-06,2018-07-09,120,192,72,72,22,50,True,2017-07-08,2018-07-08,-0.49545454545454537,0.5500000000000007,113.0,81.5,1,0,0
2018_MO_109_20181106_D090,2018_MO_109_20181106,2018,MO,2018_MO,109,2018-11-06,2018-08-08,90,192,72,72,23,49,True,2017-07-08,2018-07-12,-0.517391304347826,0.10000000000000142,137.95652173913044,111.0,1,0,0
2018_MO_109_20181106_D060,2018_MO_109_20181106,2018,MO,2018_MO,109,2018-11-06,2018-09-07,60,192,72,72,29,43,True,2017-07-08,2018-08-28,-0.41034482758620683,0.0,136.41379310344828,86.0,1,0,0
2018_MO_109_20181106_D030,2018_MO_109_20181106,2018,MO,2018_MO,109,2018-11-06,2018-10-07,30,192,72,72,47,25,True,2017-07-08,2018-10-07,-0.4702127659574468,0.0,107.12765957446808,59.0,1,0,0
2018_MO_109_20181106_D014,2018_MO_109_20181106,2018,MO,2018_MO,109,2018-11-06,2018-10-23,14,192,72,72,50,22,True,2017-07-08,2018-10-18,-0.662,0.0,116.14,63.0,2,0,0
2018_MO_109_20181106_D007,2018_MO_109_20181106,2018,MO,2018_MO,109,2018-11-06,2018-10-30,7,192,72,72,57,15,True,2017-07-08,2018-10-30,-0.7052631578947369,0.0,108.15789473684211,63.0,2,0,1
2018_MO_109_20181106_D000,2018_MO_109_20181106,2018,MO,2018_MO,109,2018-11-06,2018-11-06,0,192,72,72,72,0,True,2017-07-08,2018-11-05,-0.4208333333333334,0.0,92.01388888888889,39.0,2,0,9
2018_MS_108_20181106_D120,2018_MS_108_20181106,2018,MS,2018_MS_REGULAR,108,2018-11-06,2018-07-09,120,24,8,8,1,7,True,2018-04-11,2018-04-11,-16.8,-16.8,89.0,89.0,0,0,0
2018_MS_108_20181106_D090,2018_MS_108_20181106,2018,MS,2018_MS_REGULAR,108,2018-11-06,2018-08-08,90,24,8,8,2,6,True,2018-04-11,2018-07-31,-18.799999999999997,-18.799999999999997,63.5,63.5,0,0,0
2018_MS_108_20181106_D060,2018_MS_108_20181106,2018,MS,2018_MS_REGULAR,108,2018-11-06,2018-09-07,60,24,8,8,2,6,True,2018-04-11,2018-07-31,-18.799999999999997,-18.799999999999997,93.5,93.5,0,0,0
2018_MS_108_20181106_D030,2018_MS_108_20181106,2018,MS,2018_MS_REGULAR,108,2018-11-06,2018-10-07,30,24,8,8,3,5,True,2018-04-11,2018-09-24,-17.2,-16.8,86.66666666666667,68.0,0,0,0
2018_MS_108_20181106_D014,2018_MS_108_20181106,2018,MS,2018_MS_REGULAR,108,2018-11-06,2018-10-23,14,24,8,8,7,1,True,2018-04-11,2018-10-18,-22.08571428571429,-24.0,46.857142857142854,5.0,0,0,0
2018_MS_108_20181106_D007,2018_MS_108_20181106,2018,MS,2018_MS_REGULAR,108,2018-11-06,2018-10-30,7,24,8,8,7,1,True,2018-04-11,2018-10-18,-22.08571428571429,-24.0,53.857142857142854,12.0,0,0,0
2018_MS_108_20181106_D000,2018_MS_108_20181106,2018,MS,2018_MS_REGULAR,108,2018-11-06,2018-11-06,0,24,8,8,8,0,True,2018-04-11,2018-11-04,-20.325,-22.4,53.5,19.0,0,0,0
2018_MS_130_20181106_D120,2018_MS_130_20181106,2018,MS,2018_MS_SPECIAL,130,2018-11-06,2018-07-09,120,41,12,12,0,12,False,,,,,,,0,0,0
2018_MS_130_20181106_D090,2018_MS_130_20181106,2018,MS,2018_MS_SPECIAL,130,2018-11-06,2018-08-08,90,41,12,12,0,12,False,,,,,,,0,0,0
2018_MS_130_20181106_D060,2018_MS_130_20181106,2018,MS,2018_MS_SPECIAL,130,2018-11-06,2018-09-07,60,41,12,12,0,12,False,,,,,,,0,0,0
2018_MS_130_20181106_D030,2018_MS_130_20181106,2018,MS,2018_MS_SPECIAL,130,2018-11-06,2018-10-07,30,41,12,12,0,12,False,,,,,,,0,0,0
2018_MS_130_20181106_D014,2018_MS_130_20181106,2018,MS,2018_MS_SPECIAL,130,2018-11-06,2018-10-23,14,41,12,12,0,12,False,,,,,,,0,0,0
2018_MS_130_20181106_D007,2018_MS_130_20181106,2018,MS,2018_MS_SPECIAL,130,2018-11-06,2018-10-30,7,41,12,12,0,12,False,,,,,,,0,0,0
2018_MS_130_20181106_D000,2018_MS_130_20181106,2018,MS,2018_MS_SPECIAL,130,2018-11-06,2018-11-06,0,41,12,12,0,12,False,,,,,,,0,0,0
2018_MS_6209_20181127_D120,2018_MS_6209_20181127,2018,MS,2018_MS_SPECIAL,6209,2018-11-27,2018-07-30,120,24,12,12,0,12,False,,,,,,,0,0,0
2018_MS_6209_20181127_D090,2018_MS_6209_20181127,2018,MS,2018_MS_SPECIAL,6209,2018-11-27,2018-08-29,90,24,12,12,0,12,False,,,,,,,0,0,0
2018_MS_6209_20181127_D060,2018_MS_6209_20181127,2018,MS,2018_MS_SPECIAL,6209,2018-11-27,2018-09-28,60,24,12,12,0,12,False,,,,,,,0,0,0
2018_MS_6209_20181127_D030,2018_MS_6209_20181127,2018,MS,2018_MS_SPECIAL,6209,2018-11-27,2018-10-28,30,24,12,12,0,12,False,,,,,,,0,0,0
2018_MS_6209_20181127_D014,2018_MS_6209_20181127,2018,MS,2018_MS_SPECIAL,6209,2018-11-27,2018-11-13,14,24,12,12,0,12,False,,,,,,,0,0,0
2018_MS_6209_20181127_D007,2018_MS_6209_20181127,2018,MS,2018_MS_SPECIAL,6209,2018-11-27,2018-11-20,7,24,12,12,0,12,False,,,,,,,0,0,0
2018_MS_6209_20181127_D000,2018_MS_6209_20181127,2018,MS,2018_MS_SPECIAL,6209,2018-11-27,2018-11-27,0,24,12,12,0,12,False,,,,,,,0,0,0
2018_MT_110_20181106_D120,2018_MT_110_20181106,2018,MT,2018_MT,110,2018-11-06,2018-07-09,120,66,30,30,7,23,True,2018-06-13,2018-07-02,10.285714285714286,10.0,9.714285714285714,7.0,0,0,0
2018_MT_110_20181106_D090,2018_MT_110_20181106,2018,MT,2018_MT,110,2018-11-06,2018-08-08,90,66,30,30,8,22,True,2018-06-13,2018-07-10,9.375,10.0,38.375,37.0,0,0,0
2018_MT_110_20181106_D060,2018_MT_110_20181106,2018,MT,2018_MT,110,2018-11-06,2018-09-07,60,66,30,30,10,20,True,2018-06-13,2018-08-31,9.7,10.0,57.0,67.0,1,0,0
2018_MT_110_20181106_D030,2018_MT_110_20181106,2018,MT,2018_MT,110,2018-11-06,2018-10-07,30,66,30,30,16,14,True,2018-06-13,2018-10-06,7.31875,7.0,59.8125,67.5,2,0,0
2018_MT_110_20181106_D014,2018_MT_110_20181106,2018,MT,2018_MT,110,2018-11-06,2018-10-23,14,66,30,30,18,12,True,2018-06-13,2018-10-18,7.566666666666666,8.0,68.22222222222223,57.5,2,0,0
2018_MT_110_20181106_D007,2018_MT_110_20181106,2018,MT,2018_MT,110,2018-11-06,2018-10-30,7,66,30,30,20,10,True,2018-06-13,2018-10-30,7.345000000000001,7.349999999999998,67.9,53.0,2,0,1
2018_MT_110_20181106_D000,2018_MT_110_20181106,2018,MT,2018_MT,110,2018-11-06,2018-11-06,0,66,30,30,30,0,True,2018-06-13,2018-11-05,6.646666666666666,7.0,51.1,35.0,2,0,9
2018_ND_116_20181106_D120,2018_ND_116_20181106,2018,ND,2018_ND,116,2018-11-06,2018-07-09,120,36,18,18,9,9,True,2018-02-20,2018-07-02,-5.444444444444445,-6.0,37.77777777777778,7.0,1,0,0
2018_ND_116_20181106_D090,2018_ND_116_20181106,2018,ND,2018_ND,116,2018-11-06,2018-08-08,90,36,18,18,9,9,True,2018-02-20,2018-07-02,-5.444444444444445,-6.0,67.77777777777777,37.0,1,0,0
2018_ND_116_20181106_D060,2018_ND_116_20181106,2018,ND,2018_ND,116,2018-11-06,2018-09-07,60,36,18,18,9,9,True,2018-02-20,2018-07-02,-5.444444444444445,-6.0,97.77777777777777,67.0,1,0,0
2018_ND_116_20181106_D030,2018_ND_116_20181106,2018,ND,2018_ND,116,2018-11-06,2018-10-07,30,36,18,18,14,4,True,2018-02-20,2018-10-02,-6.357142857142857,-6.5,87.28571428571429,97.0,1,0,0
2018_ND_116_20181106_D014,2018_ND_116_20181106,2018,ND,2018_ND,116,2018-11-06,2018-10-23,14,36,18,18,15,3,True,2018-02-20,2018-10-19,-7.0,-7.0,96.66666666666667,113.0,1,0,0
2018_ND_116_20181106_D007,2018_ND_116_20181106,2018,ND,2018_ND,116,2018-11-06,2018-10-30,7,36,18,18,18,0,True,2018-02-20,2018-10-30,-7.222222222222222,-7.0,86.72222222222223,84.5,1,0,0
2018_ND_116_20181106_D000,2018_ND_116_20181106,2018,ND,2018_ND,116,2018-11-06,2018-11-06,0,36,18,18,18,0,True,2018-02-20,2018-10-30,-7.222222222222222,-7.0,93.72222222222223,91.5,1,0,0
2018_NE_111_20181106_D120,2018_NE_111_20181106,2018,NE,2018_NE,111,2018-11-06,2018-07-09,120,6,3,3,2,1,True,2017-11-12,2018-01-28,-14.0,-14.0,200.5,200.5,2,0,0
2018_NE_111_20181106_D090,2018_NE_111_20181106,2018,NE,2018_NE,111,2018-11-06,2018-08-08,90,6,3,3,2,1,True,2017-11-12,2018-01-28,-14.0,-14.0,230.5,230.5,2,0,0
2018_NE_111_20181106_D060,2018_NE_111_20181106,2018,NE,2018_NE,111,2018-11-06,2018-09-07,60,6,3,3,2,1,True,2017-11-12,2018-01-28,-14.0,-14.0,260.5,260.5,2,0,0
2018_NE_111_20181106_D030,2018_NE_111_20181106,2018,NE,2018_NE,111,2018-11-06,2018-10-07,30,6,3,3,2,1,True,2017-11-12,2018-01-28,-14.0,-14.0,290.5,290.5,2,0,0
2018_NE_111_20181106_D014,2018_NE_111_20181106,2018,NE,2018_NE,111,2018-11-06,2018-10-23,14,6,3,3,2,1,True,2017-11-12,2018-01-28,-14.0,-14.0,306.5,306.5,2,0,0
2018_NE_111_20181106_D007,2018_NE_111_20181106,2018,NE,2018_NE,111,2018-11-06,2018-10-30,7,6,3,3,3,0,True,2017-11-12,2018-10-27,-14.333333333333334,-15.0,210.0,275.0,2,0,0
2018_NE_111_20181106_D000,2018_NE_111_20181106,2018,NE,2018_NE,111,2018-11-06,2018-11-06,0,6,3,3,3,0,True,2017-11-12,2018-10-27,-14.333333333333334,-15.0,217.0,282.0,2,0,0
2018_NJ_113_20181106_D120,2018_NJ_113_20181106,2018,NJ,2018_NJ,113,2018-11-06,2018-07-09,120,59,25,25,3,22,True,2018-03-12,2018-05-21,14.0,17.0,86.0,90.0,0,0,0
2018_NJ_113_20181106_D090,2018_NJ_113_20181106,2018,NJ,2018_NJ,113,2018-11-06,2018-08-08,90,59,25,25,4,21,True,2018-03-12,2018-07-10,11.0,10.5,94.25,99.5,0,0,0
2018_NJ_113_20181106_D060,2018_NJ_113_20181106,2018,NJ,2018_NJ,113,2018-11-06,2018-09-07,60,59,25,25,6,19,True,2018-03-12,2018-08-20,10.0,8.0,89.66666666666667,84.0,1,0,0
2018_NJ_113_20181106_D030,2018_NJ_113_20181106,2018,NJ,2018_NJ,113,2018-11-06,2018-10-07,30,59,25,25,12,13,True,2018-03-12,2018-10-05,8.158333333333333,6.0,62.916666666666664,29.0,1,0,0
2018_NJ_113_20181106_D014,2018_NJ_113_20181106,2018,NJ,2018_NJ,113,2018-11-06,2018-10-23,14,59,25,25,20,5,True,2018-03-12,2018-10-19,7.445,6.0,50.3,21.5,3,0,0
2018_NJ_113_20181106_D007,2018_NJ_113_20181106,2018,NJ,2018_NJ,113,2018-11-06,2018-10-30,7,59,25,25,22,3,True,2018-03-12,2018-10-29,7.372727272727272,6.0,52.31818181818182,26.5,3,0,0
2018_NJ_113_20181106_D000,2018_NJ_113_20181106,2018,NJ,2018_NJ,113,2018-11-06,2018-11-06,0,59,25,25,25,0,True,2018-03-12,2018-11-04,7.968,7.0,52.6,28.0,3,0,0
2018_NM_114_20181106_D120,2018_NM_114_20181106,2018,NM,2018_NM,114,2018-11-06,2018-07-09,120,49,17,17,0,17,False,,,,,,,0,0,0
2018_NM_114_20181106_D090,2018_NM_114_20181106,2018,NM,2018_NM,114,2018-11-06,2018-08-08,90,49,17,17,5,12,True,2018-07-17,2018-08-05,13.4,14.0,8.8,6.0,2,0,0
2018_NM_114_20181106_D060,2018_NM_114_20181106,2018,NM,2018_NM,114,2018-11-06,2018-09-07,60,49,17,17,6,11,True,2018-07-17,2018-08-18,15.9,14.5,35.666666666666664,34.5,2,0,0
2018_NM_114_20181106_D030,2018_NM_114_20181106,2018,NM,2018_NM,114,2018-11-06,2018-10-07,30,49,17,17,9,8,True,2018-07-17,2018-09-24,18.89,18.0,50.111111111111114,63.0,2,0,0
2018_NM_114_20181106_D014,2018_NM_114_20181106,2018,NM,2018_NM,114,2018-11-06,2018-10-23,14,49,17,17,9,8,True,2018-07-17,2018-09-24,18.89,18.0,66.11111111111111,79.0,2,0,0
2018_NM_114_20181106_D007,2018_NM_114_20181106,2018,NM,2018_NM,114,2018-11-06,2018-10-30,7,49,17,17,12,5,True,2018-07-17,2018-10-29,17.6925,15.75,55.75,60.0,2,0,0
2018_NM_114_20181106_D000,2018_NM_114_20181106,2018,NM,2018_NM,114,2018-11-06,2018-11-06,0,49,17,17,14,3,True,2018-07-17,2018-11-03,17.59357142857143,15.75,54.357142857142854,52.0,2,0,0
2018_NV_112_20181106_D120,2018_NV_112_20181106,2018,NV,2018_NV,112,2018-11-06,2018-07-09,120,104,46,46,12,34,True,2017-06-25,2018-07-02,2.4166666666666665,2.0,64.58333333333333,10.0,0,0,0
2018_NV_112_20181106_D090,2018_NV_112_20181106,2018,NV,2018_NV,112,2018-11-06,2018-08-08,90,104,46,46,13,33,True,2017-06-25,2018-07-29,2.1538461538461537,2.0,88.07692307692308,37.0,0,0,0
2018_NV_112_20181106_D060,2018_NV_112_20181106,2018,NV,2018_NV,112,2018-11-06,2018-09-07,60,104,46,46,14,32,True,2017-06-25,2018-08-21,2.357142857142857,2.0,110.85714285714286,67.0,0,0,0
2018_NV_112_20181106_D030,2018_NV_112_20181106,2018,NV,2018_NV,112,2018-11-06,2018-10-07,30,104,46,46,25,21,True,2017-06-25,2018-10-03,1.296,1.0,84.04,70.0,0,0,0
2018_NV_112_20181106_D014,2018_NV_112_20181106,2018,NV,2018_NV,112,2018-11-06,2018-10-23,14,104,46,46,32,14,True,2017-06-25,2018-10-19,0.8003125,1.0,80.03125,38.5,0,0,0
2018_NV_112_20181106_D007,2018_NV_112_20181106,2018,NV,2018_NV,112,2018-11-06,2018-10-30,7,104,46,46,36,10,True,2017-06-25,2018-10-30,1.0141666666666667,1.5,77.52777777777777,37.0,0,0,1
2018_NV_112_20181106_D000,2018_NV_112_20181106,2018,NV,2018_NV,112,2018-11-06,2018-11-06,0,104,46,46,46,0,True,2017-06-25,2018-11-05,0.8719565217391304,1.0,67.0,34.0,0,0,9
2018_NY_115_20181106_D120,2018_NY_115_20181106,2018,NY,2018_NY,115,2018-11-06,2018-07-09,120,20,10,10,4,6,True,2018-03-16,2018-06-07,33.75,34.0,76.0,78.5,0,0,0
2018_NY_115_20181106_D090,2018_NY_115_20181106,2018,NY,2018_NY,115,2018-11-06,2018-08-08,90,20,10,10,5,5,True,2018-03-16,2018-07-16,32.4,33.0,89.4,99.0,0,0,0
2018_NY_115_20181106_D060,2018_NY_115_20181106,2018,NY,2018_NY,115,2018-11-06,2018-09-07,60,20,10,10,6,4,True,2018-03-16,2018-08-30,29.5,32.0,100.83333333333333,110.5,1,0,0
2018_NY_115_20181106_D030,2018_NY_115_20181106,2018,NY,2018_NY,115,2018-11-06,2018-10-07,30,20,10,10,7,3,True,2018-03-16,2018-09-27,29.857142857142858,32.0,113.57142857142857,122.0,1,0,0
2018_NY_115_20181106_D014,2018_NY_115_20181106,2018,NY,2018_NY,115,2018-11-06,2018-10-23,14,20,10,10,8,2,True,2018-03-16,2018-10-16,29.25,31.5,114.25,118.5,1,0,0
2018_NY_115_20181106_D007,2018_NY_115_20181106,2018,NY,2018_NY,115,2018-11-06,2018-10-30,7,20,10,10,8,2,True,2018-03-16,2018-10-16,29.25,31.5,121.25,125.5,1,0,0
2018_NY_115_20181106_D000,2018_NY_115_20181106,2018,NY,2018_NY,115,2018-11-06,2018-11-06,0,20,10,10,10,0,True,2018-03-16,2018-11-03,28.5,29.5,103.4,90.5,1,0,0
2018_OH_117_20181106_D120,2018_OH_117_20181106,2018,OH,2018_OH,117,2018-11-06,2018-07-09,120,74,34,34,14,20,True,2018-03-05,2018-07-02,8.65,7.5,39.785714285714285,22.0,0,0,0
2018_OH_117_20181106_D090,2018_OH_117_20181106,2018,OH,2018_OH,117,2018-11-06,2018-08-08,90,74,34,34,15,19,True,2018-03-05,2018-07-10,8.345999999999998,7.0,67.06666666666666,47.0,0,0,0
2018_OH_117_20181106_D060,2018_OH_117_20181106,2018,OH,2018_OH,117,2018-11-06,2018-09-07,60,74,34,34,16,18,True,2018-03-05,2018-09-04,8.099374999999998,6.5,91.1875,72.0,0,0,0
2018_OH_117_20181106_D030,2018_OH_117_20181106,2018,OH,2018_OH,117,2018-11-06,2018-10-07,30,74,34,34,24,10,True,2018-03-05,2018-10-04,9.557916666666667,10.200000000000003,86.45833333333333,97.0,0,0,0
2018_OH_117_20181106_D014,2018_OH_117_20181106,2018,OH,2018_OH,117,2018-11-06,2018-10-23,14,74,34,34,26,8,True,2018-03-05,2018-10-08,10.13423076923077,11.100000000000001,95.73076923076923,113.0,0,0,0
2018_OH_117_20181106_D007,2018_OH_117_20181106,2018,OH,2018_OH,117,2018-11-06,2018-10-30,7,74,34,34,29,5,True,2018-03-05,2018-10-30,10.268620689655172,10.200000000000003,92.27586206896552,112.0,0,0,0
2018_OH_117_20181106_D000,2018_OH_117_20181106,2018,OH,2018_OH,117,2018-11-06,2018-11-06,0,74,34,34,32,2,True,2018-03-05,2018-11-04,10.3809375,10.3,90.3125,59.5,0,0,0
2018_PA_118_20181106_D120,2018_PA_118_20181106,2018,PA,2018_PA,118,2018-11-06,2018-07-09,120,72,29,29,13,16,True,2018-03-05,2018-07-02,13.953846153846154,15.0,41.46153846153846,14.0,0,0,0
2018_PA_118_20181106_D090,2018_PA_118_20181106,2018,PA,2018_PA,118,2018-11-06,2018-08-08,90,72,29,29,13,16,True,2018-03-05,2018-07-02,13.953846153846154,15.0,71.46153846153847,44.0,0,0,0
2018_PA_118_20181106_D060,2018_PA_118_20181106,2018,PA,2018_PA,118,2018-11-06,2018-09-07,60,72,29,29,17,12,True,2018-03-05,2018-08-26,13.54529411764706,15.0,81.6470588235294,67.0,0,0,0
2018_PA_118_20181106_D030,2018_PA_118_20181106,2018,PA,2018_PA,118,2018-11-06,2018-10-07,30,72,29,29,24,5,True,2018-03-05,2018-10-02,14.244583333333333,15.0,83.70833333333333,97.0,0,0,0
2018_PA_118_20181106_D014,2018_PA_118_20181106,2018,PA,2018_PA,118,2018-11-06,2018-10-23,14,72,29,29,24,5,True,2018-03-05,2018-10-02,14.244583333333333,15.0,99.70833333333333,113.0,0,0,0
2018_PA_118_20181106_D007,2018_PA_118_20181106,2018,PA,2018_PA,118,2018-11-06,2018-10-30,7,72,29,29,26,3,True,2018-03-05,2018-10-28,14.456538461538461,15.0,98.65384615384616,98.0,0,0,0
2018_PA_118_20181106_D000,2018_PA_118_20181106,2018,PA,2018_PA,118,2018-11-06,2018-11-06,0,72,29,29,29,0,True,2018-03-05,2018-11-04,14.271379310344829,15.0,95.06896551724138,82.0,0,0,0
2018_RI_119_20181106_D120,2018_RI_119_20181106,2018,RI,2018_RI,119,2018-11-06,2018-07-09,120,10,5,5,1,4,True,2018-06-04,2018-06-04,22.0,22.0,35.0,35.0,0,0,0
2018_RI_119_20181106_D090,2018_RI_119_20181106,2018,RI,2018_RI,119,2018-11-06,2018-08-08,90,10,5,5,1,4,True,2018-06-04,2018-06-04,22.0,22.0,65.0,65.0,0,0,0
2018_RI_119_20181106_D060,2018_RI_119_20181106,2018,RI,2018_RI,119,2018-11-06,2018-09-07,60,10,5,5,1,4,True,2018-06-04,2018-06-04,22.0,22.0,95.0,95.0,0,0,0
2018_RI_119_20181106_D030,2018_RI_119_20181106,2018,RI,2018_RI,119,2018-11-06,2018-10-07,30,10,5,5,3,2,True,2018-06-04,2018-10-06,21.666666666666668,22.0,48.666666666666664,20.0,0,0,0
2018_RI_119_20181106_D014,2018_RI_119_20181106,2018,RI,2018_RI,119,2018-11-06,2018-10-23,14,10,5,5,4,1,True,2018-06-04,2018-10-09,22.25,23.0,52.0,26.5,0,0,0
2018_RI_119_20181106_D007,2018_RI_119_20181106,2018,RI,2018_RI,119,2018-11-06,2018-10-30,7,10,5,5,5,0,True,2018-06-04,2018-10-24,21.6,22.0,48.4,24.0,0,0,0
2018_RI_119_20181106_D000,2018_RI_119_20181106,2018,RI,2018_RI,119,2018-11-06,2018-11-06,0,10,5,5,5,0,True,2018-06-04,2018-10-24,21.6,22.0,55.4,31.0,0,0,0
2018_TN_120_20181106_D120,2018_TN_120_20181106,2018,TN,2018_TN,120,2018-11-06,2018-07-09,120,106,53,53,18,35,True,2017-10-22,2018-07-02,-4.833333333333333,-2.0,88.11111111111111,79.0,2,0,0
2018_TN_120_20181106_D090,2018_TN_120_20181106,2018,TN,2018_TN,120,2018-11-06,2018-08-08,90,106,53,53,21,32,True,2017-10-22,2018-07-14,-3.857142857142857,1.0,105.0952380952381,99.0,2,0,0
2018_TN_120_20181106_D060,2018_TN_120_20181106,2018,TN,2018_TN,120,2018-11-06,2018-09-07,60,106,53,53,24,29,True,2017-10-22,2018-08-28,-3.2916666666666665,1.5,120.16666666666667,77.5,2,0,0
2018_TN_120_20181106_D030,2018_TN_120_20181106,2018,TN,2018_TN,120,2018-11-06,2018-10-07,30,106,53,53,35,18,True,2017-10-22,2018-10-05,-2.551428571428571,0.0,108.02857142857142,97.0,3,0,0
2018_TN_120_20181106_D014,2018_TN_120_20181106,2018,TN,2018_TN,120,2018-11-06,2018-10-23,14,106,53,53,42,11,True,2017-10-22,2018-10-13,-2.778095238095238,-1.0,105.26190476190476,87.0,3,0,0
2018_TN_120_20181106_D007,2018_TN_120_20181106,2018,TN,2018_TN,120,2018-11-06,2018-10-30,7,106,53,53,52,1,True,2017-10-22,2018-10-30,-3.209230769230769,-3.0,90.92307692307692,48.5,3,0,0
2018_TN_120_20181106_D000,2018_TN_120_20181106,2018,TN,2018_TN,120,2018-11-06,2018-11-06,0,106,53,53,53,0,True,2017-10-22,2018-10-31,-3.148679245283019,-3.0,96.18867924528301,55.0,3,0,0
2018_TX_121_20181106_D120,2018_TX_121_20181106,2018,TX,2018_TX,121,2018-11-06,2018-07-09,120,109,49,49,12,37,True,2017-04-09,2018-07-07,-8.0,-8.0,95.08333333333333,41.5,1,0,0
2018_TX_121_20181106_D090,2018_TX_121_20181106,2018,TX,2018_TX,121,2018-11-06,2018-08-08,90,109,49,49,16,33,True,2017-04-09,2018-08-02,-6.875,-6.0,96.4375,58.0,1,0,0
2018_TX_121_20181106_D060,2018_TX_121_20181106,2018,TX,2018_TX,121,2018-11-06,2018-09-07,60,109,49,49,20,29,True,2017-04-09,2018-09-07,-5.8865,-5.5,104.25,77.0,1,0,0
2018_TX_121_20181106_D030,2018_TX_121_20181106,2018,TX,2018_TX,121,2018-11-06,2018-10-07,30,109,49,49,30,19,True,2017-04-09,2018-10-05,-4.844333333333333,-4.064999999999998,95.36666666666666,67.0,1,0,0
2018_TX_121_20181106_D014,2018_TX_121_20181106,2018,TX,2018_TX,121,2018-11-06,2018-10-23,14,109,49,49,41,8,True,2017-04-09,2018-10-21,-4.977560975609756,-4.5,83.70731707317073,44.0,1,0,0
2018_TX_121_20181106_D007,2018_TX_121_20181106,2018,TX,2018_TX,121,2018-11-06,2018-10-30,7,109,49,49,46,3,True,2017-04-09,2018-10-30,-5.001739130434783,-4.399999999999999,81.06521739130434,46.0,1,0,0
2018_TX_121_20181106_D000,2018_TX_121_20181106,2018,TX,2018_TX,121,2018-11-06,2018-11-06,0,109,49,49,48,1,True,2017-04-09,2018-11-05,-4.97875,-4.399999999999999,84.5,51.5,1,0,0
2018_UT_122_20181106_D120,2018_UT_122_20181106,2018,UT,2018_UT,122,2018-11-06,2018-07-09,120,20,7,7,4,3,True,2017-09-05,2018-06-18,-43.2,-41.9,182.5,201.0,0,0,0
2018_UT_122_20181106_D090,2018_UT_122_20181106,2018,UT,2018_UT,122,2018-11-06,2018-08-08,90,20,7,7,4,3,True,2017-09-05,2018-06-18,-43.2,-41.9,212.5,231.0,0,0,0
2018_UT_122_20181106_D060,2018_UT_122_20181106,2018,UT,2018_UT,122,2018-11-06,2018-09-07,60,20,7,7,6,1,True,2017-09-05,2018-08-31,-39.800000000000004,-39.4,164.66666666666666,156.5,0,0,0
2018_UT_122_20181106_D030,2018_UT_122_20181106,2018,UT,2018_UT,122,2018-11-06,2018-10-07,30,20,7,7,6,1,True,2017-09-05,2018-08-31,-39.800000000000004,-39.4,194.66666666666666,186.5,0,0,0
2018_UT_122_20181106_D014,2018_UT_122_20181106,2018,UT,2018_UT,122,2018-11-06,2018-10-23,14,20,7,7,7,0,True,2017-09-05,2018-10-09,-39.25714285714286,-38.8,182.57142857142858,127.0,0,0,0
2018_UT_122_20181106_D007,2018_UT_122_20181106,2018,UT,2018_UT,122,2018-11-06,2018-10-30,7,20,7,7,7,0,True,2017-09-05,2018-10-09,-39.25714285714286,-38.8,189.57142857142858,134.0,0,0,0
2018_UT_122_20181106_D000,2018_UT_122_20181106,2018,UT,2018_UT,122,2018-11-06,2018-11-06,0,20,7,7,7,0,True,2017-09-05,2018-10-09,-39.25714285714286,-38.8,196.57142857142858,141.0,0,0,0
2018_VA_124_20181106_D120,2018_VA_124_20181106,2018,VA,2018_VA,124,2018-11-06,2018-07-09,120,26,11,11,5,6,True,2017-09-12,2018-06-25,17.0,17.0,157.0,131.0,0,0,0
2018_VA_124_20181106_D090,2018_VA_124_20181106,2018,VA,2018_VA,124,2018-11-06,2018-08-08,90,26,11,11,6,5,True,2017-09-12,2018-07-30,18.0,17.5,157.33333333333334,115.5,0,0,0
2018_VA_124_20181106_D060,2018_VA_124_20181106,2018,VA,2018_VA,124,2018-11-06,2018-09-07,60,26,11,11,8,3,True,2017-09-12,2018-08-24,16.1875,17.0,144.625,87.0,0,0,0
2018_VA_124_20181106_D030,2018_VA_124_20181106,2018,VA,2018_VA,124,2018-11-06,2018-10-07,30,26,11,11,11,0,True,2017-09-12,2018-09-09,16.59090909090909,17.0,134.63636363636363,69.0,0,0,0
2018_VA_124_20181106_D014,2018_VA_124_20181106,2018,VA,2018_VA,124,2018-11-06,2018-10-23,14,26,11,11,11,0,True,2017-09-12,2018-09-09,16.59090909090909,17.0,150.63636363636363,85.0,0,0,0
2018_VA_124_20181106_D007,2018_VA_124_20181106,2018,VA,2018_VA,124,2018-11-06,2018-10-30,7,26,11,11,11,0,True,2017-09-12,2018-09-09,16.59090909090909,17.0,157.63636363636363,92.0,0,0,0
2018_VA_124_20181106_D000,2018_VA_124_20181106,2018,VA,2018_VA,124,2018-11-06,2018-11-06,0,26,11,11,11,0,True,2017-09-12,2018-09-09,16.59090909090909,17.0,164.63636363636363,99.0,0,0,0
2018_VT_123_20181106_D120,2018_VT_123_20181106,2018,VT,2018_VT,123,2018-11-06,2018-07-09,120,11,3,3,0,3,False,,,,,,,0,0,0
2018_VT_123_20181106_D090,2018_VT_123_20181106,2018,VT,2018_VT,123,2018-11-06,2018-08-08,90,11,3,3,0,3,False,,,,,,,0,0,0
2018_VT_123_20181106_D060,2018_VT_123_20181106,2018,VT,2018_VT,123,2018-11-06,2018-09-07,60,11,3,3,0,3,False,,,,,,,0,0,0
2018_VT_123_20181106_D030,2018_VT_123_20181106,2018,VT,2018_VT,123,2018-11-06,2018-10-07,30,11,3,3,0,3,False,,,,,,,0,0,0
2018_VT_123_20181106_D014,2018_VT_123_20181106,2018,VT,2018_VT,123,2018-11-06,2018-10-23,14,11,3,3,0,3,False,,,,,,,0,0,0
2018_VT_123_20181106_D007,2018_VT_123_20181106,2018,VT,2018_VT,123,2018-11-06,2018-10-30,7,11,3,3,0,3,False,,,,,,,0,0,0
2018_VT_123_20181106_D000,2018_VT_123_20181106,2018,VT,2018_VT,123,2018-11-06,2018-11-06,0,11,3,3,0,3,False,,,,,,,0,0,0
2018_WA_125_20181106_D120,2018_WA_125_20181106,2018,WA,2018_WA,125,2018-11-06,2018-07-09,120,4,2,2,1,1,True,2018-05-23,2018-05-23,16.0,16.0,47.0,47.0,0,0,0
2018_WA_125_20181106_D090,2018_WA_125_20181106,2018,WA,2018_WA,125,2018-11-06,2018-08-08,90,4,2,2,1,1,True,2018-05-23,2018-05-23,16.0,16.0,77.0,77.0,0,0,0
2018_WA_125_20181106_D060,2018_WA_125_20181106,2018,WA,2018_WA,125,2018-11-06,2018-09-07,60,4,2,2,1,1,True,2018-05-23,2018-05-23,16.0,16.0,107.0,107.0,0,0,0
2018_WA_125_20181106_D030,2018_WA_125_20181106,2018,WA,2018_WA,125,2018-11-06,2018-10-07,30,4,2,2,1,1,True,2018-05-23,2018-05-23,16.0,16.0,137.0,137.0,0,0,0
2018_WA_125_20181106_D014,2018_WA_125_20181106,2018,WA,2018_WA,125,2018-11-06,2018-10-23,14,4,2,2,2,0,True,2018-05-23,2018-10-09,15.0,15.0,83.5,83.5,0,0,0
2018_WA_125_20181106_D007,2018_WA_125_20181106,2018,WA,2018_WA,125,2018-11-06,2018-10-30,7,4,2,2,2,0,True,2018-05-23,2018-10-09,15.0,15.0,90.5,90.5,0,0,0
2018_WA_125_20181106_D000,2018_WA_125_20181106,2018,WA,2018_WA,125,2018-11-06,2018-11-06,0,4,2,2,2,0,True,2018-05-23,2018-10-09,15.0,15.0,97.5,97.5,0,0,0
2018_WI_127_20181106_D120,2018_WI_127_20181106,2018,WI,2018_WI,127,2018-11-06,2018-07-09,120,56,28,28,8,20,True,2018-03-16,2018-07-02,14.375,15.0,22.375,7.0,0,0,0
2018_WI_127_20181106_D090,2018_WI_127_20181106,2018,WI,2018_WI,127,2018-11-06,2018-08-08,90,56,28,28,10,18,True,2018-03-16,2018-07-28,14.669999999999998,15.349999999999998,45.0,37.0,0,0,0
2018_WI_127_20181106_D060,2018_WI_127_20181106,2018,WI,2018_WI,127,2018-11-06,2018-09-07,60,56,28,28,13,15,True,2018-03-16,2018-08-24,12.638461538461538,14.0,61.69230769230769,67.0,0,0,0
2018_WI_127_20181106_D030,2018_WI_127_20181106,2018,WI,2018_WI,127,2018-11-06,2018-10-07,30,56,28,28,21,7,True,2018-03-16,2018-10-07,12.395238095238094,13.0,60.57142857142857,49.0,0,0,0
2018_WI_127_20181106_D014,2018_WI_127_20181106,2018,WI,2018_WI,127,2018-11-06,2018-10-23,14,56,28,28,24,4,True,2018-03-16,2018-10-18,12.479166666666666,13.0,67.91666666666667,62.5,0,0,0
2018_WI_127_20181106_D007,2018_WI_127_20181106,2018,WI,2018_WI,127,2018-11-06,2018-10-30,7,56,28,28,26,2,True,2018-03-16,2018-10-28,12.326923076923077,12.5,69.3076923076923,55.5,0,0,0
2018_WI_127_20181106_D000,2018_WI_127_20181106,2018,WI,2018_WI,127,2018-11-06,2018-11-06,0,56,28,28,28,0,True,2018-03-16,2018-11-03,12.15,12.0,71.17857142857143,51.0,0,0,0
2018_WV_126_20181106_D120,2018_WV_126_20181106,2018,WV,2018_WV,126,2018-11-06,2018-07-09,120,93,39,39,18,21,True,2016-11-17,2018-07-02,10.583333333333334,11.5,89.0,23.0,3,0,0
2018_WV_126_20181106_D090,2018_WV_126_20181106,2018,WV,2018_WV,126,2018-11-06,2018-08-08,90,93,39,39,19,20,True,2016-11-17,2018-07-16,10.573684210526316,11.0,113.94736842105263,50.0,3,0,0
2018_WV_126_20181106_D060,2018_WV_126_20181106,2018,WV,2018_WV,126,2018-11-06,2018-09-07,60,93,39,39,21,18,True,2016-11-17,2018-08-26,10.233333333333334,10.399999999999999,131.38095238095238,80.0,3,0,0
2018_WV_126_20181106_D030,2018_WV_126_20181106,2018,WV,2018_WV,126,2018-11-06,2018-10-07,30,93,39,39,26,13,True,2016-11-17,2018-09-26,9.638461538461538,9.7,133.07692307692307,97.0,5,0,0
2018_WV_126_20181106_D014,2018_WV_126_20181106,2018,WV,2018_WV,126,2018-11-06,2018-10-23,14,93,39,39,32,7,True,2016-11-17,2018-10-19,8.55,8.0,122.5625,113.0,8,0,0
2018_WV_126_20181106_D007,2018_WV_126_20181106,2018,WV,2018_WV,126,2018-11-06,2018-10-30,7,93,39,39,33,6,True,2016-11-17,2018-10-30,8.442424242424243,8.0,125.63636363636364,120.0,8,0,0
2018_WV_126_20181106_D000,2018_WV_126_20181106,2018,WV,2018_WV,126,2018-11-06,2018-11-06,0,93,39,39,34,5,True,2016-11-17,2018-10-31,8.36470588235294,8.0,128.91176470588235,127.0,8,0,0
2018_WY_128_20181106_D120,2018_WY_128_20181106,2018,WY,2018_WY,128,2018-11-06,2018-07-09,120,3,1,1,0,1,False,,,,,,,0,0,0
2018_WY_128_20181106_D090,2018_WY_128_20181106,2018,WY,2018_WY,128,2018-11-06,2018-08-08,90,3,1,1,0,1,False,,,,,,,0,0,0
2018_WY_128_20181106_D060,2018_WY_128_20181106,2018,WY,2018_WY,128,2018-11-06,2018-09-07,60,3,1,1,0,1,False,,,,,,,0,0,0
2018_WY_128_20181106_D030,2018_WY_128_20181106,2018,WY,2018_WY,128,2018-11-06,2018-10-07,30,3,1,1,0,1,False,,,,,,,0,0,0
2018_WY_128_20181106_D014,2018_WY_128_20181106,2018,WY,2018_WY,128,2018-11-06,2018-10-23,14,3,1,1,0,1,False,,,,,,,0,0,0
2018_WY_128_20181106_D007,2018_WY_128_20181106,2018,WY,2018_WY,128,2018-11-06,2018-10-30,7,3,1,1,0,1,False,,,,,,,0,0,0
2018_WY_128_20181106_D000,2018_WY_128_20181106,2018,WY,2018_WY,128,2018-11-06,2018-11-06,0,3,1,1,1,0,True,2018-11-04,2018-11-04,-29.0,-29.0,2.0,2.0,0,0,0
2020_AK_6265_20201103_D120,2020_AK_6265_20201103,2020,AK,2020_AK,6265,2020-11-03,2020-07-06,120,29,13,13,0,13,False,,,,,,,0,0,0
2020_AK_6265_20201103_D090,2020_AK_6265_20201103,2020,AK,2020_AK,6265,2020-11-03,2020-08-05,90,29,13,13,2,11,True,2020-07-07,2020-07-08,-9.0,-9.0,28.5,28.5,0,0,0
2020_AK_6265_20201103_D060,2020_AK_6265_20201103,2020,AK,2020_AK,6265,2020-11-03,2020-09-04,60,29,13,13,2,11,True,2020-07-07,2020-07-08,-9.0,-9.0,58.5,58.5,0,0,0
2020_AK_6265_20201103_D030,2020_AK_6265_20201103,2020,AK,2020_AK,6265,2020-11-03,2020-10-04,30,29,13,13,5,8,True,2020-07-07,2020-10-04,-4.4,-4.0,37.6,11.0,1,0,0
2020_AK_6265_20201103_D014,2020_AK_6265_20201103,2020,AK,2020_AK,6265,2020-11-03,2020-10-20,14,29,13,13,10,3,True,2020-07-07,2020-10-20,-3.5,-3.0,29.6,15.0,2,0,0
2020_AK_6265_20201103_D007,2020_AK_6265_20201103,2020,AK,2020_AK,6265,2020-11-03,2020-10-27,7,29,13,13,10,3,True,2020-07-07,2020-10-20,-3.5,-3.0,36.6,22.0,2,0,0
2020_AK_6265_20201103_D000,2020_AK_6265_20201103,2020,AK,2020_AK,6265,2020-11-03,2020-11-03,0,29,13,13,11,2,True,2020-07-07,2020-10-28,-3.4545454545454546,-3.0,40.18181818181818,28.0,2,0,0
2020_AL_6266_20201103_D120,2020_AL_6266_20201103,2020,AL,2020_AL,6266,2020-11-03,2020-07-06,120,52,25,25,4,21,True,2019-12-18,2020-07-02,-7.0,-7.5,101.25,100.0,1,0,0
2020_AL_6266_20201103_D090,2020_AL_6266_20201103,2020,AL,2020_AL,6266,2020-11-03,2020-08-05,90,52,25,25,6,19,True,2019-12-18,2020-08-02,-8.9,-8.2,92.5,56.5,1,0,1
2020_AL_6266_20201103_D060,2020_AL_6266_20201103,2020,AL,2020_AL,6266,2020-11-03,2020-09-04,60,52,25,25,6,19,True,2019-12-18,2020-08-02,-8.9,-8.2,122.5,86.5,1,0,1
2020_AL_6266_20201103_D030,2020_AL_6266_20201103,2020,AL,2020_AL,6266,2020-11-03,2020-10-04,30,52,25,25,8,17,True,2019-12-18,2020-10-03,-10.4125,-9.2,116.25,90.5,1,0,2
2020_AL_6266_20201103_D014,2020_AL_6266_20201103,2020,AL,2020_AL,6266,2020-11-03,2020-10-20,14,52,25,25,10,15,True,2019-12-18,2020-10-14,-9.73,-9.2,107.0,91.0,3,0,2
2020_AL_6266_20201103_D007,2020_AL_6266_20201103,2020,AL,2020_AL,6266,2020-11-03,2020-10-27,7,52,25,25,12,13,True,2019-12-18,2020-10-26,-9.975,-9.399999999999999,95.41666666666667,61.5,3,0,2
2020_AL_6266_20201103_D000,2020_AL_6266_20201103,2020,AL,2020_AL,6266,2020-11-03,2020-11-03,0,52,25,25,16,9,True,2019-12-18,2020-11-01,-10.625,-11.399999999999999,77.625,25.5,3,0,3
2020_AR_6267_20201103_D120,2020_AR_6267_20201103,2020,AR,2020_AR,6267,2020-11-03,2020-07-06,120,6,3,3,0,3,False,,,,,,,0,0,0
2020_AR_6267_20201103_D090,2020_AR_6267_20201103,2020,AR,2020_AR,6267,2020-11-03,2020-08-05,90,6,3,3,0,3,False,,,,,,,0,0,0
2020_AR_6267_20201103_D060,2020_AR_6267_20201103,2020,AR,2020_AR,6267,2020-11-03,2020-09-04,60,6,3,3,0,3,False,,,,,,,0,0,0
2020_AR_6267_20201103_D030,2020_AR_6267_20201103,2020,AR,2020_AR,6267,2020-11-03,2020-10-04,30,6,3,3,0,3,False,,,,,,,0,0,0
2020_AR_6267_20201103_D014,2020_AR_6267_20201103,2020,AR,2020_AR,6267,2020-11-03,2020-10-20,14,6,3,3,0,3,False,,,,,,,0,0,0
2020_AR_6267_20201103_D007,2020_AR_6267_20201103,2020,AR,2020_AR,6267,2020-11-03,2020-10-27,7,6,3,3,0,3,False,,,,,,,0,0,0
2020_AR_6267_20201103_D000,2020_AR_6267_20201103,2020,AR,2020_AR,6267,2020-11-03,2020-11-03,0,6,3,3,0,3,False,,,,,,,0,0,0
2020_AZ_6268_20201103_D120,2020_AZ_6268_20201103,2020,AZ,2020_AZ,6268,2020-11-03,2020-07-06,120,240,120,120,28,92,True,2019-02-13,2020-06-29,5.546428571428572,6.350000000000001,145.60714285714286,115.5,1,0,0
2020_AZ_6268_20201103_D090,2020_AZ_6268_20201103,2020,AZ,2020_AZ,6268,2020-11-03,2020-08-05,90,240,120,120,41,79,True,2019-02-13,2020-08-04,6.364634146341463,7.0,124.2439024390244,51.0,1,0,0
2020_AZ_6268_20201103_D060,2020_AZ_6268_20201103,2020,AZ,2020_AZ,6268,2020-11-03,2020-09-04,60,240,120,120,48,72,True,2019-02-13,2020-09-04,7.2093750000000005,7.0,133.375,72.5,1,0,0
2020_AZ_6268_20201103_D030,2020_AZ_6268_20201103,2020,AZ,2020_AZ,6268,2020-11-03,2020-10-04,30,240,120,120,77,43,True,2019-02-13,2020-10-04,7.2376623376623375,7.0,107.28571428571429,63.0,2,0,2
2020_AZ_6268_20201103_D014,2020_AZ_6268_20201103,2020,AZ,2020_AZ,6268,2020-11-03,2020-10-20,14,240,120,120,95,25,True,2019-02-13,2020-10-20,7.118947368421052,7.0,101.4,46.0,2,0,4
2020_AZ_6268_20201103_D007,2020_AZ_6268_20201103,2020,AZ,2020_AZ,6268,2020-11-03,2020-10-27,7,240,120,120,104,16,True,2019-02-13,2020-10-27,7.095192307692309,7.0,99.25,46.0,2,0,4
2020_AZ_6268_20201103_D000,2020_AZ_6268_20201103,2020,AZ,2020_AZ,6268,2020-11-03,2020-11-03,0,240,120,120,118,2,True,2019-02-13,2020-11-02,6.942372881355933,7.0,94.01694915254237,48.5,2,0,5
2020_CO_6269_20201103_D120,2020_CO_6269_20201103,2020,CO,2020_CO,6269,2020-11-03,2020-07-06,120,57,26,26,6,20,True,2019-08-11,2020-06-30,13.738333333333332,12.899999999999999,177.66666666666666,172.0,0,0,0
2020_CO_6269_20201103_D090,2020_CO_6269_20201103,2020,CO,2020_CO,6269,2020-11-03,2020-08-05,90,57,26,26,7,19,True,2019-08-11,2020-07-26,12.632857142857143,12.799999999999997,179.42857142857142,108.0,0,0,0
2020_CO_6269_20201103_D060,2020_CO_6269_20201103,2020,CO,2020_CO,6269,2020-11-03,2020-09-04,60,57,26,26,10,16,True,2019-08-11,2020-09-01,11.642999999999999,11.0,149.0,95.0,0,0,1
2020_CO_6269_20201103_D030,2020_CO_6269_20201103,2020,CO,2020_CO,6269,2020-11-03,2020-10-04,30,57,26,26,13,13,True,2019-08-11,2020-09-20,10.049230769230768,10.0,142.30769230769232,70.0,0,0,3
2020_CO_6269_20201103_D014,2020_CO_6269_20201103,2020,CO,2020_CO,6269,2020-11-03,2020-10-20,14,57,26,26,21,5,True,2019-08-11,2020-10-20,9.982857142857142,10.0,100.66666666666667,45.0,0,0,5
2020_CO_6269_20201103_D007,2020_CO_6269_20201103,2020,CO,2020_CO,6269,2020-11-03,2020-10-27,7,57,26,26,21,5,True,2019-08-11,2020-10-20,9.982857142857142,10.0,107.66666666666667,52.0,0,0,5
2020_CO_6269_20201103_D000,2020_CO_6269_20201103,2020,CO,2020_CO,6269,2020-11-03,2020-11-03,0,57,26,26,25,1,True,2019-08-11,2020-11-01,10.0536,10.0,96.68,44.0,0,0,6
2020_DE_6270_20201103_D120,2020_DE_6270_20201103,2020,DE,2020_DE,6270,2020-11-03,2020-07-06,120,4,1,1,0,1,False,,,,,,,0,0,0
2020_DE_6270_20201103_D090,2020_DE_6270_20201103,2020,DE,2020_DE,6270,2020-11-03,2020-08-05,90,4,1,1,0,1,False,,,,,,,0,0,0
2020_DE_6270_20201103_D060,2020_DE_6270_20201103,2020,DE,2020_DE,6270,2020-11-03,2020-09-04,60,4,1,1,0,1,False,,,,,,,0,0,0
2020_DE_6270_20201103_D030,2020_DE_6270_20201103,2020,DE,2020_DE,6270,2020-11-03,2020-10-04,30,4,1,1,1,0,True,2020-09-27,2020-09-27,30.0,30.0,7.0,7.0,0,0,0
2020_DE_6270_20201103_D014,2020_DE_6270_20201103,2020,DE,2020_DE,6270,2020-11-03,2020-10-20,14,4,1,1,1,0,True,2020-09-27,2020-09-27,30.0,30.0,23.0,23.0,0,0,0
2020_DE_6270_20201103_D007,2020_DE_6270_20201103,2020,DE,2020_DE,6270,2020-11-03,2020-10-27,7,4,1,1,1,0,True,2020-09-27,2020-09-27,30.0,30.0,30.0,30.0,0,0,0
2020_DE_6270_20201103_D000,2020_DE_6270_20201103,2020,DE,2020_DE,6270,2020-11-03,2020-11-03,0,4,1,1,1,0,True,2020-09-27,2020-09-27,30.0,30.0,37.0,37.0,0,0,0
2020_GA_6271_20201103_D120,2020_GA_6271_20201103,2020,GA,2020_GA_REGULAR,6271,2020-11-03,2020-07-06,120,161,67,67,6,61,True,2020-04-27,2020-07-02,-2.65,-4.0,35.5,36.0,2,0,0
2020_GA_6271_20201103_D090,2020_GA_6271_20201103,2020,GA,2020_GA_REGULAR,6271,2020-11-03,2020-08-05,90,161,67,67,14,53,True,2020-04-27,2020-07-31,-2.867142857142857,-3.0,34.357142857142854,20.5,3,0,0
2020_GA_6271_20201103_D060,2020_GA_6271_20201103,2020,GA,2020_GA_REGULAR,6271,2020-11-03,2020-09-04,60,161,67,67,19,48,True,2020-04-27,2020-09-02,-2.4921052631578946,-3.0,51.473684210526315,39.0,5,0,0
2020_GA_6271_20201103_D030,2020_GA_6271_20201103,2020,GA,2020_GA_REGULAR,6271,2020-11-03,2020-10-04,30,161,67,67,36,31,True,2020-04-27,2020-09-29,-1.9797222222222226,-2.120000000000001,49.333333333333336,33.5,6,0,2
2020_GA_6271_20201103_D014,2020_GA_6271_20201103,2020,GA,2020_GA_REGULAR,6271,2020-11-03,2020-10-20,14,161,67,67,50,17,True,2020-04-27,2020-10-20,-1.3201999999999998,-1.5500000000000007,48.86,30.5,8,0,4
2020_GA_6271_20201103_D007,2020_GA_6271_20201103,2020,GA,2020_GA_REGULAR,6271,2020-11-03,2020-10-27,7,161,67,67,58,9,True,2020-04-27,2020-10-27,-1.0536206896551725,-0.759999999999998,48.43103448275862,36.0,8,0,4
2020_GA_6271_20201103_D000,2020_GA_6271_20201103,2020,GA,2020_GA_REGULAR,6271,2020-11-03,2020-11-03,0,161,67,67,65,2,True,2020-04-27,2020-11-01,-0.8324615384615388,0.0,49.83076923076923,38.0,8,0,5
2020_GA_8737_20210105_D120,2020_GA_8737_20210105,2020,GA,2020_GA_REGULAR,8737,2021-01-05,2020-09-07,120,58,29,29,0,29,False,,,,,,,0,0,0
2020_GA_8737_20210105_D090,2020_GA_8737_20210105,2020,GA,2020_GA_REGULAR,8737,2021-01-05,2020-10-07,90,58,29,29,0,29,False,,,,,,,0,0,0
2020_GA_8737_20210105_D060,2020_GA_8737_20210105,2020,GA,2020_GA_REGULAR,8737,2021-01-05,2020-11-06,60,58,29,29,0,29,False,,,,,,,0,0,0
2020_GA_8737_20210105_D030,2020_GA_8737_20210105,2020,GA,2020_GA_REGULAR,8737,2021-01-05,2020-12-06,30,58,29,29,0,29,False,,,,,,,0,0,0
2020_GA_8737_20210105_D014,2020_GA_8737_20210105,2020,GA,2020_GA_REGULAR,8737,2021-01-05,2020-12-22,14,58,29,29,0,29,False,,,,,,,0,0,0
2020_GA_8737_20210105_D007,2020_GA_8737_20210105,2020,GA,2020_GA_REGULAR,8737,2021-01-05,2020-12-29,7,58,29,29,0,29,False,,,,,,,0,0,0
2020_GA_8737_20210105_D000,2020_GA_8737_20210105,2020,GA,2020_GA_REGULAR,8737,2021-01-05,2021-01-05,0,58,29,29,0,29,False,,,,,,,0,0,0
2020_GA_7780_20201103_D120,2020_GA_7780_20201103,2020,GA,2020_GA_SPECIAL,7780,2020-11-03,2020-07-06,120,325,58,58,0,58,False,,,,,,,0,0,0
2020_GA_7780_20201103_D090,2020_GA_7780_20201103,2020,GA,2020_GA_SPECIAL,7780,2020-11-03,2020-08-05,90,325,58,58,0,58,False,,,,,,,0,0,0
2020_GA_7780_20201103_D060,2020_GA_7780_20201103,2020,GA,2020_GA_SPECIAL,7780,2020-11-03,2020-09-04,60,325,58,58,0,58,False,,,,,,,0,0,0
2020_GA_7780_20201103_D030,2020_GA_7780_20201103,2020,GA,2020_GA_SPECIAL,7780,2020-11-03,2020-10-04,30,325,58,58,0,58,False,,,,,,,0,0,0
2020_GA_7780_20201103_D014,2020_GA_7780_20201103,2020,GA,2020_GA_SPECIAL,7780,2020-11-03,2020-10-20,14,325,58,58,0,58,False,,,,,,,0,0,0
2020_GA_7780_20201103_D007,2020_GA_7780_20201103,2020,GA,2020_GA_SPECIAL,7780,2020-11-03,2020-10-27,7,325,58,58,0,58,False,,,,,,,0,0,0
2020_GA_7780_20201103_D000,2020_GA_7780_20201103,2020,GA,2020_GA_SPECIAL,7780,2020-11-03,2020-11-03,0,325,58,58,0,58,False,,,,,,,0,0,0
2020_GA_7781_20210105_D120,2020_GA_7781_20210105,2020,GA,2020_GA_SPECIAL,7781,2021-01-05,2020-09-07,120,124,62,62,0,62,False,,,,,,,0,0,0
2020_GA_7781_20210105_D090,2020_GA_7781_20210105,2020,GA,2020_GA_SPECIAL,7781,2021-01-05,2020-10-07,90,124,62,62,0,62,False,,,,,,,0,0,0
2020_GA_7781_20210105_D060,2020_GA_7781_20210105,2020,GA,2020_GA_SPECIAL,7781,2021-01-05,2020-11-06,60,124,62,62,0,62,False,,,,,,,0,0,0
2020_GA_7781_20210105_D030,2020_GA_7781_20210105,2020,GA,2020_GA_SPECIAL,7781,2021-01-05,2020-12-06,30,124,62,62,0,62,False,,,,,,,0,0,0
2020_GA_7781_20210105_D014,2020_GA_7781_20210105,2020,GA,2020_GA_SPECIAL,7781,2021-01-05,2020-12-22,14,124,62,62,0,62,False,,,,,,,0,0,0
2020_GA_7781_20210105_D007,2020_GA_7781_20210105,2020,GA,2020_GA_SPECIAL,7781,2021-01-05,2020-12-29,7,124,62,62,0,62,False,,,,,,,0,0,0
2020_GA_7781_20210105_D000,2020_GA_7781_20210105,2020,GA,2020_GA_SPECIAL,7781,2021-01-05,2021-01-05,0,124,62,62,0,62,False,,,,,,,0,0,0
2020_IA_6272_20201103_D120,2020_IA_6272_20201103,2020,IA,2020_IA,6272,2020-11-03,2020-07-06,120,131,48,48,7,41,True,2019-10-16,2020-06-28,-0.5,2.0,89.71428571428571,32.0,0,0,0
2020_IA_6272_20201103_D090,2020_IA_6272_20201103,2020,IA,2020_IA,6272,2020-11-03,2020-08-05,90,131,48,48,13,35,True,2019-10-16,2020-08-03,-0.054615384615384684,1.7899999999999991,67.15384615384616,38.0,0,0,0
2020_IA_6272_20201103_D060,2020_IA_6272_20201103,2020,IA,2020_IA,6272,2020-11-03,2020-09-04,60,131,48,48,15,33,True,2019-10-16,2020-09-02,-0.24733333333333338,1.7899999999999991,85.73333333333333,50.0,0,0,0
2020_IA_6272_20201103_D030,2020_IA_6272_20201103,2020,IA,2020_IA,6272,2020-11-03,2020-10-04,30,131,48,48,25,23,True,2019-10-16,2020-09-28,0.6115999999999999,1.7899999999999991,74.28,62.0,0,0,0
2020_IA_6272_20201103_D014,2020_IA_6272_20201103,2020,IA,2020_IA,6272,2020-11-03,2020-10-20,14,131,48,48,35,13,True,2019-10-16,2020-10-20,1.1997142857142857,2.0,66.34285714285714,28.0,0,0,0
2020_IA_6272_20201103_D007,2020_IA_6272_20201103,2020,IA,2020_IA,6272,2020-11-03,2020-10-27,7,131,48,48,39,9,True,2019-10-16,2020-10-27,1.1515384615384616,2.0,66.2051282051282,35.0,0,0,0
2020_IA_6272_20201103_D000,2020_IA_6272_20201103,2020,IA,2020_IA,6272,2020-11-03,2020-11-03,0,131,48,48,46,2,True,2019-10-16,2020-11-02,1.0306521739130434,2.0,62.47826086956522,36.5,0,0,0
2020_ID_6273_20201103_D120,2020_ID_6273_20201103,2020,ID,2020_ID,6273,2020-11-03,2020-07-06,120,2,1,1,0,1,False,,,,,,,0,0,0
2020_ID_6273_20201103_D090,2020_ID_6273_20201103,2020,ID,2020_ID,6273,2020-11-03,2020-08-05,90,2,1,1,0,1,False,,,,,,,0,0,0
2020_ID_6273_20201103_D060,2020_ID_6273_20201103,2020,ID,2020_ID,6273,2020-11-03,2020-09-04,60,2,1,1,1,0,True,2020-09-01,2020-09-01,-25.64,-25.64,3.0,3.0,0,0,0
2020_ID_6273_20201103_D030,2020_ID_6273_20201103,2020,ID,2020_ID,6273,2020-11-03,2020-10-04,30,2,1,1,1,0,True,2020-09-01,2020-09-01,-25.64,-25.64,33.0,33.0,0,0,0
2020_ID_6273_20201103_D014,2020_ID_6273_20201103,2020,ID,2020_ID,6273,2020-11-03,2020-10-20,14,2,1,1,1,0,True,2020-09-01,2020-09-01,-25.64,-25.64,49.0,49.0,0,0,0
2020_ID_6273_20201103_D007,2020_ID_6273_20201103,2020,ID,2020_ID,6273,2020-11-03,2020-10-27,7,2,1,1,1,0,True,2020-09-01,2020-09-01,-25.64,-25.64,56.0,56.0,0,0,0
2020_ID_6273_20201103_D000,2020_ID_6273_20201103,2020,ID,2020_ID,6273,2020-11-03,2020-11-03,0,2,1,1,1,0,True,2020-09-01,2020-09-01,-25.64,-25.64,63.0,63.0,0,0,0
2020_IL_6274_20201103_D120,2020_IL_6274_20201103,2020,IL,2020_IL,6274,2020-11-03,2020-07-06,120,9,3,3,0,3,False,,,,,,,0,0,0
2020_IL_6274_20201103_D090,2020_IL_6274_20201103,2020,IL,2020_IL,6274,2020-11-03,2020-08-05,90,9,3,3,0,3,False,,,,,,,0,0,0
2020_IL_6274_20201103_D060,2020_IL_6274_20201103,2020,IL,2020_IL,6274,2020-11-03,2020-09-04,60,9,3,3,0,3,False,,,,,,,0,0,0
2020_IL_6274_20201103_D030,2020_IL_6274_20201103,2020,IL,2020_IL,6274,2020-11-03,2020-10-04,30,9,3,3,0,3,False,,,,,,,0,0,0
2020_IL_6274_20201103_D014,2020_IL_6274_20201103,2020,IL,2020_IL,6274,2020-11-03,2020-10-20,14,9,3,3,0,3,False,,,,,,,0,0,0
2020_IL_6274_20201103_D007,2020_IL_6274_20201103,2020,IL,2020_IL,6274,2020-11-03,2020-10-27,7,9,3,3,0,3,False,,,,,,,0,0,0
2020_IL_6274_20201103_D000,2020_IL_6274_20201103,2020,IL,2020_IL,6274,2020-11-03,2020-11-03,0,9,3,3,2,1,True,2020-11-01,2020-11-01,23.5,23.5,2.0,2.0,0,0,0
2020_KS_6275_20201103_D120,2020_KS_6275_20201103,2020,KS,2020_KS,6275,2020-11-03,2020-07-06,120,60,25,25,3,22,True,2020-03-11,2020-06-01,-7.333333333333333,-10.0,66.66666666666667,48.0,1,0,0
2020_KS_6275_20201103_D090,2020_KS_6275_20201103,2020,KS,2020_KS,6275,2020-11-03,2020-08-05,90,60,25,25,3,22,True,2020-03-11,2020-06-01,-7.333333333333333,-10.0,96.66666666666667,78.0,1,0,0
2020_KS_6275_20201103_D060,2020_KS_6275_20201103,2020,KS,2020_KS,6275,2020-11-03,2020-09-04,60,60,25,25,5,20,True,2020-03-11,2020-08-09,-5.0,-2.0,87.0,95.0,1,0,0
2020_KS_6275_20201103_D030,2020_KS_6275_20201103,2020,KS,2020_KS,6275,2020-11-03,2020-10-04,30,60,25,25,11,14,True,2020-03-11,2020-09-30,-2.7709090909090905,-1.0,59.0,18.0,2,0,0
2020_KS_6275_20201103_D014,2020_KS_6275_20201103,2020,KS,2020_KS,6275,2020-11-03,2020-10-20,14,60,25,25,14,11,True,2020-03-11,2020-10-20,-3.32,-1.5,58.92857142857143,31.0,2,0,0
2020_KS_6275_20201103_D007,2020_KS_6275_20201103,2020,KS,2020_KS,6275,2020-11-03,2020-10-27,7,60,25,25,17,8,True,2020-03-11,2020-10-27,-2.885294117647059,-1.0,54.294117647058826,30.0,4,0,0
2020_KS_6275_20201103_D000,2020_KS_6275_20201103,2020,KS,2020_KS,6275,2020-11-03,2020-11-03,0,60,25,25,18,7,True,2020-03-11,2020-11-01,-3.058333333333333,-1.5,58.0,36.0,4,0,0
2020_KY_6276_20201103_D120,2020_KY_6276_20201103,2020,KY,2020_KY,6276,2020-11-03,2020-07-06,120,55,22,22,7,15,True,2019-06-16,2020-06-15,-3.857142857142857,-2.0,174.0,167.0,3,0,0
2020_KY_6276_20201103_D090,2020_KY_6276_20201103,2020,KY,2020_KY,6276,2020-11-03,2020-08-05,90,55,22,22,12,10,True,2019-06-16,2020-08-03,-6.5125,-3.0,123.66666666666667,62.0,4,0,1
2020_KY_6276_20201103_D060,2020_KY_6276_20201103,2020,KY,2020_KY,6276,2020-11-03,2020-09-04,60,55,22,22,12,10,True,2019-06-16,2020-08-03,-6.5125,-3.0,153.66666666666666,92.0,4,0,1
2020_KY_6276_20201103_D030,2020_KY_6276_20201103,2020,KY,2020_KY,6276,2020-11-03,2020-10-04,30,55,22,22,16,6,True,2019-06-16,2020-09-20,-7.446875,-4.5,141.75,82.0,4,0,2
2020_KY_6276_20201103_D014,2020_KY_6276_20201103,2020,KY,2020_KY,6276,2020-11-03,2020-10-20,14,55,22,22,18,4,True,2019-06-16,2020-10-20,-7.691666666666666,-6.0,140.5,89.5,4,0,2
2020_KY_6276_20201103_D007,2020_KY_6276_20201103,2020,KY,2020_KY,6276,2020-11-03,2020-10-27,7,55,22,22,18,4,True,2019-06-16,2020-10-20,-7.691666666666666,-6.0,147.5,96.5,4,0,2
2020_KY_6276_20201103_D000,2020_KY_6276_20201103,2020,KY,2020_KY,6276,2020-11-03,2020-11-03,0,55,22,22,21,1,True,2019-06-16,2020-11-01,-7.75952380952381,-7.0,132.95238095238096,93.0,4,0,3
2020_LA_6277_20201103_D120,2020_LA_6277_20201103,2020,LA,2020_LA,6277,2020-11-03,2020-07-06,120,6,1,1,0,1,False,,,,,,,0,0,0
2020_LA_6277_20201103_D090,2020_LA_6277_20201103,2020,LA,2020_LA,6277,2020-11-03,2020-08-05,90,6,1,1,0,1,False,,,,,,,0,0,0
2020_LA_6277_20201103_D060,2020_LA_6277_20201103,2020,LA,2020_LA,6277,2020-11-03,2020-09-04,60,6,1,1,0,1,False,,,,,,,0,0,0
2020_LA_6277_20201103_D030,2020_LA_6277_20201103,2020,LA,2020_LA,6277,2020-11-03,2020-10-04,30,6,1,1,0,1,False,,,,,,,0,0,0
2020_LA_6277_20201103_D014,2020_LA_6277_20201103,2020,LA,2020_LA,6277,2020-11-03,2020-10-20,14,6,1,1,0,1,False,,,,,,,0,0,0
2020_LA_6277_20201103_D007,2020_LA_6277_20201103,2020,LA,2020_LA,6277,2020-11-03,2020-10-27,7,6,1,1,0,1,False,,,,,,,0,0,0
2020_LA_6277_20201103_D000,2020_LA_6277_20201103,2020,LA,2020_LA,6277,2020-11-03,2020-11-03,0,6,1,1,0,1,False,,,,,,,0,0,0
2020_MA_6278_20201103_D120,2020_MA_6278_20201103,2020,MA,2020_MA,6278,2020-11-03,2020-07-06,120,14,7,7,0,7,False,,,,,,,0,0,0
2020_MA_6278_20201103_D090,2020_MA_6278_20201103,2020,MA,2020_MA,6278,2020-11-03,2020-08-05,90,14,7,7,0,7,False,,,,,,,0,0,0
2020_MA_6278_20201103_D060,2020_MA_6278_20201103,2020,MA,2020_MA,6278,2020-11-03,2020-09-04,60,14,7,7,0,7,False,,,,,,,0,0,0
2020_MA_6278_20201103_D030,2020_MA_6278_20201103,2020,MA,2020_MA,6278,2020-11-03,2020-10-04,30,14,7,7,1,6,True,2020-09-17,2020-09-17,10.0,10.0,17.0,17.0,1,0,0
2020_MA_6278_20201103_D014,2020_MA_6278_20201103,2020,MA,2020_MA,6278,2020-11-03,2020-10-20,14,14,7,7,1,6,True,2020-09-17,2020-09-17,10.0,10.0,33.0,33.0,1,0,0
2020_MA_6278_20201103_D007,2020_MA_6278_20201103,2020,MA,2020_MA,6278,2020-11-03,2020-10-27,7,14,7,7,2,5,True,2020-09-17,2020-10-21,24.5,24.5,23.0,23.0,1,0,0
2020_MA_6278_20201103_D000,2020_MA_6278_20201103,2020,MA,2020_MA,6278,2020-11-03,2020-11-03,0,14,7,7,3,4,True,2020-09-17,2020-10-30,26.666666666666668,31.0,21.333333333333332,13.0,1,0,0
2020_ME_6279_20201103_D120,2020_ME_6279_20201103,2020,ME,2020_ME,6279,2020-11-03,2020-07-06,120,110,39,39,0,39,False,,,,,,,0,0,0
2020_ME_6279_20201103_D090,2020_ME_6279_20201103,2020,ME,2020_ME,6279,2020-11-03,2020-08-05,90,110,39,39,0,39,False,,,,,,,0,0,0
2020_ME_6279_20201103_D060,2020_ME_6279_20201103,2020,ME,2020_ME,6279,2020-11-03,2020-09-04,60,110,39,39,0,39,False,,,,,,,0,0,0
2020_ME_6279_20201103_D030,2020_ME_6279_20201103,2020,ME,2020_ME,6279,2020-11-03,2020-10-04,30,110,39,39,0,39,False,,,,,,,0,0,0
2020_ME_6279_20201103_D014,2020_ME_6279_20201103,2020,ME,2020_ME,6279,2020-11-03,2020-10-20,14,110,39,39,0,39,False,,,,,,,0,0,0
2020_ME_6279_20201103_D007,2020_ME_6279_20201103,2020,ME,2020_ME,6279,2020-11-03,2020-10-27,7,110,39,39,0,39,False,,,,,,,0,0,0
2020_ME_6279_20201103_D000,2020_ME_6279_20201103,2020,ME,2020_ME,6279,2020-11-03,2020-11-03,0,110,39,39,0,39,False,,,,,,,0,0,0
2020_MI_6280_20201103_D120,2020_MI_6280_20201103,2020,MI,2020_MI,6280,2020-11-03,2020-07-06,120,263,122,122,31,91,True,2019-03-10,2020-06-28,8.247741935483871,8.5,131.41935483870967,96.0,0,0,0
2020_MI_6280_20201103_D090,2020_MI_6280_20201103,2020,MI,2020_MI,6280,2020-11-03,2020-08-05,90,263,122,122,44,78,True,2019-03-10,2020-07-30,8.808409090909091,9.0,118.0909090909091,65.0,0,0,0
2020_MI_6280_20201103_D060,2020_MI_6280_20201103,2020,MI,2020_MI,6280,2020-11-03,2020-09-04,60,263,122,122,56,66,True,2019-03-10,2020-09-03,8.173392857142858,8.0,118.51785714285714,77.5,2,0,0
2020_MI_6280_20201103_D030,2020_MI_6280_20201103,2020,MI,2020_MI,6280,2020-11-03,2020-10-04,30,263,122,122,75,47,True,2019-03-10,2020-10-04,7.5268,7.0,114.28,74.0,2,0,2
2020_MI_6280_20201103_D014,2020_MI_6280_20201103,2020,MI,2020_MI,6280,2020-11-03,2020-10-20,14,263,122,122,97,25,True,2019-03-10,2020-10-20,6.989278350515464,7.0,102.0721649484536,58.0,3,0,4
2020_MI_6280_20201103_D007,2020_MI_6280_20201103,2020,MI,2020_MI,6280,2020-11-03,2020-10-27,7,263,122,122,107,15,True,2019-03-10,2020-10-27,7.09588785046729,7.0,99.04672897196262,54.0,4,0,4
2020_MI_6280_20201103_D000,2020_MI_6280_20201103,2020,MI,2020_MI,6280,2020-11-03,2020-11-03,0,263,122,122,121,1,True,2019-03-10,2020-11-01,7.298842975206612,7.0,94.20661157024793,48.0,4,0,5
2020_MN_6281_20201103_D120,2020_MN_6281_20201103,2020,MN,2020_MN,6281,2020-11-03,2020-07-06,120,52,23,23,1,22,True,2020-05-28,2020-05-28,11.0,11.0,39.0,39.0,1,0,0
2020_MN_6281_20201103_D090,2020_MN_6281_20201103,2020,MN,2020_MN,6281,2020-11-03,2020-08-05,90,52,23,23,2,21,True,2020-05-28,2020-07-23,10.0,10.0,41.0,41.0,1,0,0
2020_MN_6281_20201103_D060,2020_MN_6281_20201103,2020,MN,2020_MN,6281,2020-11-03,2020-09-04,60,52,23,23,5,18,True,2020-05-28,2020-09-04,6.68,8.0,34.0,25.0,2,0,0
2020_MN_6281_20201103_D030,2020_MN_6281_20201103,2020,MN,2020_MN,6281,2020-11-03,2020-10-04,30,52,23,23,11,12,True,2020-05-28,2020-09-24,8.481818181818182,9.0,39.27272727272727,27.0,2,0,0
2020_MN_6281_20201103_D014,2020_MN_6281_20201103,2020,MN,2020_MN,6281,2020-11-03,2020-10-20,14,52,23,23,15,8,True,2020-05-28,2020-10-20,7.753333333333334,8.0,41.8,39.0,2,0,0
2020_MN_6281_20201103_D007,2020_MN_6281_20201103,2020,MN,2020_MN,6281,2020-11-03,2020-10-27,7,52,23,23,17,6,True,2020-05-28,2020-10-27,7.841176470588236,8.0,43.11764705882353,40.0,2,0,0
2020_MN_6281_20201103_D000,2020_MN_6281_20201103,2020,MN,2020_MN,6281,2020-11-03,2020-11-03,0,52,23,23,23,0,True,2020-05-28,2020-11-01,8.621739130434783,9.0,37.869565217391305,28.0,2,0,0
2020_MS_6282_20201103_D120,2020_MS_6282_20201103,2020,MS,2020_MS,6282,2020-11-03,2020-07-06,120,22,9,9,5,4,True,2020-01-07,2020-05-28,-16.009999999999998,-10.0,105.0,116.0,1,0,0
2020_MS_6282_20201103_D090,2020_MS_6282_20201103,2020,MS,2020_MS,6282,2020-11-03,2020-08-05,90,22,9,9,5,4,True,2020-01-07,2020-05-28,-16.009999999999998,-10.0,135.0,146.0,1,0,0
2020_MS_6282_20201103_D060,2020_MS_6282_20201103,2020,MS,2020_MS,6282,2020-11-03,2020-09-04,60,22,9,9,7,2,True,2020-01-07,2020-08-30,-12.292857142857143,-8.299999999999997,122.28571428571429,120.0,2,0,0
2020_MS_6282_20201103_D030,2020_MS_6282_20201103,2020,MS,2020_MS,6282,2020-11-03,2020-10-04,30,22,9,9,7,2,True,2020-01-07,2020-08-30,-12.292857142857143,-8.299999999999997,152.28571428571428,150.0,2,0,0
2020_MS_6282_20201103_D014,2020_MS_6282_20201103,2020,MS,2020_MS,6282,2020-11-03,2020-10-20,14,22,9,9,7,2,True,2020-01-07,2020-08-30,-12.292857142857143,-8.299999999999997,168.28571428571428,166.0,2,0,0
2020_MS_6282_20201103_D007,2020_MS_6282_20201103,2020,MS,2020_MS,6282,2020-11-03,2020-10-27,7,22,9,9,8,1,True,2020-01-07,2020-10-26,-11.75625,-8.149999999999999,153.5,162.5,2,0,0
2020_MS_6282_20201103_D000,2020_MS_6282_20201103,2020,MS,2020_MS,6282,2020-11-03,2020-11-03,0,22,9,9,9,0,True,2020-01-07,2020-11-01,-10.783333333333333,-8.0,142.88888888888889,159.0,2,0,0
2020_MT_6283_20201103_D120,2020_MT_6283_20201103,2020,MT,2020_MT,6283,2020-11-03,2020-07-06,120,40,19,19,3,16,True,2020-03-13,2020-06-26,3.7566666666666655,4.299999999999997,65.0,70.0,0,0,0
2020_MT_6283_20201103_D090,2020_MT_6283_20201103,2020,MT,2020_MT,6283,2020-11-03,2020-08-05,90,40,19,19,7,12,True,2020-03-13,2020-08-02,0.23714285714285666,0.0,51.0,26.0,0,0,0
2020_MT_6283_20201103_D060,2020_MT_6283_20201103,2020,MT,2020_MT,6283,2020-11-03,2020-09-04,60,40,19,19,7,12,True,2020-03-13,2020-08-02,0.23714285714285666,0.0,81.0,56.0,0,0,0
2020_MT_6283_20201103_D030,2020_MT_6283_20201103,2020,MT,2020_MT,6283,2020-11-03,2020-10-04,30,40,19,19,9,10,True,2020-03-13,2020-10-02,0.07333333333333296,0.0,89.77777777777777,83.0,0,0,0
2020_MT_6283_20201103_D014,2020_MT_6283_20201103,2020,MT,2020_MT,6283,2020-11-03,2020-10-20,14,40,19,19,14,5,True,2020-03-13,2020-10-20,-1.0314285714285714,-1.5,69.78571428571429,62.0,0,0,0
2020_MT_6283_20201103_D007,2020_MT_6283_20201103,2020,MT,2020_MT,6283,2020-11-03,2020-10-27,7,40,19,19,16,3,True,2020-03-13,2020-10-27,-0.7774999999999999,-0.5,67.375,38.5,0,0,0
2020_MT_6283_20201103_D000,2020_MT_6283_20201103,2020,MT,2020_MT,6283,2020-11-03,2020-11-03,0,40,19,19,17,2,True,2020-03-13,2020-11-02,-0.9670588235294116,-1.0,70.05882352941177,32.0,0,0,0
2020_NC_6284_20201103_D120,2020_NC_6284_20201103,2020,NC,2020_NC,6284,2020-11-03,2020-07-06,120,321,129,129,25,104,True,2019-06-18,2020-06-28,2.2640000000000002,2.0,104.2,63.0,1,0,0
2020_NC_6284_20201103_D090,2020_NC_6284_20201103,2020,NC,2020_NC,6284,2020-11-03,2020-08-05,90,321,129,129,39,90,True,2019-06-18,2020-08-02,4.131025641025642,3.0,90.76923076923077,49.0,1,0,0
2020_NC_6284_20201103_D060,2020_NC_6284_20201103,2020,NC,2020_NC,6284,2020-11-03,2020-09-04,60,321,129,129,53,76,True,2019-06-18,2020-09-03,4.33867924528302,3.0999999999999943,91.90566037735849,54.0,1,0,0
2020_NC_6284_20201103_D030,2020_NC_6284_20201103,2020,NC,2020_NC,6284,2020-11-03,2020-10-04,30,321,129,129,77,52,True,2019-06-18,2020-10-04,4.671298701298701,4.0,88.84415584415585,63.0,1,0,2
2020_NC_6284_20201103_D014,2020_NC_6284_20201103,2020,NC,2020_NC,6284,2020-11-03,2020-10-20,14,321,129,129,100,29,True,2019-06-18,2020-10-20,4.6841,4.0,82.18,49.0,1,0,4
2020_NC_6284_20201103_D007,2020_NC_6284_20201103,2020,NC,2020_NC,6284,2020-11-03,2020-10-27,7,321,129,129,113,16,True,2019-06-18,2020-10-27,4.442566371681416,4.0,79.10619469026548,46.0,1,0,4
2020_NC_6284_20201103_D000,2020_NC_6284_20201103,2020,NC,2020_NC,6284,2020-11-03,2020-11-03,0,321,129,129,127,2,True,2019-06-18,2020-11-02,4.376377952755905,4.0,77.03149606299213,48.0,1,0,5
2020_NE_6285_20201103_D120,2020_NE_6285_20201103,2020,NE,2020_NE,6285,2020-11-03,2020-07-06,120,3,1,1,0,1,False,,,,,,,0,0,0
2020_NE_6285_20201103_D090,2020_NE_6285_20201103,2020,NE,2020_NE,6285,2020-11-03,2020-08-05,90,3,1,1,0,1,False,,,,,,,0,0,0
2020_NE_6285_20201103_D060,2020_NE_6285_20201103,2020,NE,2020_NE,6285,2020-11-03,2020-09-04,60,3,1,1,0,1,False,,,,,,,0,0,0
2020_NE_6285_20201103_D030,2020_NE_6285_20201103,2020,NE,2020_NE,6285,2020-11-03,2020-10-04,30,3,1,1,0,1,False,,,,,,,0,0,0
2020_NE_6285_20201103_D014,2020_NE_6285_20201103,2020,NE,2020_NE,6285,2020-11-03,2020-10-20,14,3,1,1,0,1,False,,,,,,,0,0,0
2020_NE_6285_20201103_D007,2020_NE_6285_20201103,2020,NE,2020_NE,6285,2020-11-03,2020-10-27,7,3,1,1,1,0,True,2020-10-21,2020-10-21,-29.9,-29.9,6.0,6.0,0,0,0
2020_NE_6285_20201103_D000,2020_NE_6285_20201103,2020,NE,2020_NE,6285,2020-11-03,2020-11-03,0,3,1,1,1,0,True,2020-10-21,2020-10-21,-29.9,-29.9,13.0,13.0,0,0,0
2020_NH_6286_20201103_D120,2020_NH_6286_20201103,2020,NH,2020_NH,6286,2020-11-03,2020-07-06,120,74,32,32,3,29,True,2020-02-25,2020-06-22,18.333333333333332,18.0,65.0,49.0,0,0,0
2020_NH_6286_20201103_D090,2020_NH_6286_20201103,2020,NH,2020_NH,6286,2020-11-03,2020-08-05,90,74,32,32,4,28,True,2020-02-25,2020-07-28,18.5,18.5,73.25,61.5,0,0,0
2020_NH_6286_20201103_D060,2020_NH_6286_20201103,2020,NH,2020_NH,6286,2020-11-03,2020-09-04,60,74,32,32,5,27,True,2020-02-25,2020-09-01,18.4,18.0,83.2,74.0,0,0,0
2020_NH_6286_20201103_D030,2020_NH_6286_20201103,2020,NH,2020_NH,6286,2020-11-03,2020-10-04,30,74,32,32,10,22,True,2020-02-25,2020-10-04,16.91,17.0,59.0,21.0,0,0,0
2020_NH_6286_20201103_D014,2020_NH_6286_20201103,2020,NH,2020_NH,6286,2020-11-03,2020-10-20,14,74,32,32,12,20,True,2020-02-25,2020-10-12,16.541666666666668,15.55,63.833333333333336,23.5,0,0,0
2020_NH_6286_20201103_D007,2020_NH_6286_20201103,2020,NH,2020_NH,6286,2020-11-03,2020-10-27,7,74,32,32,14,18,True,2020-02-25,2020-10-26,16.607142857142858,15.55,60.857142857142854,29.0,0,0,0
2020_NH_6286_20201103_D000,2020_NH_6286_20201103,2020,NH,2020_NH,6286,2020-11-03,2020-11-03,0,74,32,32,16,16,True,2020-02-25,2020-10-28,16.28125,15.55,60.125,34.5,0,0,0
2020_NJ_6287_20201103_D120,2020_NJ_6287_20201103,2020,NJ,2020_NJ,6287,2020-11-03,2020-07-06,120,16,8,8,1,7,True,2020-04-19,2020-04-19,23.0,23.0,78.0,78.0,0,0,0
2020_NJ_6287_20201103_D090,2020_NJ_6287_20201103,2020,NJ,2020_NJ,6287,2020-11-03,2020-08-05,90,16,8,8,1,7,True,2020-04-19,2020-04-19,23.0,23.0,108.0,108.0,0,0,0
2020_NJ_6287_20201103_D060,2020_NJ_6287_20201103,2020,NJ,2020_NJ,6287,2020-11-03,2020-09-04,60,16,8,8,1,7,True,2020-04-19,2020-04-19,23.0,23.0,138.0,138.0,0,0,0
2020_NJ_6287_20201103_D030,2020_NJ_6287_20201103,2020,NJ,2020_NJ,6287,2020-11-03,2020-10-04,30,16,8,8,2,6,True,2020-04-19,2020-09-07,23.505,23.505,97.5,97.5,0,0,0
2020_NJ_6287_20201103_D014,2020_NJ_6287_20201103,2020,NJ,2020_NJ,6287,2020-11-03,2020-10-20,14,16,8,8,3,5,True,2020-04-19,2020-10-13,24.00333333333333,24.009999999999998,78.0,43.0,0,0,0
2020_NJ_6287_20201103_D007,2020_NJ_6287_20201103,2020,NJ,2020_NJ,6287,2020-11-03,2020-10-27,7,16,8,8,6,2,True,2020-04-19,2020-10-26,25.501666666666665,24.505,43.666666666666664,8.5,0,0,0
2020_NJ_6287_20201103_D000,2020_NJ_6287_20201103,2020,NJ,2020_NJ,6287,2020-11-03,2020-11-03,0,16,8,8,7,1,True,2020-04-19,2020-11-01,25.14428571428571,24.009999999999998,43.714285714285715,10.0,0,0,0
2020_NM_6288_20201103_D120,2020_NM_6288_20201103,2020,NM,2020_NM,6288,2020-11-03,2020-07-06,120,18,7,7,1,6,True,2020-06-13,2020-06-13,14.0,14.0,23.0,23.0,0,0,0
2020_NM_6288_20201103_D090,2020_NM_6288_20201103,2020,NM,2020_NM,6288,2020-11-03,2020-08-05,90,18,7,7,1,6,True,2020-06-13,2020-06-13,14.0,14.0,53.0,53.0,0,0,0
2020_NM_6288_20201103_D060,2020_NM_6288_20201103,2020,NM,2020_NM,6288,2020-11-03,2020-09-04,60,18,7,7,2,5,True,2020-06-13,2020-09-02,11.5,11.5,42.5,42.5,0,0,0
2020_NM_6288_20201103_D030,2020_NM_6288_20201103,2020,NM,2020_NM,6288,2020-11-03,2020-10-04,30,18,7,7,3,4,True,2020-06-13,2020-10-01,11.0,10.0,49.333333333333336,32.0,0,0,0
2020_NM_6288_20201103_D014,2020_NM_6288_20201103,2020,NM,2020_NM,6288,2020-11-03,2020-10-20,14,18,7,7,5,2,True,2020-06-13,2020-10-17,11.0,11.0,40.4,19.0,2,0,0
2020_NM_6288_20201103_D007,2020_NM_6288_20201103,2020,NM,2020_NM,6288,2020-11-03,2020-10-27,7,18,7,7,5,2,True,2020-06-13,2020-10-17,11.0,11.0,47.4,26.0,2,0,0
2020_NM_6288_20201103_D000,2020_NM_6288_20201103,2020,NM,2020_NM,6288,2020-11-03,2020-11-03,0,18,7,7,6,1,True,2020-06-13,2020-10-29,10.5,10.5,46.166666666666664,25.0,2,0,0
2020_OK_6289_20201103_D120,2020_OK_6289_20201103,2020,OK,2020_OK,6289,2020-11-03,2020-07-06,120,19,5,5,1,4,True,2020-03-08,2020-03-08,-26.0,-26.0,120.0,120.0,0,0,0
2020_OK_6289_20201103_D090,2020_OK_6289_20201103,2020,OK,2020_OK,6289,2020-11-03,2020-08-05,90,19,5,5,2,3,True,2020-03-08,2020-07-30,-21.0,-21.0,78.0,78.0,1,0,0
2020_OK_6289_20201103_D060,2020_OK_6289_20201103,2020,OK,2020_OK,6289,2020-11-03,2020-09-04,60,19,5,5,2,3,True,2020-03-08,2020-07-30,-21.0,-21.0,108.0,108.0,1,0,0
2020_OK_6289_20201103_D030,2020_OK_6289_20201103,2020,OK,2020_OK,6289,2020-11-03,2020-10-04,30,19,5,5,4,1,True,2020-03-08,2020-09-20,-20.625,-20.25,79.0,46.0,1,0,0
2020_OK_6289_20201103_D014,2020_OK_6289_20201103,2020,OK,2020_OK,6289,2020-11-03,2020-10-20,14,19,5,5,5,0,True,2020-03-08,2020-10-20,-20.4,-19.5,76.0,42.0,1,0,0
2020_OK_6289_20201103_D007,2020_OK_6289_20201103,2020,OK,2020_OK,6289,2020-11-03,2020-10-27,7,19,5,5,5,0,True,2020-03-08,2020-10-20,-20.4,-19.5,83.0,49.0,1,0,0
2020_OK_6289_20201103_D000,2020_OK_6289_20201103,2020,OK,2020_OK,6289,2020-11-03,2020-11-03,0,19,5,5,5,0,True,2020-03-08,2020-10-20,-20.4,-19.5,90.0,56.0,1,0,0
2020_OR_6290_20201103_D120,2020_OR_6290_20201103,2020,OR,2020_OR,6290,2020-11-03,2020-07-06,120,4,1,1,0,1,False,,,,,,,0,0,0
2020_OR_6290_20201103_D090,2020_OR_6290_20201103,2020,OR,2020_OR,6290,2020-11-03,2020-08-05,90,4,1,1,0,1,False,,,,,,,0,0,0
2020_OR_6290_20201103_D060,2020_OR_6290_20201103,2020,OR,2020_OR,6290,2020-11-03,2020-09-04,60,4,1,1,0,1,False,,,,,,,0,0,0
2020_OR_6290_20201103_D030,2020_OR_6290_20201103,2020,OR,2020_OR,6290,2020-11-03,2020-10-04,30,4,1,1,1,0,True,2020-09-29,2020-09-29,20.0,20.0,5.0,5.0,0,0,0
2020_OR_6290_20201103_D014,2020_OR_6290_20201103,2020,OR,2020_OR,6290,2020-11-03,2020-10-20,14,4,1,1,1,0,True,2020-09-29,2020-09-29,20.0,20.0,21.0,21.0,0,0,0
2020_OR_6290_20201103_D007,2020_OR_6290_20201103,2020,OR,2020_OR,6290,2020-11-03,2020-10-27,7,4,1,1,1,0,True,2020-09-29,2020-09-29,20.0,20.0,28.0,28.0,0,0,0
2020_OR_6290_20201103_D000,2020_OR_6290_20201103,2020,OR,2020_OR,6290,2020-11-03,2020-11-03,0,4,1,1,1,0,True,2020-09-29,2020-09-29,20.0,20.0,35.0,35.0,0,0,0
2020_SC_6292_20201103_D120,2020_SC_6292_20201103,2020,SC,2020_SC,6292,2020-11-03,2020-07-06,120,86,37,37,9,28,True,2019-03-13,2020-05-26,-11.777777777777779,-13.0,230.44444444444446,208.0,1,0,0
2020_SC_6292_20201103_D090,2020_SC_6292_20201103,2020,SC,2020_SC,6292,2020-11-03,2020-08-05,90,86,37,37,14,23,True,2019-03-13,2020-08-03,-8.642857142857142,-5.5,170.64285714285714,156.5,1,0,1
2020_SC_6292_20201103_D060,2020_SC_6292_20201103,2020,SC,2020_SC,6292,2020-11-03,2020-09-04,60,86,37,37,14,23,True,2019-03-13,2020-08-03,-8.642857142857142,-5.5,200.64285714285714,186.5,1,0,1
2020_SC_6292_20201103_D030,2020_SC_6292_20201103,2020,SC,2020_SC,6292,2020-11-03,2020-10-04,30,86,37,37,23,14,True,2019-03-13,2020-09-28,-5.274347826086957,-1.0,144.52173913043478,65.0,3,0,3
2020_SC_6292_20201103_D014,2020_SC_6292_20201103,2020,SC,2020_SC,6292,2020-11-03,2020-10-20,14,86,37,37,29,8,True,2019-03-13,2020-10-20,-4.42448275862069,-1.0,128.79310344827587,36.0,4,0,5
2020_SC_6292_20201103_D007,2020_SC_6292_20201103,2020,SC,2020_SC,6292,2020-11-03,2020-10-27,7,86,37,37,32,5,True,2019-03-13,2020-10-27,-4.3609375,-1.0,123.15625,38.5,4,0,5
2020_SC_6292_20201103_D000,2020_SC_6292_20201103,2020,SC,2020_SC,6292,2020-11-03,2020-11-03,0,86,37,37,36,1,True,2019-03-13,2020-11-02,-4.129166666666666,-1.4200000000000017,115.91666666666667,39.5,4,0,6
2020_SD_6293_20201103_D120,2020_SD_6293_20201103,2020,SD,2020_SD,6293,2020-11-03,2020-07-06,120,2,1,1,0,1,False,,,,,,,0,0,0
2020_SD_6293_20201103_D090,2020_SD_6293_20201103,2020,SD,2020_SD,6293,2020-11-03,2020-08-05,90,2,1,1,0,1,False,,,,,,,0,0,0
2020_SD_6293_20201103_D060,2020_SD_6293_20201103,2020,SD,2020_SD,6293,2020-11-03,2020-09-04,60,2,1,1,0,1,False,,,,,,,0,0,0
2020_SD_6293_20201103_D030,2020_SD_6293_20201103,2020,SD,2020_SD,6293,2020-11-03,2020-10-04,30,2,1,1,0,1,False,,,,,,,0,0,0
2020_SD_6293_20201103_D014,2020_SD_6293_20201103,2020,SD,2020_SD,6293,2020-11-03,2020-10-20,14,2,1,1,0,1,False,,,,,,,0,0,0
2020_SD_6293_20201103_D007,2020_SD_6293_20201103,2020,SD,2020_SD,6293,2020-11-03,2020-10-27,7,2,1,1,0,1,False,,,,,,,0,0,0
2020_SD_6293_20201103_D000,2020_SD_6293_20201103,2020,SD,2020_SD,6293,2020-11-03,2020-11-03,0,2,1,1,1,0,True,2020-10-28,2020-10-28,-17.0,-17.0,6.0,6.0,0,0,0
2020_TN_6294_20201103_D120,2020_TN_6294_20201103,2020,TN,2020_TN,6294,2020-11-03,2020-07-06,120,8,4,4,0,4,False,,,,,,,0,0,0
2020_TN_6294_20201103_D090,2020_TN_6294_20201103,2020,TN,2020_TN,6294,2020-11-03,2020-08-05,90,8,4,4,0,4,False,,,,,,,0,0,0
2020_TN_6294_20201103_D060,2020_TN_6294_20201103,2020,TN,2020_TN,6294,2020-11-03,2020-09-04,60,8,4,4,0,4,False,,,,,,,0,0,0
2020_TN_6294_20201103_D030,2020_TN_6294_20201103,2020,TN,2020_TN,6294,2020-11-03,2020-10-04,30,8,4,4,0,4,False,,,,,,,0,0,0
2020_TN_6294_20201103_D014,2020_TN_6294_20201103,2020,TN,2020_TN,6294,2020-11-03,2020-10-20,14,8,4,4,0,4,False,,,,,,,0,0,0
2020_TN_6294_20201103_D007,2020_TN_6294_20201103,2020,TN,2020_TN,6294,2020-11-03,2020-10-27,7,8,4,4,1,3,True,2020-10-22,2020-10-22,-20.699999999999996,-20.699999999999996,5.0,5.0,0,0,0
2020_TN_6294_20201103_D000,2020_TN_6294_20201103,2020,TN,2020_TN,6294,2020-11-03,2020-11-03,0,8,4,4,2,2,True,2020-10-22,2020-11-01,-21.05,-21.05,7.0,7.0,0,0,0
2020_TX_6295_20201103_D120,2020_TX_6295_20201103,2020,TX,2020_TX,6295,2020-11-03,2020-07-06,120,153,63,63,6,57,True,2019-04-28,2020-06-25,-11.483333333333334,-11.5,147.83333333333334,100.0,0,0,0
2020_TX_6295_20201103_D090,2020_TX_6295_20201103,2020,TX,2020_TX,6295,2020-11-03,2020-08-05,90,153,63,63,13,50,True,2019-04-28,2020-08-02,-9.774615384615384,-10.0,91.76923076923077,29.0,1,0,1
2020_TX_6295_20201103_D060,2020_TX_6295_20201103,2020,TX,2020_TX,6295,2020-11-03,2020-09-04,60,153,63,63,19,44,True,2019-04-28,2020-09-02,-8.793157894736842,-9.0,85.84210526315789,46.0,1,0,1
2020_TX_6295_20201103_D030,2020_TX_6295_20201103,2020,TX,2020_TX,6295,2020-11-03,2020-10-04,30,153,63,63,27,36,True,2019-04-28,2020-10-04,-8.095185185185185,-8.0,84.96296296296296,52.0,1,0,3
2020_TX_6295_20201103_D014,2020_TX_6295_20201103,2020,TX,2020_TX,6295,2020-11-03,2020-10-20,14,153,63,63,40,23,True,2019-04-28,2020-10-20,-7.22925,-7.649999999999999,69.675,32.5,1,0,5
2020_TX_6295_20201103_D007,2020_TX_6295_20201103,2020,TX,2020_TX,6295,2020-11-03,2020-10-27,7,153,63,63,45,18,True,2019-04-28,2020-10-26,-7.021555555555555,-7.0,68.33333333333333,36.0,1,0,5
2020_TX_6295_20201103_D000,2020_TX_6295_20201103,2020,TX,2020_TX,6295,2020-11-03,2020-11-03,0,153,63,63,51,12,True,2019-04-28,2020-11-02,-6.905294117647058,-6.5,66.88235294117646,39.0,1,0,6
2020_VA_6296_20201103_D120,2020_VA_6296_20201103,2020,VA,2020_VA,6296,2020-11-03,2020-07-06,120,28,14,14,0,14,False,,,,,,,0,0,0
2020_VA_6296_20201103_D090,2020_VA_6296_20201103,2020,VA,2020_VA,6296,2020-11-03,2020-08-05,90,28,14,14,0,14,False,,,,,,,0,0,0
2020_VA_6296_20201103_D060,2020_VA_6296_20201103,2020,VA,2020_VA,6296,2020-11-03,2020-09-04,60,28,14,14,1,13,True,2020-08-22,2020-08-22,21.0,21.0,13.0,13.0,0,0,0
2020_VA_6296_20201103_D030,2020_VA_6296_20201103,2020,VA,2020_VA,6296,2020-11-03,2020-10-04,30,28,14,14,4,10,True,2020-08-22,2020-09-25,15.100000000000001,15.0,23.0,20.0,1,0,0
2020_VA_6296_20201103_D014,2020_VA_6296_20201103,2020,VA,2020_VA,6296,2020-11-03,2020-10-20,14,28,14,14,8,6,True,2020-08-22,2020-10-19,14.1875,15.0,22.5,17.0,2,0,0
2020_VA_6296_20201103_D007,2020_VA_6296_20201103,2020,VA,2020_VA,6296,2020-11-03,2020-10-27,7,28,14,14,11,3,True,2020-08-22,2020-10-27,15.445454545454545,17.0,22.0,15.0,2,0,0
2020_VA_6296_20201103_D000,2020_VA_6296_20201103,2020,VA,2020_VA,6296,2020-11-03,2020-11-03,0,28,14,14,14,0,True,2020-08-22,2020-11-01,15.87857142857143,17.0,23.428571428571427,17.5,2,0,0
2020_WV_6297_20201103_D120,2020_WV_6297_20201103,2020,WV,2020_WV,6297,2020-11-03,2020-07-06,120,3,1,1,0,1,False,,,,,,,0,0,0
2020_WV_6297_20201103_D090,2020_WV_6297_20201103,2020,WV,2020_WV,6297,2020-11-03,2020-08-05,90,3,1,1,0,1,False,,,,,,,0,0,0
2020_WV_6297_20201103_D060,2020_WV_6297_20201103,2020,WV,2020_WV,6297,2020-11-03,2020-09-04,60,3,1,1,0,1,False,,,,,,,0,0,0
2020_WV_6297_20201103_D030,2020_WV_6297_20201103,2020,WV,2020_WV,6297,2020-11-03,2020-10-04,30,3,1,1,0,1,False,,,,,,,0,0,0
2020_WV_6297_20201103_D014,2020_WV_6297_20201103,2020,WV,2020_WV,6297,2020-11-03,2020-10-20,14,3,1,1,1,0,True,2020-10-06,2020-10-06,-20.0,-20.0,14.0,14.0,0,0,0
2020_WV_6297_20201103_D007,2020_WV_6297_20201103,2020,WV,2020_WV,6297,2020-11-03,2020-10-27,7,3,1,1,1,0,True,2020-10-06,2020-10-06,-20.0,-20.0,21.0,21.0,0,0,0
2020_WV_6297_20201103_D000,2020_WV_6297_20201103,2020,WV,2020_WV,6297,2020-11-03,2020-11-03,0,3,1,1,1,0,True,2020-10-06,2020-10-06,-20.0,-20.0,28.0,28.0,0,0,0
2020_WY_6298_20201103_D120,2020_WY_6298_20201103,2020,WY,2020_WY,6298,2020-11-03,2020-07-06,120,2,1,1,0,1,False,,,,,,,0,0,0
2020_WY_6298_20201103_D090,2020_WY_6298_20201103,2020,WY,2020_WY,6298,2020-11-03,2020-08-05,90,2,1,1,0,1,False,,,,,,,0,0,0
2020_WY_6298_20201103_D060,2020_WY_6298_20201103,2020,WY,2020_WY,6298,2020-11-03,2020-09-04,60,2,1,1,0,1,False,,,,,,,0,0,0
2020_WY_6298_20201103_D030,2020_WY_6298_20201103,2020,WY,2020_WY,6298,2020-11-03,2020-10-04,30,2,1,1,0,1,False,,,,,,,0,0,0
2020_WY_6298_20201103_D014,2020_WY_6298_20201103,2020,WY,2020_WY,6298,2020-11-03,2020-10-20,14,2,1,1,0,1,False,,,,,,,0,0,0
2020_WY_6298_20201103_D007,2020_WY_6298_20201103,2020,WY,2020_WY,6298,2020-11-03,2020-10-27,7,2,1,1,0,1,False,,,,,,,0,0,0
2020_WY_6298_20201103_D000,2020_WY_6298_20201103,2020,WY,2020_WY,6298,2020-11-03,2020-11-03,0,2,1,1,1,0,True,2020-10-28,2020-10-28,-30.0,-30.0,6.0,6.0,0,0,0
2022_AK_8918_20221108_D120,2022_AK_8918_20221108,2022,AK,2022_AK,8918,2022-11-08,2022-07-11,120,62,21,21,0,21,False,,,,,,,0,0,0
2022_AK_8918_20221108_D090,2022_AK_8918_20221108,2022,AK,2022_AK,8918,2022-11-08,2022-08-10,90,62,21,21,0,21,False,,,,,,,0,0,0
2022_AK_8918_20221108_D060,2022_AK_8918_20221108,2022,AK,2022_AK,8918,2022-11-08,2022-09-09,60,62,21,21,0,21,False,,,,,,,0,0,0
2022_AK_8918_20221108_D030,2022_AK_8918_20221108,2022,AK,2022_AK,8918,2022-11-08,2022-10-09,30,62,21,21,0,21,False,,,,,,,0,0,0
2022_AK_8918_20221108_D014,2022_AK_8918_20221108,2022,AK,2022_AK,8918,2022-11-08,2022-10-25,14,62,21,21,0,21,False,,,,,,,0,0,0
2022_AK_8918_20221108_D007,2022_AK_8918_20221108,2022,AK,2022_AK,8918,2022-11-08,2022-11-01,7,62,21,21,0,21,False,,,,,,,0,0,0
2022_AK_8918_20221108_D000,2022_AK_8918_20221108,2022,AK,2022_AK,8918,2022-11-08,2022-11-08,0,62,21,21,0,21,False,,,,,,,0,0,0
2022_AL_8917_20221108_D120,2022_AL_8917_20221108,2022,AL,2022_AL,8917,2022-11-08,2022-07-11,120,3,1,1,0,1,False,,,,,,,0,0,0
2022_AL_8917_20221108_D090,2022_AL_8917_20221108,2022,AL,2022_AL,8917,2022-11-08,2022-08-10,90,3,1,1,0,1,False,,,,,,,0,0,0
2022_AL_8917_20221108_D060,2022_AL_8917_20221108,2022,AL,2022_AL,8917,2022-11-08,2022-09-09,60,3,1,1,0,1,False,,,,,,,0,0,0
2022_AL_8917_20221108_D030,2022_AL_8917_20221108,2022,AL,2022_AL,8917,2022-11-08,2022-10-09,30,3,1,1,0,1,False,,,,,,,0,0,0
2022_AL_8917_20221108_D014,2022_AL_8917_20221108,2022,AL,2022_AL,8917,2022-11-08,2022-10-25,14,3,1,1,0,1,False,,,,,,,0,0,0
2022_AL_8917_20221108_D007,2022_AL_8917_20221108,2022,AL,2022_AL,8917,2022-11-08,2022-11-01,7,3,1,1,1,0,True,2022-10-29,2022-10-29,-29.6,-29.6,3.0,3.0,0,0,0
2022_AL_8917_20221108_D000,2022_AL_8917_20221108,2022,AL,2022_AL,8917,2022-11-08,2022-11-08,0,3,1,1,1,0,True,2022-10-29,2022-10-29,-29.6,-29.6,10.0,10.0,0,0,0
2022_AR_8920_20221108_D120,2022_AR_8920_20221108,2022,AR,2022_AR,8920,2022-11-08,2022-07-11,120,9,3,3,0,3,False,,,,,,,0,0,0
2022_AR_8920_20221108_D090,2022_AR_8920_20221108,2022,AR,2022_AR,8920,2022-11-08,2022-08-10,90,9,3,3,0,3,False,,,,,,,0,0,0
2022_AR_8920_20221108_D060,2022_AR_8920_20221108,2022,AR,2022_AR,8920,2022-11-08,2022-09-09,60,9,3,3,0,3,False,,,,,,,0,0,0
2022_AR_8920_20221108_D030,2022_AR_8920_20221108,2022,AR,2022_AR,8920,2022-11-08,2022-10-09,30,9,3,3,1,2,True,2022-09-12,2022-09-12,-13.0,-13.0,27.0,27.0,0,0,0
2022_AR_8920_20221108_D014,2022_AR_8920_20221108,2022,AR,2022_AR,8920,2022-11-08,2022-10-25,14,9,3,3,2,1,True,2022-09-12,2022-10-18,-16.5,-16.5,25.0,25.0,0,0,0
2022_AR_8920_20221108_D007,2022_AR_8920_20221108,2022,AR,2022_AR,8920,2022-11-08,2022-11-01,7,9,3,3,3,0,True,2022-09-12,2022-10-31,-20.599999999999998,-20.0,21.666666666666668,14.0,0,0,0
2022_AR_8920_20221108_D000,2022_AR_8920_20221108,2022,AR,2022_AR,8920,2022-11-08,2022-11-08,0,9,3,3,3,0,True,2022-09-12,2022-10-31,-20.599999999999998,-20.0,28.666666666666668,21.0,0,0,0
2022_AZ_8919_20221108_D120,2022_AZ_8919_20221108,2022,AZ,2022_AZ,8919,2022-11-08,2022-07-11,120,206,88,88,3,85,True,2021-09-12,2022-06-27,11.433333333333335,9.0,124.0,56.0,0,0,0
2022_AZ_8919_20221108_D090,2022_AZ_8919_20221108,2022,AZ,2022_AZ,8919,2022-11-08,2022-08-10,90,206,88,88,10,78,True,2021-09-12,2022-08-08,11.530000000000001,13.0,54.5,21.0,0,0,0
2022_AZ_8919_20221108_D060,2022_AZ_8919_20221108,2022,AZ,2022_AZ,8919,2022-11-08,2022-09-09,60,206,88,88,19,69,True,2021-09-12,2022-09-09,11.015789473684212,12.0,47.68421052631579,32.0,0,0,0
2022_AZ_8919_20221108_D030,2022_AZ_8919_20221108,2022,AZ,2022_AZ,8919,2022-11-08,2022-10-09,30,206,88,88,33,55,True,2021-09-12,2022-10-09,10.00909090909091,9.0,50.303030303030305,30.0,0,0,0
2022_AZ_8919_20221108_D014,2022_AZ_8919_20221108,2022,AZ,2022_AZ,8919,2022-11-08,2022-10-25,14,206,88,88,44,44,True,2021-09-12,2022-10-25,8.159090909090908,6.899999999999999,52.15909090909091,39.0,0,0,0
2022_AZ_8919_20221108_D007,2022_AZ_8919_20221108,2022,AZ,2022_AZ,8919,2022-11-08,2022-11-01,7,206,88,88,56,32,True,2021-09-12,2022-11-01,7.2946428571428585,6.0,47.30357142857143,30.0,0,0,0
2022_AZ_8919_20221108_D000,2022_AZ_8919_20221108,2022,AZ,2022_AZ,8919,2022-11-08,2022-11-08,0,206,88,88,69,19,True,2021-09-12,2022-11-07,6.171014492753623,4.0,44.82608695652174,29.0,0,0,0
2022_CA_8921_20221108_D120,2022_CA_8921_20221108,2022,CA,2022_CA_REGULAR,8921,2022-11-08,2022-07-11,120,8,4,4,0,4,False,,,,,,,0,0,0
2022_CA_8921_20221108_D090,2022_CA_8921_20221108,2022,CA,2022_CA_REGULAR,8921,2022-11-08,2022-08-10,90,8,4,4,0,4,False,,,,,,,0,0,0
2022_CA_8921_20221108_D060,2022_CA_8921_20221108,2022,CA,2022_CA_REGULAR,8921,2022-11-08,2022-09-09,60,8,4,4,0,4,False,,,,,,,0,0,0
2022_CA_8921_20221108_D030,2022_CA_8921_20221108,2022,CA,2022_CA_REGULAR,8921,2022-11-08,2022-10-09,30,8,4,4,0,4,False,,,,,,,0,0,0
2022_CA_8921_20221108_D014,2022_CA_8921_20221108,2022,CA,2022_CA_REGULAR,8921,2022-11-08,2022-10-25,14,8,4,4,2,2,True,2022-10-10,2022-10-20,26.0,26.0,10.0,10.0,0,0,0
2022_CA_8921_20221108_D007,2022_CA_8921_20221108,2022,CA,2022_CA_REGULAR,8921,2022-11-08,2022-11-01,7,8,4,4,2,2,True,2022-10-10,2022-10-20,26.0,26.0,17.0,17.0,0,0,0
2022_CA_8921_20221108_D000,2022_CA_8921_20221108,2022,CA,2022_CA_REGULAR,8921,2022-11-08,2022-11-08,0,8,4,4,4,0,True,2022-10-10,2022-11-06,23.5,24.0,14.0,12.5,0,0,0
2022_CA_9480_20221108_D120,2022_CA_9480_20221108,2022,CA,2022_CA_SPECIAL,9480,2022-11-08,2022-07-11,120,4,2,2,0,2,False,,,,,,,0,0,0
2022_CA_9480_20221108_D090,2022_CA_9480_20221108,2022,CA,2022_CA_SPECIAL,9480,2022-11-08,2022-08-10,90,4,2,2,0,2,False,,,,,,,0,0,0
2022_CA_9480_20221108_D060,2022_CA_9480_20221108,2022,CA,2022_CA_SPECIAL,9480,2022-11-08,2022-09-09,60,4,2,2,0,2,False,,,,,,,0,0,0
2022_CA_9480_20221108_D030,2022_CA_9480_20221108,2022,CA,2022_CA_SPECIAL,9480,2022-11-08,2022-10-09,30,4,2,2,0,2,False,,,,,,,0,0,0
2022_CA_9480_20221108_D014,2022_CA_9480_20221108,2022,CA,2022_CA_SPECIAL,9480,2022-11-08,2022-10-25,14,4,2,2,1,1,True,2022-10-10,2022-10-10,22.0,22.0,15.0,15.0,0,0,0
2022_CA_9480_20221108_D007,2022_CA_9480_20221108,2022,CA,2022_CA_SPECIAL,9480,2022-11-08,2022-11-01,7,4,2,2,1,1,True,2022-10-10,2022-10-10,22.0,22.0,22.0,22.0,0,0,0
2022_CA_9480_20221108_D000,2022_CA_9480_20221108,2022,CA,2022_CA_SPECIAL,9480,2022-11-08,2022-11-08,0,4,2,2,2,0,True,2022-10-10,2022-11-06,19.0,19.0,15.5,15.5,0,0,0
2022_CO_8922_20221108_D120,2022_CO_8922_20221108,2022,CO,2022_CO,8922,2022-11-08,2022-07-11,120,67,28,28,1,27,True,2022-06-08,2022-06-08,13.0,13.0,33.0,33.0,0,0,0
2022_CO_8922_20221108_D090,2022_CO_8922_20221108,2022,CO,2022_CO,8922,2022-11-08,2022-08-10,90,67,28,28,2,26,True,2022-06-08,2022-07-26,10.350000000000001,10.350000000000001,39.0,39.0,0,0,0
2022_CO_8922_20221108_D060,2022_CO_8922_20221108,2022,CO,2022_CO,8922,2022-11-08,2022-09-09,60,67,28,28,5,23,True,2022-06-08,2022-08-31,7.7,7.700000000000003,36.6,21.0,1,0,0
2022_CO_8922_20221108_D030,2022_CO_8922_20221108,2022,CO,2022_CO,8922,2022-11-08,2022-10-09,30,67,28,28,11,17,True,2022-06-08,2022-10-06,7.372727272727272,7.700000000000003,36.27272727272727,20.0,1,0,0
2022_CO_8922_20221108_D014,2022_CO_8922_20221108,2022,CO,2022_CO,8922,2022-11-08,2022-10-25,14,67,28,28,18,10,True,2022-06-08,2022-10-25,9.58888888888889,10.0,35.77777777777778,23.5,1,0,0
2022_CO_8922_20221108_D007,2022_CO_8922_20221108,2022,CO,2022_CO,8922,2022-11-08,2022-11-01,7,67,28,28,20,8,True,2022-06-08,2022-11-01,9.11,9.8,38.65,26.0,1,0,0
2022_CO_8922_20221108_D000,2022_CO_8922_20221108,2022,CO,2022_CO,8922,2022-11-08,2022-11-08,0,67,28,28,22,6,True,2022-06-08,2022-11-07,8.963636363636363,9.3,41.68181818181818,30.5,1,0,0
2022_FL_8924_20221108_D120,2022_FL_8924_20221108,2022,FL,2022_FL,8924,2022-11-08,2022-07-11,120,144,68,68,26,42,True,2021-06-21,2022-07-09,-10.203846153846154,-9.899999999999999,204.69230769230768,239.0,0,0,0
2022_FL_8924_20221108_D090,2022_FL_8924_20221108,2022,FL,2022_FL,8924,2022-11-08,2022-08-10,90,144,68,68,28,40,True,2021-06-21,2022-08-05,-9.475,-9.399999999999999,218.46428571428572,228.5,0,0,0
2022_FL_8924_20221108_D060,2022_FL_8924_20221108,2022,FL,2022_FL,8924,2022-11-08,2022-09-09,60,144,68,68,38,30,True,2021-06-21,2022-09-07,-7.928947368421053,-7.100000000000001,187.07894736842104,189.0,1,0,0
2022_FL_8924_20221108_D030,2022_FL_8924_20221108,2022,FL,2022_FL,8924,2022-11-08,2022-10-09,30,144,68,68,47,21,True,2021-06-21,2022-09-28,-7.282978723404256,-7.0,179.29787234042553,92.0,1,0,0
2022_FL_8924_20221108_D014,2022_FL_8924_20221108,2022,FL,2022_FL,8924,2022-11-08,2022-10-25,14,144,68,68,54,14,True,2021-06-21,2022-10-24,-7.129629629629631,-6.850000000000001,170.8148148148148,83.5,1,0,0
2022_FL_8924_20221108_D007,2022_FL_8924_20221108,2022,FL,2022_FL,8924,2022-11-08,2022-11-01,7,144,68,68,58,10,True,2021-06-21,2022-11-01,-7.06896551724138,-6.850000000000001,165.56896551724137,80.0,1,0,0
2022_FL_8924_20221108_D000,2022_FL_8924_20221108,2022,FL,2022_FL,8924,2022-11-08,2022-11-08,0,144,68,68,62,6,True,2021-06-21,2022-11-06,-7.225806451612904,-7.0,161.69354838709677,84.0,1,0,0
2022_GA_8925_20221108_D120,2022_GA_8925_20221108,2022,GA,2022_GA,8925,2022-11-08,2022-07-11,120,208,86,86,18,68,True,2021-03-09,2022-07-11,0.4888888888888887,-0.4499999999999993,138.77777777777777,112.0,2,0,0
2022_GA_8925_20221108_D090,2022_GA_8925_20221108,2022,GA,2022_GA,8925,2022-11-08,2022-08-10,90,208,86,86,27,59,True,2021-03-09,2022-08-07,1.562962962962963,2.0,117.55555555555556,55.0,3,0,0
2022_GA_8925_20221108_D060,2022_GA_8925_20221108,2022,GA,2022_GA,8925,2022-11-08,2022-09-09,60,208,86,86,31,55,True,2021-03-09,2022-09-07,1.506451612903226,0.7999999999999972,129.41935483870967,74.0,3,0,0
2022_GA_8925_20221108_D030,2022_GA_8925_20221108,2022,GA,2022_GA,8925,2022-11-08,2022-10-09,30,208,86,86,43,43,True,2021-03-09,2022-10-07,2.346511627906977,3.0,119.51162790697674,77.0,3,0,0
2022_GA_8925_20221108_D014,2022_GA_8925_20221108,2022,GA,2022_GA,8925,2022-11-08,2022-10-25,14,208,86,86,57,29,True,2021-03-09,2022-10-25,1.8385964912280703,2.0,104.12280701754386,57.0,5,0,0
2022_GA_8925_20221108_D007,2022_GA_8925_20221108,2022,GA,2022_GA,8925,2022-11-08,2022-11-01,7,208,86,86,63,23,True,2021-03-09,2022-11-01,1.780952380952381,2.0,100.82539682539682,50.0,5,0,0
2022_GA_8925_20221108_D000,2022_GA_8925_20221108,2022,GA,2022_GA,8925,2022-11-08,2022-11-08,0,208,86,86,81,5,True,2021-03-09,2022-11-07,1.3493827160493828,0.7999999999999972,84.61728395061728,35.0,6,0,0
2022_GA_9552_20221206_D120,2022_GA_9552_20221206,2022,GA,2022_GA,9552,2022-12-06,2022-08-08,120,28,14,14,0,14,False,,,,,,,0,0,0
2022_GA_9552_20221206_D090,2022_GA_9552_20221206,2022,GA,2022_GA,9552,2022-12-06,2022-09-07,90,28,14,14,0,14,False,,,,,,,0,0,0
2022_GA_9552_20221206_D060,2022_GA_9552_20221206,2022,GA,2022_GA,9552,2022-12-06,2022-10-07,60,28,14,14,0,14,False,,,,,,,0,0,0
2022_GA_9552_20221206_D030,2022_GA_9552_20221206,2022,GA,2022_GA,9552,2022-12-06,2022-11-06,30,28,14,14,0,14,False,,,,,,,0,0,0
2022_GA_9552_20221206_D014,2022_GA_9552_20221206,2022,GA,2022_GA,9552,2022-12-06,2022-11-22,14,28,14,14,0,14,False,,,,,,,0,0,0
2022_GA_9552_20221206_D007,2022_GA_9552_20221206,2022,GA,2022_GA,9552,2022-12-06,2022-11-29,7,28,14,14,0,14,False,,,,,,,0,0,0
2022_GA_9552_20221206_D000,2022_GA_9552_20221206,2022,GA,2022_GA,9552,2022-12-06,2022-12-06,0,28,14,14,0,14,False,,,,,,,0,0,0
2022_IA_8930_20221108_D120,2022_IA_8930_20221108,2022,IA,2022_IA,8930,2022-11-08,2022-07-11,120,38,19,19,2,17,True,2022-04-11,2022-07-04,-4.0,-4.0,49.0,49.0,2,0,0
2022_IA_8930_20221108_D090,2022_IA_8930_20221108,2022,IA,2022_IA,8930,2022-11-08,2022-08-10,90,38,19,19,4,15,True,2022-04-11,2022-07-14,-6.050000000000001,-6.5,53.25,32.5,2,0,0
2022_IA_8930_20221108_D060,2022_IA_8930_20221108,2022,IA,2022_IA,8930,2022-11-08,2022-09-09,60,38,19,19,5,14,True,2022-04-11,2022-09-08,-5.640000000000001,-5.0,66.8,58.0,3,0,0
2022_IA_8930_20221108_D030,2022_IA_8930_20221108,2022,IA,2022_IA,8930,2022-11-08,2022-10-09,30,38,19,19,8,11,True,2022-04-11,2022-10-04,-7.2875000000000005,-6.5,63.125,59.0,4,0,0
2022_IA_8930_20221108_D014,2022_IA_8930_20221108,2022,IA,2022_IA,8930,2022-11-08,2022-10-25,14,38,19,19,12,7,True,2022-04-11,2022-10-25,-6.941666666666667,-6.5,54.916666666666664,24.0,6,0,0
2022_IA_8930_20221108_D007,2022_IA_8930_20221108,2022,IA,2022_IA,8930,2022-11-08,2022-11-01,7,38,19,19,13,6,True,2022-04-11,2022-10-27,-7.269230769230769,-8.0,57.53846153846154,28.0,6,0,0
2022_IA_8930_20221108_D000,2022_IA_8930_20221108,2022,IA,2022_IA,8930,2022-11-08,2022-11-08,0,38,19,19,14,5,True,2022-04-11,2022-11-03,-7.607142857142857,-8.0,60.285714285714285,35.0,6,0,0
2022_IL_8928_20221108_D120,2022_IL_8928_20221108,2022,IL,2022_IL,8928,2022-11-08,2022-07-11,120,20,8,8,0,8,False,,,,,,,0,0,0
2022_IL_8928_20221108_D090,2022_IL_8928_20221108,2022,IL,2022_IL,8928,2022-11-08,2022-08-10,90,20,8,8,1,7,True,2022-07-19,2022-07-19,9.399999999999999,9.399999999999999,22.0,22.0,0,0,0
2022_IL_8928_20221108_D060,2022_IL_8928_20221108,2022,IL,2022_IL,8928,2022-11-08,2022-09-09,60,20,8,8,2,6,True,2022-07-19,2022-08-28,16.2,16.2,32.0,32.0,0,0,0
2022_IL_8928_20221108_D030,2022_IL_8928_20221108,2022,IL,2022_IL,8928,2022-11-08,2022-10-09,30,20,8,8,3,5,True,2022-07-19,2022-09-23,17.1,18.900000000000002,46.666666666666664,42.0,0,0,0
2022_IL_8928_20221108_D014,2022_IL_8928_20221108,2022,IL,2022_IL,8928,2022-11-08,2022-10-25,14,20,8,8,7,1,True,2022-07-19,2022-10-25,15.828571428571431,16.0,31.0,14.0,0,0,0
2022_IL_8928_20221108_D007,2022_IL_8928_20221108,2022,IL,2022_IL,8928,2022-11-08,2022-11-01,7,20,8,8,7,1,True,2022-07-19,2022-10-25,15.828571428571431,16.0,38.0,21.0,0,0,0
2022_IL_8928_20221108_D000,2022_IL_8928_20221108,2022,IL,2022_IL,8928,2022-11-08,2022-11-08,0,20,8,8,8,0,True,2022-07-19,2022-11-06,16.1,17.0,39.625,28.0,0,0,0
2022_IN_8929_20221108_D120,2022_IN_8929_20221108,2022,IN,2022_IN,8929,2022-11-08,2022-07-11,120,7,3,3,0,3,False,,,,,,,0,0,0
2022_IN_8929_20221108_D090,2022_IN_8929_20221108,2022,IN,2022_IN,8929,2022-11-08,2022-08-10,90,7,3,3,0,3,False,,,,,,,0,0,0
2022_IN_8929_20221108_D060,2022_IN_8929_20221108,2022,IN,2022_IN,8929,2022-11-08,2022-09-09,60,7,3,3,1,2,True,2022-08-24,2022-08-24,-3.0,-3.0,16.0,16.0,1,0,0
2022_IN_8929_20221108_D030,2022_IN_8929_20221108,2022,IN,2022_IN,8929,2022-11-08,2022-10-09,30,7,3,3,2,1,True,2022-08-24,2022-09-26,-2.5,-2.5,29.5,29.5,1,0,0
2022_IN_8929_20221108_D014,2022_IN_8929_20221108,2022,IN,2022_IN,8929,2022-11-08,2022-10-25,14,7,3,3,2,1,True,2022-08-24,2022-09-26,-2.5,-2.5,45.5,45.5,1,0,0
2022_IN_8929_20221108_D007,2022_IN_8929_20221108,2022,IN,2022_IN,8929,2022-11-08,2022-11-01,7,7,3,3,2,1,True,2022-08-24,2022-09-26,-2.5,-2.5,52.5,52.5,1,0,0
2022_IN_8929_20221108_D000,2022_IN_8929_20221108,2022,IN,2022_IN,8929,2022-11-08,2022-11-08,0,7,3,3,3,0,True,2022-08-24,2022-11-07,-5.333333333333333,-3.0,40.0,43.0,1,0,0
2022_KS_8931_20221108_D120,2022_KS_8931_20221108,2022,KS,2022_KS,8931,2022-11-08,2022-07-11,120,9,4,4,0,4,False,,,,,,,0,0,0
2022_KS_8931_20221108_D090,2022_KS_8931_20221108,2022,KS,2022_KS,8931,2022-11-08,2022-08-10,90,9,4,4,1,3,True,2022-08-10,2022-08-10,-20.700000000000003,-20.700000000000003,0.0,0.0,0,0,0
2022_KS_8931_20221108_D060,2022_KS_8931_20221108,2022,KS,2022_KS,8931,2022-11-08,2022-09-09,60,9,4,4,2,2,True,2022-08-10,2022-09-07,-19.85,-19.85,16.0,16.0,0,0,0
2022_KS_8931_20221108_D030,2022_KS_8931_20221108,2022,KS,2022_KS,8931,2022-11-08,2022-10-09,30,9,4,4,3,1,True,2022-08-10,2022-09-18,-17.3,-19.0,37.666666666666664,32.0,0,0,0
2022_KS_8931_20221108_D014,2022_KS_8931_20221108,2022,KS,2022_KS,8931,2022-11-08,2022-10-25,14,9,4,4,3,1,True,2022-08-10,2022-09-18,-17.3,-19.0,53.666666666666664,48.0,0,0,0
2022_KS_8931_20221108_D007,2022_KS_8931_20221108,2022,KS,2022_KS,8931,2022-11-08,2022-11-01,7,9,4,4,4,0,True,2022-08-10,2022-10-29,-18.375,-19.85,46.25,49.5,0,0,0
2022_KS_8931_20221108_D000,2022_KS_8931_20221108,2022,KS,2022_KS,8931,2022-11-08,2022-11-08,0,9,4,4,4,0,True,2022-08-10,2022-10-29,-18.375,-19.85,53.25,56.5,0,0,0
2022_KY_8932_20221108_D120,2022_KY_8932_20221108,2022,KY,2022_KY,8932,2022-11-08,2022-07-11,120,2,1,1,1,0,True,2022-01-22,2022-01-22,-16.0,-16.0,170.0,170.0,0,0,0
2022_KY_8932_20221108_D090,2022_KY_8932_20221108,2022,KY,2022_KY,8932,2022-11-08,2022-08-10,90,2,1,1,1,0,True,2022-01-22,2022-01-22,-16.0,-16.0,200.0,200.0,0,0,0
2022_KY_8932_20221108_D060,2022_KY_8932_20221108,2022,KY,2022_KY,8932,2022-11-08,2022-09-09,60,2,1,1,1,0,True,2022-01-22,2022-01-22,-16.0,-16.0,230.0,230.0,0,0,0
2022_KY_8932_20221108_D030,2022_KY_8932_20221108,2022,KY,2022_KY,8932,2022-11-08,2022-10-09,30,2,1,1,1,0,True,2022-01-22,2022-01-22,-16.0,-16.0,260.0,260.0,0,0,0
2022_KY_8932_20221108_D014,2022_KY_8932_20221108,2022,KY,2022_KY,8932,2022-11-08,2022-10-25,14,2,1,1,1,0,True,2022-01-22,2022-01-22,-16.0,-16.0,276.0,276.0,0,0,0
2022_KY_8932_20221108_D007,2022_KY_8932_20221108,2022,KY,2022_KY,8932,2022-11-08,2022-11-01,7,2,1,1,1,0,True,2022-01-22,2022-01-22,-16.0,-16.0,283.0,283.0,0,0,0
2022_KY_8932_20221108_D000,2022_KY_8932_20221108,2022,KY,2022_KY,8932,2022-11-08,2022-11-08,0,2,1,1,1,0,True,2022-01-22,2022-01-22,-16.0,-16.0,290.0,290.0,0,0,0
2022_LA_8933_20221108_D120,2022_LA_8933_20221108,2022,LA,2022_LA,8933,2022-11-08,2022-07-11,120,12,3,3,0,3,False,,,,,,,0,0,0
2022_LA_8933_20221108_D090,2022_LA_8933_20221108,2022,LA,2022_LA,8933,2022-11-08,2022-08-10,90,12,3,3,0,3,False,,,,,,,0,0,0
2022_LA_8933_20221108_D060,2022_LA_8933_20221108,2022,LA,2022_LA,8933,2022-11-08,2022-09-09,60,12,3,3,0,3,False,,,,,,,0,0,0
2022_LA_8933_20221108_D030,2022_LA_8933_20221108,2022,LA,2022_LA,8933,2022-11-08,2022-10-09,30,12,3,3,0,3,False,,,,,,,0,0,0
2022_LA_8933_20221108_D014,2022_LA_8933_20221108,2022,LA,2022_LA,8933,2022-11-08,2022-10-25,14,12,3,3,0,3,False,,,,,,,0,0,0
2022_LA_8933_20221108_D007,2022_LA_8933_20221108,2022,LA,2022_LA,8933,2022-11-08,2022-11-01,7,12,3,3,0,3,False,,,,,,,0,0,0
2022_LA_8933_20221108_D000,2022_LA_8933_20221108,2022,LA,2022_LA,8933,2022-11-08,2022-11-08,0,12,3,3,0,3,False,,,,,,,0,0,0
2022_MD_8935_20221108_D120,2022_MD_8935_20221108,2022,MD,2022_MD,8935,2022-11-08,2022-07-11,120,4,2,2,0,2,False,,,,,,,0,0,0
2022_MD_8935_20221108_D090,2022_MD_8935_20221108,2022,MD,2022_MD,8935,2022-11-08,2022-08-10,90,4,2,2,0,2,False,,,,,,,0,0,0
2022_MD_8935_20221108_D060,2022_MD_8935_20221108,2022,MD,2022_MD,8935,2022-11-08,2022-09-09,60,4,2,2,0,2,False,,,,,,,0,0,0
2022_MD_8935_20221108_D030,2022_MD_8935_20221108,2022,MD,2022_MD,8935,2022-11-08,2022-10-09,30,4,2,2,1,1,True,2022-09-12,2022-09-12,23.0,23.0,27.0,27.0,0,0,0
2022_MD_8935_20221108_D014,2022_MD_8935_20221108,2022,MD,2022_MD,8935,2022-11-08,2022-10-25,14,4,2,2,1,1,True,2022-09-12,2022-09-12,23.0,23.0,43.0,43.0,0,0,0
2022_MD_8935_20221108_D007,2022_MD_8935_20221108,2022,MD,2022_MD,8935,2022-11-08,2022-11-01,7,4,2,2,1,1,True,2022-09-12,2022-09-12,23.0,23.0,50.0,50.0,0,0,0
2022_MD_8935_20221108_D000,2022_MD_8935_20221108,2022,MD,2022_MD,8935,2022-11-08,2022-11-08,0,4,2,2,1,1,True,2022-09-12,2022-09-12,23.0,23.0,57.0,57.0,0,0,0
2022_MO_8936_20221108_D120,2022_MO_8936_20221108,2022,MO,2022_MO,8936,2022-11-08,2022-07-11,120,106,46,46,2,44,True,2022-04-28,2022-05-15,-15.5,-15.5,65.5,65.5,0,0,0
2022_MO_8936_20221108_D090,2022_MO_8936_20221108,2022,MO,2022_MO,8936,2022-11-08,2022-08-10,90,106,46,46,2,44,True,2022-04-28,2022-05-15,-15.5,-15.5,95.5,95.5,0,0,0
2022_MO_8936_20221108_D060,2022_MO_8936_20221108,2022,MO,2022_MO,8936,2022-11-08,2022-09-09,60,106,46,46,4,42,True,2022-04-28,2022-08-25,-13.25,-12.0,72.5,70.5,0,0,0
2022_MO_8936_20221108_D030,2022_MO_8936_20221108,2022,MO,2022_MO,8936,2022-11-08,2022-10-09,30,106,46,46,6,40,True,2022-04-28,2022-09-27,-12.566666666666668,-11.2,73.83333333333333,49.5,0,0,0
2022_MO_8936_20221108_D014,2022_MO_8936_20221108,2022,MO,2022_MO,8936,2022-11-08,2022-10-25,14,106,46,46,7,39,True,2022-04-28,2022-10-25,-12.057142857142859,-11.0,77.0,61.0,0,0,0
2022_MO_8936_20221108_D007,2022_MO_8936_20221108,2022,MO,2022_MO,8936,2022-11-08,2022-11-01,7,106,46,46,10,36,True,2022-04-28,2022-11-01,-11.790000000000001,-11.0,59.2,39.5,0,0,0
2022_MO_8936_20221108_D000,2022_MO_8936_20221108,2022,MO,2022_MO,8936,2022-11-08,2022-11-08,0,106,46,46,11,35,True,2022-04-28,2022-11-07,-12.081818181818182,-11.0,60.27272727272727,42.0,0,0,0
2022_NC_8940_20221108_D120,2022_NC_8940_20221108,2022,NC,2022_NC,8940,2022-11-08,2022-07-11,120,130,46,46,12,34,True,2021-11-10,2022-07-01,-2.575000000000001,-1.6500000000000021,86.33333333333333,59.5,1,0,0
2022_NC_8940_20221108_D090,2022_NC_8940_20221108,2022,NC,2022_NC,8940,2022-11-08,2022-08-10,90,130,46,46,14,32,True,2021-11-10,2022-08-06,-1.7500000000000004,-1.25,101.21428571428571,84.0,1,0,0
2022_NC_8940_20221108_D060,2022_NC_8940_20221108,2022,NC,2022_NC,8940,2022-11-08,2022-09-09,60,130,46,46,17,29,True,2021-11-10,2022-09-04,-1.5470588235294125,-1.0,110.41176470588235,110.0,1,0,0
2022_NC_8940_20221108_D030,2022_NC_8940_20221108,2022,NC,2022_NC,8940,2022-11-08,2022-10-09,30,130,46,46,25,21,True,2021-11-10,2022-10-08,-1.3000000000000005,-1.0,100.56,77.0,2,0,0
2022_NC_8940_20221108_D014,2022_NC_8940_20221108,2022,NC,2022_NC,8940,2022-11-08,2022-10-25,14,130,46,46,30,16,True,2021-11-10,2022-10-22,-1.7000000000000002,-1.0,98.4,63.5,2,0,0
2022_NC_8940_20221108_D007,2022_NC_8940_20221108,2022,NC,2022_NC,8940,2022-11-08,2022-11-01,7,130,46,46,32,14,True,2021-11-10,2022-10-30,-1.809375,-1.0999999999999979,98.96875,60.5,2,0,0
2022_NC_8940_20221108_D000,2022_NC_8940_20221108,2022,NC,2022_NC,8940,2022-11-08,2022-11-08,0,130,46,46,38,8,True,2021-11-10,2022-11-06,-2.189473684210527,-1.3499999999999979,89.92105263157895,51.0,2,0,0
2022_NH_8938_20221108_D120,2022_NH_8938_20221108,2022,NH,2022_NH,8938,2022-11-08,2022-07-11,120,126,56,56,11,45,True,2021-02-22,2022-07-08,7.327272727272727,5.899999999999999,174.1818181818182,109.0,0,0,0
2022_NH_8938_20221108_D090,2022_NH_8938_20221108,2022,NH,2022_NH,8938,2022-11-08,2022-08-10,90,126,56,56,11,45,True,2021-02-22,2022-07-08,7.327272727272727,5.899999999999999,204.1818181818182,139.0,0,0,0
2022_NH_8938_20221108_D060,2022_NH_8938_20221108,2022,NH,2022_NH,8938,2022-11-08,2022-09-09,60,126,56,56,11,45,True,2021-02-22,2022-07-08,7.327272727272727,5.899999999999999,234.1818181818182,169.0,0,0,0
2022_NH_8938_20221108_D030,2022_NH_8938_20221108,2022,NH,2022_NH,8938,2022-11-08,2022-10-09,30,126,56,56,19,37,True,2021-02-22,2022-10-06,7.563157894736841,7.0,158.68421052631578,104.0,0,0,0
2022_NH_8938_20221108_D014,2022_NH_8938_20221108,2022,NH,2022_NH,8938,2022-11-08,2022-10-25,14,126,56,56,24,32,True,2021-02-22,2022-10-25,6.929166666666667,6.5,139.125,38.0,1,0,0
2022_NH_8938_20221108_D007,2022_NH_8938_20221108,2022,NH,2022_NH,8938,2022-11-08,2022-11-01,7,126,56,56,28,28,True,2021-02-22,2022-11-01,6.017857142857143,5.949999999999999,125.57142857142857,39.5,1,0,0
2022_NH_8938_20221108_D000,2022_NH_8938_20221108,2022,NH,2022_NH,8938,2022-11-08,2022-11-08,0,126,56,56,33,23,True,2021-02-22,2022-11-06,5.418181818181819,5.0,112.87878787878788,39.0,1,0,0
2022_NV_8937_20221108_D120,2022_NV_8937_20221108,2022,NV,2022_NV,8937,2022-11-08,2022-07-11,120,150,56,56,13,43,True,2021-08-14,2022-07-10,1.4153846153846152,-1.0,152.92307692307693,109.0,2,0,0
2022_NV_8937_20221108_D090,2022_NV_8937_20221108,2022,NV,2022_NV,8937,2022-11-08,2022-08-10,90,150,56,56,15,41,True,2021-08-14,2022-07-20,2.2933333333333334,3.0,161.33333333333334,126.0,2,0,0
2022_NV_8937_20221108_D060,2022_NV_8937_20221108,2022,NV,2022_NV,8937,2022-11-08,2022-09-09,60,150,56,56,19,37,True,2021-08-14,2022-08-24,2.284210526315789,3.0,155.10526315789474,142.0,2,0,0
2022_NV_8937_20221108_D030,2022_NV_8937_20221108,2022,NV,2022_NV,8937,2022-11-08,2022-10-09,30,150,56,56,29,27,True,2021-08-14,2022-10-07,1.4137931034482756,1.0,126.0,81.0,2,0,0
2022_NV_8937_20221108_D014,2022_NV_8937_20221108,2022,NV,2022_NV,8937,2022-11-08,2022-10-25,14,150,56,56,41,15,True,2021-08-14,2022-10-25,1.1121951219512192,0.0,101.8048780487805,36.0,2,0,0
2022_NV_8937_20221108_D007,2022_NV_8937_20221108,2022,NV,2022_NV,8937,2022-11-08,2022-11-01,7,150,56,56,47,9,True,2021-08-14,2022-10-29,0.7617021276595741,0.0,95.53191489361703,42.0,2,0,0
2022_NV_8937_20221108_D000,2022_NV_8937_20221108,2022,NV,2022_NV,8937,2022-11-08,2022-11-08,0,150,56,56,53,3,True,2021-08-14,2022-11-07,0.3849056603773582,-1.0,91.30188679245283,37.0,2,0,0
2022_NY_8939_20221108_D120,2022_NY_8939_20221108,2022,NY,2022_NY,8939,2022-11-08,2022-07-11,120,39,18,18,0,18,False,,,,,,,0,0,0
2022_NY_8939_20221108_D090,2022_NY_8939_20221108,2022,NY,2022_NY,8939,2022-11-08,2022-08-10,90,39,18,18,3,15,True,2022-07-28,2022-08-09,19.400000000000002,21.0,9.0,13.0,0,0,0
2022_NY_8939_20221108_D060,2022_NY_8939_20221108,2022,NY,2022_NY,8939,2022-11-08,2022-09-09,60,39,18,18,4,14,True,2022-07-28,2022-09-06,20.6,21.6,30.0,37.0,0,0,0
2022_NY_8939_20221108_D030,2022_NY_8939_20221108,2022,NY,2022_NY,8939,2022-11-08,2022-10-09,30,39,18,18,6,12,True,2022-07-28,2022-10-06,20.233333333333334,20.5,42.833333333333336,47.0,0,0,0
2022_NY_8939_20221108_D014,2022_NY_8939_20221108,2022,NY,2022_NY,8939,2022-11-08,2022-10-25,14,39,18,18,11,7,True,2022-07-28,2022-10-25,17.781818181818185,19.0,34.63636363636363,19.0,0,0,0
2022_NY_8939_20221108_D007,2022_NY_8939_20221108,2022,NY,2022_NY,8939,2022-11-08,2022-11-01,7,39,18,18,16,2,True,2022-07-28,2022-10-31,17.543750000000003,17.75,29.5625,15.0,0,0,0
2022_NY_8939_20221108_D000,2022_NY_8939_20221108,2022,NY,2022_NY,8939,2022-11-08,2022-11-08,0,39,18,18,18,0,True,2022-07-28,2022-11-06,17.816666666666666,18.75,32.72222222222222,18.0,0,0,0
2022_OH_8942_20221108_D120,2022_OH_8942_20221108,2022,OH,2022_OH,8942,2022-11-08,2022-07-11,120,146,73,73,11,62,True,2021-03-19,2022-07-03,0.9818181818181816,1.0,125.54545454545455,59.0,1,0,0
2022_OH_8942_20221108_D090,2022_OH_8942_20221108,2022,OH,2022_OH,8942,2022-11-08,2022-08-10,90,146,73,73,16,57,True,2021-03-19,2022-08-03,3.2562499999999996,3.0,110.125,39.5,2,0,0
2022_OH_8942_20221108_D060,2022_OH_8942_20221108,2022,OH,2022_OH,8942,2022-11-08,2022-09-09,60,146,73,73,24,49,True,2021-03-19,2022-09-07,3.2249999999999996,3.0,96.875,45.0,3,0,0
2022_OH_8942_20221108_D030,2022_OH_8942_20221108,2022,OH,2022_OH,8942,2022-11-08,2022-10-09,30,146,73,73,34,39,True,2021-03-19,2022-10-08,2.7794117647058822,3.0,94.26470588235294,53.0,3,0,0
2022_OH_8942_20221108_D014,2022_OH_8942_20221108,2022,OH,2022_OH,8942,2022-11-08,2022-10-25,14,146,73,73,49,24,True,2021-03-19,2022-10-24,1.4067346938775511,1.0,78.81632653061224,44.0,3,0,6
2022_OH_8942_20221108_D007,2022_OH_8942_20221108,2022,OH,2022_OH,8942,2022-11-08,2022-11-01,7,146,73,73,56,17,True,2021-03-19,2022-11-01,0.8630357142857144,0.0,75.51785714285714,47.0,3,0,10
2022_OH_8942_20221108_D000,2022_OH_8942_20221108,2022,OH,2022_OH,8942,2022-11-08,2022-11-08,0,146,73,73,64,9,True,2021-03-19,2022-11-07,-0.06671874999999983,-1.0,72.578125,34.0,3,0,11
2022_OK_8943_20221108_D120,2022_OK_8943_20221108,2022,OK,2022_OK_REGULAR,8943,2022-11-08,2022-07-11,120,41,11,11,0,11,False,,,,,,,0,0,0
2022_OK_8943_20221108_D090,2022_OK_8943_20221108,2022,OK,2022_OK_REGULAR,8943,2022-11-08,2022-08-10,90,41,11,11,0,11,False,,,,,,,0,0,0
2022_OK_8943_20221108_D060,2022_OK_8943_20221108,2022,OK,2022_OK_REGULAR,8943,2022-11-08,2022-09-09,60,41,11,11,2,9,True,2022-09-07,2022-09-07,-23.35,-23.35,2.0,2.0,0,0,0
2022_OK_8943_20221108_D030,2022_OK_8943_20221108,2022,OK,2022_OK_REGULAR,8943,2022-11-08,2022-10-09,30,41,11,11,5,6,True,2022-09-07,2022-10-06,-19.688000000000002,-18.0,21.2,21.0,1,0,0
2022_OK_8943_20221108_D014,2022_OK_8943_20221108,2022,OK,2022_OK_REGULAR,8943,2022-11-08,2022-10-25,14,41,11,11,7,4,True,2022-09-07,2022-10-15,-18.34857142857143,-16.700000000000003,29.857142857142858,34.0,1,0,0
2022_OK_8943_20221108_D007,2022_OK_8943_20221108,2022,OK,2022_OK_REGULAR,8943,2022-11-08,2022-11-01,7,41,11,11,10,1,True,2022-09-07,2022-10-28,-18.674,-16.85,27.0,23.0,1,0,0
2022_OK_8943_20221108_D000,2022_OK_8943_20221108,2022,OK,2022_OK_REGULAR,8943,2022-11-08,2022-11-08,0,41,11,11,11,0,True,2022-09-07,2022-11-06,-18.794545454545457,-17.0,31.09090909090909,27.0,1,0,0
2022_OK_9482_20221108_D120,2022_OK_9482_20221108,2022,OK,2022_OK_SPECIAL,9482,2022-11-08,2022-07-11,120,40,11,11,0,11,False,,,,,,,0,0,0
2022_OK_9482_20221108_D090,2022_OK_9482_20221108,2022,OK,2022_OK_SPECIAL,9482,2022-11-08,2022-08-10,90,40,11,11,0,11,False,,,,,,,0,0,0
2022_OK_9482_20221108_D060,2022_OK_9482_20221108,2022,OK,2022_OK_SPECIAL,9482,2022-11-08,2022-09-09,60,40,11,11,2,9,True,2022-09-07,2022-09-07,-21.0,-21.0,2.0,2.0,0,0,0
2022_OK_9482_20221108_D030,2022_OK_9482_20221108,2022,OK,2022_OK_SPECIAL,9482,2022-11-08,2022-10-09,30,40,11,11,5,6,True,2022-09-07,2022-10-06,-14.756,-12.0,21.2,21.0,1,0,0
2022_OK_9482_20221108_D014,2022_OK_9482_20221108,2022,OK,2022_OK_SPECIAL,9482,2022-11-08,2022-10-25,14,40,11,11,7,4,True,2022-09-07,2022-10-15,-13.968571428571428,-12.0,29.857142857142858,34.0,1,0,0
2022_OK_9482_20221108_D007,2022_OK_9482_20221108,2022,OK,2022_OK_SPECIAL,9482,2022-11-08,2022-11-01,7,40,11,11,10,1,True,2022-09-07,2022-10-28,-13.738,-11.5,27.0,23.0,1,0,0
2022_OK_9482_20221108_D000,2022_OK_9482_20221108,2022,OK,2022_OK_SPECIAL,9482,2022-11-08,2022-11-08,0,40,11,11,11,0,True,2022-09-07,2022-11-06,-13.58,-12.0,31.09090909090909,27.0,1,0,0
2022_OR_8944_20221108_D120,2022_OR_8944_20221108,2022,OR,2022_OR,8944,2022-11-08,2022-07-11,120,16,5,5,0,5,False,,,,,,,0,0,0
2022_OR_8944_20221108_D090,2022_OR_8944_20221108,2022,OR,2022_OR,8944,2022-11-08,2022-08-10,90,16,5,5,0,5,False,,,,,,,0,0,0
2022_OR_8944_20221108_D060,2022_OR_8944_20221108,2022,OR,2022_OR,8944,2022-11-08,2022-09-09,60,16,5,5,0,5,False,,,,,,,0,0,0
2022_OR_8944_20221108_D030,2022_OR_8944_20221108,2022,OR,2022_OR,8944,2022-11-08,2022-10-09,30,16,5,5,1,4,True,2022-10-01,2022-10-01,19.5,19.5,8.0,8.0,0,0,0
2022_OR_8944_20221108_D014,2022_OR_8944_20221108,2022,OR,2022_OR,8944,2022-11-08,2022-10-25,14,16,5,5,3,2,True,2022-10-01,2022-10-18,15.833333333333334,17.0,12.666666666666666,7.0,0,0,0
2022_OR_8944_20221108_D007,2022_OR_8944_20221108,2022,OR,2022_OR,8944,2022-11-08,2022-11-01,7,16,5,5,4,1,True,2022-10-01,2022-11-01,16.125,17.0,14.75,14.0,0,0,0
2022_OR_8944_20221108_D000,2022_OR_8944_20221108,2022,OR,2022_OR,8944,2022-11-08,2022-11-08,0,16,5,5,5,0,True,2022-10-01,2022-11-06,15.7,17.0,17.8,21.0,0,0,0
2022_PA_8945_20221108_D120,2022_PA_8945_20221108,2022,PA,2022_PA,8945,2022-11-08,2022-07-11,120,176,70,70,3,67,True,2021-12-05,2022-06-19,4.1333333333333355,4.400000000000006,87.33333333333333,22.0,1,0,0
2022_PA_8945_20221108_D090,2022_PA_8945_20221108,2022,PA,2022_PA,8945,2022-11-08,2022-08-10,90,176,70,70,12,58,True,2021-12-05,2022-08-10,10.641666666666667,11.0,40.0,20.5,1,0,0
2022_PA_8945_20221108_D060,2022_PA_8945_20221108,2022,PA,2022_PA,8945,2022-11-08,2022-09-09,60,176,70,70,20,50,True,2021-12-05,2022-09-07,11.125,11.0,46.65,39.0,1,0,0
2022_PA_8945_20221108_D030,2022_PA_8945_20221108,2022,PA,2022_PA,8945,2022-11-08,2022-10-09,30,176,70,70,31,39,True,2021-12-05,2022-09-30,9.541935483870967,9.0,55.25806451612903,41.0,1,0,0
2022_PA_8945_20221108_D014,2022_PA_8945_20221108,2022,PA,2022_PA,8945,2022-11-08,2022-10-25,14,176,70,70,44,26,True,2021-12-05,2022-10-24,7.497727272727272,5.0,52.36363636363637,39.5,1,0,0
2022_PA_8945_20221108_D007,2022_PA_8945_20221108,2022,PA,2022_PA,8945,2022-11-08,2022-11-01,7,176,70,70,53,17,True,2021-12-05,2022-11-01,6.281132075471698,5.0,49.924528301886795,37.0,1,0,0
2022_PA_8945_20221108_D000,2022_PA_8945_20221108,2022,PA,2022_PA,8945,2022-11-08,2022-11-08,0,176,70,70,62,8,True,2021-12-05,2022-11-07,5.420967741935484,4.899999999999999,49.17741935483871,33.5,1,0,0
2022_SC_8946_20221108_D120,2022_SC_8946_20221108,2022,SC,2022_SC,8946,2022-11-08,2022-07-11,120,5,2,2,0,2,False,,,,,,,0,0,0
2022_SC_8946_20221108_D090,2022_SC_8946_20221108,2022,SC,2022_SC,8946,2022-11-08,2022-08-10,90,5,2,2,0,2,False,,,,,,,0,0,0
2022_SC_8946_20221108_D060,2022_SC_8946_20221108,2022,SC,2022_SC,8946,2022-11-08,2022-09-09,60,5,2,2,1,1,True,2022-09-07,2022-09-07,-17.0,-17.0,2.0,2.0,0,0,0
2022_SC_8946_20221108_D030,2022_SC_8946_20221108,2022,SC,2022_SC,8946,2022-11-08,2022-10-09,30,5,2,2,1,1,True,2022-09-07,2022-09-07,-17.0,-17.0,32.0,32.0,0,0,0
2022_SC_8946_20221108_D014,2022_SC_8946_20221108,2022,SC,2022_SC,8946,2022-11-08,2022-10-25,14,5,2,2,1,1,True,2022-09-07,2022-09-07,-17.0,-17.0,48.0,48.0,0,0,0
2022_SC_8946_20221108_D007,2022_SC_8946_20221108,2022,SC,2022_SC,8946,2022-11-08,2022-11-01,7,5,2,2,1,1,True,2022-09-07,2022-09-07,-17.0,-17.0,55.0,55.0,0,0,0
2022_SC_8946_20221108_D000,2022_SC_8946_20221108,2022,SC,2022_SC,8946,2022-11-08,2022-11-08,0,5,2,2,1,1,True,2022-09-07,2022-09-07,-17.0,-17.0,62.0,62.0,0,0,0
2022_SD_8947_20221108_D120,2022_SD_8947_20221108,2022,SD,2022_SD,8947,2022-11-08,2022-07-11,120,10,4,4,1,3,True,2022-03-19,2022-03-19,-35.0,-35.0,114.0,114.0,0,0,0
2022_SD_8947_20221108_D090,2022_SD_8947_20221108,2022,SD,2022_SD,8947,2022-11-08,2022-08-10,90,10,4,4,1,3,True,2022-03-19,2022-03-19,-35.0,-35.0,144.0,144.0,0,0,0
2022_SD_8947_20221108_D060,2022_SD_8947_20221108,2022,SD,2022_SD,8947,2022-11-08,2022-09-09,60,10,4,4,1,3,True,2022-03-19,2022-03-19,-35.0,-35.0,174.0,174.0,0,0,0
2022_SD_8947_20221108_D030,2022_SD_8947_20221108,2022,SD,2022_SD,8947,2022-11-08,2022-10-09,30,10,4,4,2,2,True,2022-03-19,2022-09-11,-24.0,-24.0,116.0,116.0,1,0,0
2022_SD_8947_20221108_D014,2022_SD_8947_20221108,2022,SD,2022_SD,8947,2022-11-08,2022-10-25,14,10,4,4,4,0,True,2022-03-19,2022-10-21,-26.0,-28.0,70.75,29.5,1,0,0
2022_SD_8947_20221108_D007,2022_SD_8947_20221108,2022,SD,2022_SD,8947,2022-11-08,2022-11-01,7,10,4,4,4,0,True,2022-03-19,2022-10-21,-26.0,-28.0,77.75,36.5,1,0,0
2022_SD_8947_20221108_D000,2022_SD_8947_20221108,2022,SD,2022_SD,8947,2022-11-08,2022-11-08,0,10,4,4,4,0,True,2022-03-19,2022-10-21,-26.0,-28.0,84.75,43.5,1,0,0
2022_UT_8948_20221108_D120,2022_UT_8948_20221108,2022,UT,2022_UT,8948,2022-11-08,2022-07-11,120,95,38,38,0,38,False,,,,,,,0,0,0
2022_UT_8948_20221108_D090,2022_UT_8948_20221108,2022,UT,2022_UT,8948,2022-11-08,2022-08-10,90,95,38,38,0,38,False,,,,,,,0,0,0
2022_UT_8948_20221108_D060,2022_UT_8948_20221108,2022,UT,2022_UT,8948,2022-11-08,2022-09-09,60,95,38,38,0,38,False,,,,,,,0,0,0
2022_UT_8948_20221108_D030,2022_UT_8948_20221108,2022,UT,2022_UT,8948,2022-11-08,2022-10-09,30,95,38,38,0,38,False,,,,,,,0,0,0
2022_UT_8948_20221108_D014,2022_UT_8948_20221108,2022,UT,2022_UT,8948,2022-11-08,2022-10-25,14,95,38,38,0,38,False,,,,,,,0,0,0
2022_UT_8948_20221108_D007,2022_UT_8948_20221108,2022,UT,2022_UT,8948,2022-11-08,2022-11-01,7,95,38,38,0,38,False,,,,,,,0,0,0
2022_UT_8948_20221108_D000,2022_UT_8948_20221108,2022,UT,2022_UT,8948,2022-11-08,2022-11-08,0,95,38,38,0,38,False,,,,,,,0,0,0
2022_VT_8949_20221108_D120,2022_VT_8949_20221108,2022,VT,2022_VT,8949,2022-11-08,2022-07-11,120,14,5,5,0,5,False,,,,,,,0,0,0
2022_VT_8949_20221108_D090,2022_VT_8949_20221108,2022,VT,2022_VT,8949,2022-11-08,2022-08-10,90,14,5,5,0,5,False,,,,,,,0,0,0
2022_VT_8949_20221108_D060,2022_VT_8949_20221108,2022,VT,2022_VT,8949,2022-11-08,2022-09-09,60,14,5,5,1,4,True,2022-09-07,2022-09-07,6.5,6.5,2.0,2.0,0,0,0
2022_VT_8949_20221108_D030,2022_VT_8949_20221108,2022,VT,2022_VT,8949,2022-11-08,2022-10-09,30,14,5,5,2,3,True,2022-09-07,2022-10-03,20.25,20.25,19.0,19.0,0,0,0
2022_VT_8949_20221108_D014,2022_VT_8949_20221108,2022,VT,2022_VT,8949,2022-11-08,2022-10-25,14,14,5,5,2,3,True,2022-09-07,2022-10-03,20.25,20.25,35.0,35.0,0,0,0
2022_VT_8949_20221108_D007,2022_VT_8949_20221108,2022,VT,2022_VT,8949,2022-11-08,2022-11-01,7,14,5,5,3,2,True,2022-09-07,2022-10-26,23.833333333333332,31.0,30.0,29.0,0,0,0
2022_VT_8949_20221108_D000,2022_VT_8949_20221108,2022,VT,2022_VT,8949,2022-11-08,2022-11-08,0,14,5,5,3,2,True,2022-09-07,2022-10-26,23.833333333333332,31.0,37.0,36.0,0,0,0
2022_WA_8950_20221108_D120,2022_WA_8950_20221108,2022,WA,2022_WA,8950,2022-11-08,2022-07-11,120,56,28,28,8,20,True,2021-05-26,2022-07-11,13.75,14.5,139.25,91.0,1,0,0
2022_WA_8950_20221108_D090,2022_WA_8950_20221108,2022,WA,2022_WA,8950,2022-11-08,2022-08-10,90,56,28,28,8,20,True,2021-05-26,2022-07-11,13.75,14.5,169.25,121.0,1,0,0
2022_WA_8950_20221108_D060,2022_WA_8950_20221108,2022,WA,2022_WA,8950,2022-11-08,2022-09-09,60,56,28,28,11,17,True,2021-05-26,2022-09-07,11.636363636363637,11.0,147.9090909090909,82.0,1,0,0
2022_WA_8950_20221108_D030,2022_WA_8950_20221108,2022,WA,2022_WA,8950,2022-11-08,2022-10-09,30,56,28,28,18,10,True,2021-05-26,2022-10-01,10.777777777777779,11.5,114.05555555555556,45.5,1,0,0
2022_WA_8950_20221108_D014,2022_WA_8950_20221108,2022,WA,2022_WA,8950,2022-11-08,2022-10-25,14,56,28,28,24,4,True,2021-05-26,2022-10-22,9.791666666666666,9.5,98.75,35.5,1,0,0
2022_WA_8950_20221108_D007,2022_WA_8950_20221108,2022,WA,2022_WA,8950,2022-11-08,2022-11-01,7,56,28,28,27,1,True,2021-05-26,2022-10-31,9.0,9.0,94.37037037037037,36.0,1,0,0
2022_WA_8950_20221108_D000,2022_WA_8950_20221108,2022,WA,2022_WA,8950,2022-11-08,2022-11-08,0,56,28,28,28,0,True,2021-05-26,2022-11-05,8.664285714285715,8.900000000000002,97.85714285714286,43.0,1,0,0
2022_WI_8951_20221108_D120,2022_WI_8951_20221108,2022,WI,2022_WI,8951,2022-11-08,2022-07-11,120,82,41,41,2,39,True,2021-09-11,2022-06-20,1.0,1.0,162.0,162.0,1,0,0
2022_WI_8951_20221108_D090,2022_WI_8951_20221108,2022,WI,2022_WI,8951,2022-11-08,2022-08-10,90,82,41,41,2,39,True,2021-09-11,2022-06-20,1.0,1.0,192.0,192.0,1,0,0
2022_WI_8951_20221108_D060,2022_WI_8951_20221108,2022,WI,2022_WI,8951,2022-11-08,2022-09-09,60,82,41,41,6,35,True,2021-09-11,2022-08-25,3.7166666666666663,3.1499999999999986,88.83333333333333,25.0,1,0,0
2022_WI_8951_20221108_D030,2022_WI_8951_20221108,2022,WI,2022_WI,8951,2022-11-08,2022-10-09,30,82,41,41,20,21,True,2021-09-11,2022-10-09,-0.37500000000000033,-1.0,47.15,25.0,2,0,0
2022_WI_8951_20221108_D014,2022_WI_8951_20221108,2022,WI,2022_WI,8951,2022-11-08,2022-10-25,14,82,41,41,26,15,True,2021-09-11,2022-10-23,-0.7653846153846156,-1.0,50.30769230769231,34.0,3,0,0
2022_WI_8951_20221108_D007,2022_WI_8951_20221108,2022,WI,2022_WI,8951,2022-11-08,2022-11-01,7,82,41,41,33,8,True,2021-09-11,2022-11-01,-1.1090909090909093,-1.0,45.42424242424242,35.0,4,0,0
2022_WI_8951_20221108_D000,2022_WI_8951_20221108,2022,WI,2022_WI,8951,2022-11-08,2022-11-08,0,82,41,41,37,4,True,2021-09-11,2022-11-07,-1.4135135135135137,-2.0,47.027027027027025,30.0,4,0,0
2024_AZ_9505_20241105_D120,2024_AZ_9505_20241105,2024,AZ,2024_AZ,9505,2024-11-05,2024-07-08,120,345,149,149,30,119,True,2022-12-20,2024-07-08,4.436666666666667,4.400000000000002,156.5,93.5,4,0,0
2024_AZ_9505_20241105_D090,2024_AZ_9505_20241105,2024,AZ,2024_AZ,9505,2024-11-05,2024-08-07,90,345,149,149,38,111,True,2022-12-20,2024-08-05,4.528947368421053,4.400000000000002,149.8684210526316,90.0,6,0,0
2024_AZ_9505_20241105_D060,2024_AZ_9505_20241105,2024,AZ,2024_AZ,9505,2024-11-05,2024-09-06,60,345,149,149,48,101,True,2022-12-20,2024-08-31,5.1187499999999995,5.0,145.22916666666666,108.0,6,0,0
2024_AZ_9505_20241105_D030,2024_AZ_9505_20241105,2024,AZ,2024_AZ,9505,2024-11-05,2024-10-06,30,345,149,149,70,79,True,2022-12-20,2024-10-02,6.1328571428571435,6.0,124.22857142857143,64.5,6,0,0
2024_AZ_9505_20241105_D014,2024_AZ_9505_20241105,2024,AZ,2024_AZ,9505,2024-11-05,2024-10-22,14,345,149,149,86,63,True,2022-12-20,2024-10-22,6.454534883720931,6.0,115.4186046511628,56.0,6,0,0
2024_AZ_9505_20241105_D007,2024_AZ_9505_20241105,2024,AZ,2024_AZ,9505,2024-11-05,2024-10-29,7,345,149,149,93,56,True,2022-12-20,2024-10-29,6.330000000000001,6.0,113.3225806451613,59.0,6,0,0
2024_AZ_9505_20241105_D000,2024_AZ_9505_20241105,2024,AZ,2024_AZ,9505,2024-11-05,2024-11-05,0,345,149,149,110,39,True,2022-12-20,2024-11-04,5.869909090909092,5.299999999999997,102.31818181818181,45.0,6,0,0
2024_CA_9506_20241105_D120,2024_CA_9506_20241105,2024,CA,2024_CA_REGULAR,9506,2024-11-05,2024-07-08,120,44,22,22,4,18,True,2024-02-26,2024-07-02,23.75,24.5,70.0,70.5,0,0,0
2024_CA_9506_20241105_D090,2024_CA_9506_20241105,2024,CA,2024_CA_REGULAR,9506,2024-11-05,2024-08-07,90,44,22,22,4,18,True,2024-02-26,2024-07-02,23.75,24.5,100.0,100.5,0,0,0
2024_CA_9506_20241105_D060,2024_CA_9506_20241105,2024,CA,2024_CA_REGULAR,9506,2024-11-05,2024-09-06,60,44,22,22,7,15,True,2024-02-26,2024-09-05,24.25714285714286,24.0,81.71428571428571,66.0,0,0,0
2024_CA_9506_20241105_D030,2024_CA_9506_20241105,2024,CA,2024_CA_REGULAR,9506,2024-11-05,2024-10-06,30,44,22,22,11,11,True,2024-02-26,2024-10-01,23.645454545454548,24.0,76.36363636363636,55.0,0,0,0
2024_CA_9506_20241105_D014,2024_CA_9506_20241105,2024,CA,2024_CA_REGULAR,9506,2024-11-05,2024-10-22,14,44,22,22,15,7,True,2024-02-26,2024-10-18,23.826666666666664,24.0,69.33333333333333,43.0,0,0,0
2024_CA_9506_20241105_D007,2024_CA_9506_20241105,2024,CA,2024_CA_REGULAR,9506,2024-11-05,2024-10-29,7,44,22,22,17,5,True,2024-02-26,2024-10-29,23.576470588235296,23.5,67.47058823529412,38.0,0,0,0
2024_CA_9506_20241105_D000,2024_CA_9506_20241105,2024,CA,2024_CA_REGULAR,9506,2024-11-05,2024-11-05,0,44,22,22,19,3,True,2024-02-26,2024-11-03,23.57894736842105,23.5,67.05263157894737,41.0,0,0,0
2024_CA_10013_20241105_D120,2024_CA_10013_20241105,2024,CA,2024_CA_SPECIAL,10013,2024-11-05,2024-07-08,120,4,2,2,0,2,False,,,,,,,0,0,0
2024_CA_10013_20241105_D090,2024_CA_10013_20241105,2024,CA,2024_CA_SPECIAL,10013,2024-11-05,2024-08-07,90,4,2,2,0,2,False,,,,,,,0,0,0
2024_CA_10013_20241105_D060,2024_CA_10013_20241105,2024,CA,2024_CA_SPECIAL,10013,2024-11-05,2024-09-06,60,4,2,2,0,2,False,,,,,,,0,0,0
2024_CA_10013_20241105_D030,2024_CA_10013_20241105,2024,CA,2024_CA_SPECIAL,10013,2024-11-05,2024-10-06,30,4,2,2,0,2,False,,,,,,,0,0,0
2024_CA_10013_20241105_D014,2024_CA_10013_20241105,2024,CA,2024_CA_SPECIAL,10013,2024-11-05,2024-10-22,14,4,2,2,0,2,False,,,,,,,0,0,0
2024_CA_10013_20241105_D007,2024_CA_10013_20241105,2024,CA,2024_CA_SPECIAL,10013,2024-11-05,2024-10-29,7,4,2,2,1,1,True,2024-10-29,2024-10-29,20.0,20.0,0.0,0.0,0,0,0
2024_CA_10013_20241105_D000,2024_CA_10013_20241105,2024,CA,2024_CA_SPECIAL,10013,2024-11-05,2024-11-05,0,4,2,2,2,0,True,2024-10-29,2024-11-03,23.0,23.0,4.5,4.5,0,0,0
2024_CT_9507_20241105_D120,2024_CT_9507_20241105,2024,CT,2024_CT,9507,2024-11-05,2024-07-08,120,2,1,1,0,1,False,,,,,,,0,0,0
2024_CT_9507_20241105_D090,2024_CT_9507_20241105,2024,CT,2024_CT,9507,2024-11-05,2024-08-07,90,2,1,1,0,1,False,,,,,,,0,0,0
2024_CT_9507_20241105_D060,2024_CT_9507_20241105,2024,CT,2024_CT,9507,2024-11-05,2024-09-06,60,2,1,1,0,1,False,,,,,,,0,0,0
2024_CT_9507_20241105_D030,2024_CT_9507_20241105,2024,CT,2024_CT,9507,2024-11-05,2024-10-06,30,2,1,1,1,0,True,2024-09-18,2024-09-18,16.0,16.0,18.0,18.0,0,0,0
2024_CT_9507_20241105_D014,2024_CT_9507_20241105,2024,CT,2024_CT,9507,2024-11-05,2024-10-22,14,2,1,1,1,0,True,2024-09-18,2024-09-18,16.0,16.0,34.0,34.0,0,0,0
2024_CT_9507_20241105_D007,2024_CT_9507_20241105,2024,CT,2024_CT,9507,2024-11-05,2024-10-29,7,2,1,1,1,0,True,2024-09-18,2024-09-18,16.0,16.0,41.0,41.0,0,0,0
2024_CT_9507_20241105_D000,2024_CT_9507_20241105,2024,CT,2024_CT,9507,2024-11-05,2024-11-05,0,2,1,1,1,0,True,2024-09-18,2024-09-18,16.0,16.0,48.0,48.0,0,0,0
2024_DE_9508_20241105_D120,2024_DE_9508_20241105,2024,DE,2024_DE,9508,2024-11-05,2024-07-08,120,3,1,1,0,1,False,,,,,,,0,0,0
2024_DE_9508_20241105_D090,2024_DE_9508_20241105,2024,DE,2024_DE,9508,2024-11-05,2024-08-07,90,3,1,1,0,1,False,,,,,,,0,0,0
2024_DE_9508_20241105_D060,2024_DE_9508_20241105,2024,DE,2024_DE,9508,2024-11-05,2024-09-06,60,3,1,1,0,1,False,,,,,,,0,0,0
2024_DE_9508_20241105_D030,2024_DE_9508_20241105,2024,DE,2024_DE,9508,2024-11-05,2024-10-06,30,3,1,1,1,0,True,2024-09-19,2024-09-19,20.5,20.5,17.0,17.0,0,0,0
2024_DE_9508_20241105_D014,2024_DE_9508_20241105,2024,DE,2024_DE,9508,2024-11-05,2024-10-22,14,3,1,1,1,0,True,2024-09-19,2024-09-19,20.5,20.5,33.0,33.0,0,0,0
2024_DE_9508_20241105_D007,2024_DE_9508_20241105,2024,DE,2024_DE,9508,2024-11-05,2024-10-29,7,3,1,1,1,0,True,2024-09-19,2024-09-19,20.5,20.5,40.0,40.0,0,0,0
2024_DE_9508_20241105_D000,2024_DE_9508_20241105,2024,DE,2024_DE,9508,2024-11-05,2024-11-05,0,3,1,1,1,0,True,2024-09-19,2024-09-19,20.5,20.5,47.0,47.0,0,0,0
2024_FL_9509_20241105_D120,2024_FL_9509_20241105,2024,FL,2024_FL,9509,2024-11-05,2024-07-08,120,127,58,58,12,46,True,2024-03-01,2024-06-09,-9.891666666666666,-10.649999999999999,76.16666666666667,82.0,0,0,0
2024_FL_9509_20241105_D090,2024_FL_9509_20241105,2024,FL,2024_FL,9509,2024-11-05,2024-08-07,90,127,58,58,15,43,True,2024-03-01,2024-07-27,-8.979999999999999,-8.0,87.53333333333333,92.0,0,0,0
2024_FL_9509_20241105_D060,2024_FL_9509_20241105,2024,FL,2024_FL,9509,2024-11-05,2024-09-06,60,127,58,58,23,35,True,2024-03-01,2024-09-05,-7.378260869565217,-6.0,82.3913043478261,89.0,0,0,0
2024_FL_9509_20241105_D030,2024_FL_9509_20241105,2024,FL,2024_FL,9509,2024-11-05,2024-10-06,30,127,58,58,38,20,True,2024-03-01,2024-10-06,-6.3686842105263155,-5.670000000000002,72.60526315789474,45.0,0,0,0
2024_FL_9509_20241105_D014,2024_FL_9509_20241105,2024,FL,2024_FL,9509,2024-11-05,2024-10-22,14,127,58,58,48,10,True,2024-03-01,2024-10-20,-5.862708333333333,-4.185000000000002,71.4375,43.5,0,0,0
2024_FL_9509_20241105_D007,2024_FL_9509_20241105,2024,FL,2024_FL,9509,2024-11-05,2024-10-29,7,127,58,58,53,5,True,2024-03-01,2024-10-28,-5.790754716981133,-4.0,71.24528301886792,40.0,0,0,0
2024_FL_9509_20241105_D000,2024_FL_9509_20241105,2024,FL,2024_FL,9509,2024-11-05,2024-11-05,0,127,58,58,57,1,True,2024-03-01,2024-11-03,-5.7791228070175436,-4.0,72.98245614035088,43.0,0,0,0
2024_IN_9511_20241105_D120,2024_IN_9511_20241105,2024,IN,2024_IN,9511,2024-11-05,2024-07-08,120,11,5,5,1,4,True,2023-10-04,2023-10-04,-9.8,-9.8,278.0,278.0,0,0,0
2024_IN_9511_20241105_D090,2024_IN_9511_20241105,2024,IN,2024_IN,9511,2024-11-05,2024-08-07,90,11,5,5,1,4,True,2023-10-04,2023-10-04,-9.8,-9.8,308.0,308.0,0,0,0
2024_IN_9511_20241105_D060,2024_IN_9511_20241105,2024,IN,2024_IN,9511,2024-11-05,2024-09-06,60,11,5,5,1,4,True,2023-10-04,2023-10-04,-9.8,-9.8,338.0,338.0,0,0,0
2024_IN_9511_20241105_D030,2024_IN_9511_20241105,2024,IN,2024_IN,9511,2024-11-05,2024-10-06,30,11,5,5,4,1,True,2023-10-04,2024-10-05,-12.325000000000003,-12.750000000000004,100.75,17.0,0,0,0
2024_IN_9511_20241105_D014,2024_IN_9511_20241105,2024,IN,2024_IN,9511,2024-11-05,2024-10-22,14,11,5,5,4,1,True,2023-10-04,2024-10-05,-12.325000000000003,-12.750000000000004,116.75,33.0,0,0,0
2024_IN_9511_20241105_D007,2024_IN_9511_20241105,2024,IN,2024_IN,9511,2024-11-05,2024-10-29,7,11,5,5,5,0,True,2023-10-04,2024-10-28,-12.820000000000002,-13.300000000000004,99.2,34.0,0,0,0
2024_IN_9511_20241105_D000,2024_IN_9511_20241105,2024,IN,2024_IN,9511,2024-11-05,2024-11-05,0,11,5,5,5,0,True,2023-10-04,2024-10-28,-12.820000000000002,-13.300000000000004,106.2,41.0,0,0,0
2024_MA_9514_20241105_D120,2024_MA_9514_20241105,2024,MA,2024_MA,9514,2024-11-05,2024-07-08,120,32,16,16,1,15,True,2024-05-30,2024-05-30,23.0,23.0,39.0,39.0,0,0,0
2024_MA_9514_20241105_D090,2024_MA_9514_20241105,2024,MA,2024_MA,9514,2024-11-05,2024-08-07,90,32,16,16,1,15,True,2024-05-30,2024-05-30,23.0,23.0,69.0,69.0,0,0,0
2024_MA_9514_20241105_D060,2024_MA_9514_20241105,2024,MA,2024_MA,9514,2024-11-05,2024-09-06,60,32,16,16,1,15,True,2024-05-30,2024-05-30,23.0,23.0,99.0,99.0,0,0,0
2024_MA_9514_20241105_D030,2024_MA_9514_20241105,2024,MA,2024_MA,9514,2024-11-05,2024-10-06,30,32,16,16,5,11,True,2024-05-30,2024-10-05,22.919999999999998,23.0,36.6,18.0,1,0,0
2024_MA_9514_20241105_D014,2024_MA_9514_20241105,2024,MA,2024_MA,9514,2024-11-05,2024-10-22,14,32,16,16,6,10,True,2024-05-30,2024-10-10,22.766666666666666,22.5,45.833333333333336,32.5,1,0,0
2024_MA_9514_20241105_D007,2024_MA_9514_20241105,2024,MA,2024_MA,9514,2024-11-05,2024-10-29,7,32,16,16,7,9,True,2024-05-30,2024-10-26,22.428571428571427,22.0,45.714285714285715,38.0,1,0,0
2024_MA_9514_20241105_D000,2024_MA_9514_20241105,2024,MA,2024_MA,9514,2024-11-05,2024-11-05,0,32,16,16,10,6,True,2024-05-30,2024-11-02,22.82,22.5,38.2,28.5,1,0,0
2024_MD_9513_20241105_D120,2024_MD_9513_20241105,2024,MD,2024_MD,9513,2024-11-05,2024-07-08,120,81,35,35,9,26,True,2023-11-13,2024-06-20,-5.088888888888889,-6.0,110.66666666666667,106.0,1,0,0
2024_MD_9513_20241105_D090,2024_MD_9513_20241105,2024,MD,2024_MD,9513,2024-11-05,2024-08-07,90,81,35,35,9,26,True,2023-11-13,2024-06-20,-5.088888888888889,-6.0,140.66666666666666,136.0,1,0,0
2024_MD_9513_20241105_D060,2024_MD_9513_20241105,2024,MD,2024_MD,9513,2024-11-05,2024-09-06,60,81,35,35,11,24,True,2023-11-13,2024-08-30,-3.690909090909091,-4.0,141.8181818181818,149.0,1,0,0
2024_MD_9513_20241105_D030,2024_MD_9513_20241105,2024,MD,2024_MD,9513,2024-11-05,2024-10-06,30,81,35,35,18,17,True,2023-11-13,2024-09-28,1.6744444444444442,6.565000000000001,111.77777777777777,77.5,1,0,0
2024_MD_9513_20241105_D014,2024_MD_9513_20241105,2024,MD,2024_MD,9513,2024-11-05,2024-10-22,14,81,35,35,21,14,True,2023-11-13,2024-10-22,3.2542857142857144,8.0,109.9047619047619,53.0,1,0,0
2024_MD_9513_20241105_D007,2024_MD_9513_20241105,2024,MD,2024_MD,9513,2024-11-05,2024-10-29,7,81,35,35,22,13,True,2023-11-13,2024-10-27,4.174545454545455,8.5,111.68181818181819,55.5,1,0,0
2024_MD_9513_20241105_D000,2024_MD_9513_20241105,2024,MD,2024_MD,9513,2024-11-05,2024-11-05,0,81,35,35,26,9,True,2023-11-13,2024-11-03,5.201538461538462,8.799999999999997,101.15384615384616,51.0,1,0,0
2024_ME_9512_20241105_D120,2024_ME_9512_20241105,2024,ME,2024_ME,9512,2024-11-05,2024-07-08,120,19,5,5,1,4,True,2024-04-30,2024-04-30,-16.0,-16.0,69.0,69.0,0,0,0
2024_ME_9512_20241105_D090,2024_ME_9512_20241105,2024,ME,2024_ME,9512,2024-11-05,2024-08-07,90,19,5,5,1,4,True,2024-04-30,2024-04-30,-16.0,-16.0,99.0,99.0,0,0,0
2024_ME_9512_20241105_D060,2024_ME_9512_20241105,2024,ME,2024_ME,9512,2024-11-05,2024-09-06,60,19,5,5,2,3,True,2024-04-30,2024-08-19,-20.0,-20.0,73.5,73.5,0,0,0
2024_ME_9512_20241105_D030,2024_ME_9512_20241105,2024,ME,2024_ME,9512,2024-11-05,2024-10-06,30,19,5,5,3,2,True,2024-04-30,2024-09-15,-18.333333333333332,-16.0,76.0,48.0,0,0,0
2024_ME_9512_20241105_D014,2024_ME_9512_20241105,2024,ME,2024_ME,9512,2024-11-05,2024-10-22,14,19,5,5,3,2,True,2024-04-30,2024-09-15,-18.333333333333332,-16.0,92.0,64.0,0,0,0
2024_ME_9512_20241105_D007,2024_ME_9512_20241105,2024,ME,2024_ME,9512,2024-11-05,2024-10-29,7,19,5,5,3,2,True,2024-04-30,2024-09-15,-18.333333333333332,-16.0,99.0,71.0,0,0,0
2024_ME_9512_20241105_D000,2024_ME_9512_20241105,2024,ME,2024_ME,9512,2024-11-05,2024-11-05,0,19,5,5,4,1,True,2024-04-30,2024-11-02,-20.75,-20.0,80.25,64.5,0,0,0
2024_MI_9515_20241105_D120,2024_MI_9515_20241105,2024,MI,2024_MI,9515,2024-11-05,2024-07-08,120,339,136,136,19,117,True,2023-07-13,2024-07-08,3.110526315789474,3.0,116.42105263157895,70.0,0,0,0
2024_MI_9515_20241105_D090,2024_MI_9515_20241105,2024,MI,2024_MI,9515,2024-11-05,2024-08-07,90,339,136,136,26,110,True,2023-07-13,2024-08-02,3.919230769230769,4.0,111.42307692307692,68.0,0,0,0
2024_MI_9515_20241105_D060,2024_MI_9515_20241105,2024,MI,2024_MI,9515,2024-11-05,2024-09-06,60,339,136,136,42,94,True,2023-07-13,2024-09-06,4.480952380952381,4.050000000000001,92.47619047619048,50.5,0,0,0
2024_MI_9515_20241105_D030,2024_MI_9515_20241105,2024,MI,2024_MI,9515,2024-11-05,2024-10-06,30,339,136,136,63,73,True,2023-07-13,2024-10-04,4.627777777777778,4.799999999999997,86.41269841269842,45.0,1,0,0
2024_MI_9515_20241105_D014,2024_MI_9515_20241105,2024,MI,2024_MI,9515,2024-11-05,2024-10-22,14,339,136,136,79,57,True,2023-07-13,2024-10-21,4.524683544303797,4.699999999999996,83.40506329113924,47.0,1,0,0
2024_MI_9515_20241105_D007,2024_MI_9515_20241105,2024,MI,2024_MI,9515,2024-11-05,2024-10-29,7,339,136,136,95,41,True,2023-07-13,2024-10-29,4.21421052631579,4.0,75.46315789473684,41.0,2,0,0
2024_MI_9515_20241105_D000,2024_MI_9515_20241105,2024,MI,2024_MI,9515,2024-11-05,2024-11-05,0,339,136,136,117,19,True,2023-07-13,2024-11-04,4.06025641025641,4.0,67.64957264957265,39.0,2,0,0
2024_MN_9516_20241105_D120,2024_MN_9516_20241105,2024,MN,2024_MN,9516,2024-11-05,2024-07-08,120,54,21,21,2,19,True,2024-06-16,2024-06-18,12.650000000000002,12.650000000000002,21.0,21.0,0,0,0
2024_MN_9516_20241105_D090,2024_MN_9516_20241105,2024,MN,2024_MN,9516,2024-11-05,2024-08-07,90,54,21,21,3,18,True,2024-06-16,2024-07-25,15.766666666666667,14.0,38.333333333333336,50.0,0,0,0
2024_MN_9516_20241105_D060,2024_MN_9516_20241105,2024,MN,2024_MN,9516,2024-11-05,2024-09-06,60,54,21,21,5,16,True,2024-06-16,2024-08-29,13.660000000000002,14.0,44.4,43.0,0,0,0
2024_MN_9516_20241105_D030,2024_MN_9516_20241105,2024,MN,2024_MN,9516,2024-11-05,2024-10-06,30,54,21,21,10,11,True,2024-06-16,2024-10-02,11.23,11.0,46.6,33.0,0,0,0
2024_MN_9516_20241105_D014,2024_MN_9516_20241105,2024,MN,2024_MN,9516,2024-11-05,2024-10-22,14,54,21,21,12,9,True,2024-06-16,2024-10-22,10.916666666666666,11.0,52.833333333333336,43.5,0,0,0
2024_MN_9516_20241105_D007,2024_MN_9516_20241105,2024,MN,2024_MN,9516,2024-11-05,2024-10-29,7,54,21,21,12,9,True,2024-06-16,2024-10-22,10.916666666666666,11.0,59.833333333333336,50.5,0,0,0
2024_MN_9516_20241105_D000,2024_MN_9516_20241105,2024,MN,2024_MN,9516,2024-11-05,2024-11-05,0,54,21,21,16,5,True,2024-06-16,2024-11-04,11.8375,11.350000000000001,51.0,47.5,0,0,0
2024_MO_9518_20241105_D120,2024_MO_9518_20241105,2024,MO,2024_MO,9518,2024-11-05,2024-07-08,120,39,17,17,5,12,True,2023-10-04,2024-06-19,-10.599999999999998,-12.399999999999999,166.4,162.0,0,0,0
2024_MO_9518_20241105_D090,2024_MO_9518_20241105,2024,MO,2024_MO,9518,2024-11-05,2024-08-07,90,39,17,17,5,12,True,2023-10-04,2024-06-19,-10.599999999999998,-12.399999999999999,196.4,192.0,0,0,0
2024_MO_9518_20241105_D060,2024_MO_9518_20241105,2024,MO,2024_MO,9518,2024-11-05,2024-09-06,60,39,17,17,7,10,True,2023-10-04,2024-09-05,-11.285714285714286,-12.399999999999999,164.85714285714286,182.0,0,0,0
2024_MO_9518_20241105_D030,2024_MO_9518_20241105,2024,MO,2024_MO,9518,2024-11-05,2024-10-06,30,39,17,17,12,5,True,2023-10-04,2024-10-01,-9.291666666666666,-10.099999999999998,121.91666666666667,41.0,2,0,0
2024_MO_9518_20241105_D014,2024_MO_9518_20241105,2024,MO,2024_MO,9518,2024-11-05,2024-10-22,14,39,17,17,12,5,True,2023-10-04,2024-10-01,-9.291666666666666,-10.099999999999998,137.91666666666666,57.0,2,0,0
2024_MO_9518_20241105_D007,2024_MO_9518_20241105,2024,MO,2024_MO,9518,2024-11-05,2024-10-29,7,39,17,17,15,2,True,2023-10-04,2024-10-27,-9.146666666666667,-10.100000000000001,116.66666666666667,47.0,3,0,0
2024_MO_9518_20241105_D000,2024_MO_9518_20241105,2024,MO,2024_MO,9518,2024-11-05,2024-11-05,0,39,17,17,16,1,True,2023-10-04,2024-11-03,-9.2625,-10.55,116.0625,54.0,3,0,0
2024_MS_9517_20241105_D120,2024_MS_9517_20241105,2024,MS,2024_MS,9517,2024-11-05,2024-07-08,120,2,1,1,0,1,False,,,,,,,0,0,0
2024_MS_9517_20241105_D090,2024_MS_9517_20241105,2024,MS,2024_MS,9517,2024-11-05,2024-08-07,90,2,1,1,0,1,False,,,,,,,0,0,0
2024_MS_9517_20241105_D060,2024_MS_9517_20241105,2024,MS,2024_MS,9517,2024-11-05,2024-09-06,60,2,1,1,0,1,False,,,,,,,0,0,0
2024_MS_9517_20241105_D030,2024_MS_9517_20241105,2024,MS,2024_MS,9517,2024-11-05,2024-10-06,30,2,1,1,1,0,True,2024-10-03,2024-10-03,-13.0,-13.0,3.0,3.0,1,0,0
2024_MS_9517_20241105_D014,2024_MS_9517_20241105,2024,MS,2024_MS,9517,2024-11-05,2024-10-22,14,2,1,1,1,0,True,2024-10-03,2024-10-03,-13.0,-13.0,19.0,19.0,1,0,0
2024_MS_9517_20241105_D007,2024_MS_9517_20241105,2024,MS,2024_MS,9517,2024-11-05,2024-10-29,7,2,1,1,1,0,True,2024-10-03,2024-10-03,-13.0,-13.0,26.0,26.0,1,0,0
2024_MS_9517_20241105_D000,2024_MS_9517_20241105,2024,MS,2024_MS,9517,2024-11-05,2024-11-05,0,2,1,1,1,0,True,2024-10-03,2024-10-03,-13.0,-13.0,33.0,33.0,1,0,0
2024_MT_9519_20241105_D120,2024_MT_9519_20241105,2024,MT,2024_MT,9519,2024-11-05,2024-07-08,120,79,32,32,9,23,True,2023-08-17,2024-07-08,-0.1888888888888884,-1.0,116.66666666666667,101.0,0,0,0
2024_MT_9519_20241105_D090,2024_MT_9519_20241105,2024,MT,2024_MT,9519,2024-11-05,2024-08-07,90,79,32,32,10,22,True,2023-08-17,2024-08-06,-0.36999999999999955,-1.5,132.1,97.0,0,0,0
2024_MT_9519_20241105_D060,2024_MT_9519_20241105,2024,MT,2024_MT,9519,2024-11-05,2024-09-06,60,79,32,32,13,19,True,2023-08-17,2024-08-29,-0.83076923076923,-2.0,129.0,93.0,0,0,0
2024_MT_9519_20241105_D030,2024_MT_9519_20241105,2024,MT,2024_MT,9519,2024-11-05,2024-10-06,30,79,32,32,16,16,True,2023-08-17,2024-10-01,-1.9874999999999994,-3.0,131.5625,93.5,1,0,0
2024_MT_9519_20241105_D014,2024_MT_9519_20241105,2024,MT,2024_MT,9519,2024-11-05,2024-10-22,14,79,32,32,19,13,True,2023-08-17,2024-10-16,-2.4631578947368418,-3.0,126.05263157894737,77.0,1,0,0
2024_MT_9519_20241105_D007,2024_MT_9519_20241105,2024,MT,2024_MT,9519,2024-11-05,2024-10-29,7,79,32,32,20,12,True,2023-08-17,2024-10-25,-2.4649999999999994,-3.0,126.6,81.0,1,0,0
2024_MT_9519_20241105_D000,2024_MT_9519_20241105,2024,MT,2024_MT,9519,2024-11-05,2024-11-05,0,79,32,32,21,11,True,2023-08-17,2024-11-04,-2.852380952380952,-3.0,127.28571428571429,85.0,1,0,0
2024_ND_9525_20241105_D120,2024_ND_9525_20241105,2024,ND,2024_ND,9525,2024-11-05,2024-07-08,120,12,6,6,2,4,True,2023-10-04,2024-06-19,-31.5,-31.5,148.5,148.5,0,0,0
2024_ND_9525_20241105_D090,2024_ND_9525_20241105,2024,ND,2024_ND,9525,2024-11-05,2024-08-07,90,12,6,6,3,3,True,2023-10-04,2024-08-02,-25.333333333333332,-26.0,120.66666666666667,49.0,1,0,0
2024_ND_9525_20241105_D060,2024_ND_9525_20241105,2024,ND,2024_ND,9525,2024-11-05,2024-09-06,60,12,6,6,3,3,True,2023-10-04,2024-08-02,-25.333333333333332,-26.0,150.66666666666666,79.0,1,0,0
2024_ND_9525_20241105_D030,2024_ND_9525_20241105,2024,ND,2024_ND,9525,2024-11-05,2024-10-06,30,12,6,6,6,0,True,2023-10-04,2024-09-30,-22.666666666666668,-24.0,95.0,38.5,3,0,0
2024_ND_9525_20241105_D014,2024_ND_9525_20241105,2024,ND,2024_ND,9525,2024-11-05,2024-10-22,14,12,6,6,6,0,True,2023-10-04,2024-09-30,-22.666666666666668,-24.0,111.0,54.5,3,0,0
2024_ND_9525_20241105_D007,2024_ND_9525_20241105,2024,ND,2024_ND,9525,2024-11-05,2024-10-29,7,12,6,6,6,0,True,2023-10-04,2024-09-30,-22.666666666666668,-24.0,118.0,61.5,3,0,0
2024_ND_9525_20241105_D000,2024_ND_9525_20241105,2024,ND,2024_ND,9525,2024-11-05,2024-11-05,0,12,6,6,6,0,True,2023-10-04,2024-09-30,-22.666666666666668,-24.0,125.0,68.5,3,0,0
2024_NE_9520_20241105_D120,2024_NE_9520_20241105,2024,NE,2024_NE_REGULAR,9520,2024-11-05,2024-07-08,120,43,21,21,0,21,False,,,,,,,0,0,0
2024_NE_9520_20241105_D090,2024_NE_9520_20241105,2024,NE,2024_NE_REGULAR,9520,2024-11-05,2024-08-07,90,43,21,21,0,21,False,,,,,,,0,0,0
2024_NE_9520_20241105_D060,2024_NE_9520_20241105,2024,NE,2024_NE_REGULAR,9520,2024-11-05,2024-09-06,60,43,21,21,0,21,False,,,,,,,0,0,0
2024_NE_9520_20241105_D030,2024_NE_9520_20241105,2024,NE,2024_NE_REGULAR,9520,2024-11-05,2024-10-06,30,43,21,21,0,21,False,,,,,,,0,0,0
2024_NE_9520_20241105_D014,2024_NE_9520_20241105,2024,NE,2024_NE_REGULAR,9520,2024-11-05,2024-10-22,14,43,21,21,0,21,False,,,,,,,0,0,0
2024_NE_9520_20241105_D007,2024_NE_9520_20241105,2024,NE,2024_NE_REGULAR,9520,2024-11-05,2024-10-29,7,43,21,21,0,21,False,,,,,,,0,0,0
2024_NE_9520_20241105_D000,2024_NE_9520_20241105,2024,NE,2024_NE_REGULAR,9520,2024-11-05,2024-11-05,0,43,21,21,0,21,False,,,,,,,0,0,0
2024_NE_9553_20241105_D120,2024_NE_9553_20241105,2024,NE,2024_NE_SPECIAL,9553,2024-11-05,2024-07-08,120,10,5,5,0,5,False,,,,,,,0,0,0
2024_NE_9553_20241105_D090,2024_NE_9553_20241105,2024,NE,2024_NE_SPECIAL,9553,2024-11-05,2024-08-07,90,10,5,5,0,5,False,,,,,,,0,0,0
2024_NE_9553_20241105_D060,2024_NE_9553_20241105,2024,NE,2024_NE_SPECIAL,9553,2024-11-05,2024-09-06,60,10,5,5,1,4,True,2024-08-27,2024-08-27,-17.0,-17.0,10.0,10.0,0,0,0
2024_NE_9553_20241105_D030,2024_NE_9553_20241105,2024,NE,2024_NE_SPECIAL,9553,2024-11-05,2024-10-06,30,10,5,5,2,3,True,2024-08-27,2024-09-23,-17.5,-17.5,26.5,26.5,1,0,0
2024_NE_9553_20241105_D014,2024_NE_9553_20241105,2024,NE,2024_NE_SPECIAL,9553,2024-11-05,2024-10-22,14,10,5,5,3,2,True,2024-08-27,2024-10-12,-17.0,-17.0,31.666666666666668,29.0,2,0,0
2024_NE_9553_20241105_D007,2024_NE_9553_20241105,2024,NE,2024_NE_SPECIAL,9553,2024-11-05,2024-10-29,7,10,5,5,5,0,True,2024-08-27,2024-10-26,-17.6,-18.0,24.4,17.0,2,0,0
2024_NE_9553_20241105_D000,2024_NE_9553_20241105,2024,NE,2024_NE_SPECIAL,9553,2024-11-05,2024-11-05,0,10,5,5,5,0,True,2024-08-27,2024-10-26,-17.6,-18.0,31.4,24.0,2,0,0
2024_NJ_9522_20241105_D120,2024_NJ_9522_20241105,2024,NJ,2024_NJ,9522,2024-11-05,2024-07-08,120,35,16,16,3,13,True,2024-04-08,2024-07-08,10.333333333333334,9.0,34.0,11.0,0,0,0
2024_NJ_9522_20241105_D090,2024_NJ_9522_20241105,2024,NJ,2024_NJ,9522,2024-11-05,2024-08-07,90,35,16,16,3,13,True,2024-04-08,2024-07-08,10.333333333333334,9.0,64.0,41.0,0,0,0
2024_NJ_9522_20241105_D060,2024_NJ_9522_20241105,2024,NJ,2024_NJ,9522,2024-11-05,2024-09-06,60,35,16,16,4,12,True,2024-04-08,2024-08-15,9.0,8.0,76.0,65.5,1,0,0
2024_NJ_9522_20241105_D030,2024_NJ_9522_20241105,2024,NJ,2024_NJ,9522,2024-11-05,2024-10-06,30,35,16,16,4,12,True,2024-04-08,2024-08-15,9.0,8.0,106.0,95.5,1,0,0
2024_NJ_9522_20241105_D014,2024_NJ_9522_20241105,2024,NJ,2024_NJ,9522,2024-11-05,2024-10-22,14,35,16,16,6,10,True,2024-04-08,2024-10-22,15.166666666666666,12.0,81.33333333333333,87.0,1,0,0
2024_NJ_9522_20241105_D007,2024_NJ_9522_20241105,2024,NJ,2024_NJ,9522,2024-11-05,2024-10-29,7,35,16,16,9,7,True,2024-04-08,2024-10-27,15.755555555555556,16.4,60.22222222222222,7.0,1,0,0
2024_NJ_9522_20241105_D000,2024_NJ_9522_20241105,2024,NJ,2024_NJ,9522,2024-11-05,2024-11-05,0,35,16,16,10,6,True,2024-04-08,2024-11-03,15.98,16.4,60.7,14.0,1,0,0
2024_NM_9523_20241105_D120,2024_NM_9523_20241105,2024,NM,2024_NM,9523,2024-11-05,2024-07-08,120,24,12,12,3,9,True,2024-05-19,2024-06-24,4.666666666666667,4.0,29.333333333333332,24.0,2,0,0
2024_NM_9523_20241105_D090,2024_NM_9523_20241105,2024,NM,2024_NM,9523,2024-11-05,2024-08-07,90,24,12,12,4,8,True,2024-05-19,2024-08-03,5.0,5.0,45.5,49.0,2,0,0
2024_NM_9523_20241105_D060,2024_NM_9523_20241105,2024,NM,2024_NM,9523,2024-11-05,2024-09-06,60,24,12,12,7,5,True,2024-05-19,2024-08-28,6.842857142857143,6.0,49.714285714285715,34.0,2,0,0
2024_NM_9523_20241105_D030,2024_NM_9523_20241105,2024,NM,2024_NM,9523,2024-11-05,2024-10-06,30,24,12,12,10,2,True,2024-05-19,2024-09-18,8.290000000000001,8.5,62.6,48.5,2,0,0
2024_NM_9523_20241105_D014,2024_NM_9523_20241105,2024,NM,2024_NM,9523,2024-11-05,2024-10-22,14,24,12,12,11,1,True,2024-05-19,2024-10-18,8.536363636363637,10.0,71.81818181818181,61.0,2,0,0
2024_NM_9523_20241105_D007,2024_NM_9523_20241105,2024,NM,2024_NM,9523,2024-11-05,2024-10-29,7,24,12,12,11,1,True,2024-05-19,2024-10-18,8.536363636363637,10.0,78.81818181818181,68.0,2,0,0
2024_NM_9523_20241105_D000,2024_NM_9523_20241105,2024,NM,2024_NM,9523,2024-11-05,2024-11-05,0,24,12,12,12,0,True,2024-05-19,2024-11-03,7.966666666666668,8.5,78.83333333333333,72.0,2,0,0
2024_NV_9521_20241105_D120,2024_NV_9521_20241105,2024,NV,2024_NV,9521,2024-11-05,2024-07-08,120,182,76,76,15,61,True,2023-10-26,2024-07-01,5.9866666666666655,5.0,82.26666666666667,60.0,1,0,0
2024_NV_9521_20241105_D090,2024_NV_9521_20241105,2024,NV,2024_NV,9521,2024-11-05,2024-08-07,90,182,76,76,19,57,True,2023-10-26,2024-08-03,6.305263157894737,5.0,90.89473684210526,78.0,1,0,0
2024_NV_9521_20241105_D060,2024_NV_9521_20241105,2024,NV,2024_NV,9521,2024-11-05,2024-09-06,60,182,76,76,28,48,True,2023-10-26,2024-08-31,7.285714285714286,6.950000000000003,86.75,67.0,1,0,0
2024_NV_9521_20241105_D030,2024_NV_9521_20241105,2024,NV,2024_NV,9521,2024-11-05,2024-10-06,30,182,76,76,43,33,True,2023-10-26,2024-10-03,8.08046511627907,7.900000000000006,81.5813953488372,52.0,1,0,0
2024_NV_9521_20241105_D014,2024_NV_9521_20241105,2024,NV,2024_NV,9521,2024-11-05,2024-10-22,14,182,76,76,52,24,True,2023-10-26,2024-10-22,7.710769230769231,7.449999999999996,81.76923076923077,54.5,1,0,0
2024_NV_9521_20241105_D007,2024_NV_9521_20241105,2024,NV,2024_NV,9521,2024-11-05,2024-10-29,7,182,76,76,55,21,True,2023-10-26,2024-10-29,7.573818181818183,7.099999999999994,84.0,59.0,1,0,0
2024_NV_9521_20241105_D000,2024_NV_9521_20241105,2024,NV,2024_NV,9521,2024-11-05,2024-11-05,0,182,76,76,67,9,True,2023-10-26,2024-11-04,7.160597014925374,7.0,75.41791044776119,48.0,1,0,0
2024_NY_9524_20241105_D120,2024_NY_9524_20241105,2024,NY,2024_NY,9524,2024-11-05,2024-07-08,120,22,10,10,0,10,False,,,,,,,0,0,0
2024_NY_9524_20241105_D090,2024_NY_9524_20241105,2024,NY,2024_NY,9524,2024-11-05,2024-08-07,90,22,10,10,2,8,True,2024-08-01,2024-08-05,24.700000000000003,24.700000000000003,4.0,4.0,0,0,0
2024_NY_9524_20241105_D060,2024_NY_9524_20241105,2024,NY,2024_NY,9524,2024-11-05,2024-09-06,60,22,10,10,2,8,True,2024-08-01,2024-08-05,24.700000000000003,24.700000000000003,34.0,34.0,0,0,0
2024_NY_9524_20241105_D030,2024_NY_9524_20241105,2024,NY,2024_NY,9524,2024-11-05,2024-10-06,30,22,10,10,5,5,True,2024-08-01,2024-09-25,21.700000000000003,23.0,34.0,20.0,0,0,0
2024_NY_9524_20241105_D014,2024_NY_9524_20241105,2024,NY,2024_NY,9524,2024-11-05,2024-10-22,14,22,10,10,7,3,True,2024-08-01,2024-10-17,22.785714285714285,23.0,37.142857142857146,27.0,0,0,0
2024_NY_9524_20241105_D007,2024_NY_9524_20241105,2024,NY,2024_NY,9524,2024-11-05,2024-10-29,7,22,10,10,9,1,True,2024-08-01,2024-10-28,22.011111111111113,23.0,34.666666666666664,34.0,0,0,0
2024_NY_9524_20241105_D000,2024_NY_9524_20241105,2024,NY,2024_NY,9524,2024-11-05,2024-11-05,0,22,10,10,10,0,True,2024-08-01,2024-11-03,22.61,23.0,37.7,30.0,0,0,0
2024_OH_9526_20241105_D120,2024_OH_9526_20241105,2024,OH,2024_OH,9526,2024-11-05,2024-07-08,120,138,68,68,15,53,True,2023-06-24,2024-07-01,7.473333333333333,6.0,189.13333333333333,165.0,0,0,0
2024_OH_9526_20241105_D090,2024_OH_9526_20241105,2024,OH,2024_OH,9526,2024-11-05,2024-08-07,90,138,68,68,16,52,True,2023-06-24,2024-07-28,7.256249999999999,5.5,206.0625,172.5,0,0,0
2024_OH_9526_20241105_D060,2024_OH_9526_20241105,2024,OH,2024_OH,9526,2024-11-05,2024-09-06,60,138,68,68,19,49,True,2023-06-24,2024-09-05,6.710526315789473,5.0,200.42105263157896,179.0,0,0,0
2024_OH_9526_20241105_D030,2024_OH_9526_20241105,2024,OH,2024_OH,9526,2024-11-05,2024-10-06,30,138,68,68,26,42,True,2023-06-24,2024-09-27,5.4484615384615385,4.350000000000001,172.42307692307693,126.0,0,0,0
2024_OH_9526_20241105_D014,2024_OH_9526_20241105,2024,OH,2024_OH,9526,2024-11-05,2024-10-22,14,138,68,68,34,34,True,2023-06-24,2024-10-22,4.17235294117647,3.740000000000002,146.14705882352942,61.0,0,0,0
2024_OH_9526_20241105_D007,2024_OH_9526_20241105,2024,OH,2024_OH,9526,2024-11-05,2024-10-29,7,138,68,68,38,30,True,2023-06-24,2024-10-28,3.5963157894736835,3.1999999999999993,137.3421052631579,52.5,0,0,0
2024_OH_9526_20241105_D000,2024_OH_9526_20241105,2024,OH,2024_OH,9526,2024-11-05,2024-11-05,0,138,68,68,43,25,True,2023-06-24,2024-11-04,3.0199999999999996,2.1999999999999957,127.90697674418605,46.0,0,0,0
2024_PA_9527_20241105_D120,2024_PA_9527_20241105,2024,PA,2024_PA,9527,2024-11-05,2024-07-08,120,374,158,158,34,124,True,2023-03-01,2024-07-08,6.811764705882353,6.600000000000001,138.64705882352942,101.5,1,0,0
2024_PA_9527_20241105_D090,2024_PA_9527_20241105,2024,PA,2024_PA,9527,2024-11-05,2024-08-07,90,374,158,158,48,110,True,2023-03-01,2024-08-03,7.239583333333333,7.0,124.1875,88.0,1,0,0
2024_PA_9527_20241105_D060,2024_PA_9527_20241105,2024,PA,2024_PA,9527,2024-11-05,2024-09-06,60,374,158,158,65,93,True,2023-03-01,2024-09-06,7.236923076923077,7.0,118.21538461538462,67.0,1,0,0
2024_PA_9527_20241105_D030,2024_PA_9527_20241105,2024,PA,2024_PA,9527,2024-11-05,2024-10-06,30,374,158,158,95,63,True,2023-03-01,2024-09-29,6.644105263157894,7.0,106.32631578947368,64.0,1,0,0
2024_PA_9527_20241105_D014,2024_PA_9527_20241105,2024,PA,2024_PA,9527,2024-11-05,2024-10-22,14,374,158,158,114,44,True,2023-03-01,2024-10-22,6.271842105263158,6.100000000000001,103.29824561403508,61.0,1,0,0
2024_PA_9527_20241105_D007,2024_PA_9527_20241105,2024,PA,2024_PA,9527,2024-11-05,2024-10-29,7,374,158,158,122,36,True,2023-03-01,2024-10-29,6.041721311475411,6.0,103.1311475409836,61.5,1,0,0
2024_PA_9527_20241105_D000,2024_PA_9527_20241105,2024,PA,2024_PA,9527,2024-11-05,2024-11-05,0,374,158,158,144,14,True,2023-03-01,2024-11-04,5.5527083333333325,5.0,93.91666666666667,50.0,1,0,0
2024_RI_9528_20241105_D120,2024_RI_9528_20241105,2024,RI,2024_RI,9528,2024-11-05,2024-07-08,120,10,5,5,0,5,False,,,,,,,0,0,0
2024_RI_9528_20241105_D090,2024_RI_9528_20241105,2024,RI,2024_RI,9528,2024-11-05,2024-08-07,90,10,5,5,0,5,False,,,,,,,0,0,0
2024_RI_9528_20241105_D060,2024_RI_9528_20241105,2024,RI,2024_RI,9528,2024-11-05,2024-09-06,60,10,5,5,0,5,False,,,,,,,0,0,0
2024_RI_9528_20241105_D030,2024_RI_9528_20241105,2024,RI,2024_RI,9528,2024-11-05,2024-10-06,30,10,5,5,4,1,True,2024-09-08,2024-09-20,19.25,17.0,20.5,19.0,0,0,0
2024_RI_9528_20241105_D014,2024_RI_9528_20241105,2024,RI,2024_RI,9528,2024-11-05,2024-10-22,14,10,5,5,4,1,True,2024-09-08,2024-09-20,19.25,17.0,36.5,35.0,0,0,0
2024_RI_9528_20241105_D007,2024_RI_9528_20241105,2024,RI,2024_RI,9528,2024-11-05,2024-10-29,7,10,5,5,4,1,True,2024-09-08,2024-09-20,19.25,17.0,43.5,42.0,0,0,0
2024_RI_9528_20241105_D000,2024_RI_9528_20241105,2024,RI,2024_RI,9528,2024-11-05,2024-11-05,0,10,5,5,5,0,True,2024-09-08,2024-11-02,18.2,16.0,41.0,48.0,0,0,0
2024_TN_9529_20241105_D120,2024_TN_9529_20241105,2024,TN,2024_TN,9529,2024-11-05,2024-07-08,120,46,20,20,9,11,True,2023-10-04,2024-07-01,-17.51111111111111,-17.0,144.11111111111111,97.0,0,0,0
2024_TN_9529_20241105_D090,2024_TN_9529_20241105,2024,TN,2024_TN,9529,2024-11-05,2024-08-07,90,46,20,20,9,11,True,2023-10-04,2024-07-01,-17.51111111111111,-17.0,174.11111111111111,127.0,0,0,0
2024_TN_9529_20241105_D060,2024_TN_9529_20241105,2024,TN,2024_TN,9529,2024-11-05,2024-09-06,60,46,20,20,10,10,True,2023-10-04,2024-09-02,-17.72,-17.0,184.1,157.0,0,0,0
2024_TN_9529_20241105_D030,2024_TN_9529_20241105,2024,TN,2024_TN,9529,2024-11-05,2024-10-06,30,46,20,20,10,10,True,2023-10-04,2024-09-02,-17.72,-17.0,214.1,187.0,0,0,0
2024_TN_9529_20241105_D014,2024_TN_9529_20241105,2024,TN,2024_TN,9529,2024-11-05,2024-10-22,14,46,20,20,13,7,True,2023-10-04,2024-10-18,-18.907692307692308,-19.599999999999994,179.46153846153845,166.0,0,0,0
2024_TN_9529_20241105_D007,2024_TN_9529_20241105,2024,TN,2024_TN,9529,2024-11-05,2024-10-29,7,46,20,20,14,6,True,2023-10-04,2024-10-28,-19.099999999999998,-19.799999999999997,173.21428571428572,146.5,0,0,0
2024_TN_9529_20241105_D000,2024_TN_9529_20241105,2024,TN,2024_TN,9529,2024-11-05,2024-11-05,0,46,20,20,14,6,True,2023-10-04,2024-10-28,-19.099999999999998,-19.799999999999997,180.21428571428572,153.5,0,0,0
2024_TX_9530_20241105_D120,2024_TX_9530_20241105,2024,TX,2024_TX,9530,2024-11-05,2024-07-08,120,142,61,61,18,43,True,2023-05-17,2024-07-01,-6.711111111111111,-5.5,125.44444444444444,99.0,0,0,0
2024_TX_9530_20241105_D090,2024_TX_9530_20241105,2024,TX,2024_TX,9530,2024-11-05,2024-08-07,90,142,61,61,19,42,True,2023-05-17,2024-07-18,-6.768421052631578,-6.0,148.31578947368422,119.0,0,0,0
2024_TX_9530_20241105_D060,2024_TX_9530_20241105,2024,TX,2024_TX,9530,2024-11-05,2024-09-06,60,142,61,61,26,35,True,2023-05-17,2024-09-05,-6.261538461538462,-5.0,133.15384615384616,83.5,0,0,0
2024_TX_9530_20241105_D030,2024_TX_9530_20241105,2024,TX,2024_TX,9530,2024-11-05,2024-10-06,30,142,61,61,39,22,True,2023-05-17,2024-10-06,-5.19102564102564,-4.0,112.41025641025641,51.0,0,0,0
2024_TX_9530_20241105_D014,2024_TX_9530_20241105,2024,TX,2024_TX,9530,2024-11-05,2024-10-22,14,142,61,61,48,13,True,2023-05-17,2024-10-21,-4.907291666666667,-4.0,105.875,53.0,0,0,0
2024_TX_9530_20241105_D007,2024_TX_9530_20241105,2024,TX,2024_TX,9530,2024-11-05,2024-10-29,7,142,61,61,53,8,True,2023-05-17,2024-10-28,-4.74245283018868,-4.0,102.50943396226415,51.0,1,0,0
2024_TX_9530_20241105_D000,2024_TX_9530_20241105,2024,TX,2024_TX,9530,2024-11-05,2024-11-05,0,142,61,61,55,6,True,2023-05-17,2024-11-04,-4.751818181818182,-4.0,105.63636363636364,57.0,1,0,0
2024_UT_9531_20241105_D120,2024_UT_9531_20241105,2024,UT,2024_UT,9531,2024-11-05,2024-07-08,120,19,7,7,0,7,False,,,,,,,0,0,0
2024_UT_9531_20241105_D090,2024_UT_9531_20241105,2024,UT,2024_UT,9531,2024-11-05,2024-08-07,90,19,7,7,0,7,False,,,,,,,0,0,0
2024_UT_9531_20241105_D060,2024_UT_9531_20241105,2024,UT,2024_UT,9531,2024-11-05,2024-09-06,60,19,7,7,2,5,True,2024-08-09,2024-08-09,-38.0,-38.0,28.0,28.0,0,0,0
2024_UT_9531_20241105_D030,2024_UT_9531_20241105,2024,UT,2024_UT,9531,2024-11-05,2024-10-06,30,19,7,7,3,4,True,2024-08-09,2024-09-19,-31.566666666666666,-34.0,44.333333333333336,58.0,0,0,0
2024_UT_9531_20241105_D014,2024_UT_9531_20241105,2024,UT,2024_UT,9531,2024-11-05,2024-10-22,14,19,7,7,6,1,True,2024-08-09,2024-10-19,-32.449999999999996,-32.0,35.666666666666664,24.0,0,0,0
2024_UT_9531_20241105_D007,2024_UT_9531_20241105,2024,UT,2024_UT,9531,2024-11-05,2024-10-29,7,19,7,7,7,0,True,2024-08-09,2024-10-28,-31.814285714285713,-30.0,36.714285714285715,22.0,0,0,0
2024_UT_9531_20241105_D000,2024_UT_9531_20241105,2024,UT,2024_UT,9531,2024-11-05,2024-11-05,0,19,7,7,7,0,True,2024-08-09,2024-10-28,-31.814285714285713,-30.0,43.714285714285715,29.0,0,0,0
2024_VA_9504_20241105_D120,2024_VA_9504_20241105,2024,VA,2024_VA,9504,2024-11-05,2024-07-08,120,58,29,29,3,26,True,2024-04-28,2024-07-03,11.133333333333333,11.0,27.0,5.0,0,0,0
2024_VA_9504_20241105_D090,2024_VA_9504_20241105,2024,VA,2024_VA,9504,2024-11-05,2024-08-07,90,58,29,29,10,19,True,2024-04-28,2024-07-15,12.35,11.5,34.2,25.5,0,0,0
2024_VA_9504_20241105_D060,2024_VA_9504_20241105,2024,VA,2024_VA,9504,2024-11-05,2024-09-06,60,58,29,29,12,17,True,2024-04-28,2024-09-01,12.091666666666667,11.0,55.666666666666664,55.0,0,0,0
2024_VA_9504_20241105_D030,2024_VA_9504_20241105,2024,VA,2024_VA,9504,2024-11-05,2024-10-06,30,58,29,29,18,11,True,2024-04-28,2024-10-04,11.777777777777779,11.0,64.0,83.0,0,0,0
2024_VA_9504_20241105_D014,2024_VA_9504_20241105,2024,VA,2024_VA,9504,2024-11-05,2024-10-22,14,58,29,29,19,10,True,2024-04-28,2024-10-14,11.778947368421052,11.0,76.21052631578948,99.0,0,0,0
2024_VA_9504_20241105_D007,2024_VA_9504_20241105,2024,VA,2024_VA,9504,2024-11-05,2024-10-29,7,58,29,29,24,5,True,2024-04-28,2024-10-29,11.7125,11.0,66.41666666666667,54.5,0,0,0
2024_VA_9504_20241105_D000,2024_VA_9504_20241105,2024,VA,2024_VA,9504,2024-11-05,2024-11-05,0,58,29,29,27,2,True,2024-04-28,2024-11-04,11.22962962962963,11.0,65.5925925925926,58.0,0,0,0
2024_VT_9532_20241105_D120,2024_VT_9532_20241105,2024,VT,2024_VT,9532,2024-11-05,2024-07-08,120,10,2,2,0,2,False,,,,,,,0,0,0
2024_VT_9532_20241105_D090,2024_VT_9532_20241105,2024,VT,2024_VT,9532,2024-11-05,2024-08-07,90,10,2,2,0,2,False,,,,,,,0,0,0
2024_VT_9532_20241105_D060,2024_VT_9532_20241105,2024,VT,2024_VT,9532,2024-11-05,2024-09-06,60,10,2,2,0,2,False,,,,,,,0,0,0
2024_VT_9532_20241105_D030,2024_VT_9532_20241105,2024,VT,2024_VT,9532,2024-11-05,2024-10-06,30,10,2,2,0,2,False,,,,,,,0,0,0
2024_VT_9532_20241105_D014,2024_VT_9532_20241105,2024,VT,2024_VT,9532,2024-11-05,2024-10-22,14,10,2,2,0,2,False,,,,,,,0,0,0
2024_VT_9532_20241105_D007,2024_VT_9532_20241105,2024,VT,2024_VT,9532,2024-11-05,2024-10-29,7,10,2,2,0,2,False,,,,,,,0,0,0
2024_VT_9532_20241105_D000,2024_VT_9532_20241105,2024,VT,2024_VT,9532,2024-11-05,2024-11-05,0,10,2,2,0,2,False,,,,,,,0,0,0
2024_WA_9533_20241105_D120,2024_WA_9533_20241105,2024,WA,2024_WA,9533,2024-11-05,2024-07-08,120,20,10,10,4,6,True,2023-11-03,2024-05-16,12.5,11.0,161.5,172.5,0,0,0
2024_WA_9533_20241105_D090,2024_WA_9533_20241105,2024,WA,2024_WA,9533,2024-11-05,2024-08-07,90,20,10,10,4,6,True,2023-11-03,2024-05-16,12.5,11.0,191.5,202.5,0,0,0
2024_WA_9533_20241105_D060,2024_WA_9533_20241105,2024,WA,2024_WA,9533,2024-11-05,2024-09-06,60,20,10,10,5,5,True,2023-11-03,2024-09-06,14.4,13.0,177.2,169.0,0,0,0
2024_WA_9533_20241105_D030,2024_WA_9533_20241105,2024,WA,2024_WA,9533,2024-11-05,2024-10-06,30,20,10,10,5,5,True,2023-11-03,2024-09-06,14.4,13.0,207.2,199.0,0,0,0
2024_WA_9533_20241105_D014,2024_WA_9533_20241105,2024,WA,2024_WA,9533,2024-11-05,2024-10-22,14,20,10,10,7,3,True,2023-11-03,2024-10-17,15.714285714285714,15.0,161.28571428571428,159.0,0,0,0
2024_WA_9533_20241105_D007,2024_WA_9533_20241105,2024,WA,2024_WA,9533,2024-11-05,2024-10-29,7,20,10,10,7,3,True,2023-11-03,2024-10-17,15.714285714285714,15.0,168.28571428571428,166.0,0,0,0
2024_WA_9533_20241105_D000,2024_WA_9533_20241105,2024,WA,2024_WA,9533,2024-11-05,2024-11-05,0,20,10,10,8,2,True,2023-11-03,2024-11-03,16.25,17.5,153.625,116.5,0,0,0
2024_WI_9534_20241105_D120,2024_WI_9534_20241105,2024,WI,2024_WI,9534,2024-11-05,2024-07-08,120,260,114,114,19,95,True,2024-02-24,2024-07-02,5.936842105263158,5.0,53.10526315789474,56.0,0,0,0
2024_WI_9534_20241105_D090,2024_WI_9534_20241105,2024,WI,2024_WI,9534,2024-11-05,2024-08-07,90,260,114,114,28,86,True,2024-02-24,2024-08-02,6.282142857142857,6.0,60.42857142857143,49.0,0,0,0
2024_WI_9534_20241105_D060,2024_WI_9534_20241105,2024,WI,2024_WI,9534,2024-11-05,2024-09-06,60,260,114,114,44,70,True,2024-02-24,2024-09-06,6.184090909090909,6.0,61.90909090909091,44.5,0,0,0
2024_WI_9534_20241105_D030,2024_WI_9534_20241105,2024,WI,2024_WI,9534,2024-11-05,2024-10-06,30,260,114,114,68,46,True,2024-02-24,2024-10-02,5.882352941176471,6.0,64.57352941176471,46.0,0,0,0
2024_WI_9534_20241105_D014,2024_WI_9534_20241105,2024,WI,2024_WI,9534,2024-11-05,2024-10-22,14,260,114,114,82,32,True,2024-02-24,2024-10-22,5.262195121951219,5.0,67.96341463414635,47.0,0,0,0
2024_WI_9534_20241105_D007,2024_WI_9534_20241105,2024,WI,2024_WI,9534,2024-11-05,2024-10-29,7,260,114,114,91,23,True,2024-02-24,2024-10-29,4.897802197802197,5.0,67.86813186813187,50.0,0,0,0
2024_WI_9534_20241105_D000,2024_WI_9534_20241105,2024,WI,2024_WI,9534,2024-11-05,2024-11-05,0,260,114,114,113,1,True,2024-02-24,2024-11-04,4.420353982300885,5.0,61.06194690265487,43.0,0,0,0
2024_WV_9479_20241105_D120,2024_WV_9479_20241105,2024,WV,2024_WV,9479,2024-11-05,2024-07-08,120,40,20,20,1,19,True,2024-06-04,2024-06-04,-33.0,-33.0,34.0,34.0,0,0,0
2024_WV_9479_20241105_D090,2024_WV_9479_20241105,2024,WV,2024_WV,9479,2024-11-05,2024-08-07,90,40,20,20,1,19,True,2024-06-04,2024-06-04,-33.0,-33.0,64.0,64.0,0,0,0
2024_WV_9479_20241105_D060,2024_WV_9479_20241105,2024,WV,2024_WV,9479,2024-11-05,2024-09-06,60,40,20,20,2,18,True,2024-06-04,2024-08-27,-33.5,-33.5,52.0,52.0,0,0,0
2024_WV_9479_20241105_D030,2024_WV_9479_20241105,2024,WV,2024_WV,9479,2024-11-05,2024-10-06,30,40,20,20,2,18,True,2024-06-04,2024-08-27,-33.5,-33.5,82.0,82.0,0,0,0
2024_WV_9479_20241105_D014,2024_WV_9479_20241105,2024,WV,2024_WV,9479,2024-11-05,2024-10-22,14,40,20,20,2,18,True,2024-06-04,2024-08-27,-33.5,-33.5,98.0,98.0,0,0,0
2024_WV_9479_20241105_D007,2024_WV_9479_20241105,2024,WV,2024_WV,9479,2024-11-05,2024-10-29,7,40,20,20,2,18,True,2024-06-04,2024-08-27,-33.5,-33.5,105.0,105.0,0,0,0
2024_WV_9479_20241105_D000,2024_WV_9479_20241105,2024,WV,2024_WV,9479,2024-11-05,2024-11-05,0,40,20,20,2,18,True,2024-06-04,2024-08-27,-33.5,-33.5,112.0,112.0,0,0,0
2024_WY_9535_20241105_D120,2024_WY_9535_20241105,2024,WY,2024_WY,9535,2024-11-05,2024-07-08,120,2,1,1,0,1,False,,,,,,,0,0,0
2024_WY_9535_20241105_D090,2024_WY_9535_20241105,2024,WY,2024_WY,9535,2024-11-05,2024-08-07,90,2,1,1,0,1,False,,,,,,,0,0,0
2024_WY_9535_20241105_D060,2024_WY_9535_20241105,2024,WY,2024_WY,9535,2024-11-05,2024-09-06,60,2,1,1,0,1,False,,,,,,,0,0,0
2024_WY_9535_20241105_D030,2024_WY_9535_20241105,2024,WY,2024_WY,9535,2024-11-05,2024-10-06,30,2,1,1,0,1,False,,,,,,,0,0,0
2024_WY_9535_20241105_D014,2024_WY_9535_20241105,2024,WY,2024_WY,9535,2024-11-05,2024-10-22,14,2,1,1,0,1,False,,,,,,,0,0,0
2024_WY_9535_20241105_D007,2024_WY_9535_20241105,2024,WY,2024_WY,9535,2024-11-05,2024-10-29,7,2,1,1,1,0,True,2024-10-28,2024-10-28,-47.5,-47.5,1.0,1.0,0,0,0
2024_WY_9535_20241105_D000,2024_WY_9535_20241105,2024,WY,2024_WY,9535,2024-11-05,2024-11-05,0,2,1,1,1,0,True,2024-10-28,2024-10-28,-47.5,-47.5,8.0,8.0,0,0,0
