{
  "n_sims": 12000,
  "days_out": 159,
  "expected_dem_seats": 50.43575,
  "median_dem_seats": 50.0,
  "dem_control_probability": 0.48525,
  "dem_control_threshold": 51,
  "dem_baseline_seats": 34,
  "total_error_sd": 5.566666666666666,
  "national_error_sd": 4.703750985472481,
  "race_error_sd": 2.9769958757855957,
  "implied_correlation": 0.714,
  "national_environment_margin": 10.233333333333333,
  "polling_weight": 0.39666666666666667,
  "fundamentals_weight": 0.6033333333333333
}