{
  "n_sims": 12000,
  "days_out": 129,
  "expected_dem_seats": 49.29083333333333,
  "median_dem_seats": 49.0,
  "dem_control_probability": 0.31883333333333336,
  "dem_control_threshold": 51,
  "dem_baseline_seats": 34,
  "total_error_sd": 5.233333333333333,
  "national_error_sd": 4.483595531366415,
  "race_error_sd": 2.6991014965889835,
  "implied_correlation": 0.734,
  "national_environment_margin": 6.584999999999999,
  "polling_weight": 0.4633333333333333,
  "fundamentals_weight": 0.5366666666666666
}