{
  "n_sims": 12000,
  "days_out": 140,
  "expected_dem_seats": 49.346583333333335,
  "median_dem_seats": 49.0,
  "dem_control_probability": 0.33166666666666667,
  "dem_control_threshold": 51,
  "dem_baseline_seats": 34,
  "total_error_sd": 5.355555555555555,
  "national_error_sd": 4.565329713278823,
  "race_error_sd": 2.7999535563461535,
  "implied_correlation": 0.7266666666666667,
  "national_environment_margin": 6.921666666666666,
  "polling_weight": 0.4388888888888889,
  "fundamentals_weight": 0.5611111111111111
}