{
  "n_sims": 12000,
  "days_out": 126,
  "expected_dem_seats": 49.304,
  "median_dem_seats": 49.0,
  "dem_control_probability": 0.31933333333333336,
  "dem_control_threshold": 51,
  "dem_baseline_seats": 34,
  "total_error_sd": 5.2,
  "national_error_sd": 4.461103002621661,
  "race_error_sd": 2.6718083763623475,
  "implied_correlation": 0.736,
  "national_environment_margin": 6.669999999999999,
  "polling_weight": 0.47000000000000003,
  "fundamentals_weight": 0.53
}