{
  "n_sims": 12000,
  "days_out": 131,
  "expected_dem_seats": 49.292,
  "median_dem_seats": 49.0,
  "dem_control_probability": 0.3175,
  "dem_control_threshold": 51,
  "dem_baseline_seats": 34,
  "total_error_sd": 5.2555555555555555,
  "national_error_sd": 4.498542708706633,
  "race_error_sd": 2.7173475477886977,
  "implied_correlation": 0.7326666666666667,
  "national_environment_margin": 6.635,
  "polling_weight": 0.4588888888888889,
  "fundamentals_weight": 0.5411111111111111
}