{
  "n_sims": 12000,
  "days_out": 147,
  "expected_dem_seats": 49.402166666666666,
  "median_dem_seats": 49.0,
  "dem_control_probability": 0.34,
  "dem_control_threshold": 51,
  "dem_baseline_seats": 34,
  "total_error_sd": 5.433333333333334,
  "national_error_sd": 4.616735017544566,
  "race_error_sd": 2.864763321618191,
  "implied_correlation": 0.722,
  "national_environment_margin": 7.1083333333333325,
  "polling_weight": 0.42333333333333334,
  "fundamentals_weight": 0.5766666666666667
}