{
  "n_sims": 50000,
  "days_out": 160,
  "expected_dem_seats": 52.2339,
  "median_dem_seats": 53.0,
  "dem_control_probability": 0.82034,
  "dem_control_threshold": 51,
  "dem_baseline_seats": 34,
  "total_error_sd": 5.5777777777777775,
  "national_error_sd": 4.710938850798965,
  "race_error_sd": 2.986412577375157,
  "implied_correlation": 0.7133333333333333,
  "national_environment_margin": 10.675,
  "polling_weight": 0.39444444444444443,
  "fundamentals_weight": 0.6055555555555556
}