{
  "n_sims": 12000,
  "days_out": 151,
  "expected_dem_seats": 49.38433333333333,
  "median_dem_seats": 49.0,
  "dem_control_probability": 0.33625,
  "dem_control_threshold": 51,
  "dem_baseline_seats": 34,
  "total_error_sd": 5.477777777777778,
  "national_error_sd": 4.6458962023094905,
  "race_error_sd": 2.9020161715749118,
  "implied_correlation": 0.7193333333333333,
  "national_environment_margin": 7.126666666666666,
  "polling_weight": 0.41444444444444445,
  "fundamentals_weight": 0.5855555555555556
}