formula_name,description,national_environment_margin_dem,generic_weight,approval_weight,midterm_weight,dem_control_probability,expected_dem_seats,median_dem_seats,total_error_sd,national_error_sd,race_error_sd,implied_correlation,polling_weight,fundamentals_weight,days_out
Generic ballot only,generic,7.1,1.0,0.0,0.0,0.32575,49.346833333333336,49.0,5.555555555555555,4.696553328636254,2.9675889813348335,0.7146666666666667,0.3988888888888888,0.6011111111111112,158.0
Active formula: reduced double-count,"Current CSV value, now generated by 0.85*generic + 0.50*approval + 0.50*midterm",7.618333333333332,0.85,0.5,0.5,0.3519166666666666,49.53375,50.0,5.555555555555555,4.696553328636254,2.9675889813348335,0.7146666666666667,0.3988888888888888,0.6011111111111112,158.0
Reduced double-count formula,0.85*generic + 0.50*approval + 0.50*midterm,7.618333333333332,0.85,0.5,0.5,0.3519166666666666,49.53375,50.0,5.555555555555555,4.696553328636254,2.9675889813348335,0.7146666666666667,0.3988888888888888,0.6011111111111112,158.0
Medium formula,generic + 0.50*approval + 0.50*midterm,8.683333333333334,1.0,0.5,0.5,0.40525,49.903666666666666,50.0,5.555555555555555,4.696553328636254,2.9675889813348335,0.7146666666666667,0.3988888888888888,0.6011111111111112,158.0
