formula_name,description,national_environment_margin_dem,generic_weight,approval_weight,midterm_weight,dem_control_probability,expected_dem_seats,median_dem_seats,total_error_sd,national_error_sd,race_error_sd,implied_correlation,polling_weight,fundamentals_weight,days_out
Generic ballot only,generic,7.1,1.0,0.0,0.0,0.32725,49.35641666666667,49.0,5.566666666666666,4.703750985472481,2.9769958757855957,0.714,0.3966666666666666,0.6033333333333333,159.0
Reduced double-count formula,0.85*generic + 0.50*approval + 0.50*midterm,7.601666666666666,0.85,0.5,0.5,0.35225,49.5365,50.0,5.566666666666666,4.703750985472481,2.9769958757855957,0.714,0.3966666666666666,0.6033333333333333,159.0
Medium formula,generic + 0.50*approval + 0.50*midterm,8.666666666666666,1.0,0.5,0.5,0.4055,49.907916666666665,50.0,5.566666666666666,4.703750985472481,2.9769958757855957,0.714,0.3966666666666666,0.6033333333333333,159.0
Current formula,Existing national_environment_margin_dem from CSV,10.233333333333333,,,,0.48525,50.43575,50.0,5.566666666666666,4.703750985472481,2.9769958757855957,0.714,0.3966666666666666,0.6033333333333333,159.0
