scenario,base_national_environment_margin_dem,national_environment_margin_dem,environment_shift_from_base,dem_control_probability,expected_dem_seats,median_dem_seats,total_error_sd,national_error_sd,race_error_sd,implied_correlation,polling_weight,fundamentals_weight,days_out
Republican environment +4,6.921666666666666,2.921666666666666,-4.0,0.1635,47.836416666666665,48.0,5.355555555555555,4.565329713278823,2.7999535563461535,0.7266666666666667,0.4388888888888889,0.5611111111111111,140.0
Republican environment +2,6.921666666666666,4.921666666666666,-2.0,0.2399166666666666,48.61075,49.0,5.355555555555555,4.565329713278823,2.7999535563461535,0.7266666666666667,0.4388888888888889,0.5611111111111111,140.0
Current environment,6.921666666666666,6.921666666666666,0.0,0.3315833333333333,49.3465,49.0,5.355555555555555,4.565329713278823,2.7999535563461535,0.7266666666666667,0.4388888888888889,0.5611111111111111,140.0
Democratic environment +2,6.921666666666666,8.921666666666667,2.000000000000001,0.4295,50.04241666666667,50.0,5.355555555555555,4.565329713278823,2.7999535563461535,0.7266666666666667,0.4388888888888889,0.5611111111111111,140.0
Democratic environment +4,6.921666666666666,10.921666666666667,4.000000000000001,0.53025,50.69316666666667,51.0,5.355555555555555,4.565329713278823,2.7999535563461535,0.7266666666666667,0.4388888888888889,0.5611111111111111,140.0
