scenario,base_national_environment_margin_dem,national_environment_margin_dem,environment_shift_from_base,dem_control_probability,expected_dem_seats,median_dem_seats,total_error_sd,national_error_sd,race_error_sd,implied_correlation,polling_weight,fundamentals_weight,days_out
Republican environment +4,7.0841666666666665,3.0841666666666665,-4.0,0.1671666666666666,47.88166666666667,48.0,5.4111111111111105,4.602096185480211,2.8461964367166583,0.7233333333333333,0.4277777777777777,0.5722222222222222,145.0
Republican environment +2,7.0841666666666665,5.0841666666666665,-2.0,0.2456666666666666,48.654333333333334,49.0,5.4111111111111105,4.602096185480211,2.8461964367166583,0.7233333333333333,0.4277777777777777,0.5722222222222222,145.0
Current environment,7.0841666666666665,7.0841666666666665,0.0,0.3370833333333333,49.38466666666667,49.0,5.4111111111111105,4.602096185480211,2.8461964367166583,0.7233333333333333,0.4277777777777777,0.5722222222222222,145.0
Democratic environment +2,7.0841666666666665,9.084166666666667,2.0,0.4358333333333333,50.082,50.0,5.4111111111111105,4.602096185480211,2.8461964367166583,0.7233333333333333,0.4277777777777777,0.5722222222222222,145.0
Democratic environment +4,7.0841666666666665,11.084166666666667,4.0,0.53575,50.726,51.0,5.4111111111111105,4.602096185480211,2.8461964367166583,0.7233333333333333,0.4277777777777777,0.5722222222222222,145.0
