scenario,base_national_environment_margin_dem,national_environment_margin_dem,environment_shift_from_base,dem_control_probability,expected_dem_seats,median_dem_seats,total_error_sd,national_error_sd,race_error_sd,implied_correlation,polling_weight,fundamentals_weight,days_out
Republican environment +4,6.921666666666666,2.921666666666666,-4.0,0.16675,47.934,48.0,5.322222222222222,4.543153968724711,2.7723277943232025,0.7286666666666667,0.4455555555555555,0.5544444444444445,137.0
Republican environment +2,6.921666666666666,4.921666666666666,-2.0,0.2410833333333333,48.66733333333333,49.0,5.322222222222222,4.543153968724711,2.7723277943232025,0.7286666666666667,0.4455555555555555,0.5544444444444445,137.0
Current environment,6.921666666666666,6.921666666666666,0.0,0.32625,49.35783333333333,49.0,5.322222222222222,4.543153968724711,2.7723277943232025,0.7286666666666667,0.4455555555555555,0.5544444444444445,137.0
Democratic environment +2,6.921666666666666,8.921666666666667,2.000000000000001,0.4223333333333333,50.01166666666666,50.0,5.322222222222222,4.543153968724711,2.7723277943232025,0.7286666666666667,0.4455555555555555,0.5544444444444445,137.0
Democratic environment +4,6.921666666666666,10.921666666666667,4.000000000000001,0.5168333333333334,50.630833333333335,51.0,5.322222222222222,4.543153968724711,2.7723277943232025,0.7286666666666667,0.4455555555555555,0.5544444444444445,137.0
