scenario,base_national_environment_margin_dem,national_environment_margin_dem,environment_shift_from_base,dem_control_probability,expected_dem_seats,median_dem_seats,total_error_sd,national_error_sd,race_error_sd,implied_correlation,polling_weight,fundamentals_weight,days_out
Republican environment +4,6.77,2.7699999999999996,-4.0,0.1610833333333333,47.87383333333333,48.0,5.322222222222222,4.543153968724711,2.7723277943232025,0.7286666666666667,0.4455555555555555,0.5544444444444445,137.0
Republican environment +2,6.77,4.77,-2.0,0.2344166666666666,48.61066666666667,49.0,5.322222222222222,4.543153968724711,2.7723277943232025,0.7286666666666667,0.4455555555555555,0.5544444444444445,137.0
Current environment,6.77,6.77,0.0,0.3189166666666667,49.301833333333335,49.0,5.322222222222222,4.543153968724711,2.7723277943232025,0.7286666666666667,0.4455555555555555,0.5544444444444445,137.0
Democratic environment +2,6.77,8.77,2.0,0.4121666666666667,49.955,50.0,5.322222222222222,4.543153968724711,2.7723277943232025,0.7286666666666667,0.4455555555555555,0.5544444444444445,137.0
Democratic environment +4,6.77,10.77,4.0,0.5088333333333334,50.581916666666665,51.0,5.322222222222222,4.543153968724711,2.7723277943232025,0.7286666666666667,0.4455555555555555,0.5544444444444445,137.0
