scenario,base_national_environment_margin_dem,national_environment_margin_dem,environment_shift_from_base,dem_control_probability,expected_dem_seats,median_dem_seats,total_error_sd,national_error_sd,race_error_sd,implied_correlation,polling_weight,fundamentals_weight,days_out
Republican environment +4,7.516666666666667,3.5166666666666666,-4.0,0.1574166666666666,47.897083333333335,48.0,5.511111111111111,4.667664937319107,2.9300596771967222,0.7173333333333333,0.4077777777777778,0.5922222222222222,154.0
Republican environment +2,7.516666666666667,5.516666666666667,-2.0,0.23375,48.65125,49.0,5.511111111111111,4.667664937319107,2.9300596771967222,0.7173333333333333,0.4077777777777778,0.5922222222222222,154.0
Current environment,7.516666666666667,7.516666666666667,0.0,0.324,49.361583333333336,49.0,5.511111111111111,4.667664937319107,2.9300596771967222,0.7173333333333333,0.4077777777777778,0.5922222222222222,154.0
Democratic environment +2,7.516666666666667,9.516666666666666,1.9999999999999991,0.422,50.03791666666667,50.0,5.511111111111111,4.667664937319107,2.9300596771967222,0.7173333333333333,0.4077777777777778,0.5922222222222222,154.0
Democratic environment +4,7.516666666666667,11.516666666666666,3.999999999999999,0.5210833333333333,50.675916666666666,51.0,5.511111111111111,4.667664937319107,2.9300596771967222,0.7173333333333333,0.4077777777777778,0.5922222222222222,154.0
