scenario,base_national_environment_margin_dem,national_environment_margin_dem,environment_shift_from_base,dem_control_probability,expected_dem_seats,median_dem_seats,total_error_sd,national_error_sd,race_error_sd,implied_correlation,polling_weight,fundamentals_weight,days_out
Republican environment +4,6.871666666666666,2.871666666666666,-4.0,0.1650833333333333,47.913666666666664,48.0,5.333333333333333,4.550555521642995,2.7815263595531303,0.728,0.4433333333333333,0.5566666666666666,138.0
Republican environment +2,6.871666666666666,4.871666666666666,-2.0,0.2393333333333333,48.65,49.0,5.333333333333333,4.550555521642995,2.7815263595531303,0.728,0.4433333333333333,0.5566666666666666,138.0
Current environment,6.871666666666666,6.871666666666666,0.0,0.3245833333333333,49.34258333333333,49.0,5.333333333333333,4.550555521642995,2.7815263595531303,0.728,0.4433333333333333,0.5566666666666666,138.0
Democratic environment +2,6.871666666666666,8.871666666666666,2.0,0.4195,49.99608333333333,50.0,5.333333333333333,4.550555521642995,2.7815263595531303,0.728,0.4433333333333333,0.5566666666666666,138.0
Democratic environment +4,6.871666666666666,10.871666666666666,4.0,0.51475,50.619416666666666,51.0,5.333333333333333,4.550555521642995,2.7815263595531303,0.728,0.4433333333333333,0.5566666666666666,138.0
