scenario,base_national_environment_margin_dem,national_environment_margin_dem,environment_shift_from_base,dem_control_probability,expected_dem_seats,median_dem_seats,total_error_sd,national_error_sd,race_error_sd,implied_correlation,polling_weight,fundamentals_weight,days_out
Republican environment +4,6.635,2.635,-4.0,0.1604166666666666,47.86141666666666,48.0,5.2555555555555555,4.498542708706633,2.7173475477886977,0.7326666666666667,0.4588888888888889,0.5411111111111111,131.0
Republican environment +2,6.635,4.635,-2.0,0.2333333333333333,48.59941666666667,49.0,5.2555555555555555,4.498542708706633,2.7173475477886977,0.7326666666666667,0.4588888888888889,0.5411111111111111,131.0
Current environment,6.635,6.635,0.0,0.3175,49.292,49.0,5.2555555555555555,4.498542708706633,2.7173475477886977,0.7326666666666667,0.4588888888888889,0.5411111111111111,131.0
Democratic environment +2,6.635,8.635,2.0,0.4114166666666666,49.942,50.0,5.2555555555555555,4.498542708706633,2.7173475477886977,0.7326666666666667,0.4588888888888889,0.5411111111111111,131.0
Democratic environment +4,6.635,10.635,4.0,0.5066666666666667,50.55925,51.0,5.2555555555555555,4.498542708706633,2.7173475477886977,0.7326666666666667,0.4588888888888889,0.5411111111111111,131.0
