scenario,base_national_environment_margin_dem,national_environment_margin_dem,environment_shift_from_base,dem_control_probability,expected_dem_seats,median_dem_seats,total_error_sd,national_error_sd,race_error_sd,implied_correlation,polling_weight,fundamentals_weight,days_out
Republican environment +4,7.346666666666666,3.346666666666666,-4.0,0.1586666666666666,47.874,48.0,5.488888888888889,4.653162188652945,2.9113541317844582,0.7186666666666667,0.4122222222222222,0.5877777777777777,152.0
Republican environment +2,7.346666666666666,5.346666666666666,-2.0,0.2358333333333333,48.637,49.0,5.488888888888889,4.653162188652945,2.9113541317844582,0.7186666666666667,0.4122222222222222,0.5877777777777777,152.0
Current environment,7.346666666666666,7.346666666666666,0.0,0.3265,49.35316666666667,49.0,5.488888888888889,4.653162188652945,2.9113541317844582,0.7186666666666667,0.4122222222222222,0.5877777777777777,152.0
Democratic environment +2,7.346666666666666,9.346666666666666,2.0,0.4263333333333333,50.04025,50.0,5.488888888888889,4.653162188652945,2.9113541317844582,0.7186666666666667,0.4122222222222222,0.5877777777777777,152.0
Democratic environment +4,7.346666666666666,11.346666666666666,4.0,0.5265833333333333,50.68875,51.0,5.488888888888889,4.653162188652945,2.9113541317844582,0.7186666666666667,0.4122222222222222,0.5877777777777777,152.0
