scenario,base_national_environment_margin_dem,national_environment_margin_dem,environment_shift_from_base,dem_control_probability,expected_dem_seats,median_dem_seats,total_error_sd,national_error_sd,race_error_sd,implied_correlation,polling_weight,fundamentals_weight,days_out
Republican environment +4,6.635,2.635,-4.0,0.16325,47.882,48.0,5.2444444444444445,4.491073908985141,2.708219465792446,0.7333333333333333,0.4611111111111111,0.5388888888888889,130.0
Republican environment +2,6.635,4.635,-2.0,0.2365833333333333,48.61875,49.0,5.2444444444444445,4.491073908985141,2.708219465792446,0.7333333333333333,0.4611111111111111,0.5388888888888889,130.0
Current environment,6.635,6.635,0.0,0.321,49.30716666666667,49.0,5.2444444444444445,4.491073908985141,2.708219465792446,0.7333333333333333,0.4611111111111111,0.5388888888888889,130.0
Democratic environment +2,6.635,8.635,2.0,0.4138333333333333,49.95466666666667,50.0,5.2444444444444445,4.491073908985141,2.708219465792446,0.7333333333333333,0.4611111111111111,0.5388888888888889,130.0
Democratic environment +4,6.635,10.635,4.0,0.5094166666666666,50.56975,51.0,5.2444444444444445,4.491073908985141,2.708219465792446,0.7333333333333333,0.4611111111111111,0.5388888888888889,130.0
