scenario,base_national_environment_margin_dem,national_environment_margin_dem,environment_shift_from_base,dem_control_probability,expected_dem_seats,median_dem_seats,total_error_sd,national_error_sd,race_error_sd,implied_correlation,polling_weight,fundamentals_weight,days_out
Republican environment +4,7.618333333333332,3.6183333333333323,-4.0,0.1741666666666666,48.044,48.0,5.544444444444444,4.68934588785761,2.9581919041136913,0.7153333333333333,0.4011111111111111,0.5988888888888889,157.0
Republican environment +2,7.618333333333332,5.618333333333332,-2.0,0.2559166666666667,48.80308333333333,49.0,5.544444444444444,4.68934588785761,2.9581919041136913,0.7153333333333333,0.4011111111111111,0.5988888888888889,157.0
Current environment,7.618333333333332,7.618333333333332,0.0,0.3509166666666666,49.529,50.0,5.544444444444444,4.68934588785761,2.9581919041136913,0.7153333333333333,0.4011111111111111,0.5988888888888889,157.0
Democratic environment +2,7.618333333333332,9.618333333333332,2.0,0.4500833333333333,50.212833333333336,50.0,5.544444444444444,4.68934588785761,2.9581919041136913,0.7153333333333333,0.4011111111111111,0.5988888888888889,157.0
Democratic environment +4,7.618333333333332,11.618333333333332,4.0,0.55675,50.871,51.0,5.544444444444444,4.68934588785761,2.9581919041136913,0.7153333333333333,0.4011111111111111,0.5988888888888889,157.0
