scenario,base_national_environment_margin_dem,national_environment_margin_dem,environment_shift_from_base,dem_control_probability,expected_dem_seats,median_dem_seats,total_error_sd,national_error_sd,race_error_sd,implied_correlation,polling_weight,fundamentals_weight,days_out
Republican environment +4,7.618333333333332,3.6183333333333323,-4.0,0.1616666666666666,47.93925,48.0,5.511111111111111,4.667664937319107,2.9300596771967222,0.7173333333333333,0.4077777777777778,0.5922222222222222,154.0
Republican environment +2,7.618333333333332,5.618333333333332,-2.0,0.2378333333333333,48.684916666666666,49.0,5.511111111111111,4.667664937319107,2.9300596771967222,0.7173333333333333,0.4077777777777778,0.5922222222222222,154.0
Current environment,7.618333333333332,7.618333333333332,0.0,0.3291666666666666,49.39933333333333,49.0,5.511111111111111,4.667664937319107,2.9300596771967222,0.7173333333333333,0.4077777777777778,0.5922222222222222,154.0
Democratic environment +2,7.618333333333332,9.618333333333332,2.0,0.4261666666666667,50.07091666666667,50.0,5.511111111111111,4.667664937319107,2.9300596771967222,0.7173333333333333,0.4077777777777778,0.5922222222222222,154.0
Democratic environment +4,7.618333333333332,11.618333333333332,4.0,0.5256666666666666,50.70825,51.0,5.511111111111111,4.667664937319107,2.9300596771967222,0.7173333333333333,0.4077777777777778,0.5922222222222222,154.0
