scenario,base_national_environment_margin_dem,national_environment_margin_dem,environment_shift_from_base,dem_control_probability,expected_dem_seats,median_dem_seats,total_error_sd,national_error_sd,race_error_sd,implied_correlation,polling_weight,fundamentals_weight,days_out
Republican environment +4,6.584999999999999,2.584999999999999,-4.0,0.161,47.86391666666667,48.0,5.233333333333333,4.483595531366415,2.6991014965889835,0.734,0.4633333333333333,0.5366666666666666,129.0
Republican environment +2,6.584999999999999,4.584999999999999,-2.0,0.23425,48.59975,49.0,5.233333333333333,4.483595531366415,2.6991014965889835,0.734,0.4633333333333333,0.5366666666666666,129.0
Current environment,6.584999999999999,6.584999999999999,0.0,0.3188333333333333,49.29083333333333,49.0,5.233333333333333,4.483595531366415,2.6991014965889835,0.734,0.4633333333333333,0.5366666666666666,129.0
Democratic environment +2,6.584999999999999,8.584999999999999,2.0,0.4114166666666666,49.94016666666667,50.0,5.233333333333333,4.483595531366415,2.6991014965889835,0.734,0.4633333333333333,0.5366666666666666,129.0
Democratic environment +4,6.584999999999999,10.584999999999999,4.0,0.50725,50.55475,51.0,5.233333333333333,4.483595531366415,2.6991014965889835,0.734,0.4633333333333333,0.5366666666666666,129.0
