scenario,base_national_environment_margin_dem,national_environment_margin_dem,environment_shift_from_base,dem_control_probability,expected_dem_seats,median_dem_seats,total_error_sd,national_error_sd,race_error_sd,implied_correlation,polling_weight,fundamentals_weight,days_out
Republican environment +4,6.669999999999999,2.669999999999999,-4.0,0.1608333333333333,47.87866666666667,48.0,5.2,4.461103002621661,2.6718083763623475,0.736,0.47,0.53,126.0
Republican environment +2,6.669999999999999,4.669999999999999,-2.0,0.2338333333333333,48.615916666666664,49.0,5.2,4.461103002621661,2.6718083763623475,0.736,0.47,0.53,126.0
Current environment,6.669999999999999,6.669999999999999,0.0,0.3193333333333333,49.304,49.0,5.2,4.461103002621661,2.6718083763623475,0.736,0.47,0.53,126.0
Democratic environment +2,6.669999999999999,8.669999999999998,1.9999999999999991,0.4121666666666667,49.9515,50.0,5.2,4.461103002621661,2.6718083763623475,0.736,0.47,0.53,126.0
Democratic environment +4,6.669999999999999,10.669999999999998,3.999999999999999,0.5080833333333333,50.565583333333336,51.0,5.2,4.461103002621661,2.6718083763623475,0.736,0.47,0.53,126.0
