scenario,base_national_environment_margin_dem,national_environment_margin_dem,environment_shift_from_base,dem_control_probability,expected_dem_seats,median_dem_seats,total_error_sd,national_error_sd,race_error_sd,implied_correlation,polling_weight,fundamentals_weight,days_out
Republican environment +4,6.6866666666666665,2.6866666666666665,-4.0,0.1635833333333333,47.902166666666666,48.0,5.211111111111111,4.468610071048736,2.680895940775675,0.7353333333333333,0.4677777777777778,0.5322222222222222,127.0
Republican environment +2,6.6866666666666665,4.6866666666666665,-2.0,0.23725,48.63733333333333,49.0,5.211111111111111,4.468610071048736,2.680895940775675,0.7353333333333333,0.4677777777777778,0.5322222222222222,127.0
Current environment,6.6866666666666665,6.6866666666666665,0.0,0.3219166666666667,49.32091666666667,49.0,5.211111111111111,4.468610071048736,2.680895940775675,0.7353333333333333,0.4677777777777778,0.5322222222222222,127.0
Democratic environment +2,6.6866666666666665,8.686666666666667,2.000000000000001,0.4151666666666667,49.968666666666664,50.0,5.211111111111111,4.468610071048736,2.680895940775675,0.7353333333333333,0.4677777777777778,0.5322222222222222,127.0
Democratic environment +4,6.6866666666666665,10.686666666666667,4.000000000000001,0.51,50.580666666666666,51.0,5.211111111111111,4.468610071048736,2.680895940775675,0.7353333333333333,0.4677777777777778,0.5322222222222222,127.0
