scenario,base_national_environment_margin_dem,national_environment_margin_dem,environment_shift_from_base,dem_control_probability,expected_dem_seats,median_dem_seats,total_error_sd,national_error_sd,race_error_sd,implied_correlation,polling_weight,fundamentals_weight,days_out
Republican environment +4,7.1083333333333325,3.1083333333333325,-4.0,0.1688333333333333,47.893,48.0,5.433333333333334,4.616735017544566,2.864763321618191,0.722,0.4233333333333333,0.5766666666666667,147.0
Republican environment +2,7.1083333333333325,5.1083333333333325,-2.0,0.2476666666666666,48.663583333333335,49.0,5.433333333333334,4.616735017544566,2.864763321618191,0.722,0.4233333333333333,0.5766666666666667,147.0
Current environment,7.1083333333333325,7.1083333333333325,0.0,0.3390833333333333,49.39575,49.0,5.433333333333334,4.616735017544566,2.864763321618191,0.722,0.4233333333333333,0.5766666666666667,147.0
Democratic environment +2,7.1083333333333325,9.108333333333333,2.0,0.4378333333333333,50.09583333333333,50.0,5.433333333333334,4.616735017544566,2.864763321618191,0.722,0.4233333333333333,0.5766666666666667,147.0
Democratic environment +4,7.1083333333333325,11.108333333333333,4.0,0.5375,50.743833333333335,51.0,5.433333333333334,4.616735017544566,2.864763321618191,0.722,0.4233333333333333,0.5766666666666667,147.0
