scenario,base_national_environment_margin_dem,national_environment_margin_dem,environment_shift_from_base,dem_control_probability,expected_dem_seats,median_dem_seats,total_error_sd,national_error_sd,race_error_sd,implied_correlation,polling_weight,fundamentals_weight,days_out
Republican environment +4,6.888333333333334,2.8883333333333336,-4.0,0.1401666666666666,47.66583333333333,48.0,5.355555555555555,4.565329713278823,2.7999535563461535,0.7266666666666667,0.4388888888888889,0.5611111111111111,140.0
Republican environment +2,6.888333333333334,4.888333333333334,-2.0,0.2113333333333333,48.43533333333333,48.0,5.355555555555555,4.565329713278823,2.7999535563461535,0.7266666666666667,0.4388888888888889,0.5611111111111111,140.0
Current environment,6.888333333333334,6.888333333333334,0.0,0.29825,49.163,49.0,5.355555555555555,4.565329713278823,2.7999535563461535,0.7266666666666667,0.4388888888888889,0.5611111111111111,140.0
Democratic environment +2,6.888333333333334,8.888333333333334,2.0,0.3949166666666667,49.853,50.0,5.355555555555555,4.565329713278823,2.7999535563461535,0.7266666666666667,0.4388888888888889,0.5611111111111111,140.0
Democratic environment +4,6.888333333333334,10.888333333333334,4.0,0.4934166666666666,50.506,50.0,5.355555555555555,4.565329713278823,2.7999535563461535,0.7266666666666667,0.4388888888888889,0.5611111111111111,140.0
