scenario,base_national_environment_margin_dem,national_environment_margin_dem,environment_shift_from_base,dem_control_probability,expected_dem_seats,median_dem_seats,total_error_sd,national_error_sd,race_error_sd,implied_correlation,polling_weight,fundamentals_weight,days_out
Republican environment +4,10.133333333333333,6.133333333333333,-4.0,0.2823333333333333,49.01741666666667,49.0,5.566666666666666,4.703750985472481,2.9769958757855957,0.714,0.3966666666666666,0.6033333333333333,159.0
Republican environment +2,10.133333333333333,8.133333333333333,-2.0,0.38025,49.73675,50.0,5.566666666666666,4.703750985472481,2.9769958757855957,0.714,0.3966666666666666,0.6033333333333333,159.0
Current environment,10.133333333333333,10.133333333333333,0.0,0.482,50.41308333333333,50.0,5.566666666666666,4.703750985472481,2.9769958757855957,0.714,0.3966666666666666,0.6033333333333333,159.0
Democratic environment +2,10.133333333333333,12.133333333333333,2.0,0.5848333333333333,51.058,51.0,5.566666666666666,4.703750985472481,2.9769958757855957,0.714,0.3966666666666666,0.6033333333333333,159.0
Democratic environment +4,10.133333333333333,14.133333333333333,4.0,0.68275,51.683083333333336,52.0,5.566666666666666,4.703750985472481,2.9769958757855957,0.714,0.3966666666666666,0.6033333333333333,159.0
