scenario,base_national_environment_margin_dem,national_environment_margin_dem,environment_shift_from_base,dem_control_probability,expected_dem_seats,median_dem_seats,total_error_sd,national_error_sd,race_error_sd,implied_correlation,polling_weight,fundamentals_weight,days_out
Republican environment +4,7.109999999999999,3.1099999999999994,-4.0,0.1659166666666666,47.87425,48.0,5.466666666666667,4.638620484583752,2.892688100097286,0.72,0.4166666666666667,0.5833333333333333,150.0
Republican environment +2,7.109999999999999,5.109999999999999,-2.0,0.2444166666666666,48.65058333333333,49.0,5.466666666666667,4.638620484583752,2.892688100097286,0.72,0.4166666666666667,0.5833333333333333,150.0
Current environment,7.109999999999999,7.109999999999999,0.0,0.3365833333333333,49.3855,49.0,5.466666666666667,4.638620484583752,2.892688100097286,0.72,0.4166666666666667,0.5833333333333333,150.0
Democratic environment +2,7.109999999999999,9.11,2.0,0.437,50.084916666666665,50.0,5.466666666666667,4.638620484583752,2.892688100097286,0.72,0.4166666666666667,0.5833333333333333,150.0
Democratic environment +4,7.109999999999999,11.11,4.0,0.5356666666666666,50.73858333333333,51.0,5.466666666666667,4.638620484583752,2.892688100097286,0.72,0.4166666666666667,0.5833333333333333,150.0
