scenario,base_national_environment_margin_dem,national_environment_margin_dem,environment_shift_from_base,dem_control_probability,expected_dem_seats,median_dem_seats,total_error_sd,national_error_sd,race_error_sd,implied_correlation,polling_weight,fundamentals_weight,days_out
Republican environment +4,6.584999999999999,2.584999999999999,-4.0,0.1605,47.861,48.0,5.211111111111111,4.468610071048736,2.680895940775675,0.7353333333333333,0.4677777777777778,0.5322222222222222,127.0
Republican environment +2,6.584999999999999,4.584999999999999,-2.0,0.2335833333333333,48.596833333333336,49.0,5.211111111111111,4.468610071048736,2.680895940775675,0.7353333333333333,0.4677777777777778,0.5322222222222222,127.0
Current environment,6.584999999999999,6.584999999999999,0.0,0.3180833333333333,49.2875,49.0,5.211111111111111,4.468610071048736,2.680895940775675,0.7353333333333333,0.4677777777777778,0.5322222222222222,127.0
Democratic environment +2,6.584999999999999,8.584999999999999,2.0,0.4109166666666666,49.93825,50.0,5.211111111111111,4.468610071048736,2.680895940775675,0.7353333333333333,0.4677777777777778,0.5322222222222222,127.0
Democratic environment +4,6.584999999999999,10.584999999999999,4.0,0.5069166666666667,50.552,51.0,5.211111111111111,4.468610071048736,2.680895940775675,0.7353333333333333,0.4677777777777778,0.5322222222222222,127.0
