scenario,base_national_environment_margin_dem,national_environment_margin_dem,environment_shift_from_base,dem_control_probability,expected_dem_seats,median_dem_seats,total_error_sd,national_error_sd,race_error_sd,implied_correlation,polling_weight,fundamentals_weight,days_out
Republican environment +4,7.211666666666667,3.211666666666667,-4.0,0.1719166666666666,47.932833333333335,48.0,5.3999999999999995,4.594762235415451,2.8369279158977587,0.724,0.43,0.5700000000000001,144.0
Republican environment +2,7.211666666666667,5.211666666666667,-2.0,0.2506666666666666,48.70641666666667,49.0,5.3999999999999995,4.594762235415451,2.8369279158977587,0.724,0.43,0.5700000000000001,144.0
Current environment,7.211666666666667,7.211666666666667,0.0,0.3424166666666666,49.43,49.0,5.3999999999999995,4.594762235415451,2.8369279158977587,0.724,0.43,0.5700000000000001,144.0
Democratic environment +2,7.211666666666667,9.211666666666666,1.9999999999999991,0.4419166666666667,50.123583333333336,50.0,5.3999999999999995,4.594762235415451,2.8369279158977587,0.724,0.43,0.5700000000000001,144.0
Democratic environment +4,7.211666666666667,11.211666666666666,3.999999999999999,0.5433333333333333,50.766666666666666,51.0,5.3999999999999995,4.594762235415451,2.8369279158977587,0.724,0.43,0.5700000000000001,144.0
