scenario,base_national_environment_margin_dem,national_environment_margin_dem,environment_shift_from_base,dem_control_probability,expected_dem_seats,median_dem_seats,total_error_sd,national_error_sd,race_error_sd,implied_correlation,polling_weight,fundamentals_weight,days_out
Republican environment +4,6.871666666666666,2.871666666666666,-4.0,0.16575,47.915166666666664,48.0,5.344444444444444,4.557947438921063,2.790734950472009,0.7273333333333333,0.4411111111111111,0.5588888888888889,139.0
Republican environment +2,6.871666666666666,4.871666666666666,-2.0,0.2393333333333333,48.64925,49.0,5.344444444444444,4.557947438921063,2.790734950472009,0.7273333333333333,0.4411111111111111,0.5588888888888889,139.0
Current environment,6.871666666666666,6.871666666666666,0.0,0.3246666666666666,49.341833333333334,49.0,5.344444444444444,4.557947438921063,2.790734950472009,0.7273333333333333,0.4411111111111111,0.5588888888888889,139.0
Democratic environment +2,6.871666666666666,8.871666666666666,2.0,0.4195,49.996,50.0,5.344444444444444,4.557947438921063,2.790734950472009,0.7273333333333333,0.4411111111111111,0.5588888888888889,139.0
Democratic environment +4,6.871666666666666,10.871666666666666,4.0,0.5146666666666667,50.61958333333333,51.0,5.344444444444444,4.557947438921063,2.790734950472009,0.7273333333333333,0.4411111111111111,0.5588888888888889,139.0
