scenario,base_national_environment_margin_dem,national_environment_margin_dem,environment_shift_from_base,dem_control_probability,expected_dem_seats,median_dem_seats,total_error_sd,national_error_sd,race_error_sd,implied_correlation,polling_weight,fundamentals_weight,days_out
Republican environment +4,7.516666666666667,3.5166666666666666,-4.0,0.1726666666666666,48.014916666666664,48.0,5.566666666666666,4.703750985472481,2.9769958757855957,0.714,0.3966666666666666,0.6033333333333333,159.0
Republican environment +2,7.516666666666667,5.516666666666667,-2.0,0.253,48.7795,49.0,5.566666666666666,4.703750985472481,2.9769958757855957,0.714,0.3966666666666666,0.6033333333333333,159.0
Current environment,7.516666666666667,7.516666666666667,0.0,0.3475,49.50633333333333,50.0,5.566666666666666,4.703750985472481,2.9769958757855957,0.714,0.3966666666666666,0.6033333333333333,159.0
Democratic environment +2,7.516666666666667,9.516666666666666,1.9999999999999991,0.4476666666666666,50.19683333333333,50.0,5.566666666666666,4.703750985472481,2.9769958757855957,0.714,0.3966666666666666,0.6033333333333333,159.0
Democratic environment +4,7.516666666666667,11.516666666666666,3.999999999999999,0.5535833333333333,50.859833333333334,51.0,5.566666666666666,4.703750985472481,2.9769958757855957,0.714,0.3966666666666666,0.6033333333333333,159.0
