scenario,base_national_environment_margin_dem,national_environment_margin_dem,environment_shift_from_base,dem_control_probability,expected_dem_seats,median_dem_seats,total_error_sd,national_error_sd,race_error_sd,implied_correlation,polling_weight,fundamentals_weight,days_out
Republican environment +4,7.618333333333332,3.6183333333333323,-4.0,0.1734166666666666,48.04625,48.0,5.511111111111111,4.667664937319107,2.9300596771967222,0.7173333333333333,0.4077777777777778,0.5922222222222222,154.0
Republican environment +2,7.618333333333332,5.618333333333332,-2.0,0.2553333333333333,48.80325,49.0,5.511111111111111,4.667664937319107,2.9300596771967222,0.7173333333333333,0.4077777777777778,0.5922222222222222,154.0
Current environment,7.618333333333332,7.618333333333332,0.0,0.3503333333333333,49.5305,50.0,5.511111111111111,4.667664937319107,2.9300596771967222,0.7173333333333333,0.4077777777777778,0.5922222222222222,154.0
Democratic environment +2,7.618333333333332,9.618333333333332,2.0,0.44975,50.212916666666665,50.0,5.511111111111111,4.667664937319107,2.9300596771967222,0.7173333333333333,0.4077777777777778,0.5922222222222222,154.0
Democratic environment +4,7.618333333333332,11.618333333333332,4.0,0.5565,50.86991666666667,51.0,5.511111111111111,4.667664937319107,2.9300596771967222,0.7173333333333333,0.4077777777777778,0.5922222222222222,154.0
