scenario,base_national_environment_margin_dem,national_environment_margin_dem,environment_shift_from_base,dem_control_probability,expected_dem_seats,median_dem_seats,total_error_sd,national_error_sd,race_error_sd,implied_correlation,polling_weight,fundamentals_weight,days_out
Republican environment +4,7.516666666666667,3.5166666666666666,-4.0,0.16975,48.00383333333333,48.0,5.533333333333333,4.682128670689101,2.948804654243629,0.716,0.4033333333333333,0.5966666666666667,156.0
Republican environment +2,7.516666666666667,5.516666666666667,-2.0,0.2504166666666667,48.766,49.0,5.533333333333333,4.682128670689101,2.948804654243629,0.716,0.4033333333333333,0.5966666666666667,156.0
Current environment,7.516666666666667,7.516666666666667,0.0,0.3455833333333333,49.49283333333333,50.0,5.533333333333333,4.682128670689101,2.948804654243629,0.716,0.4033333333333333,0.5966666666666667,156.0
Democratic environment +2,7.516666666666667,9.516666666666666,1.9999999999999991,0.4459166666666667,50.178583333333336,50.0,5.533333333333333,4.682128670689101,2.948804654243629,0.716,0.4033333333333333,0.5966666666666667,156.0
Democratic environment +4,7.516666666666667,11.516666666666666,3.999999999999999,0.5516666666666666,50.83725,51.0,5.533333333333333,4.682128670689101,2.948804654243629,0.716,0.4033333333333333,0.5966666666666667,156.0
