scenario,base_national_environment_margin_dem,national_environment_margin_dem,environment_shift_from_base,dem_control_probability,expected_dem_seats,median_dem_seats,total_error_sd,national_error_sd,race_error_sd,implied_correlation,polling_weight,fundamentals_weight,days_out
Republican environment +4,6.803333333333334,2.8033333333333337,-4.0,0.1646666666666666,47.9065,48.0,5.288888888888889,4.520891568720896,2.7447923606132134,0.7306666666666667,0.4522222222222222,0.5477777777777777,134.0
Republican environment +2,6.803333333333334,4.803333333333334,-2.0,0.2373333333333333,48.6395,49.0,5.288888888888889,4.520891568720896,2.7447923606132134,0.7306666666666667,0.4522222222222222,0.5477777777777777,134.0
Current environment,6.803333333333334,6.803333333333334,0.0,0.3229166666666667,49.330083333333334,49.0,5.288888888888889,4.520891568720896,2.7447923606132134,0.7306666666666667,0.4522222222222222,0.5477777777777777,134.0
Democratic environment +2,6.803333333333334,8.803333333333335,2.000000000000001,0.4163333333333333,49.98075,50.0,5.288888888888889,4.520891568720896,2.7447923606132134,0.7306666666666667,0.4522222222222222,0.5477777777777777,134.0
Democratic environment +4,6.803333333333334,10.803333333333335,4.000000000000001,0.5124166666666666,50.60183333333333,51.0,5.288888888888889,4.520891568720896,2.7447923606132134,0.7306666666666667,0.4522222222222222,0.5477777777777777,134.0
