scenario,base_national_environment_margin_dem,national_environment_margin_dem,environment_shift_from_base,dem_control_probability,expected_dem_seats,median_dem_seats,total_error_sd,national_error_sd,race_error_sd,implied_correlation,polling_weight,fundamentals_weight,days_out
Republican environment +4,7.1083333333333325,3.1083333333333325,-4.0,0.1686666666666666,47.89066666666667,48.0,5.4222222222222225,4.609420448649481,2.8554749087905695,0.7226666666666667,0.4255555555555556,0.5744444444444444,146.0
Republican environment +2,7.1083333333333325,5.1083333333333325,-2.0,0.2471666666666666,48.663583333333335,49.0,5.4222222222222225,4.609420448649481,2.8554749087905695,0.7226666666666667,0.4255555555555556,0.5744444444444444,146.0
Current environment,7.1083333333333325,7.1083333333333325,0.0,0.3383333333333333,49.39233333333333,49.0,5.4222222222222225,4.609420448649481,2.8554749087905695,0.7226666666666667,0.4255555555555556,0.5744444444444444,146.0
Democratic environment +2,7.1083333333333325,9.108333333333333,2.0,0.4368333333333333,50.089166666666664,50.0,5.4222222222222225,4.609420448649481,2.8554749087905695,0.7226666666666667,0.4255555555555556,0.5744444444444444,146.0
Democratic environment +4,7.1083333333333325,11.108333333333333,4.0,0.5371666666666667,50.73458333333333,51.0,5.4222222222222225,4.609420448649481,2.8554749087905695,0.7226666666666667,0.4255555555555556,0.5744444444444444,146.0
