scenario,base_national_environment_margin_dem,national_environment_margin_dem,environment_shift_from_base,dem_control_probability,expected_dem_seats,median_dem_seats,total_error_sd,national_error_sd,race_error_sd,implied_correlation,polling_weight,fundamentals_weight,days_out
Republican environment +4,6.888333333333334,2.8883333333333336,-4.0,0.1623333333333333,47.823166666666665,48.0,5.355555555555555,4.565329713278823,2.7999535563461535,0.7266666666666667,0.4388888888888889,0.5611111111111111,140.0
Republican environment +2,6.888333333333334,4.888333333333334,-2.0,0.2388333333333333,48.600833333333334,49.0,5.355555555555555,4.565329713278823,2.7999535563461535,0.7266666666666667,0.4388888888888889,0.5611111111111111,140.0
Current environment,6.888333333333334,6.888333333333334,0.0,0.32975,49.33433333333333,49.0,5.355555555555555,4.565329713278823,2.7999535563461535,0.7266666666666667,0.4388888888888889,0.5611111111111111,140.0
Democratic environment +2,6.888333333333334,8.888333333333334,2.0,0.4281666666666666,50.03333333333333,50.0,5.355555555555555,4.565329713278823,2.7999535563461535,0.7266666666666667,0.4388888888888889,0.5611111111111111,140.0
Democratic environment +4,6.888333333333334,10.888333333333334,4.0,0.5289166666666667,50.6815,51.0,5.355555555555555,4.565329713278823,2.7999535563461535,0.7266666666666667,0.4388888888888889,0.5611111111111111,140.0
