scenario,base_national_environment_margin_dem,national_environment_margin_dem,environment_shift_from_base,dem_control_probability,expected_dem_seats,median_dem_seats,total_error_sd,national_error_sd,race_error_sd,implied_correlation,polling_weight,fundamentals_weight,days_out
Republican environment +4,6.803333333333334,2.8033333333333337,-4.0,0.1635833333333333,47.901,48.0,5.277777777777778,4.513451545764846,2.735634006156135,0.7313333333333333,0.4544444444444444,0.5455555555555556,133.0
Republican environment +2,6.803333333333334,4.803333333333334,-2.0,0.2364166666666666,48.63341666666667,49.0,5.277777777777778,4.513451545764846,2.735634006156135,0.7313333333333333,0.4544444444444444,0.5455555555555556,133.0
Current environment,6.803333333333334,6.803333333333334,0.0,0.3215833333333333,49.32475,49.0,5.277777777777778,4.513451545764846,2.735634006156135,0.7313333333333333,0.4544444444444444,0.5455555555555556,133.0
Democratic environment +2,6.803333333333334,8.803333333333335,2.000000000000001,0.41625,49.97741666666667,50.0,5.277777777777778,4.513451545764846,2.735634006156135,0.7313333333333333,0.4544444444444444,0.5455555555555556,133.0
Democratic environment +4,6.803333333333334,10.803333333333335,4.000000000000001,0.5109166666666667,50.59525,51.0,5.277777777777778,4.513451545764846,2.735634006156135,0.7313333333333333,0.4544444444444444,0.5455555555555556,133.0
