scenario,base_national_environment_margin_dem,national_environment_margin_dem,environment_shift_from_base,dem_control_probability,expected_dem_seats,median_dem_seats,total_error_sd,national_error_sd,race_error_sd,implied_correlation,polling_weight,fundamentals_weight,days_out
Republican environment +4,7.618333333333332,3.6183333333333323,-4.0,0.1748333333333333,48.047583333333336,48.0,5.555555555555555,4.696553328636254,2.9675889813348335,0.7146666666666667,0.3988888888888888,0.6011111111111112,158.0
Republican environment +2,7.618333333333332,5.618333333333332,-2.0,0.25675,48.807916666666664,49.0,5.555555555555555,4.696553328636254,2.9675889813348335,0.7146666666666667,0.3988888888888888,0.6011111111111112,158.0
Current environment,7.618333333333332,7.618333333333332,0.0,0.3519166666666666,49.53375,50.0,5.555555555555555,4.696553328636254,2.9675889813348335,0.7146666666666667,0.3988888888888888,0.6011111111111112,158.0
Democratic environment +2,7.618333333333332,9.618333333333332,2.0,0.4508333333333333,50.2185,50.0,5.555555555555555,4.696553328636254,2.9675889813348335,0.7146666666666667,0.3988888888888888,0.6011111111111112,158.0
Democratic environment +4,7.618333333333332,11.618333333333332,4.0,0.558,50.876,51.0,5.555555555555555,4.696553328636254,2.9675889813348335,0.7146666666666667,0.3988888888888888,0.6011111111111112,158.0
