scenario,base_national_environment_margin_dem,national_environment_margin_dem,environment_shift_from_base,dem_control_probability,expected_dem_seats,median_dem_seats,total_error_sd,national_error_sd,race_error_sd,implied_correlation,polling_weight,fundamentals_weight,days_out
Republican environment +4,6.888333333333334,2.8883333333333336,-4.0,0.1595833333333333,47.88016666666667,48.0,5.355555555555555,4.565329713278823,2.7999535563461535,0.7266666666666667,0.4388888888888889,0.5611111111111111,140.0
Republican environment +2,6.888333333333334,4.888333333333334,-2.0,0.2335833333333333,48.6175,49.0,5.355555555555555,4.565329713278823,2.7999535563461535,0.7266666666666667,0.4388888888888889,0.5611111111111111,140.0
Current environment,6.888333333333334,6.888333333333334,0.0,0.3196666666666666,49.31775,49.0,5.355555555555555,4.565329713278823,2.7999535563461535,0.7266666666666667,0.4388888888888889,0.5611111111111111,140.0
Democratic environment +2,6.888333333333334,8.888333333333334,2.0,0.4151666666666667,49.9765,50.0,5.355555555555555,4.565329713278823,2.7999535563461535,0.7266666666666667,0.4388888888888889,0.5611111111111111,140.0
Democratic environment +4,6.888333333333334,10.888333333333334,4.0,0.5118333333333334,50.60783333333333,51.0,5.355555555555555,4.565329713278823,2.7999535563461535,0.7266666666666667,0.4388888888888889,0.5611111111111111,140.0
