scenario,base_national_environment_margin_dem,national_environment_margin_dem,environment_shift_from_base,dem_control_probability,expected_dem_seats,median_dem_seats,total_error_sd,national_error_sd,race_error_sd,implied_correlation,polling_weight,fundamentals_weight,days_out
Republican environment +4,7.091666666666666,3.091666666666666,-4.0,0.1678333333333333,47.883916666666664,48.0,5.4222222222222225,4.609420448649481,2.8554749087905695,0.7226666666666667,0.4255555555555556,0.5744444444444444,146.0
Republican environment +2,7.091666666666666,5.091666666666666,-2.0,0.2464166666666666,48.65658333333333,49.0,5.4222222222222225,4.609420448649481,2.8554749087905695,0.7226666666666667,0.4255555555555556,0.5744444444444444,146.0
Current environment,7.091666666666666,7.091666666666666,0.0,0.3376666666666666,49.386833333333335,49.0,5.4222222222222225,4.609420448649481,2.8554749087905695,0.7226666666666667,0.4255555555555556,0.5744444444444444,146.0
Democratic environment +2,7.091666666666666,9.091666666666665,1.9999999999999991,0.4360833333333333,50.08433333333333,50.0,5.4222222222222225,4.609420448649481,2.8554749087905695,0.7226666666666667,0.4255555555555556,0.5744444444444444,146.0
Democratic environment +4,7.091666666666666,11.091666666666665,3.999999999999999,0.5360833333333334,50.72866666666667,51.0,5.4222222222222225,4.609420448649481,2.8554749087905695,0.7226666666666667,0.4255555555555556,0.5744444444444444,146.0
