scenario,base_national_environment_margin_dem,national_environment_margin_dem,environment_shift_from_base,dem_control_probability,expected_dem_seats,median_dem_seats,total_error_sd,national_error_sd,race_error_sd,implied_correlation,polling_weight,fundamentals_weight,days_out
Republican environment +4,7.126666666666666,3.126666666666666,-4.0,0.16775,47.88775,48.0,5.444444444444445,4.624039884772522,2.874061664730752,0.7213333333333333,0.4211111111111111,0.5788888888888889,148.0
Republican environment +2,7.126666666666666,5.126666666666666,-2.0,0.2464166666666666,48.66075,49.0,5.444444444444445,4.624039884772522,2.874061664730752,0.7213333333333333,0.4211111111111111,0.5788888888888889,148.0
Current environment,7.126666666666666,7.126666666666666,0.0,0.3383333333333333,49.39375,49.0,5.444444444444445,4.624039884772522,2.874061664730752,0.7213333333333333,0.4211111111111111,0.5788888888888889,148.0
Democratic environment +2,7.126666666666666,9.126666666666665,1.9999999999999991,0.4381666666666666,50.0945,50.0,5.444444444444445,4.624039884772522,2.874061664730752,0.7213333333333333,0.4211111111111111,0.5788888888888889,148.0
Democratic environment +4,7.126666666666666,11.126666666666665,3.999999999999999,0.5374166666666667,50.745333333333335,51.0,5.444444444444445,4.624039884772522,2.874061664730752,0.7213333333333333,0.4211111111111111,0.5788888888888889,148.0
