scenario,base_national_environment_margin_dem,national_environment_margin_dem,environment_shift_from_base,dem_control_probability,expected_dem_seats,median_dem_seats,total_error_sd,national_error_sd,race_error_sd,implied_correlation,polling_weight,fundamentals_weight,days_out
Republican environment +4,6.888333333333334,2.8883333333333336,-4.0,0.1661666666666666,47.921166666666664,48.0,5.344444444444444,4.557947438921063,2.790734950472009,0.7273333333333333,0.4411111111111111,0.5588888888888889,139.0
Republican environment +2,6.888333333333334,4.888333333333334,-2.0,0.2400833333333333,48.65508333333333,49.0,5.344444444444444,4.557947438921063,2.790734950472009,0.7273333333333333,0.4411111111111111,0.5588888888888889,139.0
Current environment,6.888333333333334,6.888333333333334,0.0,0.325,49.346833333333336,49.0,5.344444444444444,4.557947438921063,2.790734950472009,0.7273333333333333,0.4411111111111111,0.5588888888888889,139.0
Democratic environment +2,6.888333333333334,8.888333333333334,2.0,0.4208333333333333,50.001916666666666,50.0,5.344444444444444,4.557947438921063,2.790734950472009,0.7273333333333333,0.4411111111111111,0.5588888888888889,139.0
Democratic environment +4,6.888333333333334,10.888333333333334,4.0,0.5153333333333333,50.62375,51.0,5.344444444444444,4.557947438921063,2.790734950472009,0.7273333333333333,0.4411111111111111,0.5588888888888889,139.0
