scenario,base_national_environment_margin_dem,national_environment_margin_dem,environment_shift_from_base,dem_control_probability,expected_dem_seats,median_dem_seats,total_error_sd,national_error_sd,race_error_sd,implied_correlation,polling_weight,fundamentals_weight,days_out
Republican environment +4,7.126666666666666,3.126666666666666,-4.0,0.1681666666666666,47.891416666666665,48.0,5.444444444444445,4.624039884772522,2.874061664730752,0.7213333333333333,0.4211111111111111,0.5788888888888889,148.0
Republican environment +2,7.126666666666666,5.126666666666666,-2.0,0.2473333333333333,48.666916666666665,49.0,5.444444444444445,4.624039884772522,2.874061664730752,0.7213333333333333,0.4211111111111111,0.5788888888888889,148.0
Current environment,7.126666666666666,7.126666666666666,0.0,0.3388333333333333,49.39841666666667,49.0,5.444444444444445,4.624039884772522,2.874061664730752,0.7213333333333333,0.4211111111111111,0.5788888888888889,148.0
Democratic environment +2,7.126666666666666,9.126666666666665,1.9999999999999991,0.439,50.09866666666667,50.0,5.444444444444445,4.624039884772522,2.874061664730752,0.7213333333333333,0.4211111111111111,0.5788888888888889,148.0
Democratic environment +4,7.126666666666666,11.126666666666665,3.999999999999999,0.53825,50.74925,51.0,5.444444444444445,4.624039884772522,2.874061664730752,0.7213333333333333,0.4211111111111111,0.5788888888888889,148.0
