scenario,base_national_environment_margin_dem,national_environment_margin_dem,environment_shift_from_base,dem_control_probability,expected_dem_seats,median_dem_seats,total_error_sd,national_error_sd,race_error_sd,implied_correlation,polling_weight,fundamentals_weight,days_out
Republican environment +4,7.006666666666667,3.006666666666667,-4.0,0.1675833333333333,47.87258333333333,48.0,5.366666666666666,4.572702337422223,2.8091821664755816,0.726,0.4366666666666666,0.5633333333333334,141.0
Republican environment +2,7.006666666666667,5.006666666666667,-2.0,0.2445,48.6435,49.0,5.366666666666666,4.572702337422223,2.8091821664755816,0.726,0.4366666666666666,0.5633333333333334,141.0
Current environment,7.006666666666667,7.006666666666667,0.0,0.3366666666666666,49.3765,49.0,5.366666666666666,4.572702337422223,2.8091821664755816,0.726,0.4366666666666666,0.5633333333333334,141.0
Democratic environment +2,7.006666666666667,9.006666666666668,2.000000000000001,0.4340833333333333,50.071333333333335,50.0,5.366666666666666,4.572702337422223,2.8091821664755816,0.726,0.4366666666666666,0.5633333333333334,141.0
Democratic environment +4,7.006666666666667,11.006666666666668,4.000000000000001,0.5355833333333333,50.723,51.0,5.366666666666666,4.572702337422223,2.8091821664755816,0.726,0.4366666666666666,0.5633333333333334,141.0
