scenario,base_national_environment_margin_dem,national_environment_margin_dem,environment_shift_from_base,dem_control_probability,expected_dem_seats,median_dem_seats,total_error_sd,national_error_sd,race_error_sd,implied_correlation,polling_weight,fundamentals_weight,days_out
Republican environment +4,7.346666666666666,3.346666666666666,-4.0,0.1561666666666666,47.853833333333334,48.0,5.5,4.660418436149269,2.9207019704173858,0.718,0.41,0.5900000000000001,153.0
Republican environment +2,7.346666666666666,5.346666666666666,-2.0,0.23225,48.6145,49.0,5.5,4.660418436149269,2.9207019704173858,0.718,0.41,0.5900000000000001,153.0
Current environment,7.346666666666666,7.346666666666666,0.0,0.3226666666666666,49.331,49.0,5.5,4.660418436149269,2.9207019704173858,0.718,0.41,0.5900000000000001,153.0
Democratic environment +2,7.346666666666666,9.346666666666666,2.0,0.42075,50.01316666666666,50.0,5.5,4.660418436149269,2.9207019704173858,0.718,0.41,0.5900000000000001,153.0
Democratic environment +4,7.346666666666666,11.346666666666666,4.0,0.5205833333333333,50.660333333333334,51.0,5.5,4.660418436149269,2.9207019704173858,0.718,0.41,0.5900000000000001,153.0
