scenario,base_national_environment_margin_dem,national_environment_margin_dem,environment_shift_from_base,dem_control_probability,expected_dem_seats,median_dem_seats,total_error_sd,national_error_sd,race_error_sd,implied_correlation,polling_weight,fundamentals_weight,days_out
Republican environment +4,7.091666666666666,3.091666666666666,-4.0,0.1700833333333333,47.90383333333333,48.0,5.377777777777777,4.580065304043208,2.818420770193848,0.7253333333333333,0.4344444444444444,0.5655555555555556,142.0
Republican environment +2,7.091666666666666,5.091666666666666,-2.0,0.2476666666666666,48.675,49.0,5.377777777777777,4.580065304043208,2.818420770193848,0.7253333333333333,0.4344444444444444,0.5655555555555556,142.0
Current environment,7.091666666666666,7.091666666666666,0.0,0.3404166666666666,49.406333333333336,49.0,5.377777777777777,4.580065304043208,2.818420770193848,0.7253333333333333,0.4344444444444444,0.5655555555555556,142.0
Democratic environment +2,7.091666666666666,9.091666666666665,1.9999999999999991,0.4384166666666667,50.10175,50.0,5.377777777777777,4.580065304043208,2.818420770193848,0.7253333333333333,0.4344444444444444,0.5655555555555556,142.0
Democratic environment +4,7.091666666666666,11.091666666666665,3.999999999999999,0.5405833333333333,50.74633333333333,51.0,5.377777777777777,4.580065304043208,2.818420770193848,0.7253333333333333,0.4344444444444444,0.5655555555555556,142.0
