scenario,base_national_environment_margin_dem,national_environment_margin_dem,environment_shift_from_base,dem_control_probability,expected_dem_seats,median_dem_seats,total_error_sd,national_error_sd,race_error_sd,implied_correlation,polling_weight,fundamentals_weight,days_out
Republican environment +4,7.126666666666666,3.126666666666666,-4.0,0.15025,47.7875,48.0,5.477777777777778,4.6458962023094905,2.902016171574912,0.7193333333333333,0.4144444444444444,0.5855555555555556,151.0
Republican environment +2,7.126666666666666,5.126666666666666,-2.0,0.2261666666666666,48.546166666666664,49.0,5.477777777777778,4.6458962023094905,2.902016171574912,0.7193333333333333,0.4144444444444444,0.5855555555555556,151.0
Current environment,7.126666666666666,7.126666666666666,0.0,0.3161666666666666,49.27425,49.0,5.477777777777778,4.6458962023094905,2.902016171574912,0.7193333333333333,0.4144444444444444,0.5855555555555556,151.0
Democratic environment +2,7.126666666666666,9.126666666666665,1.9999999999999991,0.4145833333333333,49.96675,50.0,5.477777777777778,4.6458962023094905,2.902016171574912,0.7193333333333333,0.4144444444444444,0.5855555555555556,151.0
Democratic environment +4,7.126666666666666,11.126666666666665,3.999999999999999,0.5129166666666667,50.61716666666667,51.0,5.477777777777778,4.6458962023094905,2.902016171574912,0.7193333333333333,0.4144444444444444,0.5855555555555556,151.0
