scenario,base_national_environment_margin_dem,national_environment_margin_dem,environment_shift_from_base,dem_control_probability,expected_dem_seats,median_dem_seats,total_error_sd,national_error_sd,race_error_sd,implied_correlation,polling_weight,fundamentals_weight,days_out
Republican environment +4,10.133333333333333,6.133333333333333,-4.0,0.2826666666666667,49.01708333333333,49.0,5.5777777777777775,4.710938850798965,2.986412577375157,0.7133333333333333,0.3944444444444444,0.6055555555555556,160.0
Republican environment +2,10.133333333333333,8.133333333333333,-2.0,0.3804166666666667,49.73708333333333,50.0,5.5777777777777775,4.710938850798965,2.986412577375157,0.7133333333333333,0.3944444444444444,0.6055555555555556,160.0
Current environment,10.133333333333333,10.133333333333333,0.0,0.4820833333333333,50.41316666666667,50.0,5.5777777777777775,4.710938850798965,2.986412577375157,0.7133333333333333,0.3944444444444444,0.6055555555555556,160.0
Democratic environment +2,10.133333333333333,12.133333333333333,2.0,0.5845833333333333,51.05716666666667,51.0,5.5777777777777775,4.710938850798965,2.986412577375157,0.7133333333333333,0.3944444444444444,0.6055555555555556,160.0
Democratic environment +4,10.133333333333333,14.133333333333333,4.0,0.68225,51.6835,52.0,5.5777777777777775,4.710938850798965,2.986412577375157,0.7133333333333333,0.3944444444444444,0.6055555555555556,160.0
