dem_seats,probability,count
38.0,8e-05,4
39.0,0.00016,8
40.0,0.00034,17
41.0,0.00078,39
42.0,0.0015,75
43.0,0.00258,129
44.0,0.00466,233
45.0,0.00986,493
46.0,0.02204,1102
47.0,0.0418,2090
48.0,0.08884,4442
49.0,0.16124,8062
50.0,0.13876,6938
51.0,0.11868,5934
52.0,0.10934,5467
53.0,0.10694,5347
54.0,0.12392,6196
55.0,0.04808,2404
56.0,0.01128,564
57.0,0.00504,252
58.0,0.00198,99
59.0,0.00102,51
60.0,0.00076,38
61.0,0.00022,11
62.0,6e-05,3
64.0,2e-05,1
65.0,2e-05,1
