dem_seats,probability,count
37.0,5e-05,1
38.0,5e-05,1
39.0,0.0003,6
40.0,0.0007,14
41.0,0.00055,11
42.0,0.0014,28
43.0,0.0023,46
44.0,0.00455,91
45.0,0.01,200
46.0,0.02035,407
47.0,0.0414,828
48.0,0.09345,1869
49.0,0.1574,3148
50.0,0.14135,2827
51.0,0.1176,2352
52.0,0.10775,2155
53.0,0.109,2180
54.0,0.1238,2476
55.0,0.04755,951
56.0,0.01165,233
57.0,0.00495,99
58.0,0.00205,41
59.0,0.001,20
60.0,0.0002,4
61.0,0.0005,10
62.0,5e-05,1
63.0,5e-05,1
