dem_seats,probability,count
35.0,5e-05,1
36.0,0.0002,4
37.0,0.0006,12
38.0,0.00125,25
39.0,0.0033,66
40.0,0.0055,110
41.0,0.01195,239
42.0,0.0175,350
43.0,0.0303,606
44.0,0.04375,875
45.0,0.06225,1245
46.0,0.0776,1552
47.0,0.09805,1961
48.0,0.1133,2266
49.0,0.11935,2387
50.0,0.11815,2363
51.0,0.10025,2005
52.0,0.08105,1621
53.0,0.05445,1089
54.0,0.0327,654
55.0,0.0164,328
56.0,0.0074,148
57.0,0.00315,63
58.0,0.0008,16
59.0,0.00035,7
60.0,0.00015,3
61.0,0.00015,3
62.0,5e-05,1
