dem_seats,probability,count
37.0,5e-05,1
38.0,5e-05,1
39.0,0.0003,6
40.0,0.00065,13
41.0,0.0006,12
42.0,0.00145,29
43.0,0.0023,46
44.0,0.0045,90
45.0,0.0102,204
46.0,0.0204,408
47.0,0.04165,833
48.0,0.0941,1882
49.0,0.15895,3179
50.0,0.1415,2830
51.0,0.11825,2365
52.0,0.1069,2138
53.0,0.1082,2164
54.0,0.12355,2471
55.0,0.0465,930
56.0,0.01155,231
57.0,0.00465,93
58.0,0.00195,39
59.0,0.001,20
60.0,0.00015,3
61.0,0.0005,10
62.0,5e-05,1
63.0,5e-05,1
