dem_seats,probability,count
37.0,5e-05,1
38.0,5e-05,1
39.0,0.0003,6
40.0,0.0004,8
41.0,0.0006,12
42.0,0.0013,26
43.0,0.0018,36
44.0,0.0033,66
45.0,0.00605,121
46.0,0.0116,232
47.0,0.02185,437
48.0,0.04255,851
49.0,0.07875,1575
50.0,0.11075,2215
51.0,0.1432,2864
52.0,0.16555,3311
53.0,0.1588,3176
54.0,0.18495,3699
55.0,0.04855,971
56.0,0.01145,229
57.0,0.0045,90
58.0,0.002,40
59.0,0.0009,18
60.0,0.00025,5
61.0,0.0004,8
62.0,5e-05,1
63.0,5e-05,1
