dem_seats,probability,count
38.0,8e-05,4
39.0,0.00016,8
40.0,0.00036,18
41.0,0.00076,38
42.0,0.00148,74
43.0,0.00256,128
44.0,0.0047,235
45.0,0.00976,488
46.0,0.02198,1099
47.0,0.04162,2081
48.0,0.08842,4421
49.0,0.16072,8036
50.0,0.13858,6929
51.0,0.1189,5945
52.0,0.10924,5462
53.0,0.10738,5369
54.0,0.12406,6203
55.0,0.04854,2427
56.0,0.01146,573
57.0,0.00512,256
58.0,0.00202,101
59.0,0.001,50
60.0,0.00076,38
61.0,0.00024,12
62.0,6e-05,3
64.0,2e-05,1
65.0,2e-05,1
