dem_seats,probability,count
37.0,5e-05,1
38.0,5e-05,1
39.0,0.0002,4
40.0,0.0005,10
41.0,0.0004,8
42.0,0.00115,23
43.0,0.0018,36
44.0,0.0032,64
45.0,0.006,120
46.0,0.01065,213
47.0,0.02075,415
48.0,0.0423,846
49.0,0.07765,1553
50.0,0.10955,2191
51.0,0.1422,2844
52.0,0.16505,3301
53.0,0.16125,3225
54.0,0.1868,3736
55.0,0.0502,1004
56.0,0.0117,234
57.0,0.0048,96
58.0,0.00195,39
59.0,0.00105,21
60.0,0.00015,3
61.0,0.0005,10
62.0,5e-05,1
63.0,5e-05,1
