dem_seats,probability,count
38.0,8e-05,4
39.0,0.00016,8
40.0,0.00036,18
41.0,0.00076,38
42.0,0.00148,74
43.0,0.00254,127
44.0,0.00468,234
45.0,0.00976,488
46.0,0.02182,1091
47.0,0.0414,2070
48.0,0.08814,4407
49.0,0.16016,8008
50.0,0.13822,6911
51.0,0.119,5950
52.0,0.10936,5468
53.0,0.10776,5388
54.0,0.12436,6218
55.0,0.04906,2453
56.0,0.01152,576
57.0,0.0051,255
58.0,0.00212,106
59.0,0.00106,53
60.0,0.00074,37
61.0,0.00026,13
62.0,6e-05,3
64.0,2e-05,1
65.0,2e-05,1
