dem_seats,probability,count
39.0,0.0001,2
41.0,0.00045,9
42.0,0.00115,23
43.0,0.00305,61
44.0,0.00695,139
45.0,0.01275,255
46.0,0.03085,617
47.0,0.0602,1204
48.0,0.0974,1948
49.0,0.13855,2771
50.0,0.16195,3239
51.0,0.15775,3155
52.0,0.12655,2531
53.0,0.09025,1805
54.0,0.0577,1154
55.0,0.03,600
56.0,0.01515,303
57.0,0.0061,122
58.0,0.00225,45
59.0,0.0006,12
60.0,0.0002,4
63.0,5e-05,1
