dem_seats,probability,count
35.0,5e-05,1
36.0,0.00025,5
37.0,0.0009,18
38.0,0.00175,35
39.0,0.0047,94
40.0,0.00945,189
41.0,0.018,360
42.0,0.02525,505
43.0,0.04275,855
44.0,0.0605,1210
45.0,0.08045,1609
46.0,0.0971,1942
47.0,0.1142,2284
48.0,0.119,2380
49.0,0.11555,2311
50.0,0.10155,2031
51.0,0.078,1560
52.0,0.05605,1121
53.0,0.03595,719
54.0,0.01955,391
55.0,0.01125,225
56.0,0.00465,93
57.0,0.00205,41
58.0,0.00035,7
59.0,0.00035,7
60.0,0.0002,4
61.0,0.0001,2
62.0,5e-05,1
