dem_seats,probability,count
37.0,5e-05,1
38.0,5e-05,1
39.0,0.0003,6
40.0,0.00065,13
41.0,0.0006,12
42.0,0.00145,29
43.0,0.0023,46
44.0,0.0045,90
45.0,0.0102,204
46.0,0.0206,412
47.0,0.04185,837
48.0,0.0947,1894
49.0,0.15915,3183
50.0,0.1417,2834
51.0,0.1182,2364
52.0,0.10685,2137
53.0,0.10795,2159
54.0,0.12375,2475
55.0,0.04565,913
56.0,0.0114,228
57.0,0.00445,89
58.0,0.002,40
59.0,0.0009,18
60.0,0.00025,5
61.0,0.0004,8
62.0,5e-05,1
63.0,5e-05,1
