dem_seats,probability,count
38.0,8e-05,4
39.0,0.00016,8
40.0,0.00034,17
41.0,0.00078,39
42.0,0.00152,76
43.0,0.00258,129
44.0,0.00472,236
45.0,0.00992,496
46.0,0.02204,1102
47.0,0.04194,2097
48.0,0.08918,4459
49.0,0.16182,8091
50.0,0.13904,6952
51.0,0.11858,5929
52.0,0.10922,5461
53.0,0.10652,5326
54.0,0.12384,6192
55.0,0.0477,2385
56.0,0.01104,552
57.0,0.00492,246
58.0,0.00202,101
59.0,0.00098,49
60.0,0.00076,38
61.0,0.0002,10
62.0,6e-05,3
64.0,4e-05,2
