dem_seats,probability,count
38.0,8e-05,4
39.0,0.00012,6
40.0,0.0003,15
41.0,0.00052,26
42.0,0.00126,63
43.0,0.00184,92
44.0,0.00294,147
45.0,0.00586,293
46.0,0.01066,533
47.0,0.01798,899
48.0,0.02832,1416
49.0,0.04344,2172
50.0,0.07088,3544
51.0,0.106,5300
52.0,0.16236,8118
53.0,0.2392,11960
54.0,0.23626,11813
55.0,0.05188,2594
56.0,0.01112,556
57.0,0.00492,246
58.0,0.00202,101
59.0,0.00098,49
60.0,0.00076,38
61.0,0.0002,10
62.0,6e-05,3
64.0,4e-05,2
