dem_seats,probability,count
35.0,5e-05,1
36.0,0.00045,9
37.0,0.00095,19
38.0,0.00285,57
39.0,0.00695,139
40.0,0.01365,273
41.0,0.02365,473
42.0,0.03985,797
43.0,0.06075,1215
44.0,0.08295,1659
45.0,0.1063,2126
46.0,0.1199,2398
47.0,0.125,2500
48.0,0.1153,2306
49.0,0.10235,2047
50.0,0.07285,1457
51.0,0.05255,1051
52.0,0.03405,681
53.0,0.0192,384
54.0,0.0107,214
55.0,0.0057,114
56.0,0.0022,44
57.0,0.00105,21
58.0,0.00015,3
59.0,0.00035,7
60.0,0.0002,4
62.0,5e-05,1
