dem_seats,probability,count
35.0,5e-05,1
36.0,0.00025,5
37.0,0.00095,19
38.0,0.00175,35
39.0,0.00485,97
40.0,0.00935,187
41.0,0.01875,375
42.0,0.02595,519
43.0,0.0437,874
44.0,0.0614,1228
45.0,0.08025,1605
46.0,0.0958,1916
47.0,0.1171,2342
48.0,0.1177,2354
49.0,0.11505,2301
50.0,0.09745,1949
51.0,0.0787,1574
52.0,0.05565,1113
53.0,0.036,720
54.0,0.01935,387
55.0,0.0118,236
56.0,0.0047,94
57.0,0.0023,46
58.0,0.0005,10
59.0,0.0003,6
60.0,0.00015,3
61.0,0.00015,3
62.0,5e-05,1
