dem_seats,probability,count
37.0,5e-05,1
38.0,5e-05,1
39.0,0.0003,6
40.0,0.00035,7
41.0,0.0006,12
42.0,0.0011,22
43.0,0.0017,34
44.0,0.0032,64
45.0,0.0062,124
46.0,0.01025,205
47.0,0.0178,356
48.0,0.03165,633
49.0,0.0496,992
50.0,0.0773,1546
51.0,0.1133,2266
52.0,0.15575,3115
53.0,0.22965,4593
54.0,0.23175,4635
55.0,0.0498,996
56.0,0.01145,229
57.0,0.0045,90
58.0,0.002,40
59.0,0.0009,18
60.0,0.00025,5
61.0,0.0004,8
62.0,5e-05,1
63.0,5e-05,1
