dem_seats,probability,count
38.0,6e-05,3
39.0,0.00018,9
40.0,0.00034,17
41.0,0.00072,36
42.0,0.00144,72
43.0,0.0024,120
44.0,0.0046,230
45.0,0.00932,466
46.0,0.02088,1044
47.0,0.0403,2015
48.0,0.08726,4363
49.0,0.15912,7956
50.0,0.13896,6948
51.0,0.11886,5943
52.0,0.10984,5492
53.0,0.10832,5416
54.0,0.12608,6304
55.0,0.0499,2495
56.0,0.01186,593
57.0,0.0052,260
58.0,0.00218,109
59.0,0.00104,52
60.0,0.00078,39
61.0,0.00026,13
62.0,6e-05,3
64.0,2e-05,1
65.0,2e-05,1
