dem_seats,probability,count
38.0,8e-05,4
39.0,0.00012,6
40.0,0.0003,15
41.0,0.0005,25
42.0,0.00128,64
43.0,0.00184,92
44.0,0.00292,146
45.0,0.00556,278
46.0,0.0103,515
47.0,0.0169,845
48.0,0.02632,1316
49.0,0.04236,2118
50.0,0.07118,3559
51.0,0.10714,5357
52.0,0.1648,8240
53.0,0.24002,12001
54.0,0.2364,11820
55.0,0.05188,2594
56.0,0.01112,556
57.0,0.00492,246
58.0,0.00202,101
59.0,0.00098,49
60.0,0.00076,38
61.0,0.0002,10
62.0,6e-05,3
64.0,4e-05,2
