dem_seats,probability,count
38.0,6e-05,3
39.0,0.00014,7
40.0,0.00034,17
41.0,0.00048,24
42.0,0.00128,64
43.0,0.0018,90
44.0,0.00302,151
45.0,0.00622,311
46.0,0.01182,591
47.0,0.02162,1081
48.0,0.0398,1990
49.0,0.07718,3859
50.0,0.10708,5354
51.0,0.142,7100
52.0,0.16486,8243
53.0,0.16258,8129
54.0,0.18704,9352
55.0,0.05192,2596
56.0,0.01152,576
57.0,0.00512,256
58.0,0.00202,101
59.0,0.001,50
60.0,0.00076,38
61.0,0.00024,12
62.0,6e-05,3
64.0,2e-05,1
65.0,2e-05,1
