dem_seats,probability,count
38.0,6e-05,3
39.0,0.00018,9
40.0,0.00034,17
41.0,0.00074,37
42.0,0.00142,71
43.0,0.0025,125
44.0,0.00464,232
45.0,0.00952,476
46.0,0.02128,1064
47.0,0.04088,2044
48.0,0.088,4400
49.0,0.161,8050
50.0,0.13852,6926
51.0,0.11918,5959
52.0,0.10942,5471
53.0,0.10754,5377
54.0,0.1251,6255
55.0,0.04894,2447
56.0,0.0115,575
57.0,0.0051,255
58.0,0.00204,102
59.0,0.001,50
60.0,0.00076,38
61.0,0.00024,12
62.0,6e-05,3
64.0,2e-05,1
65.0,2e-05,1
