race,state,chamber,pollster,pollster_grade,sponsor,poll_sponsor_type,partisan_sponsor_party,is_internal_poll,pollster_partisan_affiliation,partisan_pollster_review_notes,start_date,end_date,mid_date,days_old,sample_size,sample_type,dem_candidate,rep_candidate,ind_candidate,other_candidate,dem_pct,rep_pct,ind_pct,other_pct,undecided_pct,leader,leader_pct,second_place_pct,leader_margin,dem_margin,allocated_share,undecided_share,undecided_discount,undecided_adjusted_dem_margin,pollster_raw,pollster_normalized_key,canonical_pollster,pollster_match_method,reported_margin_dem,pollster_house_effect_dem,manual_house_effect_override_dem,effective_house_effect_dem,house_effect_source,house_effect_confidence,house_effect_notes,house_effect_adjusted_dem_margin,final_poll_margin_dem,dem_margin_vs_top_opponent,rep_margin_vs_top_opponent,ind_margin_vs_top_opponent,is_three_way_race,base_poll_weight,pollster_quality_weight,poll_weight,notes,poll_age_days,current_national_environment_dem,national_environment_at_poll_date_dem,race_environment_sensitivity,recency_half_life_days,recency_weight,pollster_grade_weight,sample_size_weight,population_weight,sponsor_classification,sponsor_weight,partisan_sponsor_adjustment_dem,environment_translation_dem,adjusted_margin_dem,preliminary_poll_weight,final_poll_weight,weighted_margin_component
FL Senate,FL,Senate,Change Research,B,,,,False,D,,2026-05-13,2026-05-16,2026-05-14 12:00:00,137,1593,LV,Vindman,Moody,,,46.0,46.0,0.0,0.0,8.0,Dem,46.0,46.0,0.0,0.0,92.0,8.0,0.92,0.0,Change Research,change research,Change Research,normalized_alias,0.0,0.0,,0.0,pollster_registry,low,,0.0,0.0,0.0,0.0,-46.0,False,7.169892949751535,0.95,6.811398302263958,,137,,,1.0,14.0,0.0011329388536720335,1.0,1.35,1.1,neutral,1.0,-0.0,0.0,0.0,0.00168241419770297,0.0013936278345993587,0.0
NC Senate,NC,Senate,Change Research,B,,,,False,D,,2026-05-04,2026-05-08,2026-05-06 00:00:00,146,947,LV,Cooper,Whatley,,,48.0,43.0,0.0,0.0,9.0,Dem,48.0,43.0,5.0,5.0,91.0,9.0,0.91,5.0,Change Research,change research,Change Research,normalized_alias,5.0,0.0,,0.0,pollster_registry,low,,5.0,5.0,5.0,-5.0,-48.0,False,5.245459961396291,0.95,4.983186963326476,,146,,,1.0,14.0,0.0007255831489926505,1.0,1.256317369669517,1.1,neutral,1.0,-0.0,0.0,5.0,0.001002718984540869,0.001002718984540869,0.005013594922704345
AK Senate,AK,Senate,Alaska Survey Research,B,,,,False,,,2026-05-14,2026-05-17,2026-05-15 12:00:00,136,1401,LV,Peltola,Sullivan,Placeholder,,48.4,43.8,7.8,0.0,0.8,Dem,48.4,43.8,4.600000000000001,4.600000000000001,100.0,0.8,1.0,4.600000000000001,Alaska Survey Research,alaska survey research,Alaska Survey Research,normalized_alias,4.600000000000001,0.0,,0.0,pollster_registry,low,,4.600000000000001,4.600000000000001,4.600000000000001,-4.600000000000001,-40.6,False,6.7644460020046635,0.95,6.42622370190443,AK RCV/top-four poll,136,,,1.0,14.0,0.0011904430216840586,1.0,1.35,1.1,neutral,1.0,0.0,0.0,4.600000000000001,0.0017678078872008273,0.0017678078872008273,0.008131916281123808
TX Senate,TX,Senate,PPP,B-,,,,False,D,,2026-05-22,2026-05-23,2026-05-22 12:00:00,129,643,LV,Talarico,Paxton,,,44.0,39.0,3.0,0.0,14.0,Dem,44.0,39.0,5.0,5.0,86.0,14.0,0.86,5.0,PPP,ppp,PPP,normalized_alias,5.0,0.0,,0.0,pollster_registry,low,,5.0,5.0,5.0,-5.0,-41.0,False,4.78442352192678,0.9,4.305981169734102,,129,,,1.0,14.0,0.0016835406664980042,1.0,1.0352133435513025,1.1,neutral,1.0,-0.0,0.0,5.0,0.001917106138606986,0.001917106138606986,0.00958553069303493
FL Senate,FL,Senate,GSG Poll,B-,,,,False,,,2026-05-18,2026-05-21,2026-05-19 12:00:00,132,1000,LV,Vindman,Moody,,,43.0,46.0,0.0,0.0,12.0,Rep,46.0,43.0,3.0,-3.0,89.0,12.0,0.89,-3.0,GSG Poll,gsg poll,GSG Poll,normalized_alias,-3.0,0.0,,0.0,pollster_registry,low,,-3.0,-3.0,-3.0,3.0,-46.0,False,5.856069741052554,0.9,5.270462766947299,,132,,,1.0,14.0,0.001451166297985301,1.0,1.2909944487358056,1.1,neutral,1.0,0.0,0.0,-3.0,0.002060792398380665,0.002060792398380665,-0.006182377195141995
TX Senate,TX,Senate,Public Opinion Strategies (D),B,,,,False,D,,2026-05-27,2026-05-28,2026-05-27 12:00:00,124,1670,LV,Talarico,Paxton,,,46.0,45.0,1.0,0.0,8.0,Dem,46.0,45.0,1.0,1.0,92.0,8.0,0.92,1.0,Public Opinion Strategies (D),public opinion strategies d,Public Opinion Strategies (D),normalized_alias,1.0,0.0,,0.0,pollster_registry,low,,1.0,1.0,1.0,-1.0,-45.0,False,7.960837691572421,0.95,7.5627958069938,,124,,,1.0,14.0,0.002156424831394164,1.0,1.35,1.1,neutral,1.0,-0.0,0.0,1.0,0.0032022908746203345,0.0032022908746203345,0.0032022908746203345
OH Senate,OH,Senate,Fox News,B,,,,False,,,2026-05-28,2026-06-01,2026-05-30 00:00:00,122,1015,RV,Brown,Husted,,,53.0,45.0,0.0,0.0,2.0,Dem,53.0,45.0,8.0,8.0,98.0,2.0,0.98,8.0,Fox News,fox news,Fox News,normalized_alias,8.0,1.0,,1.0,pollster_registry,low,,7.0,7.0,8.0,-8.0,-53.0,False,6.287973285029207,0.95,5.973574620777747,,122,,,1.0,14.0,0.0023808860433681173,1.0,1.3006408676751113,1.0,neutral,1.0,0.0,0.0,7.0,0.0030966776892818707,0.0030966776892818707,0.021676743824973095
TX Senate,TX,Senate,Quantus,B,,,,False,R,,2026-06-03,2026-06-04,2026-06-03 12:00:00,117,800,LV,Talarico,Paxton,,,44.0,44.0,0.0,0.0,0.0,Dem,44.0,44.0,0.0,0.0,88.0,0.0,0.88,0.0,Quantus,quantus,Quantus,normalized_alias,0.0,0.0,,0.0,pollster_registry,low,,0.0,0.0,0.0,0.0,-44.0,False,5.772300254584061,0.95,5.483685241854857,,117,,,1.0,14.0,0.0030496452427957415,1.0,1.1547005383792515,1.1,neutral,1.0,0.0,0.0,0.0,0.0038735697040941626,0.0038735697040941626,0.0
IA Senate,IA,Senate,PPP,B,,,,False,D,,2026-06-04,2026-06-04,2026-06-04 00:00:00,117,800,LV,Turek,Hinson,,,45.0,47.0,0.0,0.0,8.0,Rep,47.0,45.0,2.0,-2.0,92.0,8.0,0.92,-2.0,PPP,ppp,PPP,normalized_alias,-2.0,0.0,,0.0,pollster_registry,low,,-2.0,-2.0,-2.0,2.0,-47.0,False,5.772300254584061,0.95,5.483685241854857,,117,,,1.0,14.0,0.0030496452427957415,1.0,1.1547005383792515,1.1,neutral,1.0,-0.0,0.0,-2.0,0.0038735697040941626,0.0038735697040941626,-0.007747139408188325
TX Senate,TX,Senate,ReconMR,B,,,,False,,,2026-06-01,2026-06-04,2026-06-02 12:00:00,118,807,LV,Talarico,Paxton,,,47.0,44.0,0.0,0.0,0.0,Dem,47.0,44.0,3.0,3.0,91.0,0.0,0.91,3.0,ReconMR,reconmr,ReconMR,normalized_alias,3.0,0.0,,0.0,pollster_registry,low,,3.0,3.0,3.0,-3.0,-47.0,False,5.758326774868293,0.95,5.470410436124879,,118,,,1.0,14.0,0.002902332595970602,1.0,1.1597413504743201,1.1,neutral,1.0,0.0,0.0,3.0,0.0037025506368142443,0.0037025506368142443,0.011107651910442733
TX Senate,TX,Senate,ReconMR,B,,,,False,,,2026-06-01,2026-06-04,2026-06-02 12:00:00,118,807,LV,Talarico,Paxton,,,46.0,46.0,0.0,0.0,8.0,Dem,46.0,46.0,0.0,0.0,92.0,8.0,0.92,0.0,ReconMR,reconmr,ReconMR,normalized_alias,0.0,0.0,,0.0,pollster_registry,low,,0.0,0.0,0.0,0.0,-46.0,False,5.758326774868293,0.95,5.470410436124879,,118,,,1.0,14.0,0.002902332595970602,1.0,1.1597413504743201,1.1,neutral,1.0,0.0,0.0,0.0,0.0037025506368142443,0.0037025506368142443,0.0
AK-Senate,AK,Senate,Alaska Survey Research,B,,media,,False,,,2026-06-04,2026-06-07,2026-06-05 12:00:00,115,800,LV,Peltola,Sullivan,,,49.4,44.2,0.0,6.4,0.0,Dem,49.4,44.2,5.199999999999996,5.199999999999996,100.0,0.0,1.0,5.199999999999996,Alaska Survey Research,alaska survey research,Alaska Survey Research,normalized_alias,5.199999999999996,0.0,,0.0,pollster_registry,low,,5.199999999999996,5.199999999999996,5.199999999999996,-5.199999999999996,-49.4,False,5.851918189130048,0.95,5.5593222796735455,,115,,,1.0,14.0,0.0033670813329960084,1.0,1.1547005383792515,1.1,neutral,1.0,0.0,0.0,5.199999999999996,0.004276767690774941,0.004276767690774941,0.022239191992029672
MA-Senate,MA,Senate,Suffolk,A,USA Today,media,,False,,,2026-06-08,2026-06-12,2026-06-10 00:00:00,111,800,LV,Markey,Deaton,,,54.0,26.0,0.0,0.0,20.0,Dem,54.0,26.0,28.0,28.0,80.0,20.0,0.8,28.0,Suffolk,suffolk,Suffolk,normalized_alias,28.0,0.0,,0.0,pollster_registry,low,,28.0,28.0,28.0,-28.0,-54.0,False,6.017930052651468,1.1,6.619723057916615,,111,,,1.0,14.0,0.004104518119739138,1.2,1.1547005383792515,1.1,neutral,1.0,0.0,0.0,28.0,0.0062561258530982305,2.626631999801941e-08,7.354569599445435e-07
FL-Senate,FL,Senate,Change Research,B,Change Research,super PAC,D,False,D,,2026-06-11,2026-06-14,2026-06-12 12:00:00,108,1014,LV,Vindman,Moody,,,45.0,47.0,0.0,0.0,8.0,Rep,47.0,45.0,2.0,-2.0,92.0,8.0,0.92,-2.0,Change Research,change research,Change Research,normalized_alias,-2.0,0.0,,0.0,pollster_registry,low,,-2.0,-2.0,-2.0,2.0,-47.0,False,6.922471012213331,0.95,6.576347461602664,,108,,,1.0,14.0,0.004761772086736232,1.0,1.3,1.1,partisan,0.8,-1.0,0.0,-3.0,0.005447467267226251,0.004512409620675186,-0.013537228862025557
OH-Senate,OH,Senate,Tulchin,B,,super PAC,D,False,D,,2026-06-12,2026-06-12,2026-06-12 00:00:00,109,600,LV,Brown,Husted,,,45.0,43.0,0.0,4.0,7.0,Dem,45.0,43.0,2.0,2.0,92.0,7.0,0.92,2.0,Tulchin,tulchin,Tulchin,normalized_alias,2.0,0.0,,0.0,pollster_registry,low,,2.0,2.0,2.0,-2.0,-45.0,False,5.286668509603982,0.95,5.022335084123783,,109,,,1.0,14.0,0.004531755414688136,1.0,1.0,1.1,partisan,0.8,-1.0,0.0,1.0,0.003987944764925561,0.003987944764925561,0.003987944764925561
MT-Senate,MT,Senate,Public Opinion Strategies,B,,party,R,False,R,,2026-06-08,2026-06-11,2026-06-09 12:00:00,111,500,LV,Bankhead,Alme,Bodnar,,26.25,42.75,20.0,4.0,7.0,Rep,42.75,26.25,16.5,-16.5,93.0,7.0,0.93,-16.5,Public Opinion Strategies,public opinion strategies,Public Opinion Strategies,normalized_alias,-16.5,0.0,,0.0,pollster_registry,low,,-16.5,-16.5,-16.5,16.5,-22.75,True,4.757591441488914,0.95,4.5197118694144685,,111,,,1.0,14.0,0.004104518119739138,1.0,0.9128709291752769,1.1,partisan,0.8,1.0,0.0,-15.5,0.003297267837409064,0.003297267837409064,-0.05110765147984049
FL-Senate,FL,Senate,McLaughlin,B,Associated Industries of Florida,party,R,False,R,,2026-06-03,2026-06-07,2026-06-05 00:00:00,116,800,LV,Vindman,Moody,,,41.25,45.75,0.0,0.0,14.0,Rep,45.75,41.25,4.5,-4.5,87.0,14.0,0.87,-4.5,McLaughlin,mclaughlin,McLaughlin,normalized_alias,-4.5,-2.0,,-2.0,pollster_registry,low,,-2.5,-2.5,-4.5,4.5,-45.75,False,5.81183655769765,0.95,5.521244729812768,,116,,,1.0,14.0,0.003204434984404834,1.0,1.1547005383792515,1.1,partisan,0.8,1.0,0.0,-1.5,0.003256143265490342,0.003256143265490342,-0.004884214898235513
IA-Senate,IA,Senate,GSG,B,,,,False,D,,2026-06-08,2026-06-11,2026-06-09 12:00:00,111,800,LV,Turek,Hinson,,,46.0,46.0,0.0,0.0,8.0,Dem,46.0,46.0,0.0,0.0,92.0,8.0,0.92,0.0,GSG,gsg,GSG,normalized_alias,0.0,0.0,,0.0,pollster_registry,low,,0.0,0.0,0.0,0.0,-46.0,False,6.017930052651468,0.95,5.717033550018894,,111,,,1.0,14.0,0.004104518119739138,1.0,1.1547005383792515,1.1,neutral,1.0,-0.0,0.0,0.0,0.005213438210915193,0.005213438210915193,0.0
TX-Senate,TX,Senate,YouGov,A-,Texas Political Project,,,False,,,2026-06-05,2026-06-12,2026-06-08 12:00:00,112,1200,RV,Talarico,Paxton,,,42.0,43.0,0.0,6.0,10.0,Rep,43.0,42.0,1.0,-1.0,91.0,10.0,0.91,-1.0,YouGov,yougov,YouGov,normalized_alias,-1.0,0.0,,0.0,pollster_registry,low,,-1.0,-1.0,-1.0,1.0,-43.0,False,7.318524539023426,1.05,7.684450765974597,,112,,,1.0,14.0,0.00390625,1.1,1.35,1.0,neutral,1.0,0.0,0.0,-1.0,0.005800781250000001,0.005800781250000001,-0.005800781250000001
OH-Senate,OH,Senate,Fabrizio Ward,B,AARP,independent,,False,,,2026-06-14,2026-06-16,2026-06-15 00:00:00,106,800,LV,Brown,Husted,,,48.0,45.0,0.0,0.0,7.0,Dem,48.0,45.0,3.0,3.0,93.0,7.0,0.93,3.0,Fabrizio Ward,fabrizio ward,Fabrizio Ward,normalized_alias,3.0,0.0,,0.0,pollster_registry,low,,3.0,3.0,3.0,-3.0,-48.0,False,6.239177481057773,0.95,5.927218607004884,,106,,,1.0,14.0,0.005257422627470142,1.0,1.1547005383792515,1.1,unknown,0.85,0.0,0.0,3.0,0.005676150070429276,0.005676150070429276,0.017028450211287828
IA-Senate,IA,Senate,Cygnal,B,Iowans for Tax Relief,other,R,False,R,,2026-06-16,2026-06-19,2026-06-17 12:00:00,103,600,LV,Turek,Hinson,,,45.2,45.0,0.0,0.0,9.8,Dem,45.2,45.0,0.2000000000000028,0.2000000000000028,90.2,9.8,0.902,0.2000000000000028,Cygnal,cygnal,Cygnal,normalized_alias,0.2000000000000028,0.0,,0.0,pollster_registry,low,,0.2000000000000028,0.2000000000000028,0.2000000000000028,-0.2000000000000028,-45.2,False,5.525164833345515,0.95,5.248906591678239,,103,,,1.0,14.0,0.0060992904855914866,1.0,1.0,1.1,partisan,0.8,1.0,0.0,1.2000000000000028,0.005367375627320509,0.005367375627320509,0.006440850752784626
TX-Senate,TX,Senate,Siena,A+,NY Times,media,,False,,,2026-06-19,2026-06-27,2026-06-23 00:00:00,98,656,LV,Talarico,Paxton,,,47.0,47.0,0.0,6.0,0.0,Dem,47.0,47.0,0.0,0.0,100.0,0.0,1.0,0.0,Siena,siena,Siena,normalized_alias,0.0,0.0,,0.0,pollster_registry,low,,0.0,0.0,0.0,0.0,-47.0,False,6.0029289725932955,1.15,6.903368318482289,,98,,,1.0,14.0,0.0078125,1.2,1.0456258094238748,1.1,neutral,1.0,0.0,0.0,0.0,0.01078301615968371,0.01078301615968371,0.0
MT-Senate,MT,Senate,GrayHouse,B,,party,R,False,R,,2026-06-23,2026-06-24,2026-06-23 12:00:00,97,500,LV,Bankhead,Alme,Bodnar,,26.25,39.75,17.0,0.0,17.0,Rep,39.75,26.25,13.5,-13.5,83.0,17.0,0.83,-13.5,GrayHouse,grayhouse,GrayHouse,normalized_alias,-13.5,0.0,,0.0,pollster_registry,low,,-13.5,-13.5,-13.5,13.5,-22.75,True,5.2820503405506845,0.95,5.01794782352315,,97,,,1.0,14.0,0.008209036239478275,1.0,0.9128709291752769,1.1,partisan,0.8,1.0,0.0,-12.5,0.006594535674818128,0.006594535674818128,-0.0824316959352266
AK-Senate,AK,Senate,Siena,A+,NY Times,media,,False,,,2026-07-15,2026-07-29,2026-07-22 00:00:00,69,593,LV,Peltola,Sullivan,,,45.0,47.0,0.0,0.0,8.0,Rep,47.0,45.0,2.0,-2.0,92.0,8.0,0.92,-2.0,Siena,siena,Siena,normalized_alias,-2.0,0.0,,0.0,pollster_registry,low,,-2.0,-2.0,-2.0,2.0,-47.0,False,7.37927009811268,1.15,8.48616061282958,,69,,,1.0,14.0,0.0328361449579131,1.2,0.9941495528004493,1.1,neutral,1.0,0.0,0.0,-2.0,0.043090131249792045,0.043090131249792045,-0.08618026249958409
IA-Senate,IA,Senate,Siena,A+,NY Times,media,,False,,,2026-07-15,2026-07-27,2026-07-21 00:00:00,70,600,LV,Turek,Hinson,,,46.0,48.0,0.0,0.0,6.0,Rep,48.0,46.0,2.0,-2.0,94.0,6.0,0.94,-2.0,Siena,siena,Siena,normalized_alias,-2.0,0.0,,0.0,pollster_registry,low,,-2.0,-2.0,-2.0,2.0,-48.0,False,7.348469228349534,1.15,8.450739612601962,,70,,,1.0,14.0,0.03125,1.2,1.0,1.1,neutral,1.0,0.0,0.0,-2.0,0.04125,0.04125,-0.0825
NC-Senate,NC,Senate,Siena,A+,NY Times,media,,False,,,2026-07-16,2026-07-27,2026-07-21 12:00:00,69,601,LV,Cooper,Whatley,,,50.0,43.0,0.0,0.0,7.0,Dem,50.0,43.0,7.0,7.0,93.0,7.0,0.93,7.0,Siena,siena,Siena,normalized_alias,7.0,0.0,,0.0,pollster_registry,low,,7.0,7.0,7.0,-7.0,-50.0,False,7.428879195231069,1.15,8.543211074515728,,69,,,1.0,14.0,0.0328361449579131,1.2,1.000832986400162,1.1,neutral,1.0,0.0,0.0,7.0,0.043379816066527764,0.043379816066527764,0.30365871246569437
OH-Senate,OH,Senate,Siena,A+,NY Times,media,,False,,,2026-06-16,2026-07-28,2026-07-07 00:00:00,84,601,LV,Brown,Husted,,,47.0,50.0,0.0,0.0,3.0,Rep,50.0,47.0,3.0,-3.0,97.0,3.0,0.97,-3.0,Siena,siena,Siena,normalized_alias,-3.0,0.0,,0.0,pollster_registry,low,,-3.0,-3.0,-3.0,3.0,-50.0,False,6.451395090595402,1.15,7.419104354184712,,84,,,1.0,14.0,0.015625,1.2,1.000832986400162,1.1,neutral,1.0,0.0,0.0,-3.0,0.020642180344503342,0.020642180344503342,-0.06192654103351003
GA-Senate,GA,Senate,Beacon/Shaw,A,Fox News,media,,False,,,2026-06-23,2026-06-27,2026-06-25 00:00:00,96,1002,RV,Ossoff,Collins,,,56.0,43.0,0.0,0.0,1.0,Dem,56.0,43.0,13.0,13.0,99.0,1.0,0.99,13.0,Beacon/Shaw,beacon shaw,Beacon/Shaw,normalized_alias,13.0,1.5,,1.5,pollster_registry,low,,11.5,11.5,13.0,-13.0,-56.0,False,7.5367579958782915,1.1,8.290433795466122,,96,,,1.0,14.0,0.008625699325576662,1.2,1.2922847983320085,1.0,neutral,1.0,0.0,0.0,11.5,0.013376232136110453,0.013376232136110453,0.15382666956527022
IA-Senate,IA,Senate,Beacon/Shaw,A,Fox News,media,,False,,,2026-06-23,2026-07-27,2026-07-10 00:00:00,81,1003,RV,Turek,Hinson,,,50.0,46.0,0.0,0.0,4.0,Dem,50.0,46.0,4.0,4.0,96.0,4.0,0.96,4.0,Beacon/Shaw,beacon shaw,Beacon/Shaw,normalized_alias,4.0,1.5,,1.5,pollster_registry,low,,2.5,2.5,4.0,-4.0,-50.0,False,8.559506822763845,1.1,9.41545750504023,,81,,,1.0,14.0,0.018127021658752546,1.2,1.2929294902146313,1.0,neutral,1.0,0.0,0.0,2.5,0.02812435304683261,0.02812435304683261,0.07031088261708152
NH-Senate,NH,Senate,Peak Insights,B,,,R,False,R,,2026-07-09,2026-07-09,2026-07-09 00:00:00,82,400,LV,Pappas,Sununu,,,44.0,41.0,0.0,0.0,15.0,Dem,44.0,41.0,3.0,3.0,85.0,15.0,0.85,3.0,Peak Insights,peak insights,Peak Insights,normalized_alias,3.0,0.0,,0.0,pollster_registry,low,,3.0,3.0,3.0,-3.0,-44.0,False,5.357142857142857,0.95,5.0892857142857135,,82,,,1.0,14.0,0.017251398651153323,1.0,0.816496580927726,1.1,partisan,0.8,1.0,0.0,4.0,0.01239542305310133,0.01239542305310133,0.04958169221240532
NC-Senate,NC,Senate,PPP,B,,,none,False,D,,2026-07-10,2026-07-11,2026-07-10 12:00:00,80,750,LV,Cooper,Whatley,,,47.0,45.0,0.0,0.0,8.0,Dem,47.0,45.0,2.0,2.0,92.0,8.0,0.92,2.0,PPP,ppp,PPP,normalized_alias,2.0,0.0,,0.0,pollster_registry,low,,2.0,2.0,2.0,-2.0,-47.0,False,7.468943965979539,0.95,7.095496767680562,,80,,,1.0,14.0,0.019047088346944928,1.0,1.118033988749895,1.1,neutral,1.0,-0.0,0.0,2.0,0.02342482137446713,0.02342482137446713,0.04684964274893426
ME-Senate,ME,Senate,UNH,B,,,,False,,,2026-07-15,2026-07-20,2026-07-17 12:00:00,73,1178,LV,Jackson,Collins,,,49.0,46.0,0.0,0.0,5.0,Dem,49.0,46.0,3.0,3.0,95.0,5.0,0.95,3.0,UNH,unh,UNH,normalized_alias,3.0,0.0,,0.0,pollster_registry,low,,3.0,3.0,3.0,-3.0,-49.0,False,9.996700369940106,0.95,9.4968653514431,,73,,,1.0,14.0,0.02693665066396805,1.0,1.35,1.1,neutral,1.0,0.0,0.0,3.0,0.04000092623599256,0.04000092623599256,0.12000277870797768
GA-Senate,GA,Senate,Fabrizio/Ward,B+,AARP,,,False,,,2026-07-13,2026-07-16,2026-07-14 12:00:00,76,1060,LV,Ossoff,Collins,,,52.0,43.0,0.0,0.0,5.0,Dem,52.0,43.0,9.0,9.0,95.0,5.0,0.95,9.0,Fabrizio/Ward,fabrizio ward,Fabrizio Ward,normalized_alias,9.0,0.0,,0.0,pollster_registry,low,,9.0,9.0,9.0,-9.0,-52.0,False,9.214426752509269,1.0,9.214426752509269,,76,,,1.0,14.0,0.023218660767764816,1.1,1.3291601358251257,1.1,neutral,1.0,0.0,0.0,9.0,0.03734219514270936,0.03734219514270936,0.33607975628438425
MT-Senate,MT,Senate,Tavern,B,,,,False,,,2026-07-23,2026-07-27,2026-07-25 00:00:00,66,517,LV,Bankhead,Alme,Bodnar,,24.0,49.0,27.0,0.0,0.0,Rep,49.0,27.0,22.0,-25.0,100.0,0.0,1.0,-25.0,Tavern,tavern,Tavern,normalized_alias,-25.0,0.0,,0.0,pollster_registry,low,,-25.0,-25.0,-25.0,22.0,-22.0,True,7.105510625563795,0.95,6.750235094285605,,66,,,1.0,14.0,0.038094176693889856,1.0,0.9282600210429547,1.1,neutral,1.0,0.0,0.0,-25.0,0.038897431385432654,0.038897431385432654,-0.9724357846358164
TX-Sen,TX,Senate,Public Opinion Research,B,,,,False,,,2026-07-15,2026-07-17,2026-07-16 00:00:00,75,1048,LV,Talarico,Paxton,,,45.0,40.0,0.0,0.0,15.0,Dem,45.0,40.0,5.0,5.0,85.0,15.0,0.85,5.0,Public Opinion Research,public opinion research,Public Opinion Research,normalized_alias,5.0,0.0,,0.0,pollster_registry,low,,5.0,5.0,5.0,-5.0,-45.0,False,9.249379460707798,0.95,8.786910487672408,,75,,,1.0,14.0,0.024397161942365946,1.0,1.321615173439934,1.1,neutral,1.0,0.0,0.0,5.0,0.03546802535309234,0.03546802535309234,0.1773401267654617
NC-Senate,NC,Senate,Beacon Shaw,A+,Fox News,,,False,,,2026-07-23,2026-07-27,2026-07-25 00:00:00,66,1005,RV,Cooper,Whatley,,,53.0,44.0,0.0,0.0,3.0,Dem,53.0,44.0,9.0,9.0,97.0,3.0,0.97,9.0,Beacon Shaw,beacon shaw,Beacon/Shaw,normalized_alias,9.0,1.5,,1.5,pollster_registry,low,,7.5,7.5,9.0,-9.0,-53.0,False,9.9067921775921,1.15,11.392811004230913,,66,,,1.0,14.0,0.038094176693889856,1.2,1.2942179105544784,1.0,neutral,1.0,0.0,0.0,7.5,0.05916259891807108,0.05916259891807108,0.4437194918855331
TX-Senate,TX,Senate,Beacon/Shaw,A+,Fox News,media,,False,,,2026-07-23,2026-07-27,2026-07-25 00:00:00,66,1006,RV,Talarico,Paxton,,,51.0,48.0,0.0,0.0,1.0,Dem,51.0,48.0,3.0,3.0,99.0,1.0,0.99,3.0,Beacon/Shaw,beacon shaw,Beacon/Shaw,normalized_alias,3.0,1.5,,1.5,pollster_registry,low,,1.5,1.5,3.0,-3.0,-51.0,False,9.911719704471066,1.15,11.398477660141726,,66,,,1.0,14.0,0.038094176693889856,1.2,1.2948616399703354,1.0,neutral,1.0,0.0,0.0,1.5,0.059192025728603936,0.059192025728603936,0.0887880385929059
TX-Senate,TX,Senate,Wedgewood,B,,,,False,,,2026-07-30,2026-07-31,2026-07-30 12:00:00,60,800,LV,Talarico,Paxton,,,48.0,46.0,0.0,0.0,6.0,Dem,48.0,46.0,2.0,2.0,94.0,6.0,0.94,2.0,Wedgewood,wedgewood,Wedgewood,normalized_alias,2.0,0.0,,0.0,pollster_registry,low,Automatically added from manual polls; house effect pending review.,2.0,2.0,2.0,-2.0,-48.0,False,9.428090415820634,0.95,8.956685895029603,,60,,,1.0,14.0,0.05127095975047737,1.0,1.1547005383792515,1.1,neutral,1.0,0.0,0.0,2.0,0.06512286530980688,0.06512286530980688,0.13024573061961375
TX-Sen,TX,Senate,TSU,B,,media,,False,,,2026-07-27,2026-07-30,2026-07-28 12:00:00,62,1200,LV,Talarico,Paxton,"Brown, Ted",,47.0,45.0,2.0,0.0,6.0,Dem,47.0,45.0,2.0,2.0,94.0,6.0,0.94,2.0,TSU,tsu,TSU,normalized_alias,2.0,0.0,,0.0,pollster_registry,low,Automatically added from manual polls; house effect pending review.,2.0,2.0,2.0,-2.0,-45.0,False,11.295983527623113,0.95,10.731184351241955,,62,,,1.0,14.0,0.04643732153552963,1.0,1.35,1.1,neutral,1.0,0.0,0.0,2.0,0.06895942248026152,0.06895942248026152,0.13791884496052303
MI-Senate,MI,Senate,EPIC-MRA,A-,,,,False,,,2026-07-24,2026-08-31,2026-08-12 00:00:00,48,600,LV,El-Sayed,Rogers,,,43.0,46.0,0.0,0.0,11.0,Rep,46.0,43.0,3.0,-3.0,89.0,11.0,0.89,-3.0,EPIC-MRA,epic mra,EPIC-MRA,normalized_alias,-3.0,0.0,,0.0,pollster_registry,low,Automatically added from manual polls; house effect pending review.,-3.0,-3.0,-3.0,3.0,-46.0,False,9.421114395319917,1.05,9.89217011508591,,48,,,1.0,14.0,0.09287464307105929,1.1,1.0,1.1,neutral,1.0,0.0,0.0,-3.0,0.11237831811598176,0.11237831811598176,-0.33713495434794527
MI-Senate,MI,Senate,MIRS/Mitchell Research,B,,,,False,,,2026-07-28,2026-07-29,2026-07-28 12:00:00,62,672,LV,El-Sayed,Rogers,,,45.0,45.0,0.0,0.0,10.0,Dem,45.0,45.0,0.0,0.0,90.0,10.0,0.9,0.0,MIRS/Mitchell Research,mirs mitchell research,MIRS/Mitchell Research,normalized_alias,0.0,0.0,,0.0,pollster_registry,low,Automatically added from manual polls; house effect pending review.,0.0,0.0,0.0,0.0,-45.0,False,8.453140041401557,0.95,8.030483039331479,,62,,,1.0,14.0,0.04643732153552963,1.0,1.0583005244258363,1.1,neutral,1.0,0.0,0.0,0.0,0.05405910590738042,0.05405910590738042,0.0
MI-Senate,MI,Senate,Quantus Insights,B,,,,False,,,2026-06-29,2026-06-30,2026-06-29 12:00:00,91,947,LV,El-Sayed,Rogers,,,45.0,44.0,0.0,0.0,11.0,Dem,45.0,44.0,1.0,1.0,89.0,11.0,0.89,1.0,Quantus Insights,quantus insights,Quantus Insights,normalized_alias,1.0,0.0,,0.0,pollster_registry,low,,1.0,1.0,1.0,-1.0,-45.0,False,7.62975994384915,0.95,7.2482719466566925,,91,,,1.0,14.0,0.011048543456039806,1.0,1.256317369669517,1.1,neutral,1.0,0.0,0.0,1.0,0.01526852475870841,0.01526852475870841,0.01526852475870841
AR-Senate,AR,Senate,Strategy Group,B,Shoffner,,,False,,,2026-07-17,2026-07-25,2026-07-21 00:00:00,70,586,LV,Shoffner,Cotton,,,43.0,46.0,0.0,0.0,0.0,Rep,46.0,43.0,3.0,-3.0,89.0,0.0,0.89,-3.0,Strategy Group,strategy group,Strategy Group,normalized_alias,-3.0,0.0,,0.0,pollster_registry,low,Automatically added from manual polls; house effect pending review.,-3.0,-3.0,-3.0,3.0,-46.0,False,7.262231062146123,0.95,6.899119509038816,,70,,,1.0,14.0,0.03125,1.0,0.9882644720249062,1.1,neutral,1.0,0.0,0.0,-3.0,0.033971591225856156,0.033971591225856156,-0.10191477367756846
AR-Senate,AR,Senate,Strategy Group,B,Shoffner,campaign,D,False,D,,2026-07-17,2026-07-25,2026-07-21 00:00:00,70,586,LV,Shoffner,Cotton,,,41.75,47.25,0.0,0.0,12.0,Rep,47.25,41.75,5.5,-5.5,89.0,12.0,0.89,-5.5,Strategy Group,strategy group,Strategy Group,normalized_alias,-5.5,0.0,,0.0,pollster_registry,low,Automatically added from manual polls; house effect pending review.,-5.5,-5.5,-5.5,5.5,-47.25,False,7.262231062146123,0.95,6.899119509038816,,70,,,1.0,14.0,0.03125,1.0,0.9882644720249062,1.1,internal,0.65,-1.5,0.0,-7.0,0.022081534296806503,0.022081534296806503,-0.1545707400776455
SD-Sen,SD,Senate,Public Opinion Strategies,B,,party,R,False,R,,2026-07-06,2026-07-09,2026-07-07 12:00:00,83,500,LV,,Rounds,Bengs,,1.25,54.75,33.0,0.0,11.0,Rep,54.75,33.0,21.75,-53.5,89.0,11.0,0.89,-53.5,Public Opinion Strategies,public opinion strategies,Public Opinion Strategies,normalized_alias,-53.5,0.0,,0.0,pollster_registry,low,,-53.5,-53.5,-53.5,21.75,-21.75,True,5.936463657079088,0.95,5.639640474225133,,83,,,1.0,14.0,0.01641807247895655,1.0,0.9128709291752769,1.1,partisan,0.8,1.0,0.0,-52.5,0.013189071349636256,0.013189071349636256,-0.6924262458559034
IA-Senate,IA,Senate,Emerson,A-,NXST Media Group,media,,False,,,2026-08-02,2026-08-04,2026-08-03 00:00:00,57,712,LV,Turek,Hinson,,,45.0,48.0,0.0,0.0,6.0,Rep,48.0,45.0,3.0,-3.0,93.0,6.0,0.93,-3.0,Emerson,emerson,Emerson,normalized_alias,-3.0,0.0,,0.0,pollster_registry,low,Automatically added from manual polls; house effect pending review.,-3.0,-3.0,-3.0,3.0,-48.0,False,9.201147630431954,1.05,9.661205011953552,,57,,,1.0,14.0,0.05948094706316374,1.1,1.0893423092245462,1.1,neutral,1.0,0.0,0.0,-3.0,0.07840208579666623,0.07840208579666623,-0.23520625738999867
ME-Senate,ME,Senate,Hart,B,House Majority PAC,super PAC,D,False,D,,2026-07-27,2026-08-01,2026-07-29 12:00:00,61,802,LV,Jackson,Collins,,,48.0,46.0,0.0,0.0,6.0,Dem,48.0,46.0,2.0,2.0,94.0,6.0,0.94,2.0,Hart,hart,Hart,normalized_alias,2.0,0.0,,0.0,pollster_registry,low,Automatically added from manual polls; house effect pending review.,2.0,2.0,2.0,-2.0,-48.0,False,9.3361333572569,0.95,8.869326689394054,,61,,,1.0,14.0,0.04879432388473189,1.0,1.1561430130683084,1.1,partisan,0.8,-1.0,0.0,1.0,0.049643630640317876,0.049643630640317876,0.049643630640317876
NC-Senate,NC,Senate,Change Research,B,,,,False,D,,2026-07-29,2026-08-01,2026-07-30 12:00:00,60,967,RV,Cooper,Whatley,,,49.0,42.0,0.0,0.0,9.0,Dem,49.0,42.0,7.0,7.0,91.0,9.0,0.91,7.0,Change Research,change research,Change Research,normalized_alias,7.0,0.0,,0.0,pollster_registry,low,,7.0,7.0,7.0,-7.0,-49.0,False,10.365541203644142,0.95,9.847264143461937,,60,,,1.0,14.0,0.05127095975047737,1.0,1.2695143428361362,1.0,neutral,1.0,-0.0,0.0,7.0,0.06508921877420527,0.06508921877420527,0.45562453141943693
TX-Senate,TX,Senate,Texas Pulse,B,TX Bush School,,,False,,,2026-08-07,2026-08-07,2026-08-07 00:00:00,53,619,LV,Talarico,Paxton,,,47.0,43.0,0.0,0.0,10.0,Dem,47.0,43.0,4.0,4.0,90.0,10.0,0.9,4.0,Texas Pulse,texas pulse,Texas Pulse,normalized_alias,4.0,0.0,,0.0,pollster_registry,low,Automatically added from manual polls; house effect pending review.,4.0,4.0,4.0,-4.0,-47.0,False,8.992666485270888,0.95,8.543033161007344,,53,,,1.0,14.0,0.07250808663501018,1.0,1.0157099323461727,1.1,neutral,1.0,0.0,0.0,4.0,0.08101190214765629,0.08101190214765629,0.32404760859062515
KS-Senate,KS,Senate,GBAO,B,Hamilton,campaign,D,True,D,,2026-07-08,2026-07-13,2026-07-10 12:00:00,80,600,LV,Hamilton,Marshall,,,41.75,48.25,0.0,0.0,10.0,Rep,48.25,41.75,6.5,-6.5,90.0,10.0,0.9,-6.5,GBAO,gbao,GBAO,normalized_alias,-6.5,0.0,,0.0,pollster_registry,low,Automatically added from manual polls; house effect pending review.,-6.5,-6.5,-6.5,6.5,-48.25,False,6.68042657122685,0.95,6.346405242665507,,80,,,1.0,14.0,0.019047088346944928,1.0,1.0,1.1,internal,0.65,-1.5,0.0,-8.0,0.013618668168065626,0.013618668168065626,-0.10894934534452501
NC-Senate,NC,Senate,Change Research,B,,,,False,D,,2026-08-03,2026-08-06,2026-08-04 12:00:00,55,915,LV,Cooper,Whatley,,,49.0,44.0,0.0,7.0,0.0,Dem,49.0,44.0,5.0,5.0,100.0,0.0,1.0,5.0,Change Research,change research,Change Research,normalized_alias,5.0,0.0,,0.0,pollster_registry,low,,5.0,5.0,5.0,-5.0,-49.0,False,10.676105973355888,0.95,10.142300674688093,,55,,,1.0,14.0,0.06567228991582623,1.0,1.2349089035228469,1.1,neutral,1.0,-0.0,0.0,5.0,0.08920922508496623,0.08920922508496623,0.44604612542483113
AK-Senate,AK,Senate,Alaska Survey Research,B,,,,False,,,2026-08-02,2026-08-05,2026-08-03 12:00:00,56,1371,LV,Peltola,Sullivan,,,50.8,49.2,0.0,0.0,0.0,Dem,50.8,49.2,1.5999999999999943,1.5999999999999943,100.0,0.0,1.0,1.5999999999999943,Alaska Survey Research,alaska survey research,Alaska Survey Research,normalized_alias,1.5999999999999943,0.0,,0.0,pollster_registry,low,,1.5999999999999943,1.5999999999999943,1.5999999999999943,-1.5999999999999943,-50.8,False,12.916401335981591,0.95,12.270581269182513,,56,,,1.0,14.0,0.0625,1.0,1.35,1.1,neutral,1.0,0.0,0.0,1.5999999999999943,0.09281250000000002,0.09281250000000002,0.1484999999999995
KS-Senate,KS,Senate,PPP,B-,,super PAC,D,False,D,,2026-08-07,2026-08-08,2026-08-07 12:00:00,52,569,LV,Hamilton,Marshall,,,44.0,47.0,0.0,0.0,9.0,Rep,47.0,44.0,3.0,-3.0,91.0,9.0,0.91,-3.0,PPP,ppp,PPP,normalized_alias,-3.0,0.0,,0.0,pollster_registry,low,,-3.0,-3.0,-3.0,3.0,-47.0,False,8.726971055031632,0.9,7.854273949528468,,52,,,1.0,14.0,0.07618835338777971,1.0,0.9738240771994361,1.1,partisan,0.8,-1.0,0.0,-4.0,0.06529076657945523,0.06529076657945523,-0.26116306631782094
NC-Senate,NC,Senate,YouGov,B,Elon,,,False,,,2026-07-23,2026-07-31,2026-07-27 00:00:00,64,800,LV,Cooper,Whatley,,,53.0,42.0,2.0,1.0,2.0,Dem,53.0,42.0,11.0,11.0,98.0,2.0,0.98,11.0,YouGov,yougov,YouGov,normalized_alias,11.0,0.0,,0.0,pollster_registry,low,,11.0,11.0,11.0,-11.0,-51.0,False,9.026895078977203,0.95,8.575550325028342,,64,,,1.0,14.0,0.04205938101976114,1.0,1.1547005383792515,1.1,neutral,1.0,0.0,0.0,11.0,0.05342258889815789,0.05342258889815789,0.5876484778797367
OH-Senate,OH,Senate,Tulchin,B,Kulewicz ,campaign,D,False,D,,2026-07-29,2026-08-04,2026-08-01 00:00:00,59,800,LV,Brown,Husted,,,45.75,44.25,4.0,2.0,4.0,Dem,45.75,44.25,1.5,1.5,96.0,4.0,0.96,1.5,Tulchin,tulchin,Tulchin,normalized_alias,1.5,0.0,,0.0,pollster_registry,low,,1.5,1.5,1.5,-1.5,-41.75,False,9.534024015998394,0.95,9.057322815198471,,59,,,1.0,14.0,0.0538733013279361,1.0,1.1547005383792515,1.1,internal,0.65,-1.5,0.0,0.0,0.04447838398405936,0.04447838398405936,0.0
ME-Senatre,ME,Senate,Beacon/Shaw,A,Fox News,media,,False,,,2026-08-06,2026-08-10,2026-08-08 00:00:00,52,1000,RV,Jackson,Collins,,,48.0,46.0,1.0,0.0,4.0,Dem,48.0,46.0,2.0,2.0,95.0,4.0,0.95,2.0,Beacon/Shaw,beacon shaw,Beacon/Shaw,normalized_alias,2.0,1.5,,1.5,pollster_registry,low,,0.5,0.5,2.0,-2.0,-47.0,False,11.569308512811144,1.1,12.72623936409226,,52,,,1.0,14.0,0.07618835338777971,1.2,1.2909944487358056,1.0,neutral,1.0,0.0,0.0,0.5,0.11803048953833449,0.11803048953833449,0.059015244769167245
TX-Senate,TX,Senate,Emerson,A,,,,False,,,2026-08-09,2026-08-10,2026-08-09 12:00:00,50,1000,LV,Talarico,Paxton,,,46.0,47.0,2.0,0.0,5.0,Rep,47.0,46.0,1.0,-1.0,95.0,5.0,0.95,-1.0,Emerson,emerson,Emerson,normalized_alias,-1.0,0.0,,0.0,pollster_registry,low,Automatically added from manual polls; house effect pending review.,-1.0,-1.0,-1.0,1.0,-45.0,False,11.858541225631422,1.1,13.044395348194564,,50,,,1.0,14.0,0.08411876203952225,1.2,1.2909944487358056,1.1,neutral,1.0,0.0,0.0,-1.0,0.1433478483723679,0.1433478483723679,-0.1433478483723679
MI-Senate,MI,Senate,Beacon/Shaw,A,Fox News,,,False,,,2026-08-06,2026-08-10,2026-08-08 00:00:00,52,1006,RV,El Sayed,Rogers,,,47.0,51.0,0.0,0.0,2.0,Rep,51.0,47.0,4.0,-4.0,98.0,2.0,0.98,-4.0,Beacon/Shaw,beacon shaw,Beacon/Shaw,normalized_alias,-4.0,1.5,,1.5,pollster_registry,low,,-5.5,-5.5,-4.0,4.0,-51.0,False,11.603964532063689,1.1,12.764360985270056,,52,,,1.0,14.0,0.07618835338777971,1.2,1.2948616399703354,1.0,neutral,1.0,0.0,0.0,-5.5,0.11838405145720787,0.11838405145720787,-0.6511122830146433
OH-Senate,OH,Senate,Beacon/Shaw,A,Fox News,,,False,,,2026-08-06,2026-08-10,2026-08-08 00:00:00,52,1008,RV,Brown,Husted,,,53.0,45.0,0.0,0.0,2.0,Dem,53.0,45.0,8.0,8.0,98.0,2.0,0.98,8.0,Beacon/Shaw,beacon shaw,Beacon/Shaw,normalized_alias,8.0,1.5,,1.5,pollster_registry,low,,6.5,6.5,8.0,-8.0,-53.0,False,11.615493560771371,1.1,12.777042916848512,,52,,,1.0,14.0,0.07618835338777971,1.2,1.296148139681572,1.0,neutral,1.0,0.0,0.0,6.5,0.11850167101076743,0.11850167101076743,0.7702608615699883
NC-Senate,NC,Senate,Carolina Journal/Harper,B,,,,False,,,2026-08-13,2026-08-13,2026-08-13 00:00:00,47,600,LV,Cooper,Whatley,,,52.0,39.0,0.0,0.0,9.0,Dem,52.0,39.0,13.0,13.0,91.0,9.0,0.91,13.0,Carolina Journal/Harper,carolina journal harper,Carolina Journal/Harper,normalized_alias,13.0,0.0,,0.0,pollster_registry,low,Automatically added from manual polls; house effect pending review.,13.0,13.0,13.0,-13.0,-52.0,False,9.543466530324071,0.95,9.066293203807868,,47,,,1.0,14.0,0.09758864776946376,1.0,1.0,1.1,neutral,1.0,0.0,0.0,13.0,0.10734751254641015,0.10734751254641015,1.395517663103332
OH-Sen,OH,Senate,Wedgewood,B,,,,False,,,2026-08-11,2026-08-13,2026-08-12 00:00:00,48,800,LV,Brown,Husted,,,48.0,44.0,0.0,0.0,8.0,Dem,48.0,44.0,4.0,4.0,92.0,8.0,0.92,4.0,Wedgewood,wedgewood,Wedgewood,normalized_alias,4.0,0.0,,0.0,pollster_registry,low,Automatically added from manual polls; house effect pending review.,4.0,4.0,4.0,-4.0,-48.0,False,10.878565864408424,0.95,10.334637571188004,,48,,,1.0,14.0,0.09287464307105929,1.0,1.1547005383792515,1.1,neutral,1.0,0.0,0.0,4.0,0.11796664039152628,0.11796664039152628,0.4718665615661051
MI-Sen,MI,Senate,GBAO,B,,,D,False,D,,2026-08-06,2026-08-10,2026-08-08 00:00:00,52,800,LV,El-Sayed,Rogers,,,49.0,45.0,0.0,0.0,6.0,Dem,49.0,45.0,4.0,4.0,94.0,6.0,0.94,4.0,GBAO,gbao,GBAO,normalized_alias,4.0,0.0,,0.0,pollster_registry,low,Automatically added from manual polls; house effect pending review.,4.0,4.0,4.0,-4.0,-49.0,False,10.347904114925086,0.95,9.830508909178832,,52,,,1.0,14.0,0.07618835338777971,1.0,1.1547005383792515,1.1,partisan,0.8,-1.0,0.0,3.0,0.07741776475408615,0.07741776475408615,0.23225329426225846
AK-Senate,AK,Senate,Data for Progress,B-,,,,False,D,,2026-07-28,2026-08-04,2026-07-31 12:00:00,59,567,LV,Peltola,Sullivan,,,52.0,48.0,0.0,0.0,0.0,Dem,52.0,48.0,4.0,4.0,100.0,0.0,1.0,4.0,Data for Progress,data for progress,Data for Progress,normalized_alias,4.0,0.0,,0.0,pollster_registry,low,Automatically added from manual polls; house effect pending review.,4.0,4.0,4.0,-4.0,-52.0,False,8.026436561656624,0.9,7.223792905490962,,59,,,1.0,14.0,0.0538733013279361,1.0,0.972111104761179,1.1,neutral,1.0,-0.0,0.0,4.0,0.05760791791813505,0.05760791791813505,0.2304316716725402
GA-Senate,GA,Senate,Insider Advantage,B+,,,,False,,,2026-08-16,2026-08-17,2026-08-16 12:00:00,43,800,LV,Ossoff,Collins,,,50.1,42.6,0.0,0.0,0.0,Dem,50.1,42.6,7.5,7.5,92.7,0.0,0.927,7.5,Insider Advantage,insider advantage,Insider Advantage,normalized_alias,7.5,0.0,,0.0,pollster_registry,low,Automatically added from manual polls; house effect pending review.,7.5,7.5,7.5,-7.5,-50.1,False,11.6236731153953,1.0,11.6236731153953,,43,,,1.0,14.0,0.11896189412632743,1.1,1.1547005383792515,1.1,neutral,1.0,0.0,0.0,7.5,0.16621208946508584,0.16621208946508584,1.2465906709881438
MI-Senate,MI,Senate,TIPP,A-,,,,False,,,2026-08-06,2026-08-10,2026-08-08 00:00:00,52,1215,LV,El-Sayed,Rogers,,,45.4,42.3,0.0,0.0,0.0,Dem,45.4,42.3,3.1000000000000014,3.1000000000000014,87.69999999999999,0.0,0.8769999999999999,3.1000000000000014,TIPP,tipp,TIPP,normalized_alias,3.1000000000000014,0.0,,0.0,pollster_registry,low,Automatically added from manual polls; house effect pending review.,3.1000000000000014,3.1000000000000014,3.1000000000000014,-3.1000000000000014,-45.4,False,12.75250613995125,1.05,13.390131446948812,,52,,,1.0,14.0,0.07618835338777971,1.1,1.35,1.1,neutral,1.0,0.0,0.0,3.1000000000000014,0.12445367525893819,0.12445367525893819,0.38580639330270855
MN-Senate,MN,Senate,SurveyUSA,A,,,,False,,,2026-08-13,2026-08-17,2026-08-15 00:00:00,45,661,LV,Flanagan,Tafoya,,,46.0,41.0,0.0,0.0,13.0,Dem,46.0,41.0,5.0,5.0,87.0,13.0,0.87,5.0,SurveyUSA,surveyusa,SurveyUSA,normalized_alias,5.0,0.0,,0.0,pollster_registry,low,Automatically added from manual polls; house effect pending review.,5.0,5.0,5.0,-5.0,-46.0,False,10.283968105745952,1.1,11.312364916320549,,45,,,1.0,14.0,0.1077466026558722,1.2,1.0496030995889192,1.1,neutral,1.0,0.0,0.0,5.0,0.14928034191546846,0.14928034191546846,0.7464017095773423
MI-Senate,MI,Senate,Susquehanna,A,,,,False,,,2026-08-11,2026-08-17,2026-08-14 00:00:00,46,800,LV,,,,,46.4,39.0,0.0,0.0,0.0,Dem,46.4,39.0,7.399999999999999,7.399999999999999,85.4,0.0,0.8540000000000001,7.399999999999999,Susquehanna,susquehanna,Susquehanna,normalized_alias,7.399999999999999,0.0,,0.0,pollster_registry,low,Automatically added from manual polls; house effect pending review.,7.399999999999999,7.399999999999999,7.399999999999999,-7.399999999999999,-46.4,False,11.164843913471804,1.1,12.281328304818986,,46,,,1.0,14.0,0.10254191950095475,1.2,1.1547005383792515,1.1,neutral,1.0,0.0,0.0,7.399999999999999,0.15629487674353648,0.15629487674353648,1.1565820879021698
ID-Senate,ID,Senate,Bullfinch,B,,,,False,,,2026-08-20,2026-08-20,2026-08-20 00:00:00,40,600,LV,,Risch,Achilles,,0.0,33.0,38.0,0.0,29.0,Ind,38.0,33.0,5.0,-33.0,71.0,29.0,0.71,-33.0,Bullfinch,bullfinch,Bullfinch,normalized_alias,-33.0,0.0,,0.0,pollster_registry,low,Automatically added from manual polls; house effect pending review.,-33.0,-33.0,-38.0,-5.0,5.0,True,10.49781318335648,0.95,9.972922524188654,,40,,,1.0,14.0,0.13801118920922653,1.0,1.0,1.1,neutral,1.0,0.0,0.0,-33.0,0.1518123081301492,0.1518123081301492,-5.009806168294924
MI-Senate,MI,Senate,Fabrizio,A-,AARP,,,False,,,2026-08-09,2026-08-11,2026-08-10 00:00:00,50,800,LV,,,,,48.0,47.0,0.0,0.0,5.0,Dem,48.0,47.0,1.0,1.0,95.0,5.0,0.95,1.0,Fabrizio,fabrizio,Fabrizio,normalized_alias,1.0,0.0,,0.0,pollster_registry,low,Automatically added from manual polls; house effect pending review.,1.0,1.0,1.0,-1.0,-48.0,False,10.606601717798211,1.05,11.136931803688125,,50,,,1.0,14.0,0.08411876203952225,1.1,1.1547005383792515,1.1,neutral,1.0,0.0,0.0,1.0,0.11752969557594732,0.11752969557594732,0.11752969557594732
MN-Senate,MN,Senate,Deep Root,B,,,R,False,R,,2026-08-17,2026-08-18,2026-08-17 12:00:00,42,597,RV,Flanagan,Tafoya,,,51.0,44.0,0.0,0.0,5.0,Dem,51.0,44.0,7.0,7.0,95.0,5.0,0.95,7.0,Deep Root,deep root,Deep Root,normalized_alias,7.0,0.0,,0.0,pollster_registry,low,Automatically added from manual polls; house effect pending review.,7.0,7.0,7.0,-7.0,-51.0,False,10.180659769058847,0.95,9.671626780605903,,42,,,1.0,14.0,0.125,1.0,0.9974968671630001,1.0,partisan,0.8,1.0,0.0,8.0,0.09974968671630002,0.09974968671630002,0.7979974937304002
NC-Senate,NC,Senate,High Point,B-,,,,False,,,2026-08-03,2026-08-12,2026-08-07 12:00:00,52,660,LV,Cooper,Whatley,,,50.0,45.0,0.0,0.0,5.0,Dem,50.0,45.0,5.0,5.0,95.0,5.0,0.95,5.0,High Point,high point,High Point,normalized_alias,5.0,0.0,,0.0,pollster_registry,low,Automatically added from manual polls; house effect pending review.,5.0,5.0,5.0,-5.0,-50.0,False,9.398950667315948,0.9,8.459055600584353,,52,,,1.0,14.0,0.07618835338777971,1.0,1.0488088481701516,1.1,neutral,1.0,0.0,0.0,5.0,0.0878977210766795,0.0878977210766795,0.43948860538339746
TX-Senate,TX,Senate,UT,B,YouGov,,,False,,,2026-08-25,2026-08-25,2026-08-25 00:00:00,35,800,LV,Talarico,Paxton,,,42.0,39.0,3.0,1.0,14.0,Dem,42.0,39.0,3.0,3.0,85.0,14.0,0.85,3.0,UT,ut,UT,normalized_alias,3.0,0.0,,0.0,pollster_registry,low,Automatically added from manual polls; house effect pending review.,3.0,3.0,3.0,-3.0,-39.0,False,13.054279037290106,0.95,12.4015650854256,,35,,,1.0,14.0,0.1767766952966369,1.0,1.1547005383792515,1.1,neutral,1.0,0.0,0.0,3.0,0.22453655975512468,0.22453655975512468,0.6736096792653741
IA-Senate,IA,Senate,Suffolk,A,,,,False,,,2026-08-20,2026-08-23,2026-08-21 12:00:00,38,500,LV,Turek,Hinson,,,41.0,45.0,0.0,4.0,9.0,Rep,45.0,41.0,4.0,-4.0,90.0,9.0,0.9,-4.0,Suffolk,suffolk,Suffolk,normalized_alias,-4.0,0.0,,0.0,pollster_registry,low,,-4.0,-4.0,-4.0,4.0,-45.0,False,9.865005783087309,1.1,10.85150636139604,,38,,,1.0,14.0,0.15237670677555942,1.2,0.9128709291752769,1.1,neutral,1.0,0.0,0.0,-4.0,0.1836123509865132,0.1836123509865132,-0.7344494039460528
NE-Senate,NE,Senate,Impact Research,B,Osborn,campaign,D,True,D,,2026-08-09,2026-08-13,2026-08-11 00:00:00,49,600,LV,Osborn,Ricketts,,,45.75,48.25,0.0,0.0,6.0,Rep,48.25,45.75,2.5,-2.5,94.0,6.0,0.94,-2.5,Impact Research,impact research,Impact Research,normalized_alias,-2.5,0.0,,0.0,pollster_registry,low,Automatically added from manual polls; house effect pending review.,-2.5,-2.5,-2.5,2.5,-48.25,False,9.30185978272093,0.95,8.836766793584884,,49,,,1.0,14.0,0.08838834764831845,1.0,1.0,1.1,internal,0.65,-1.5,0.0,-4.0,0.0631976685685477,0.0631976685685477,-0.2527906742741908
TX-Senate,TX,Senate,Texas Public Opinion Research,B,,,,False,,,2026-08-21,2026-08-24,2026-08-22 12:00:00,37,1000,LV,Talarico,Paxton,,,48.0,42.0,0.0,0.0,10.0,Dem,48.0,42.0,6.0,6.0,90.0,10.0,0.9,6.0,Texas Public Opinion Research,texas public opinion research,Texas Public Opinion Research,normalized_alias,6.0,0.0,,0.0,pollster_registry,low,Automatically added from manual polls; house effect pending review.,6.0,6.0,6.0,-6.0,-48.0,False,14.15945220970916,0.95,13.4514795992237,,37,,,1.0,14.0,0.16011083622053407,1.0,1.2909944487358056,1.1,neutral,1.0,0.0,0.0,6.0,0.22737242081747297,0.22737242081747297,1.3642345249048378
SD-Senate,SD,Senate,Impact Researxh,B,Bengs,campaign,D,False,D,,2026-08-13,2026-08-17,2026-08-15 00:00:00,45,500,LV,Bengs (I),Rounds,,,42.75,5.25,0.0,0.0,12.0,Dem,42.75,5.25,37.5,37.5,48.0,12.0,0.5,37.5,Impact Researxh,impact researxh,Impact Researxh,normalized_alias,37.5,0.0,,0.0,pollster_registry,low,Automatically added from manual polls; house effect pending review.,37.5,37.5,37.5,-37.5,-42.75,False,8.94427190999916,0.95,8.497058314499201,,45,,,1.0,14.0,0.1077466026558722,1.0,0.9128709291752769,1.1,internal,0.65,-1.5,0.0,36.0,0.07032650001659098,0.015387480570136301,0.5539493005249069
MS-Senate,MS,Senate,Data for Progress,B,,,D,False,D,,2026-08-05,2026-08-15,2026-08-10 00:00:00,50,1018,LV,Colom,Hyde-Smith,,,37.0,45.0,7.0,0.0,0.0,Rep,45.0,37.0,8.0,-8.0,89.0,0.0,0.89,-8.0,Data for Progress,data for progress,Data for Progress,normalized_alias,-8.0,0.0,,0.0,pollster_registry,low,Automatically added from manual polls; house effect pending review.,-8.0,-8.0,-8.0,8.0,-38.0,False,11.964792100157862,0.95,11.366552495149968,,50,,,1.0,14.0,0.08411876203952225,1.0,1.3025615788386615,1.1,partisan,0.8,-1.0,0.0,-9.0,0.09642148339309532,0.09642148339309532,-0.8677933505378579
MI-Senate,MI,Senate,EPIC-MRA,A-,,,,False,,,2026-08-22,2026-08-28,2026-08-25 00:00:00,35,600,LV,El-Sayed,Rogers,,,47.0,43.0,0.0,0.0,10.0,Dem,47.0,43.0,4.0,4.0,90.0,10.0,0.9,4.0,EPIC-MRA,epic mra,EPIC-MRA,normalized_alias,4.0,0.0,,0.0,pollster_registry,low,Automatically added from manual polls; house effect pending review.,4.0,4.0,4.0,-4.0,-47.0,False,11.305337274383897,1.05,11.870604138103092,,35,,,1.0,14.0,0.1767766952966369,1.1,1.0,1.1,neutral,1.0,0.0,0.0,4.0,0.2138998013089307,0.2138998013089307,0.8555992052357227
IA-Senate,IA,Senate,Abacus,C,,,,False,,,2026-08-26,2026-08-28,2026-08-27 00:00:00,33,300,LV,Turek,Hinson,,,54.0,45.0,0.0,0.0,1.0,Dem,54.0,45.0,9.0,9.0,99.0,1.0,0.99,9.0,Abacus,abacus,Abacus,normalized_alias,9.0,0.0,,0.0,pollster_registry,low,Automatically added from manual polls; house effect pending review.,9.0,9.0,9.0,-9.0,-54.0,False,8.247860988423225,0.7,5.773502691896257,,33,,,1.0,14.0,0.19517729553892751,0.85,0.7071067811865476,1.1,neutral,1.0,0.0,0.0,9.0,0.12904046191062682,0.12904046191062682,1.1613641571956415
ME-Senate,ME,Senate,Abacus,C,,,,False,,,2026-08-26,2026-08-28,2026-08-27 00:00:00,33,300,LV,Jackson,Collins,,,52.0,43.0,0.0,0.0,5.0,Dem,52.0,43.0,9.0,9.0,95.0,5.0,0.95,9.0,Abacus,abacus,Abacus,normalized_alias,9.0,0.0,,0.0,pollster_registry,low,Automatically added from manual polls; house effect pending review.,9.0,9.0,9.0,-9.0,-52.0,False,8.247860988423225,0.7,5.773502691896257,,33,,,1.0,14.0,0.19517729553892751,0.85,0.7071067811865476,1.1,neutral,1.0,0.0,0.0,9.0,0.12904046191062682,0.12904046191062682,1.1613641571956415
MI-Senate,MI,Senate,Abacus,C,,,,False,,,2026-08-26,2026-08-28,2026-08-27 00:00:00,33,300,LV,El-Sayed,Rogers,,,49.0,45.0,0.0,0.0,6.0,Dem,49.0,45.0,4.0,4.0,94.0,6.0,0.94,4.0,Abacus,abacus,Abacus,normalized_alias,4.0,0.0,,0.0,pollster_registry,low,Automatically added from manual polls; house effect pending review.,4.0,4.0,4.0,-4.0,-49.0,False,8.247860988423225,0.7,5.773502691896257,,33,,,1.0,14.0,0.19517729553892751,0.85,0.7071067811865476,1.1,neutral,1.0,0.0,0.0,4.0,0.12904046191062682,0.12904046191062682,0.5161618476425073
OH-Senate,OH,Senate,Abacus,C,,,,False,,,2026-08-26,2026-08-28,2026-08-27 00:00:00,33,300,LV,Brown,Husted,,,52.0,46.0,0.0,0.0,2.0,Dem,52.0,46.0,6.0,6.0,98.0,2.0,0.98,6.0,Abacus,abacus,Abacus,normalized_alias,6.0,0.0,,0.0,pollster_registry,low,Automatically added from manual polls; house effect pending review.,6.0,6.0,6.0,-6.0,-52.0,False,8.247860988423225,0.7,5.773502691896257,,33,,,1.0,14.0,0.19517729553892751,0.85,0.7071067811865476,1.1,neutral,1.0,0.0,0.0,6.0,0.12904046191062682,0.12904046191062682,0.774242771463761
SC-Senate,SC,Senate,Abacus,C,,,,False,,,2026-08-26,2026-08-28,2026-08-27 00:00:00,33,300,LV,Andrews,Graham,,,42.0,55.0,0.0,0.0,3.0,Rep,55.0,42.0,13.0,-13.0,97.0,3.0,0.97,-13.0,Abacus,abacus,Abacus,normalized_alias,-13.0,0.0,,0.0,pollster_registry,low,Automatically added from manual polls; house effect pending review.,-13.0,-13.0,-13.0,13.0,-55.0,False,8.247860988423225,0.7,5.773502691896257,,33,,,1.0,14.0,0.19517729553892751,0.85,0.7071067811865476,1.1,neutral,1.0,0.0,0.0,-13.0,0.12904046191062682,0.12904046191062682,-1.6775260048381486
SC-Senate,SC,Senate,Impact Research,B,,,D,False,D,,2026-08-14,2026-09-22,2026-09-02 12:00:00,26,900,LV,Andrews,Graham,,,41.0,40.0,6.0,0.0,13.0,Dem,41.0,40.0,1.0,1.0,87.0,13.0,0.87,1.0,Impact Research,impact research,Impact Research,normalized_alias,1.0,0.0,,0.0,pollster_registry,low,Automatically added from manual polls; house effect pending review.,1.0,1.0,1.0,-1.0,-35.0,False,16.07142857142857,0.95,15.26785714285714,,26,,,1.0,14.0,0.27602237841845306,1.0,1.224744871391589,1.1,partisan,0.8,-1.0,0.0,0.0,0.2974901532744318,0.2974901532744318,0.0
MI-Senate,MI,Senate,Michigan State,A-,,,,False,,,2026-09-01,2026-09-01,2026-09-01 00:00:00,28,1000,LV,El-Sayed,Rogers,,,50.0,45.0,0.0,0.0,5.0,Dem,50.0,45.0,5.0,5.0,95.0,5.0,0.95,5.0,Michigan State,michigan state,Michigan State,normalized_alias,5.0,0.0,,0.0,pollster_registry,low,Automatically added from manual polls; house effect pending review.,5.0,5.0,5.0,-5.0,-50.0,False,16.356608587077822,1.05,17.174439016431716,,28,,,1.0,14.0,0.25,1.1,1.2909944487358056,1.1,neutral,1.0,0.0,0.0,5.0,0.39052582074258124,0.39052582074258124,1.9526291037129062
NM-Senate,NM,Senate,Research and Polling Inc.,A,,,,False,,,2026-08-21,2026-08-28,2026-08-24 12:00:00,35,516,LV,Lujan,Marker,,,53.0,38.0,0.0,0.0,9.0,Dem,53.0,38.0,15.0,15.0,91.0,9.0,0.91,15.0,Research and Polling Inc.,research and polling inc,Research and Polling Inc.,normalized_alias,15.0,0.0,,0.0,pollster_registry,low,Automatically added from manual polls; house effect pending review.,15.0,15.0,15.0,-15.0,-53.0,False,10.48413848455435,1.1,11.532552333009786,,35,,,1.0,14.0,0.1767766952966369,1.2,0.9273618495495703,1.1,neutral,1.0,0.0,0.0,15.0,0.21639547130196604,0.21639547130196604,3.2459320695294904
TX-Senate,TX,Senate,Overton Insights/Texas Policy Foundation,B,,,,False,,,2026-08-31,2026-09-01,2026-08-31 12:00:00,28,1167,LV,Talarico,Paxton,,,44.0,43.4,0.0,0.0,0.0,Dem,44.0,43.4,0.6000000000000014,0.6000000000000014,87.4,0.0,0.8740000000000001,0.6000000000000014,Overton Insights/Texas Policy Foundation,overton insights texas policy foundation,Overton Insights/Texas Policy Foundation,normalized_alias,0.6000000000000014,0.0,,0.0,pollster_registry,low,Automatically added from manual polls; house effect pending review.,0.6000000000000014,0.6000000000000014,0.6000000000000014,-0.6000000000000014,-44.0,False,17.669680192281437,0.95,16.786196182667364,,28,,,1.0,14.0,0.25,1.0,1.35,1.1,neutral,1.0,0.0,0.0,0.6000000000000014,0.3712500000000001,0.3712500000000001,0.2227500000000006
KS-Senate,KS,Senate,GSG,B,,,D,False,D,,2026-08-12,2026-08-16,2026-08-14 00:00:00,46,800,LV,Hamilton,Marshall,,,44.0,45.0,5.0,0.0,6.0,Rep,45.0,44.0,1.0,-1.0,94.0,6.0,0.94,-1.0,GSG,gsg,GSG,normalized_alias,-1.0,0.0,,0.0,pollster_registry,low,,-1.0,-1.0,-1.0,1.0,-40.0,False,11.164843913471804,0.95,10.606601717798211,,46,,,1.0,14.0,0.10254191950095475,1.0,1.1547005383792515,1.1,partisan,0.8,-1.0,0.0,-2.0,0.10419658449569101,0.10419658449569101,-0.20839316899138202
AK-Senate,AK,Senate,Alaska Survey Research,A+,,,,False,,,2026-08-20,2026-08-23,2026-08-21 12:00:00,38,1495,LV,Peltola,Sullivan,,,50.6,49.4,0.0,0.0,0.0,Dem,50.6,49.4,1.2000000000000028,1.2000000000000028,100.0,0.0,1.0,1.2000000000000028,Alaska Survey Research,alaska survey research,Alaska Survey Research,normalized_alias,1.2000000000000028,0.0,,0.0,pollster_registry,low,,1.2000000000000028,1.2000000000000028,1.2000000000000028,-1.2000000000000028,-50.6,False,17.05818964339518,1.15,19.616918089904456,,38,,,1.0,14.0,0.15237670677555942,1.2,1.35,1.1,neutral,1.0,0.0,0.0,1.2000000000000028,0.2715352914740469,0.2715352914740469,0.32584234976885706
IA-Senate,IA,Senate,Emerson,B+,,,,False,,,2026-08-31,2026-09-01,2026-08-31 12:00:00,28,750,LV,Turek,Hinson,,,45.0,50.0,0.0,0.0,5.0,Rep,50.0,45.0,5.0,-5.0,95.0,5.0,0.95,-5.0,Emerson,emerson,Emerson,normalized_alias,-5.0,0.0,,0.0,pollster_registry,low,Automatically added from manual polls; house effect pending review.,-5.0,-5.0,-5.0,5.0,-50.0,False,14.16523855616809,1.0,14.16523855616809,,28,,,1.0,14.0,0.25,1.1,1.118033988749895,1.1,neutral,1.0,0.0,0.0,-5.0,0.33820528159684327,0.33820528159684327,-1.6910264079842163
MN-Senate,MN,Senate,TIPP,A,,,R,False,R,,2026-08-31,2026-09-02,2026-09-01 00:00:00,28,1201,LV,Flanagan,Tafoya,,,45.0,40.900000000000006,0.0,4.0,0.0,Dem,45.0,40.900000000000006,4.099999999999994,4.099999999999994,89.9,0.0,0.899,4.099999999999994,TIPP,tipp,TIPP,normalized_alias,4.099999999999994,0.0,,0.0,pollster_registry,low,Automatically added from manual polls; house effect pending review.,4.099999999999994,4.099999999999994,4.099999999999994,-4.099999999999994,-45.0,False,17.92523115637599,1.1,19.71775427201359,,28,,,1.0,14.0,0.25,1.2,1.35,1.1,partisan,0.8,1.0,0.0,5.099999999999994,0.35640000000000005,0.35640000000000005,1.8176399999999981
MT-Senate,MT,Senate,Peak Insights,B,,,R,False,R,,2026-08-23,2026-08-25,2026-08-24 00:00:00,36,800,LV,Bankhead,Alme,Bodnar,,23.0,43.0,19.0,0.0,0.0,Rep,43.0,23.0,20.0,-20.0,85.0,0.0,0.85,-20.0,Peak Insights,peak insights,Peak Insights,normalized_alias,-20.0,0.0,,0.0,pollster_registry,low,,-20.0,-20.0,-20.0,20.0,-24.0,True,12.8564869306645,0.95,12.213662584131274,,36,,,1.0,14.0,0.1682375240790445,1.0,1.1547005383792515,1.1,partisan,0.8,1.0,0.0,-19.0,0.17095228447410518,0.17095228447410518,-3.2480934050079986
MI-Senate,MI,Senate,Glengariff,B+,,,,False,,,2026-08-31,2026-09-03,2026-09-01 12:00:00,27,600,LV,El-Sayed,Rogers,,,44.0,46.0,0.0,0.0,10.0,Rep,46.0,44.0,2.0,-2.0,90.0,10.0,0.9,-2.0,Glengariff,glengariff,Glengariff,normalized_alias,-2.0,0.0,,0.0,pollster_registry,low,Automatically added from manual polls; house effect pending review.,-2.0,-2.0,-2.0,2.0,-46.0,False,12.892051277806202,1.0,12.892051277806202,,27,,,1.0,14.0,0.26268915966330486,1.1,1.0,1.1,neutral,1.0,0.0,0.0,-2.0,0.31785388319259894,0.31785388319259894,-0.6357077663851979
IA-Senate,IA,Senate,GSG,B,Turek,campaign,D,True,D,,2026-08-27,2026-08-31,2026-08-29 00:00:00,31,800,LV,Turek,Hinson,,Laehn,44.75,43.25,6.0,0.0,6.0,Dem,44.75,43.25,1.5,1.5,94.0,6.0,0.94,1.5,GSG,gsg,GSG,normalized_alias,1.5,0.0,,0.0,pollster_registry,low,,1.5,1.5,1.5,-1.5,-38.75,False,13.91029733481733,0.95,13.214782468076464,,31,,,1.0,14.0,0.2154932053117444,1.0,1.1547005383792515,1.1,internal,0.65,-1.5,0.0,0.0,0.17791353593623743,0.17791353593623743,0.0
MI-Senate,MI,Senate,SSRS,A-,CNN,,,False,,,2026-08-31,2026-09-06,2026-09-03 00:00:00,26,843,LV,El-Sayed,Rogers,,,47.0,44.0,0.0,0.0,9.0,Dem,47.0,44.0,3.0,3.0,91.0,9.0,0.91,3.0,SSRS,ssrs,SSRS,normalized_alias,3.0,0.0,,0.0,pollster_registry,low,Automatically added from manual polls; house effect pending review.,3.0,3.0,3.0,-3.0,-47.0,False,15.554176222454974,1.05,16.331885033577723,,26,,,1.0,14.0,0.27602237841845306,1.1,1.1853269591129698,1.1,neutral,1.0,0.0,0.0,3.0,0.3958838874140281,0.3958838874140281,1.1876516622420843
ME-Senate,ME,Senate,SSRS,B,CNN,,,False,,,2026-08-31,2026-09-06,2026-09-03 00:00:00,26,880,LV,Jackson,Collins,,,48.0,45.0,0.0,0.0,7.0,Dem,48.0,45.0,3.0,3.0,93.0,7.0,0.93,3.0,SSRS,ssrs,SSRS,normalized_alias,3.0,0.0,,0.0,pollster_registry,low,Automatically added from manual polls; house effect pending review.,3.0,3.0,3.0,-3.0,-48.0,False,15.891853900919278,0.95,15.097261205873313,,26,,,1.0,14.0,0.27602237841845306,1.0,1.2110601416389966,1.1,neutral,1.0,0.0,0.0,3.0,0.3677076707732829,0.3677076707732829,1.1031230123198488
TX-Sen,TX,Senate,YouGov,B+,Univision,,,False,,,2026-08-27,2026-09-04,2026-08-31 00:00:00,29,1000,RV,Talarico,Paxton,,,48.0,43.0,0.0,0.0,9.0,Dem,48.0,43.0,5.0,5.0,91.0,9.0,0.91,5.0,YouGov,yougov,YouGov,normalized_alias,5.0,0.0,,0.0,pollster_registry,low,,5.0,5.0,5.0,-5.0,-48.0,False,16.079377933059554,1.0,16.079377933059554,,29,,,1.0,14.0,0.23792378825265487,1.1,1.2909944487358056,1.0,neutral,1.0,0.0,0.0,5.0,0.33787411884200785,0.33787411884200785,1.6893705942100392
ME-Senate,ME,Senate,YouGov,B,,,,False,,,2026-09-02,2026-09-08,2026-09-05 00:00:00,24,1335,LV,Jackson,Collins,,,48.0,44.0,0.0,0.0,6.0,Dem,48.0,44.0,4.0,4.0,92.0,6.0,0.92,4.0,YouGov,yougov,YouGov,normalized_alias,4.0,0.0,,0.0,pollster_registry,low,,4.0,4.0,4.0,-4.0,-48.0,False,20.29869545160568,0.95,19.28376067902539,,24,,,1.0,14.0,0.3047534135511189,1.0,1.35,1.1,neutral,1.0,0.0,0.0,4.0,0.45255881912341167,0.45255881912341167,1.8102352764936467
NC-Sen,NC,Senate,YouGov,B,Elon,,,False,,,2026-08-21,2026-08-31,2026-08-26 00:00:00,34,565,LV,Cooper,Whatley,,,49.0,38.0,2.0,2.0,7.0,Dem,49.0,38.0,11.0,11.0,91.0,7.0,0.91,11.0,YouGov,yougov,YouGov,normalized_alias,11.0,0.0,,0.0,pollster_registry,low,,11.0,11.0,11.0,-11.0,-47.0,False,11.142060303754418,0.95,10.584957288566695,,34,,,1.0,14.0,0.18574928614211858,1.0,0.9703951085339758,1.1,neutral,1.0,0.0,0.0,11.0,0.19827521855458866,0.19827521855458866,2.181027404100475
TX-Sen,TX,Senate,Fabrizio/Ward,A,AARP,,,False,,,2026-08-30,2026-09-01,2026-08-31 00:00:00,29,800,LV,Talarico,Paxton,,,48.0,44.0,0.0,0.0,8.0,Dem,48.0,44.0,4.0,4.0,92.0,8.0,0.92,4.0,Fabrizio/Ward,fabrizio ward,Fabrizio Ward,normalized_alias,4.0,0.0,,0.0,pollster_registry,low,,4.0,4.0,4.0,-4.0,-48.0,False,14.381832837692492,1.1,15.820016121461745,,29,,,1.0,14.0,0.23792378825265487,1.2,1.1547005383792515,1.1,neutral,1.0,0.0,0.0,4.0,0.3626445588329145,0.3626445588329145,1.450578235331658
NC-Senate,NC,Senate,ECU,B,,,,False,,,2026-08-31,2026-09-03,2026-09-01 12:00:00,27,675,LV,Cooper,Whatley,,,52.0,44.0,0.0,0.0,4.0,Dem,52.0,44.0,8.0,8.0,96.0,4.0,0.96,8.0,ECU,ecu,ECU,normalized_alias,8.0,0.0,,0.0,pollster_registry,low,Automatically added from manual polls; house effect pending review.,8.0,8.0,8.0,-8.0,-52.0,False,13.674085322912193,0.95,12.99038105676658,,27,,,1.0,14.0,0.26268915966330486,1.0,1.0606601717798212,1.1,neutral,1.0,0.0,0.0,8.0,0.3064863221344956,0.3064863221344956,2.451890577075965
MI-Senate,MI,Senate,Trafalgar,B,,,,False,,,2026-09-07,2026-09-09,2026-09-08 00:00:00,21,1079,LV,El-Sayed,Rogers,,,46.3,44.8,0.0,0.0,0.0,Dem,46.3,44.8,1.5,1.5,91.1,0.0,0.911,1.5,Trafalgar,trafalgar,Trafalgar,normalized_alias,1.5,-1.0,,-1.0,pollster_registry,low,Automatically added from manual polls; house effect pending review.,2.5,2.5,1.5,-1.5,-46.3,False,19.322432594890405,0.95,18.356310965145884,,21,,,1.0,14.0,0.3535533905932738,1.0,1.3410195126594293,1.1,neutral,1.0,0.0,0.0,2.5,0.521534195107729,0.521534195107729,1.3038354877693226
OH-Senate,OH,Senate,Insider Advantage,B,,,,False,,,2026-09-08,2026-09-09,2026-09-08 12:00:00,20,1200,LV,Brown,Husted,,,47.3,41.9,0.0,2.6,8.2,Dem,47.3,41.9,5.399999999999999,5.399999999999999,91.79999999999998,8.2,0.9179999999999998,5.399999999999999,Insider Advantage,insider advantage,Insider Advantage,normalized_alias,5.399999999999999,0.0,,0.0,pollster_registry,low,Automatically added from manual polls; house effect pending review.,5.399999999999999,5.399999999999999,5.399999999999999,-5.399999999999999,-47.3,False,20.78460969082653,0.95,19.745379206285204,,20,,,1.0,14.0,0.3714985722842371,1.0,1.35,1.1,neutral,1.0,0.0,0.0,5.399999999999999,0.5516753798420921,0.5516753798420921,2.9790470511472966
TX-Senate,TX,Senate,Insider Advantage,B,,,,False,,,2026-09-08,2026-09-09,2026-09-08 12:00:00,20,1200,LV,Talarico,Paxton,,,47.0,46.0,2.0,0.0,0.0,Dem,47.0,46.0,1.0,1.0,95.0,0.0,0.95,1.0,Insider Advantage,insider advantage,Insider Advantage,normalized_alias,1.0,0.0,,0.0,pollster_registry,low,Automatically added from manual polls; house effect pending review.,1.0,1.0,1.0,-1.0,-45.0,False,20.78460969082653,0.95,19.745379206285204,,20,,,1.0,14.0,0.3714985722842371,1.0,1.35,1.1,neutral,1.0,0.0,0.0,1.0,0.5516753798420921,0.5516753798420921,0.5516753798420921
SC-Senate,SC,Senate,Insider Advantage,B,,,,False,,,2026-09-08,2026-09-09,2026-09-08 12:00:00,20,1200,LV,Andrews,Graham,,,43.0,45.0,0.0,0.0,0.0,Rep,45.0,43.0,2.0,-2.0,88.0,0.0,0.88,-2.0,Insider Advantage,insider advantage,Insider Advantage,normalized_alias,-2.0,0.0,,0.0,pollster_registry,low,Automatically added from manual polls; house effect pending review.,-2.0,-2.0,-2.0,2.0,-45.0,False,20.78460969082653,0.95,19.745379206285204,,20,,,1.0,14.0,0.3714985722842371,1.0,1.35,1.1,neutral,1.0,0.0,0.0,-2.0,0.5516753798420921,0.5516753798420921,-1.1033507596841843
FL-Senate,FL,Senate,Change Research,C-,,,,False,,,2026-09-07,2026-09-09,2026-09-08 00:00:00,21,1107,LV,Nixon,Moody,,,47.0,47.0,0.0,0.0,6.0,Dem,47.0,47.0,0.0,0.0,94.0,6.0,0.94,0.0,Change Research,change research,Change Research,normalized_alias,0.0,0.0,,0.0,pollster_registry,low,,0.0,0.0,0.0,0.0,-47.0,False,19.571535011310736,0.6,11.74292100678644,,21,,,1.0,14.0,0.3535533905932738,0.7,1.35,1.1,neutral,1.0,0.0,0.0,0.0,0.36751874952170815,0.3044341635786816,0.0
FL-Senate,FL,Senate,Quantus,B-,,,R,False,,,2026-09-08,2026-09-10,2026-09-09 00:00:00,20,733,LV,Nixon,Moody,,,43.7,49.39999999999999,0.0,0.0,0.0,Rep,49.39999999999999,43.7,5.699999999999989,-5.699999999999989,93.1,0.0,0.931,-5.699999999999989,Quantus,quantus,Quantus,normalized_alias,-5.699999999999989,0.0,,0.0,pollster_registry,low,,-5.699999999999989,-5.699999999999989,-5.699999999999989,5.699999999999989,-49.39999999999999,False,16.244383644817063,0.9,14.619945280335356,,20,,,1.0,14.0,0.3714985722842371,1.0,1.105290308772617,1.1,partisan,0.8,1.0,0.0,-4.699999999999989,0.36134011906839514,0.36134011906839514,-1.698298559621453
IA-Senate,IA,Senate,YouGov,B+,,,,False,,,2026-09-03,2026-09-08,2026-09-05 12:00:00,23,2041,LV,Turek,Hinson,,,47.0,43.0,0.0,0.0,0.0,Dem,47.0,43.0,4.0,4.0,90.0,0.0,0.9,4.0,YouGov,yougov,YouGov,normalized_alias,4.0,0.0,,0.0,pollster_registry,low,,4.0,4.0,4.0,-4.0,-47.0,False,25.57212905224872,1.0,25.57212905224872,,23,,,1.0,14.0,0.32022167244106814,1.1,1.35,1.1,neutral,1.0,0.0,0.0,4.0,0.5230821019324849,0.5230821019324849,2.0923284077299398
IA-Senate,IA,Senate,Rasmussen,C,,,,False,,,2026-09-08,2026-09-10,2026-09-09 00:00:00,20,1031,LV,Turek,Hinson,,,45.0,40.0,4.0,0.0,11.0,Dem,45.0,40.0,5.0,5.0,89.0,11.0,0.89,5.0,Rasmussen,rasmussen,Rasmussen,normalized_alias,5.0,-1.0,,-1.0,pollster_registry,low,Automatically added from manual polls; house effect pending review.,6.0,6.0,5.0,-5.0,-41.0,False,19.26551322960279,0.7,13.485859260721952,,20,,,1.0,14.0,0.3714985722842371,0.85,1.3108521401490456,1.1,neutral,1.0,0.0,0.0,6.0,0.4553260181359352,0.4553260181359352,2.731956108815611
NH-Senate,NH,Senate,Rasmussen,C,,,,False,,,2026-09-08,2026-09-10,2026-09-09 00:00:00,20,1000,LV,Pappas,Sununu,,,45.0,34.0,4.0,7.0,0.0,Dem,45.0,34.0,11.0,11.0,90.0,0.0,0.9,11.0,Rasmussen,rasmussen,Rasmussen,normalized_alias,11.0,-1.0,,-1.0,pollster_registry,low,Automatically added from manual polls; house effect pending review.,12.0,12.0,11.0,-11.0,-41.0,False,18.973665961010276,0.7,13.281566172707192,,20,,,1.0,14.0,0.3714985722842371,0.85,1.2909944487358056,1.1,neutral,1.0,0.0,0.0,12.0,0.44842842588763276,0.44842842588763276,5.381141110651593
SD-Sen,SD,Senate,PPP,B,,,,False,,,2026-09-08,2026-09-09,2026-09-08 12:00:00,20,800,RV,Bengs,Rounds,,,42.0,45.0,0.0,0.0,0.0,Rep,45.0,42.0,3.0,-3.0,87.0,0.0,0.87,-3.0,PPP,ppp,PPP,normalized_alias,-3.0,0.0,,0.0,pollster_registry,low,,-3.0,-3.0,-3.0,3.0,-45.0,False,16.970562748477143,0.95,16.122034611053284,,20,,,1.0,14.0,0.3714985722842371,1.0,1.1547005383792515,1.0,neutral,1.0,0.0,0.0,-3.0,0.42896960142373186,0.015387678280616882,-0.04616303484185065
ME-Senate,ME,Senate,Rasmussen,C,,,,False,,,2026-09-08,2026-09-09,2026-09-08 12:00:00,20,1033,LV,Jackson,Collins,,,46.0,45.0,0.0,0.0,9.0,Dem,46.0,45.0,1.0,1.0,91.0,9.0,0.91,1.0,Rasmussen,rasmussen,Rasmussen,normalized_alias,1.0,-1.0,,-1.0,pollster_registry,low,Automatically added from manual polls; house effect pending review.,2.0,2.0,1.0,-1.0,-46.0,False,19.284190415985837,0.7,13.498933291190085,,20,,,1.0,14.0,0.3714985722842371,0.85,1.3121229617176382,1.1,neutral,1.0,0.0,0.0,2.0,0.4557674394884019,0.4557674394884019,0.9115348789768039
MT-Senate,MT,Senate,Rutgers University,B,,,,False,,,2026-08-27,2026-09-07,2026-09-01 12:00:00,27,845,RV,Bankhead,Alme,Bodnar,,16.0,38.0,30.0,0.0,0.0,Rep,38.0,30.0,8.0,-22.0,84.0,0.0,0.84,-22.0,Rutgers University,rutgers university,Rutgers University,normalized_alias,-22.0,0.0,,0.0,pollster_registry,low,Automatically added from manual polls; house effect pending review.,-22.0,-22.0,-22.0,8.0,-8.0,True,15.299412477630142,0.95,14.534441853748634,,27,,,1.0,14.0,0.26268915966330486,1.0,1.18673220792786,1.0,neutral,1.0,0.0,0.0,-22.0,0.3117416864459479,0.3117416864459479,-6.858317101810854
KS-Senate,KS,Senate,Co/Efficent,B,,,R,False,R,,2026-09-08,2026-09-10,2026-09-09 00:00:00,20,915,LV,Hamilton,Marshall,Graham,,45.0,48.0,2.0,0.0,0.0,Rep,48.0,45.0,3.0,-3.0,95.0,0.0,0.95,-3.0,Co/Efficent,co efficent,Co/Efficent,normalized_alias,-3.0,-1.0,,-1.0,pollster_registry,low,Automatically added from manual polls; house effect pending review.,-2.0,-2.0,-3.0,3.0,-46.0,False,18.14938015470501,0.95,17.24191114696976,,20,,,1.0,14.0,0.3714985722842371,1.0,1.2349089035228469,1.1,partisan,0.8,1.0,0.0,-1.0,0.40371486721265076,0.40371486721265076,-0.40371486721265076
TX-Senate,TX,Senate,SoCal Strategies,B,,,,False,R,,2026-09-12,2026-09-13,2026-09-12 12:00:00,16,649,LV,Talarico,Paxton,,,51.0,44.0,0.0,0.0,5.0,Dem,51.0,44.0,7.0,7.0,95.0,5.0,0.95,7.0,SoCal Strategies,socal strategies,SoCal Strategies,normalized_alias,7.0,0.0,,0.0,pollster_registry,low,Automatically added from manual polls; house effect pending review.,7.0,7.0,7.0,-7.0,-51.0,False,16.614442438509126,0.95,15.783720316583668,,16,,,1.0,14.0,0.45286183213195336,1.0,1.0400320507881797,1.1,neutral,1.0,0.0,0.0,7.0,0.5180899019954767,0.5180899019954767,3.6266293139683365
GA-Senate,GA,Senate,Trafalgar,B,,,,False,,,2026-09-08,2026-09-10,2026-09-09 00:00:00,20,1091,LV,Ossoff,Collins,,,49.4,42.8,1.3,0.0,6.5,Dem,49.4,42.8,6.600000000000001,6.600000000000001,93.5,6.5,0.9349999999999998,6.600000000000001,Trafalgar,trafalgar,Trafalgar,normalized_alias,6.600000000000001,-1.0,,-1.0,pollster_registry,low,Automatically added from manual polls; house effect pending review.,7.600000000000001,7.600000000000001,6.600000000000001,-6.600000000000001,-48.1,False,19.818173477896497,0.95,18.82726480400167,,20,,,1.0,14.0,0.3714985722842371,1.0,1.348455907077919,1.1,neutral,1.0,0.0,0.0,7.600000000000001,0.5510443886944622,0.5510443886944622,4.1879373540779135
NC-Senate,NC,Senate,Trafalgar,B,,,,False,,,2026-09-08,2026-09-10,2026-09-09 00:00:00,20,1084,LV,Cooper,Whatley,,,48.2,42.3,1.4,1.3,6.9,Dem,48.2,42.3,5.900000000000006,5.900000000000006,93.2,6.9,0.932,5.900000000000006,Trafalgar,trafalgar,Trafalgar,normalized_alias,5.900000000000006,-1.0,,-1.0,pollster_registry,low,Automatically added from manual polls; house effect pending review.,6.900000000000006,6.900000000000006,5.900000000000006,-5.900000000000006,-46.8,False,19.7544931597852,0.95,18.766768501795937,,20,,,1.0,14.0,0.3714985722842371,1.0,1.34412301024373,1.1,neutral,1.0,0.0,0.0,6.900000000000006,0.5492737572079305,0.5492737572079305,3.7899889247347236
NE-Senate,NE,Senate,SurveyUSA,A,,,,False,,,2026-09-08,2026-09-13,2026-09-10 12:00:00,18,503,LV,Osborn (I),Ricketts,,,46.0,42.0,4.0,0.0,7.0,Dem,46.0,42.0,4.0,4.0,92.0,7.0,0.92,4.0,SurveyUSA,surveyusa,SurveyUSA,normalized_alias,4.0,0.0,,0.0,pollster_registry,low,Automatically added from manual polls; house effect pending review.,4.0,4.0,4.0,-4.0,-42.0,False,14.017288432503626,1.1,15.41901727575399,,18,,,1.0,14.0,0.4101676780038189,1.2,0.9156054463213581,1.1,neutral,1.0,0.0,0.0,4.0,0.4957283230485719,0.42551912225085126,1.702076489003405
NH-Senate,NH,Senate,Co-Efficient,B,,,R,False,R,,2026-09-08,2026-09-11,2026-09-09 12:00:00,19,958,LV,Pappas,Sununu,,,47.0,45.0,0.0,0.0,8.0,Dem,47.0,45.0,2.0,2.0,92.0,8.0,0.92,2.0,Co-Efficient,co efficient,Co-Efficient,normalized_alias,2.0,-1.0,,-1.0,pollster_registry,low,Automatically added from manual polls; house effect pending review.,3.0,3.0,2.0,-2.0,-47.0,False,18.94994392719448,0.95,18.00244673083476,,19,,,1.0,14.0,0.39035459107785503,1.0,1.2635927614016578,1.1,partisan,0.8,1.0,0.0,4.0,0.434059327385976,0.434059327385976,1.736237309543904
TX-Senate,TX,Senate,Telemundo/Mason Dixon,B,,,,False,,,2026-09-08,2026-09-10,2026-09-09 00:00:00,20,800,LV,Talarico,Paxton,,,46.0,43.0,0.0,3.0,8.0,Dem,46.0,43.0,3.0,3.0,92.0,8.0,0.92,3.0,Telemundo/Mason Dixon,telemundo mason dixon,Telemundo/Mason Dixon,normalized_alias,3.0,0.0,,0.0,pollster_registry,low,Automatically added from manual polls; house effect pending review.,3.0,3.0,3.0,-3.0,-46.0,False,16.970562748477143,0.95,16.122034611053284,,20,,,1.0,14.0,0.3714985722842371,1.0,1.1547005383792515,1.1,neutral,1.0,0.0,0.0,3.0,0.47186656156610507,0.47186656156610507,1.4155996846983152
MN-Senate,MN,Senate,Co/Efficient,B,,,R,False,R,,2026-09-14,2026-09-15,2026-09-14 12:00:00,14,833,LV,Flanagan,Tafoya,,,43.0,41.0,2.0,2.0,11.0,Dem,43.0,41.0,2.0,2.0,88.0,11.0,0.88,2.0,Co/Efficient,co efficient,Co-Efficient,normalized_alias,2.0,-1.0,,-1.0,pollster_registry,low,Automatically added from manual polls; house effect pending review.,3.0,3.0,2.0,-2.0,-41.0,False,19.67845866772065,0.95,18.694535734334615,,14,,,1.0,14.0,0.5,1.0,1.1782755761422425,1.1,partisan,0.8,1.0,0.0,4.0,0.5184412535025867,0.5184412535025867,2.073765014010347
IA-Senate,IA,Senate,Cygnal,B,,,R,False,R,,2026-09-09,2026-09-11,2026-09-10 00:00:00,19,500,LV,Turek,Hinson,,,43.9,41.9,0.0,3.6,0.0,Dem,43.9,41.9,2.0,2.0,89.39999999999999,0.0,0.8939999999999999,2.0,Cygnal,cygnal,Cygnal,normalized_alias,2.0,0.0,,0.0,pollster_registry,low,,2.0,2.0,2.0,-2.0,-43.9,False,13.690212107141573,0.95,13.005701501784491,,19,,,1.0,14.0,0.39035459107785503,1.0,0.9128709291752769,1.1,partisan,0.8,1.0,0.0,3.0,0.3135821552732676,0.3135821552732676,0.9407464658198028
GA-Senate,GA,Senate,Rasmussen,Unknown,,,,False,,,2026-09-14,2026-09-15,2026-09-14 12:00:00,14,1000,LV,Jon Ossoff,Mike Collins,,,51.0,42.0,0.0,0.0,0.0,Dem,51.0,42.0,9.0,9.0,93.0,0.0,0.93,9.0,Rasmussen,rasmussen,Rasmussen,normalized_alias,9.0,-1.0,,-1.0,pollster_registry,low,Automatically added from manual polls; house effect pending review.,10.0,10.0,9.0,-9.0,-51.0,False,21.560984046602584,0.75,16.17073803495194,,14,,,1.0,14.0,0.5,0.8,1.2909944487358056,1.1,neutral,1.0,0.0,0.0,10.0,0.5680375574437546,0.5680375574437546,5.680375574437546
SC-Senate,SC,Senate,Rasmussen,B,,,,False,,,2026-09-14,2026-09-15,2026-09-14 12:00:00,14,1000,LV,Annie Andrews,Darline Graham,,,43.0,48.0,0.0,0.0,0.0,Rep,48.0,43.0,5.0,-5.0,91.0,0.0,0.91,-5.0,Rasmussen,rasmussen,Rasmussen,normalized_alias,-5.0,-1.0,,-1.0,pollster_registry,low,Automatically added from manual polls; house effect pending review.,-4.0,-4.0,-5.0,5.0,-48.0,False,21.560984046602584,0.95,20.482934844272453,,14,,,1.0,14.0,0.5,1.0,1.2909944487358056,1.1,neutral,1.0,0.0,0.0,-4.0,0.7100469468046932,0.7100469468046932,-2.8401877872187726
OH-Senate,OH,Senate,BGSU/YouGov,B,,,,False,,,2026-09-01,2026-09-10,2026-09-05 12:00:00,23,1000,LV,Sherrod Brown,Jon Husted,,,48.0,45.0,0.0,7.0,0.0,Dem,48.0,45.0,3.0,3.0,100.0,0.0,1.0,3.0,BGSU/YouGov,bgsu yougov,BGSU/YouGov,normalized_alias,3.0,0.0,,0.0,pollster_registry,low,Automatically added from manual polls; house effect pending review.,3.0,3.0,3.0,-3.0,-48.0,False,17.899684868877618,0.95,17.004700625433735,,23,,,1.0,14.0,0.32022167244106814,1.0,1.2909944487358056,1.1,neutral,1.0,0.0,0.0,3.0,0.45474484163494594,0.45474484163494594,1.3642345249048378
NE-Senate,NE,Senate,Wedgewood,Unknown,,,,False,,,2026-09-14,2026-09-16,2026-09-15 00:00:00,14,500,LV,Dan Osborn (I),Pete Ricketts,Dan Osborn,,48.0,52.0,0.0,0.0,0.0,Rep,52.0,48.0,4.0,-4.0,100.0,0.0,1.0,-4.0,Wedgewood,wedgewood,Wedgewood,normalized_alias,-4.0,0.0,,0.0,pollster_registry,low,Automatically added from manual polls; house effect pending review.,-4.0,-4.0,-4.0,4.0,-52.0,False,15.245918028407656,0.75,11.434438521305742,,14,,,1.0,14.0,0.5,0.8,0.9128709291752769,1.1,neutral,1.0,0.0,0.0,-4.0,0.40166320883712187,0.40166320883712187,-1.6066528353484875
IA-Senate,IA,Senate,Co/Efficient,Unknown,,,R,False,R,,2026-09-14,2026-09-16,2026-09-15 00:00:00,14,831,LV,Josh Turek,Ashley Hinson,,,43.0,45.0,2.0,0.0,0.0,Rep,45.0,43.0,2.0,-2.0,90.0,0.0,0.9,-2.0,Co/Efficient,co efficient,Co-Efficient,normalized_alias,-2.0,-1.0,,-1.0,pollster_registry,low,Automatically added from manual polls; house effect pending review.,-1.0,-1.0,-2.0,2.0,-43.0,False,19.654820870999416,0.75,14.741115653249562,,14,,,1.0,14.0,0.5,0.8,1.176860229593982,1.1,partisan,0.8,1.0,0.0,0.0,0.41425480081708177,0.41425480081708177,0.0
ME-Senate,ME,Senate,Quantus,Unknown,,,,False,,,2026-09-14,2026-09-15,2026-09-14 12:00:00,14,621,LV,Troy Jackson,Susan Collins,,,46.4,47.1,0.0,0.0,0.0,Rep,47.1,46.4,0.7000000000000028,-0.7000000000000028,93.5,0.0,0.935,-0.7000000000000028,Quantus,quantus,Quantus,normalized_alias,-0.7000000000000028,0.0,,0.0,pollster_registry,low,,-0.7000000000000028,-0.7000000000000028,-0.7000000000000028,0.7000000000000028,-47.1,False,16.990821537786967,0.75,12.743116153340225,,14,,,1.0,14.0,0.5,0.8,1.0173494974687902,1.1,neutral,1.0,0.0,0.0,-0.7000000000000028,0.4476337788862677,0.4476337788862677,-0.31334364522038866
MN-Senate,MN,Senate,SurveyUSA,A,,,,False,,,2026-09-09,2026-09-14,2026-09-11 12:00:00,17,1,LV,Peggy Flanagan,Michele Tafoya,,,42.0,42.0,4.0,0.0,0.0,Dem,42.0,42.0,0.0,0.0,88.0,0.0,0.88,0.0,SurveyUSA,surveyusa,SurveyUSA,normalized_alias,0.0,0.0,,0.0,pollster_registry,low,Automatically added from manual polls; house effect pending review.,0.0,0.0,0.0,0.0,-38.0,False,0.6382978723404256,1.1,0.7021276595744682,,17,,,1.0,14.0,0.4309864106234889,1.2,0.65,1.1,neutral,1.0,0.0,0.0,0.0,0.36978634031495355,0.36978634031495355,0.0
MI-Senate,MI,Senate,Washington Post/GMU,A,,,,False,,,2026-09-10,2026-09-14,2026-09-12 00:00:00,17,803,LV,Abdul El-Sayed,Mike Rogers,,,48.0,45.0,0.0,0.0,7.0,Dem,48.0,45.0,3.0,3.0,93.0,7.0,0.93,3.0,Washington Post/GMU,washington post gmu,Washington Post/GMU,normalized_alias,3.0,0.0,,0.0,pollster_registry,low,Automatically added from manual polls; house effect pending review.,3.0,3.0,3.0,-3.0,-48.0,False,18.08760933868692,1.1,19.896370272555615,,17,,,1.0,14.0,0.4309864106234889,1.2,1.1568635759385517,1.1,neutral,1.0,0.0,0.0,3.0,0.6581420738307497,0.6581420738307497,1.9744262214922492
TX-Senate,TX,Senate,ReconMR/Siena,A,,,,False,,,2026-09-08,2026-09-11,2026-09-09 12:00:00,19,614,LV,James Talarico,Ken Paxton,,,49.0,43.0,0.0,0.0,8.0,Dem,49.0,43.0,6.0,6.0,92.0,8.0,0.92,6.0,ReconMR/Siena,reconmr siena,ReconMR/Siena,normalized_alias,6.0,0.0,,0.0,pollster_registry,low,Automatically added from manual polls; house effect pending review.,6.0,6.0,6.0,-6.0,-49.0,False,15.170830644935346,1.1,16.687913709428884,,19,,,1.0,14.0,0.39035459107785503,1.2,1.011599393699568,1.1,neutral,1.0,0.0,0.0,6.0,0.5212448573141053,0.5212448573141053,3.127469143884632
MI-Senate,MI,Senate,Emerson,A-,,,,False,,,2026-09-12,2026-09-14,2026-09-13 00:00:00,16,1000,LV,Abdul El-Sayed,Mike Rogers,,,48.0,46.0,1.0,0.0,5.0,Dem,48.0,46.0,2.0,2.0,95.0,5.0,0.95,2.0,Emerson,emerson,Emerson,normalized_alias,2.0,0.0,,0.0,pollster_registry,low,Automatically added from manual polls; house effect pending review.,2.0,2.0,2.0,-2.0,-47.0,False,20.623549957619865,1.05,21.654727455500858,,16,,,1.0,14.0,0.45286183213195336,1.1,1.2909944487358056,1.1,neutral,1.0,0.0,0.0,2.0,0.7074169547052807,0.7074169547052807,1.4148339094105613
TX-Senate,TX,Senate,Emerson,A-,,,,False,,,2026-09-12,2026-09-14,2026-09-13 00:00:00,16,1000,LV,James Talarico,Ken Paxton,,,47.0,46.0,2.0,0.0,4.0,Dem,47.0,46.0,1.0,1.0,95.0,4.0,0.95,1.0,Emerson,emerson,Emerson,normalized_alias,1.0,0.0,,0.0,pollster_registry,low,Automatically added from manual polls; house effect pending review.,1.0,1.0,1.0,-1.0,-45.0,False,20.623549957619865,1.05,21.654727455500858,,16,,,1.0,14.0,0.45286183213195336,1.1,1.2909944487358056,1.1,neutral,1.0,0.0,0.0,1.0,0.7074169547052807,0.7074169547052807,0.7074169547052807
AK-Senate,AK,Senate,Fabrizio/Impact,Unknown,,,,False,,,2026-09-08,2026-09-11,2026-09-09 12:00:00,19,800,LV,Mary Peltola,Dan Sullivan,,,53.0,47.0,0.0,0.0,0.0,Dem,53.0,47.0,6.0,6.0,100.0,0.0,1.0,6.0,Fabrizio/Impact,fabrizio impact,Fabrizio/Impact,normalized_alias,6.0,0.0,,0.0,pollster_registry,low,Automatically added from manual polls; house effect pending review.,6.0,6.0,6.0,-6.0,-53.0,False,17.316900763752184,0.75,12.987675572814137,,19,,,1.0,14.0,0.39035459107785503,0.8,1.1547005383792515,1.1,neutral,1.0,0.0,0.0,6.0,0.3966535376992424,0.3966535376992424,2.3799212261954543
NC-Senate,NC,Senate,Harper Polling,Unknown,,,,False,,,2026-09-13,2026-09-15,2026-09-14 00:00:00,15,608,LV,Roy Cooper,Michael Whatley,,,49.0,34.0,4.0,0.0,0.0,Dem,49.0,34.0,15.0,15.0,87.0,0.0,0.87,15.0,Harper Polling,harper polling,Harper Polling,normalized_alias,15.0,0.0,,0.0,pollster_registry,low,Automatically added from manual polls; house effect pending review.,15.0,15.0,15.0,-15.0,-45.0,False,16.4384373412506,0.75,12.32882800593795,,15,,,1.0,14.0,0.4758475765053098,0.8,1.0066445913694333,1.1,neutral,1.0,0.0,0.0,15.0,0.42152826250068404,0.42152826250068404,6.322923937510261
AK-Senate,AK,Senate,Co/Efficient,Unknown,,,R,False,R,,2026-09-14,2026-09-17,2026-09-15 12:00:00,13,799,LV,Mary Peltola,Dan Sullivan,,,47.0,48.0,0.0,0.0,5.0,Rep,48.0,47.0,1.0,-1.0,95.0,5.0,0.95,-1.0,Co/Efficient,co efficient,Co-Efficient,normalized_alias,-1.0,-1.0,,-1.0,pollster_registry,low,Automatically added from manual polls; house effect pending review.,0.0,0.0,-1.0,1.0,-48.0,False,19.72087538386405,0.75,14.790656537898036,,13,,,1.0,14.0,0.5253783193266097,0.8,1.1539786248742507,1.1,partisan,0.8,1.0,0.0,1.0,0.4268178467345874,0.4268178467345874,0.4268178467345874
MT-Senate,MT,Senate,Quantus,Unknown,,,,False,,,2026-09-14,2026-09-15,2026-09-14 12:00:00,14,625,LV,Alani Bankhead,Kurt Alme,Seth Bodnar,,23.1,45.3,24.3,0.0,0.0,Rep,45.3,24.3,20.999999999999996,-22.199999999999996,92.7,0.0,0.927,-22.199999999999996,Quantus,quantus,Quantus,normalized_alias,-22.199999999999996,0.0,,0.0,pollster_registry,low,,-22.199999999999996,-22.199999999999996,-22.199999999999996,20.999999999999996,-20.999999999999996,True,17.045454545454543,0.75,12.784090909090908,,14,,,1.0,14.0,0.5,0.8,1.0206207261596576,1.1,neutral,1.0,0.0,0.0,-22.199999999999996,0.4490731195102494,0.4490731195102494,-9.969423253127536
OH-Senate,OH,Senate,Trafalgar,Unknown,,,,False,,,2026-09-16,2026-09-17,2026-09-16 12:00:00,12,600,LV,Sherrod Brown,Jon Husted,,,45.1,41.5,0.0,6.0,7.1,Dem,45.1,41.5,3.6000000000000014,3.6000000000000014,92.6,7.1,0.926,3.6000000000000014,Trafalgar,trafalgar,Trafalgar,normalized_alias,3.6000000000000014,-1.0,,-1.0,pollster_registry,low,Automatically added from manual polls; house effect pending review.,4.600000000000001,4.600000000000001,3.6000000000000014,-3.6000000000000014,-45.1,False,17.49635530559413,0.75,13.122266479195597,,12,,,1.0,14.0,0.5520447568369062,0.8,1.0,1.1,neutral,1.0,0.0,0.0,4.600000000000001,0.48579938601647754,0.48579938601647754,2.2346771756757975
FL-Senate,FL,Senate,St. Pete Polls,Unknown,,,,False,,,2026-09-15,2026-09-17,2026-09-16 00:00:00,13,913,LV,Angie Nixon,Ashley Moody,,,45.0,45.0,0.0,3.0,7.0,Dem,45.0,45.0,0.0,0.0,93.0,7.0,0.93,0.0,St. Pete Polls,st pete polls,St. Pete Polls,normalized_alias,0.0,0.0,,0.0,pollster_registry,low,Automatically added from manual polls; house effect pending review.,0.0,0.0,0.0,0.0,-45.0,False,21.080853390332273,0.75,15.810640042749204,,13,,,1.0,14.0,0.5253783193266097,0.8,1.2335585379975555,1.1,neutral,1.0,0.0,0.0,0.0,0.5703147221060483,0.5703147221060483,0.0
KS-Senate,KS,Senate,Emerson,A-,,,,False,,,2026-09-14,2026-09-16,2026-09-15 00:00:00,14,750,LV,Adam Hamilton,Roger Marshall,,,45.0,43.0,4.0,0.0,8.0,Dem,45.0,43.0,2.0,2.0,92.0,8.0,0.92,2.0,Emerson,emerson,Emerson,normalized_alias,2.0,0.0,,0.0,pollster_registry,low,Automatically added from manual polls; house effect pending review.,2.0,2.0,2.0,-2.0,-41.0,False,18.67235991494885,1.05,19.60597791069629,,14,,,1.0,14.0,0.5,1.1,1.118033988749895,1.1,neutral,1.0,0.0,0.0,2.0,0.6764105631936865,0.6373716035853638,1.2747432071707276
MI-Senate,MI,Senate,Insider Advantage,B,,,,False,,,2026-09-16,2026-09-17,2026-09-16 12:00:00,12,1200,LV,Abdul El-Sayed,Mike Rogers,,,47.0,45.0,0.0,2.5,5.5,Dem,47.0,45.0,2.0,2.0,94.5,5.5,0.945,2.0,Insider Advantage,insider advantage,Insider Advantage,normalized_alias,2.0,0.0,,0.0,pollster_registry,low,Automatically added from manual polls; house effect pending review.,2.0,2.0,2.0,-2.0,-47.0,False,24.74358296526968,0.95,23.506403817006195,,12,,,1.0,14.0,0.5520447568369062,1.0,1.35,1.1,neutral,1.0,0.0,0.0,2.0,0.8197864639028059,0.8197864639028059,1.6395729278056117
NC-Senate,NC,Senate,Insider Advantage,B,,,,False,,,2026-09-16,2026-09-17,2026-09-16 12:00:00,12,1200,LV,Roy Cooper,Michael Whatley,,,48.0,42.0,2.5,0.0,7.5,Dem,48.0,42.0,6.0,6.0,92.5,7.5,0.925,6.0,Insider Advantage,insider advantage,Insider Advantage,normalized_alias,6.0,0.0,,0.0,pollster_registry,low,Automatically added from manual polls; house effect pending review.,6.0,6.0,6.0,-6.0,-45.5,False,24.74358296526968,0.95,23.506403817006195,,12,,,1.0,14.0,0.5520447568369062,1.0,1.35,1.1,neutral,1.0,0.0,0.0,6.0,0.8197864639028059,0.8197864639028059,4.9187187834168355
NH-Senate,NH,Senate,Insider Advantage,B,,,,False,,,2026-09-16,2026-09-17,2026-09-16 12:00:00,12,1200,LV,Chris Pappas,John Sununu,,,48.0,40.0,0.0,0.0,12.0,Dem,48.0,40.0,8.0,8.0,88.0,12.0,0.88,8.0,Insider Advantage,insider advantage,Insider Advantage,normalized_alias,8.0,0.0,,0.0,pollster_registry,low,Automatically added from manual polls; house effect pending review.,8.0,8.0,8.0,-8.0,-48.0,False,24.74358296526968,0.95,23.506403817006195,,12,,,1.0,14.0,0.5520447568369062,1.0,1.35,1.1,neutral,1.0,0.0,0.0,8.0,0.8197864639028059,0.8197864639028059,6.558291711222447
GA-Senate,GA,Senate,Quantus,Unknown,,,,False,,,2026-09-14,2026-09-16,2026-09-15 00:00:00,14,645,LV,Jon Ossoff,Mike Collins,,,49.0,45.0,0.0,0.0,6.0,Dem,49.0,45.0,4.0,4.0,94.0,6.0,0.94,4.0,Quantus,quantus,Quantus,normalized_alias,4.0,0.0,,0.0,pollster_registry,low,,4.0,4.0,4.0,-4.0,-49.0,False,17.316034226182218,0.75,12.987025669636663,,14,,,1.0,14.0,0.5,0.8,1.036822067666386,1.1,neutral,1.0,0.0,0.0,4.0,0.4562017097732099,0.4562017097732099,1.8248068390928396
TX-Senate,TX,Senate,Trafalgar,Unknown,,,,False,,,2026-09-15,2026-09-17,2026-09-16 00:00:00,13,1079,LV,James Talarico,Ken Paxton,,,46.4,45.2,0.0,2.5,5.9,Dem,46.4,45.2,1.1999999999999955,1.1999999999999955,94.1,5.9,0.941,1.1999999999999955,Trafalgar,trafalgar,Trafalgar,normalized_alias,1.1999999999999955,-1.0,,-1.0,pollster_registry,low,Automatically added from manual polls; house effect pending review.,2.1999999999999957,2.1999999999999957,1.1999999999999955,-1.1999999999999955,-46.4,False,22.917303775335128,0.75,17.187977831501346,,13,,,1.0,14.0,0.5253783193266097,0.8,1.3410195126594293,1.1,neutral,1.0,0.0,0.0,2.1999999999999957,0.6199974684157763,0.6199974684157763,1.3639944305147051
IA-Senate,IA,Senate,Trafalgar,Unknown,,,,False,,,2026-09-16,2026-09-18,2026-09-17 00:00:00,12,600,LV,Josh Turek,Ashley Hinson,,,42.1,44.0,3.4,0.0,10.4,Rep,44.0,42.1,1.8999999999999984,-1.8999999999999984,89.5,10.4,0.895,-1.8999999999999984,Trafalgar,trafalgar,Trafalgar,normalized_alias,-1.8999999999999984,-1.0,,-1.0,pollster_registry,low,Automatically added from manual polls; house effect pending review.,-0.8999999999999986,-0.8999999999999986,-1.8999999999999984,1.8999999999999984,-40.6,False,17.49635530559413,0.75,13.122266479195597,,12,,,1.0,14.0,0.5520447568369062,0.8,1.0,1.1,neutral,1.0,0.0,0.0,-0.8999999999999984,0.48579938601647754,0.48579938601647754,-0.437219447414829
FL-Senate,FL,Senate,Insider Advantage,Unknown,,,,False,,,2026-09-20,2026-09-21,2026-09-20 12:00:00,8,600,LV,Angie Nixon,Ashley Moody,,,42.0,49.0,0.0,0.0,7.0,Rep,49.0,42.0,7.0,-7.0,91.0,7.0,0.91,-7.0,Insider Advantage,insider advantage,Insider Advantage,normalized_alias,-7.0,0.0,,0.0,pollster_registry,low,Automatically added from manual polls; house effect pending review.,-7.0,-7.0,-7.0,7.0,-49.0,False,19.3380769167093,0.75,14.503557687531975,,8,,,1.0,14.0,0.6729500963161781,0.8,1.0,1.1,neutral,1.0,0.0,0.0,-7.0,0.5921960847582368,0.5921960847582368,-4.145372593307657
IA-Senate,IA,Senate,Marist,A,,,,False,,,2026-09-17,2026-09-20,2026-09-18 12:00:00,10,1050,RV,Josh Turek,Ashley Hinson,,,50.0,42.0,0.0,2.0,5.0,Dem,50.0,42.0,8.0,8.0,94.0,5.0,0.94,8.0,Marist,marist,Marist,normalized_alias,8.0,0.0,,0.0,pollster_registry,low,Automatically added from manual polls; house effect pending review.,8.0,8.0,8.0,-8.0,-50.0,False,24.302777619029474,1.1,26.733055380932424,,10,,,1.0,14.0,0.6095068271022377,1.2,1.3228756555322954,1.0,neutral,1.0,0.0,0.0,8.0,0.9675620921451384,0.9675620921451384,7.7404967371611075
MI-Senate,MI,Senate,Suffolk,A,,,,False,,,2026-09-16,2026-09-20,2026-09-18 00:00:00,11,500,LV,Abdul El-Sayed,Mike Rogers,,,47.0,40.0,0.0,0.0,13.0,Dem,47.0,40.0,7.0,7.0,87.0,13.0,0.87,7.0,Suffolk,suffolk,Suffolk,normalized_alias,7.0,0.0,,0.0,pollster_registry,low,,7.0,7.0,7.0,-7.0,-47.0,False,16.361473006096023,1.1,17.997620306705628,,11,,,1.0,14.0,0.5800646930800814,1.2,0.9128709291752769,1.1,neutral,1.0,0.0,0.0,7.0,0.6989719378669972,0.6989719378669972,4.892803565068981
TX-Senate,TX,Senate,Texas Southern,Unknown,,,,False,,,2026-09-15,2026-09-19,2026-09-17 00:00:00,12,1500,LV,James Talarico,Ken Paxton,,,47.0,46.0,0.0,3.0,4.0,Dem,47.0,46.0,1.0,1.0,96.0,4.0,0.96,1.0,Texas Southern,texas southern,Texas Southern,normalized_alias,1.0,0.0,,0.0,pollster_registry,low,Automatically added from manual polls; house effect pending review.,1.0,1.0,1.0,-1.0,-47.0,False,27.664166758624408,0.75,20.748125068968307,,12,,,1.0,14.0,0.5520447568369062,0.8,1.35,1.1,neutral,1.0,0.0,0.0,1.0,0.6558291711222447,0.6558291711222447,0.6558291711222447
AK-Senate,AK,Senate,Alaska Survey Research,Unknown,,,,False,,,2026-09-11,2026-09-12,2026-09-11 12:00:00,17,1352,LV,Mary Peltola,Dan Sullivan,,,51.9,48.1,0.0,0.0,0.0,Dem,51.9,48.1,3.799999999999997,3.799999999999997,100.0,0.0,1.0,3.799999999999997,Alaska Survey Research,alaska survey research,Alaska Survey Research,normalized_alias,3.799999999999997,0.0,,0.0,pollster_registry,low,,3.799999999999997,3.799999999999997,3.799999999999997,-3.799999999999997,-51.9,False,23.469927205340724,0.75,17.602445404005543,,17,,,1.0,14.0,0.4309864106234889,0.8,1.35,1.1,neutral,1.0,0.0,0.0,3.799999999999997,0.512011855820705,0.512011855820705,1.9456450521186774
MT-Senate,MT,Senate,Aspect Strategic,Unknown,,,,False,,,2026-09-07,2026-09-15,2026-09-11 00:00:00,18,725,LV,Alani Bankhead,Kurt Alme,Seth Bodnar,,14.0,44.0,32.0,3.0,7.0,Rep,44.0,32.0,12.0,-30.0,93.0,7.0,0.93,-30.0,Aspect Strategic,aspect strategic,Aspect Strategic,normalized_alias,-30.0,0.0,,0.0,pollster_registry,low,Automatically added from manual polls; house effect pending review.,-30.0,-30.0,-30.0,12.0,-12.0,True,16.828640022295325,0.75,12.621480016721494,,18,,,1.0,14.0,0.4101676780038189,0.8,1.0992421631894098,1.1,neutral,1.0,0.0,0.0,-30.0,0.3967687729625799,0.3967687729625799,-11.903063188877397
TX-Senate,TX,Senate,Marist,A,,,,False,,,2026-09-17,2026-09-20,2026-09-18 12:00:00,10,1139,RV,James Talarico,Ken Paxton,,,50.0,44.0,0.0,0.0,6.0,Dem,50.0,44.0,6.0,6.0,94.0,6.0,0.94,6.0,Marist,marist,Marist,normalized_alias,6.0,0.0,,0.0,pollster_registry,low,Automatically added from manual polls; house effect pending review.,6.0,6.0,6.0,-6.0,-50.0,False,25.31180554602931,1.1,27.84298610063224,,10,,,1.0,14.0,0.6095068271022377,1.2,1.35,1.0,neutral,1.0,0.0,0.0,6.0,0.9874010599056251,0.9874010599056251,5.924406359433751
GA-Senate,GA,Senate,YouGov,Unknown,,,,False,,,2026-09-15,2026-09-18,2026-09-16 12:00:00,12,3301,LV,Jon Ossoff,Mike Collins,,,52.0,42.0,0.0,0.0,6.0,Dem,52.0,42.0,10.0,10.0,94.0,6.0,0.94,10.0,YouGov,yougov,YouGov,normalized_alias,10.0,0.0,,0.0,pollster_registry,low,,10.0,10.0,10.0,-10.0,-52.0,False,41.03880692063779,0.75,30.77910519047834,,12,,,1.0,14.0,0.5520447568369062,0.8,1.35,1.1,neutral,1.0,0.0,0.0,10.0,0.6558291711222447,0.6558291711222447,6.558291711222447
NC-Senate,NC,Senate,YouGov,Unknown,,,,False,,,2026-09-15,2026-09-18,2026-09-16 12:00:00,12,3742,LV,Roy Cooper,Michael Whatley,,,53.0,41.0,0.0,0.0,5.0,Dem,53.0,41.0,12.0,12.0,94.0,5.0,0.94,12.0,YouGov,yougov,YouGov,normalized_alias,12.0,0.0,,0.0,pollster_registry,low,,12.0,12.0,12.0,-12.0,-53.0,False,43.69420640622035,0.75,32.77065480466526,,12,,,1.0,14.0,0.5520447568369062,0.8,1.35,1.1,neutral,1.0,0.0,0.0,12.0,0.6558291711222447,0.6558291711222447,7.869950053466937
LA-Senate,LA,Senate,Hart,Unknown,Davis,campaign,D,True,D,,2026-09-17,2026-09-19,2026-09-18 00:00:00,11,500,LV,Jamie Davis,Julia Letlow,,,42.75,49.25,0.0,0.0,8.0,Rep,49.25,42.75,6.5,-6.5,92.0,8.0,0.92,-6.5,Hart,hart,Hart,normalized_alias,-6.5,0.0,,0.0,pollster_registry,low,Automatically added from manual polls; house effect pending review.,-6.5,-6.5,-6.5,6.5,-49.25,False,16.361473006096023,0.75,12.271104754572018,,11,,,1.0,14.0,0.5800646930800814,0.8,0.9128709291752769,1.1,internal,0.65,-1.5,0.0,-8.0,0.30288783974236544,0.30288783974236544,-2.4231027179389235
MI-Senate,MI,Senate,Co/Efficient,Unknown,,,R,False,R,,2026-09-21,2026-09-23,2026-09-22 00:00:00,7,500,LV,Abdul El-Sayed,Mike Rogers,,,46.0,44.0,2.0,0.0,8.0,Dem,46.0,44.0,2.0,2.0,92.0,8.0,0.92,2.0,Co/Efficient,co efficient,Co-Efficient,normalized_alias,2.0,-1.0,,-1.0,pollster_registry,low,Automatically added from manual polls; house effect pending review.,3.0,3.0,2.0,-2.0,-44.0,False,18.130280898646944,0.75,13.597710673985208,,7,,,1.0,14.0,0.7071067811865476,0.8,0.9128709291752769,1.1,partisan,0.8,1.0,0.0,4.0,0.4544300459550038,0.4544300459550038,1.8177201838200152
ME-Senate,ME,Senate,NY Times/Siena,A+,,,,False,,,2026-09-15,2026-09-22,2026-09-18 12:00:00,10,619,LV,Troy Jackson,Susan Collins,,,46.0,49.0,0.0,0.0,5.0,Rep,49.0,46.0,3.0,-3.0,95.0,5.0,0.95,-3.0,NY Times/Siena,ny times siena,NY Times/Siena,normalized_alias,-3.0,0.0,,0.0,pollster_registry,low,Automatically added from manual polls; house effect pending review.,-3.0,-3.0,-3.0,3.0,-49.0,False,18.659782956937093,1.15,21.458750400477655,,10,,,1.0,14.0,0.6095068271022377,1.2,1.0157099323461727,1.1,neutral,1.0,0.0,0.0,-3.0,0.8171884223191184,0.8171884223191184,-2.4515652669573553
NH-Senate,NH,Senate,NY Times/Siena,A+,,,,False,,,2026-09-15,2026-09-22,2026-09-18 12:00:00,10,613,LV,Chris Pappas,John Sununu,,,50.0,45.0,0.0,1.0,4.0,Dem,50.0,45.0,5.0,5.0,96.0,4.0,0.96,5.0,NY Times/Siena,ny times siena,NY Times/Siena,normalized_alias,5.0,0.0,,0.0,pollster_registry,low,Automatically added from manual polls; house effect pending review.,5.0,5.0,5.0,-5.0,-50.0,False,18.569127604709923,1.15,21.35449674541641,,10,,,1.0,14.0,0.6095068271022377,1.2,1.0107752800037537,1.1,neutral,1.0,0.0,0.0,5.0,0.8132182526535723,0.8132182526535723,4.066091263267861
MI-Senate,MI,Senate,NY Times/Seina,A+,,,,False,,,2026-09-15,2026-09-22,2026-09-18 12:00:00,10,605,LV,Abdul El-Sayed,Mike Rogers,,,49.0,44.0,0.0,0.0,5.0,Dem,49.0,44.0,5.0,5.0,93.0,5.0,0.93,5.0,NY Times/Seina,ny times seina,NY Times/Seina,normalized_alias,5.0,0.0,,0.0,pollster_registry,low,Automatically added from manual polls; house effect pending review.,5.0,5.0,5.0,-5.0,-49.0,False,18.44756081437327,1.15,21.214694936529256,,10,,,1.0,14.0,0.6095068271022377,1.2,1.0041580220928046,1.1,neutral,1.0,0.0,0.0,5.0,0.8078943443406581,0.8078943443406581,4.039471721703291
OH-Senate,OH,Senate,Quantus,Unknown,,,,False,,,2026-09-21,2026-09-23,2026-09-22 00:00:00,7,695,LV,Sherrod Brown,Jon Husted,,,48.0,47.0,2.0,1.0,2.0,Dem,48.0,47.0,1.0,1.0,98.0,2.0,0.98,1.0,Quantus,quantus,Quantus,normalized_alias,1.0,0.0,,0.0,pollster_registry,low,,1.0,1.0,1.0,-1.0,-46.0,False,21.375285934806595,0.75,16.031464451104945,,7,,,1.0,14.0,0.7071067811865476,0.8,1.0762589527308628,1.1,neutral,1.0,0.0,0.0,1.0,0.6697064033340783,0.6697064033340783,0.6697064033340783
ME-Senate,ME,Senate,YouGov,A-,,,,False,,,2026-08-28,2026-09-14,2026-09-05 12:00:00,23,650,LV,Troy Jackson,Susan Collins,,,48.0,43.0,0.0,0.0,8.0,Dem,48.0,43.0,5.0,5.0,91.0,8.0,0.91,5.0,YouGov,yougov,YouGov,normalized_alias,5.0,0.0,,0.0,pollster_registry,low,,5.0,5.0,5.0,-5.0,-48.0,False,14.43118730262109,1.05,15.152746667752146,,23,,,1.0,14.0,0.32022167244106814,1.1,1.0408329997330663,1.1,neutral,1.0,0.0,0.0,5.0,0.40328971352671544,0.40328971352671544,2.016448567633577
NC-Senate,NC,Senate,High Point,Unknown,,,,False,,,2026-09-06,2026-09-16,2026-09-11 00:00:00,18,706,LV,Roy Cooper,Michael Whatley,,,50.0,42.0,0.0,0.0,8.0,Dem,50.0,42.0,8.0,8.0,92.0,8.0,0.92,8.0,High Point,high point,High Point,normalized_alias,8.0,0.0,,0.0,pollster_registry,low,Automatically added from manual polls; house effect pending review.,8.0,8.0,8.0,-8.0,-50.0,False,16.606662819483027,0.75,12.45499711461227,,18,,,1.0,14.0,0.4101676780038189,0.8,1.0847426730181986,1.1,neutral,1.0,0.0,0.0,8.0,0.39153521741270675,0.39153521741270675,3.132281739301654
FL-Senate,FL,Senate,Stetson University,Unknown,,,,False,,,2026-09-14,2026-09-21,2026-09-17 12:00:00,11,830,LV,Angie Nixon,Ashley Moody,,,40.0,51.0,0.0,0.0,8.0,Rep,51.0,40.0,11.0,-11.0,91.0,8.0,0.91,-11.0,Stetson University,stetson university,Stetson University,normalized_alias,-11.0,0.0,,0.0,pollster_registry,low,Automatically added from manual polls; house effect pending review.,-11.0,-11.0,-11.0,11.0,-51.0,False,21.08028335251893,0.75,15.810212514389194,,11,,,1.0,14.0,0.5800646930800814,0.8,1.1761519176251567,1.1,neutral,1.0,0.0,0.0,-11.0,0.6003748969792514,0.6003748969792514,-6.604123866771765
RI-Senate,RI,Senate,UNH,Unknown,,,,False,,,2026-09-17,2026-09-21,2026-09-19 00:00:00,10,595,LV,Jack Reed,Raymond McKay,,,53.0,33.0,5.0,0.0,9.0,Dem,53.0,33.0,20.0,20.0,91.0,9.0,0.91,20.0,UNH,unh,UNH,normalized_alias,20.0,0.0,,0.0,pollster_registry,low,,20.0,20.0,20.0,-20.0,-48.0,False,18.294466376475704,0.75,13.720849782356778,,10,,,1.0,14.0,0.6095068271022377,0.8,0.9958246164193104,1.1,neutral,1.0,0.0,0.0,20.0,0.5341264740275525,0.5341264740275525,10.68252948055105
MA-Senate,MA,Senate,UNH,B,,,,False,,,2026-09-17,2026-09-21,2026-09-19 00:00:00,10,556,LV,Ed Markey,John Deaton,,,53.0,30.0,9.0,0.0,8.0,Dem,53.0,30.0,23.0,23.0,92.0,8.0,0.92,23.0,UNH,unh,UNH,normalized_alias,23.0,0.0,,0.0,pollster_registry,low,,23.0,23.0,23.0,-23.0,-44.0,False,17.684739183827393,0.95,16.800502224636023,,10,,,1.0,14.0,0.6095068271022377,1.0,0.9626352718795768,1.1,neutral,1.0,0.0,0.0,23.0,0.6454060472420229,4.8780308567750345e-08,1.121947097058258e-06
ME-Senate,ME,Senate,UNH,B,,,,False,,,2026-09-17,2026-09-21,2026-09-19 00:00:00,10,1301,LV,Troy Jackson,Susan Collins,,,51.0,47.0,0.0,0.0,2.0,Dem,51.0,47.0,4.0,4.0,98.0,2.0,0.98,4.0,UNH,unh,UNH,normalized_alias,4.0,0.0,,0.0,pollster_registry,low,,4.0,4.0,4.0,-4.0,-51.0,False,27.05203319530715,0.95,25.69943153554179,,10,,,1.0,14.0,0.6095068271022377,1.0,1.35,1.1,neutral,1.0,0.0,0.0,4.0,0.9051176382468231,0.9051176382468231,3.6204705529872925
NH-Senate,NH,Senate,UNH,B,,,,False,,,2026-09-17,2026-09-21,2026-09-19 00:00:00,10,1392,LV,Chris Pappas,John Sununu,,,50.0,42.0,2.0,0.0,5.0,Dem,50.0,42.0,8.0,8.0,94.0,5.0,0.94,8.0,UNH,unh,UNH,normalized_alias,8.0,0.0,,0.0,pollster_registry,low,,8.0,8.0,8.0,-8.0,-48.0,False,27.982137159266447,0.95,26.58303030130312,,10,,,1.0,14.0,0.6095068271022377,1.0,1.35,1.1,neutral,1.0,0.0,0.0,8.0,0.9051176382468231,0.9051176382468231,7.240941105974585
KS-Senate,KS,Senate,Wedgewood,Unknown,,,,False,,,2026-09-22,2026-09-24,2026-09-23 00:00:00,6,500,LV,Adam Hamilton,Roger Marshall,,,50.0,48.0,0.0,0.0,2.0,Dem,50.0,48.0,2.0,2.0,98.0,2.0,0.98,2.0,Wedgewood,wedgewood,Wedgewood,normalized_alias,2.0,0.0,,0.0,pollster_registry,low,Automatically added from manual polls; house effect pending review.,2.0,2.0,2.0,-2.0,-50.0,False,18.63389981249825,0.75,13.975424859373687,,6,,,1.0,14.0,0.7429971445684742,0.8,0.9128709291752769,1.1,neutral,1.0,0.0,0.0,2.0,0.5968692344883846,0.5968692344883846,1.1937384689767692
TX-Senate,TX,Senate,Slingshot Strategies,Unknown,,,,False,,,2026-09-19,2026-09-22,2026-09-20 12:00:00,8,1007,LV,James Talarico,Ken Paxton,,,49.0,44.0,3.0,0.0,4.0,Dem,49.0,44.0,5.0,5.0,96.0,4.0,0.96,5.0,Slingshot Strategies,slingshot strategies,Slingshot Strategies,normalized_alias,5.0,0.0,,0.0,pollster_registry,low,Automatically added from manual polls; house effect pending review.,5.0,5.0,5.0,-5.0,-46.0,False,25.052576293614365,0.75,18.789432220210777,,8,,,1.0,14.0,0.6729500963161781,0.8,1.2955050495205849,1.1,neutral,1.0,0.0,0.0,5.0,0.7671930181106161,0.7671930181106161,3.8359650905530804
NE-Senate,NE,Senate,GBAO,Unknown,,,,False,,,2026-09-03,2026-09-08,2026-09-05 12:00:00,23,800,LV,Dan Osborn (I),Pete Ricketts,Dan Osborn,,47.0,46.0,0.0,0.0,7.0,Dem,47.0,46.0,1.0,1.0,93.0,7.0,0.93,1.0,GBAO,gbao,GBAO,normalized_alias,1.0,0.0,,0.0,pollster_registry,low,Automatically added from manual polls; house effect pending review.,1.0,1.0,1.0,-1.0,-47.0,False,16.00996485705391,0.75,12.007473642790432,,23,,,1.0,14.0,0.32022167244106814,0.8,1.1547005383792515,1.1,neutral,1.0,0.0,0.0,1.0,0.32538892106019707,0.32538892106019707,0.32538892106019707
GA-Senate,GA,Senate,Insider Advantage,Unknown,,,,False,,,2026-09-22,2026-09-23,2026-09-22 12:00:00,6,1200,LV,Jon Ossoff,Mike Collins,,,50.0,42.0,0.0,0.0,8.0,Dem,50.0,42.0,8.0,8.0,92.0,8.0,0.92,8.0,Insider Advantage,insider advantage,Insider Advantage,normalized_alias,8.0,0.0,,0.0,pollster_registry,low,Automatically added from manual polls; house effect pending review.,8.0,8.0,8.0,-8.0,-50.0,False,28.86751345948129,0.75,21.65063509461097,,6,,,1.0,14.0,0.7429971445684742,0.8,1.35,1.1,neutral,1.0,0.0,0.0,8.0,0.8826806077473475,0.8826806077473475,7.06144486197878
MI-Senate,MI,Senate,Torchlight Strategies,Unknown,,,R,False,R,,2026-09-15,2026-09-19,2026-09-17 00:00:00,12,643,LV,Abdul El-Sayed,Mike Rogers,,,44.0,43.0,0.0,4.0,9.0,Dem,44.0,43.0,1.0,1.0,91.0,9.0,0.91,1.0,Torchlight Strategies,torchlight strategies,Torchlight Strategies,normalized_alias,1.0,0.0,,0.0,pollster_registry,low,Automatically added from manual polls; house effect pending review.,1.0,1.0,1.0,-1.0,-44.0,False,18.112460475865667,0.75,13.58434535689925,,12,,,1.0,14.0,0.5520447568369062,0.8,1.0352133435513025,1.1,partisan,0.8,1.0,0.0,2.0,0.40232480535463006,0.40232480535463006,0.8046496107092601
MI-Senate,MI,Senate,Big Data Poll,Unknown,,,,False,,,2026-09-22,2026-09-24,2026-09-23 00:00:00,6,678,LV,Abdul El-Sayed,Mike Rogers,,,47.0,42.0,0.0,0.0,0.0,Dem,47.0,42.0,5.0,5.0,89.0,0.0,0.89,5.0,Big Data Poll,big data poll,Big Data Poll,normalized_alias,5.0,0.0,,0.0,pollster_registry,low,Automatically added from manual polls; house effect pending review.,5.0,5.0,5.0,-5.0,-47.0,False,21.69869427715256,0.75,16.274020707864423,,6,,,1.0,14.0,0.7429971445684742,0.8,1.0630145812734648,1.1,neutral,1.0,0.0,0.0,5.0,0.6950387826983363,0.6950387826983363,3.4751939134916814
NC-Senate,NC,Senate,Opinion Diagnostics,Unknown,,,,False,,,2026-09-17,2026-09-20,2026-09-18 12:00:00,10,857,LV,Roy Cooper,Michael Whatley,,,50.0,42.0,0.0,0.0,3.0,Dem,50.0,42.0,8.0,8.0,92.0,3.0,0.92,8.0,Opinion Diagnostics,opinion diagnostics,Opinion Diagnostics,normalized_alias,8.0,0.0,,0.0,pollster_registry,low,Automatically added from manual polls; house effect pending review.,8.0,8.0,8.0,-8.0,-50.0,False,21.95592175245667,0.75,16.466941314342503,,10,,,1.0,14.0,0.6095068271022377,0.8,1.1951290027998371,1.1,neutral,1.0,0.0,0.0,8.0,0.6410265720974634,0.6410265720974634,5.128212576779707
IA-Senate,IA,Senate,Insider Advantage,Unknown,,,,False,,,2026-09-25,2026-09-25,2026-09-25 00:00:00,4,1200,LV,Josh Turek,Ashley Hinson,,,47.0,46.0,2.0,0.0,5.0,Dem,47.0,46.0,1.0,1.0,95.0,5.0,0.95,1.0,Insider Advantage,insider advantage,Insider Advantage,normalized_alias,1.0,0.0,,0.0,pollster_registry,low,Automatically added from manual polls; house effect pending review.,1.0,1.0,1.0,-1.0,-45.0,False,30.565602486509604,0.75,22.924201864882203,,4,,,1.0,14.0,0.820335356007638,0.8,1.35,1.1,neutral,1.0,0.0,0.0,1.0,0.9745584029370742,0.9745584029370742,0.9745584029370742
ME-Senate,ME,Senate,Insider Advantage,Unknown,,,,False,,,2026-09-22,2026-09-23,2026-09-22 12:00:00,6,1200,LV,Troy Jackson,Susan Collins,,,46.0,46.0,5.0,0.0,3.0,Dem,46.0,46.0,0.0,0.0,97.0,3.0,0.97,0.0,Insider Advantage,insider advantage,Insider Advantage,normalized_alias,0.0,0.0,,0.0,pollster_registry,low,Automatically added from manual polls; house effect pending review.,0.0,0.0,0.0,0.0,-41.0,False,28.86751345948129,0.75,21.65063509461097,,6,,,1.0,14.0,0.7429971445684742,0.8,1.35,1.1,neutral,1.0,0.0,0.0,0.0,0.8826806077473475,0.8826806077473475,0.0
AK-Senate,AK,Senate,Trafalgar,Unknown,,,,False,R,,2026-09-22,2026-09-24,2026-09-23 00:00:00,6,1079,LV,Mary Peltola,Dan Sullivan,,,47.0,46.0,0.0,4.0,3.0,Dem,47.0,46.0,1.0,1.0,97.0,3.0,0.97,1.0,Trafalgar,trafalgar,Trafalgar,normalized_alias,1.0,-1.0,,-1.0,pollster_registry,low,Automatically added from manual polls; house effect pending review.,2.0,2.0,1.0,-1.0,-47.0,False,27.37344617609474,0.75,20.530084632071052,,6,,,1.0,14.0,0.7429971445684742,0.8,1.3410195126594293,1.1,neutral,1.0,0.0,0.0,2.0,0.8768088284705755,0.8768088284705755,1.753617656941151
SC-Senate,SC,Senate,Trafalgar,Unknown,,,,False,R,,2026-09-23,2026-09-25,2026-09-24 00:00:00,5,1087,LV,Annie Andrews,Darline Graham,,,43.0,42.0,0.0,0.0,15.0,Dem,43.0,42.0,1.0,1.0,85.0,15.0,0.85,1.0,Trafalgar,trafalgar,Trafalgar,normalized_alias,1.0,-1.0,,-1.0,pollster_registry,low,Automatically added from manual polls; house effect pending review.,2.0,2.0,1.0,-1.0,-43.0,False,28.259728323144916,0.75,21.194796242358688,,5,,,1.0,14.0,0.7807091821557101,0.8,1.345981673971331,1.1,neutral,1.0,0.0,0.0,2.0,0.9247218216568037,0.9090592763709928,1.8181185527419856
TX-Senate,TX,Senate,Big Data Poll,Unknown,,,,False,,,2026-09-24,2026-09-26,2026-09-25 00:00:00,4,698,LV,James Talarico,Ken Paxton,,,47.0,45.0,8.0,0.0,0.0,Dem,47.0,45.0,2.0,2.0,100.0,0.0,1.0,2.0,Big Data Poll,big data poll,Big Data Poll,normalized_alias,2.0,0.0,,0.0,pollster_registry,low,Automatically added from manual polls; house effect pending review.,2.0,2.0,2.0,-2.0,-39.0,False,23.311490847569836,0.75,17.483618135677375,,4,,,1.0,14.0,0.820335356007638,0.8,1.0785793124908958,1.1,neutral,1.0,0.0,0.0,2.0,0.7786211349793294,0.7786211349793294,1.5572422699586588
MI-Senate,MI,Senate,GBAO,Unknown,Senate Majority PAC,super PAC,D,False,D,,2026-09-19,2026-09-22,2026-09-20 12:00:00,8,800,LV,Abdul El-Sayed,Mike Rogers,,,47.0,45.0,0.0,0.0,0.0,Dem,47.0,45.0,2.0,2.0,92.0,0.0,0.92,2.0,GBAO,gbao,GBAO,normalized_alias,2.0,0.0,,0.0,pollster_registry,low,Automatically added from manual polls; house effect pending review.,2.0,2.0,2.0,-2.0,-47.0,False,22.32968782694361,0.75,16.747265870207706,,8,,,1.0,14.0,0.6729500963161781,0.8,1.1547005383792515,1.1,partisan,0.8,-1.0,0.0,1.0,0.5470473103171367,0.5470473103171367,0.5470473103171367
NC-Senate,NC,Senate,Fabrizio Ward/Impact Rsearch/AARP,Unknown,,,,False,,,2026-09-17,2026-09-20,2026-09-18 12:00:00,10,1115,LV,Roy Cooper,Michael Whatley,,,53.0,42.0,0.0,0.0,5.0,Dem,53.0,42.0,11.0,11.0,95.0,5.0,0.95,11.0,Fabrizio Ward/Impact Rsearch/AARP,fabrizio ward impact rsearch aarp,Fabrizio Ward/Impact Rsearch/AARP,normalized_alias,11.0,0.0,,0.0,pollster_registry,low,Automatically added from manual polls; house effect pending review.,11.0,11.0,11.0,-11.0,-53.0,False,25.043711785596003,0.75,18.782783839197,,10,,,1.0,14.0,0.6095068271022377,0.8,1.35,1.1,neutral,1.0,0.0,0.0,11.0,0.7240941105974585,0.7240941105974585,7.965035216572044
NH-Senate,NH,Senate,Trafalgar,Unknown,,,,False,R,,2026-09-26,2026-09-27,2026-09-26 12:00:00,2,1082,LV,Chris Pappas,John Sununu,,,48.0,40.0,1.0,0.0,11.0,Dem,48.0,40.0,8.0,8.0,89.0,11.0,0.89,8.0,Trafalgar,trafalgar,Trafalgar,normalized_alias,8.0,-1.0,,-1.0,pollster_registry,low,Automatically added from manual polls; house effect pending review.,9.0,9.0,8.0,-8.0,-47.0,False,30.837907881372235,0.75,23.128430911029177,,2,,,1.0,14.0,0.9057236642639067,0.8,1.3428824718989123,1.1,neutral,1.0,0.0,0.0,9.0,1.070326781149169,1.070326781149169,9.632941030342522
TX-Senate,TX,Senate,Stratus Intelligence,Unknown,,,,False,R,,2026-09-22,2026-09-24,2026-09-23 00:00:00,6,865,LV,James Talarico,Ken Paxton,,,49.0,47.0,0.0,0.0,4.0,Dem,49.0,47.0,2.0,2.0,96.0,4.0,0.96,2.0,Stratus Intelligence,stratus intelligence,Stratus Intelligence,normalized_alias,2.0,0.0,,0.0,pollster_registry,low,Automatically added from manual polls; house effect pending review.,2.0,2.0,2.0,-2.0,-49.0,False,24.50906861642124,0.75,18.381801462315927,,6,,,1.0,14.0,0.7429971445684742,0.8,1.2006942436218584,1.1,neutral,1.0,0.0,0.0,2.0,0.7850589071695434,0.7850589071695434,1.5701178143390868
MT-Senate,MT,Senate,American Research Group,Unknown,,,,False,,,2026-09-19,2026-09-24,2026-09-21 12:00:00,7,604,LV,Alani Bankhead,Kurt Alme,Seth Bodnar,,19.0,45.0,26.0,3.0,7.0,Rep,45.0,26.0,19.0,-26.0,93.0,7.0,0.93,-26.0,American Research Group,american research group,American Research Group,normalized_alias,-26.0,0.0,,0.0,pollster_registry,low,Automatically added from manual polls; house effect pending review.,-26.0,-26.0,-26.0,19.0,-19.0,True,19.92682009855866,0.75,14.945115073918997,,7,,,1.0,14.0,0.7071067811865476,0.8,1.003327796219494,1.1,neutral,1.0,0.0,0.0,-26.0,0.6243247018445878,0.6243247018445878,-16.23244224795928
FL-Senate,FL,Senate,Change Research,Unknown,,,,False,,,2026-09-25,2026-09-27,2026-09-26 00:00:00,3,1063,LV,Angie Nixon,Ashley Moody,,,47.0,48.0,0.0,0.0,5.0,Rep,48.0,47.0,1.0,-1.0,95.0,5.0,0.95,-1.0,Change Research,change research,Change Research,normalized_alias,-1.0,0.0,,0.0,pollster_registry,low,,-1.0,-1.0,-1.0,1.0,-48.0,False,29.639709794365643,0.75,22.229782345774233,,3,,,1.0,14.0,0.8619728212469777,0.8,1.3310396938734272,1.1,neutral,1.0,0.0,0.0,-1.0,1.009641635305417,0.8363366689683992,-0.8363366689683992
OH-Senate,OH,Senate,Marist,Unknown,,,,False,,,2026-09-24,2026-09-27,2026-09-25 12:00:00,3,1298,LV,Sherrod Brown,Jon Husted,,,51.0,43.0,0.0,0.0,6.0,Dem,51.0,43.0,8.0,8.0,94.0,6.0,0.94,8.0,Marist,marist,Marist,normalized_alias,8.0,0.0,,0.0,pollster_registry,low,Automatically added from manual polls; house effect pending review.,8.0,8.0,8.0,-8.0,-51.0,False,32.752515517548765,0.75,24.564386638161572,,3,,,1.0,14.0,0.8619728212469777,0.8,1.35,1.1,neutral,1.0,0.0,0.0,8.0,1.0240237116414097,1.0240237116414097,8.192189693131278
