simulation,dem_seats,dem_control,national_error
1,53.0,1,1.4592928831594876
2,52.0,1,2.7726911676924164
3,53.0,1,5.24900776848875
4,53.0,1,2.5646854904174488
5,51.0,1,1.6208477881548915
6,50.0,0,-2.692057868695068
7,52.0,1,1.547505552461383
8,53.0,1,3.350157383000507
9,49.0,0,-0.8971923498222484
10,52.0,1,1.861429798012689
11,47.0,0,-8.519598409922747
12,52.0,1,1.962011437470103
13,52.0,1,2.2862273152331047
14,51.0,1,-2.0294490420583804
15,49.0,0,0.8444755153732563
16,52.0,1,0.6080319509491005
17,48.0,0,-5.617039700113573
18,50.0,0,1.2483525558763018
19,50.0,0,-1.3305388069318094
20,49.0,0,-3.3403245837251885
21,54.0,1,2.046284850366562
22,50.0,0,-3.4931912607761393
23,50.0,0,-2.4967814104453305
24,51.0,1,2.684197594179652
25,46.0,0,-6.561657415097909
26,50.0,0,0.8233094238338365
27,49.0,0,-2.820794317776561
28,54.0,1,6.557942611430792
29,44.0,0,-12.389522461168351
30,52.0,1,4.555235843421218
31,50.0,0,1.2441667159785033
32,51.0,1,-0.38381126550516104
33,46.0,0,-5.399391958241684
34,49.0,0,-2.7714949682334864
35,52.0,1,4.098202863318896
36,52.0,1,3.1478442330791117
37,52.0,1,0.9677330428619285
38,49.0,0,-0.6753577209643612
39,52.0,1,-1.5979034601981195
40,52.0,1,3.4332465224295117
41,54.0,1,3.0833920581742755
42,52.0,1,4.820438597622376
43,51.0,1,0.9346761387114252
44,51.0,1,-1.6317677671397812
45,52.0,1,-0.8736012992714268
46,47.0,0,-2.154624536217719
47,55.0,1,4.515636076507826
48,52.0,1,-1.8057819398740778
49,52.0,1,1.7036803317064277
50,47.0,0,-6.823727886002881
51,50.0,0,-0.5919314220914865
52,52.0,1,2.593014049500808
53,45.0,0,-8.59780714641112
54,52.0,1,1.5991425252769573
55,54.0,1,2.814574946120629
56,48.0,0,-2.320268345987225
57,48.0,0,-2.4007796308092373
58,49.0,0,1.973583493505442
59,49.0,0,-2.032944690231245
60,51.0,1,1.5890025895888695
61,51.0,1,0.36886280705270774
62,50.0,0,-0.5740385196811911
63,52.0,1,1.8035528341142062
64,52.0,1,2.048699850554749
65,50.0,0,-0.7887203942688512
66,51.0,1,2.557847030882709
67,48.0,0,-3.347609581296543
68,53.0,1,-0.5774286107186555
69,50.0,0,-1.319529147933343
70,53.0,1,2.6489545321925054
71,51.0,1,1.6598517243742592
72,51.0,1,2.4744284788369635
73,49.0,0,-1.994474154051777
74,53.0,1,3.2854914937410955
75,50.0,0,-0.7023977926957135
76,50.0,0,0.2953870399562626
77,54.0,1,4.177115004085065
78,53.0,1,0.7240673974245202
79,51.0,1,0.542978678328217
80,49.0,0,-4.117451820084023
81,50.0,0,-4.385099923386463
82,51.0,1,2.4037814398812163
83,54.0,1,-0.2928191246231308
84,47.0,0,-6.3004384409381045
85,53.0,1,0.2558451180116838
86,51.0,1,-0.7604227883318121
87,49.0,0,-4.7716109386548045
88,51.0,1,-1.6990562132530695
89,56.0,1,5.127382828944624
90,49.0,0,-4.12885281040452
91,44.0,0,-7.659159135378026
92,50.0,0,-1.7346488094830828
93,48.0,0,-1.2044161239378406
94,52.0,1,0.8343417233716455
95,53.0,1,-0.6107670322217816
96,51.0,1,1.9578889621912456
97,46.0,0,-5.286417497488042
98,48.0,0,-2.45716187124647
99,51.0,1,1.15065040545208
100,50.0,0,-3.5960148929927196
101,50.0,0,-2.217325784175538
102,46.0,0,-4.903336667307324
103,53.0,1,0.922771193243804
104,50.0,0,0.2830449243349621
105,54.0,1,4.9309279066347536
106,49.0,0,-3.1841007987869983
107,46.0,0,-7.762257235509443
108,52.0,1,1.7246955672425168
109,52.0,1,2.3022679185691493
110,50.0,0,0.22349843284963683
111,48.0,0,-5.675403024182544
112,53.0,1,3.7078653954522394
113,51.0,1,0.6553654667951954
114,50.0,0,-1.713271547403952
115,51.0,1,0.9370041671518659
116,50.0,0,0.2975467284774503
117,46.0,0,-7.334920740193836
118,51.0,1,-0.5691294230733189
119,51.0,1,0.889476389593231
120,53.0,1,5.28936490108904
121,51.0,1,-0.6386257108480796
122,49.0,0,-3.137289433455935
123,46.0,0,-7.726643756
124,49.0,0,0.8470646028845866
125,50.0,0,1.2008899465785432
126,50.0,0,-1.2935007178704054
127,49.0,0,-0.5745849769671557
128,49.0,0,-3.111364672300367
129,50.0,0,2.574182416298714
130,50.0,0,-1.7347133933770973
131,50.0,0,0.6528695759201665
132,48.0,0,-2.8653021313872427
133,53.0,1,5.1961395449953995
134,56.0,1,4.66552972991827
135,52.0,1,2.280855493736124
136,54.0,1,5.104135392529782
137,51.0,1,-1.6983488611832183
138,55.0,1,6.917311577814585
139,54.0,1,5.980085267067523
140,50.0,0,-0.6879738898104889
141,54.0,1,2.0697573740953445
142,49.0,0,0.2853239868665963
143,54.0,1,4.255449082435595
144,54.0,1,4.0722173186274535
145,51.0,1,2.4300519150325464
146,52.0,1,2.0502768431435108
147,49.0,0,-0.7113791447411785
148,48.0,0,-1.3241839460517046
149,49.0,0,-1.952602404392882
150,51.0,1,-2.8938917226748933
151,51.0,1,0.356114112051101
152,50.0,0,-0.14588267292938287
153,47.0,0,-6.774583827247037
154,52.0,1,0.877434338131903
155,50.0,0,-0.6136274407830552
156,50.0,0,-2.4543678554815664
157,50.0,0,-1.9196599485117714
158,49.0,0,-2.7044443067424386
159,50.0,0,-0.9164785034169934
160,48.0,0,-1.8617136607523916
161,52.0,1,1.543725362465392
162,53.0,1,0.32049829494955956
163,52.0,1,4.438170417172585
164,48.0,0,-3.3336352210246907
165,54.0,1,5.000710283629841
166,48.0,0,-4.982755160880475
167,50.0,0,-3.3340726752913614
168,53.0,1,2.303833883490097
169,46.0,0,-10.081207678721508
170,49.0,0,-0.99113629643745
171,49.0,0,-5.31226451493022
172,52.0,1,3.7932587419651194
173,54.0,1,3.0056336729662676
174,53.0,1,4.434912855553261
175,48.0,0,-4.5761737302155625
176,50.0,0,-0.34831779320503864
177,52.0,1,1.465211195004496
178,54.0,1,5.391547767295541
179,49.0,0,-3.589622991915122
180,51.0,1,-1.310818451557866
181,47.0,0,-4.715422080893161
182,52.0,1,2.698727164353871
183,46.0,0,-4.754327086232664
184,48.0,0,0.22996341468688802
185,48.0,0,-1.6434097030193788
186,47.0,0,-3.7488689130852872
187,50.0,0,-2.585523073459384
188,49.0,0,-0.07676401657325609
189,54.0,1,1.5488106932400698
190,53.0,1,1.323117178450819
191,49.0,0,-3.7174575361553104
192,56.0,1,8.799795184992593
193,55.0,1,7.986750837606477
194,49.0,0,-1.1783243785348072
195,50.0,0,-3.520279985231146
196,49.0,0,-1.2441789271242314
197,49.0,0,-1.8994866469775067
198,46.0,0,-5.388408358118366
199,47.0,0,-3.3512383665554233
200,49.0,0,-2.8127027437457746
201,48.0,0,-0.5947736122796518
202,51.0,1,-0.38154063937791954
203,49.0,0,-0.9167125076002024
204,50.0,0,-0.7149425310210916
205,54.0,1,2.246003769281117
206,49.0,0,-2.4224992362118747
207,50.0,0,-1.017525726310783
208,53.0,1,0.26102774971187714
209,54.0,1,3.652621757243533
210,53.0,1,3.0451982527882415
211,51.0,1,0.9613784866268483
212,48.0,0,-0.7849273629815039
213,53.0,1,1.5699663245696631
214,53.0,1,3.2798581793581363
215,45.0,0,-9.07309383448667
216,46.0,0,-3.6389919622369327
217,55.0,1,4.676400678124426
218,53.0,1,3.4690762946582634
219,55.0,1,5.627543085171546
220,52.0,1,1.4737097195365165
221,47.0,0,-1.8395895637284607
222,48.0,0,-5.035800272179179
223,48.0,0,-3.0248195349749536
224,46.0,0,-6.1932591828885695
225,47.0,0,-1.9983648510456986
226,52.0,1,1.0861855764347363
227,53.0,1,5.346454773667678
228,49.0,0,-3.2408477967475315
229,52.0,1,-0.07278000306007609
230,52.0,1,-1.6187335053453975
231,46.0,0,-6.413386867412207
232,49.0,0,-0.029912452186866046
233,51.0,1,0.029868727331624125
234,49.0,0,-0.5813140267613299
235,52.0,1,0.36524166721469986
236,51.0,1,0.3222168225124929
237,50.0,0,1.3716770979009765
238,49.0,0,-0.721332434811975
239,47.0,0,-3.765830281202074
240,53.0,1,1.8523177182721107
241,47.0,0,-0.5976649942051314
242,51.0,1,-0.2199940242617227
243,53.0,1,2.2538683973773073
244,50.0,0,0.378001338283282
245,54.0,1,4.8568439579888905
246,55.0,1,1.325561213511766
247,50.0,0,-1.826815273557448
248,50.0,0,-1.2299715638137931
249,51.0,1,2.2578525911084473
250,48.0,0,-3.0678103228768436
251,53.0,1,3.101029784202296
252,47.0,0,-5.663515501919292
253,49.0,0,-0.8452798669372308
254,51.0,1,-0.6315140160730756
255,47.0,0,-3.483387258240475
256,53.0,1,1.5893334585587808
257,46.0,0,-3.6751643268458056
258,50.0,0,-0.1151448343256453
259,55.0,1,4.0328310594360826
260,46.0,0,-6.584999180300633
261,52.0,1,0.6825867760861896
262,46.0,0,-2.7239031354643513
263,52.0,1,3.2586235043288054
264,48.0,0,-4.880183136471172
265,49.0,0,-3.3006920979022873
266,51.0,1,-3.278463215714168
267,52.0,1,0.8525648855811614
268,50.0,0,-1.5584647583670794
269,50.0,0,-1.4236708413970787
270,48.0,0,-5.420999935314949
271,51.0,1,0.7721564778197971
272,46.0,0,-1.5918015920154618
273,46.0,0,-4.038750567662177
274,54.0,1,3.744990836058271
275,54.0,1,2.564716118730139
276,51.0,1,4.77330821920587
277,54.0,1,3.681178889280617
278,51.0,1,0.6947225764187697
279,50.0,0,-0.7235897159334967
280,51.0,1,0.2172057601563354
281,47.0,0,-5.6630898262691955
282,47.0,0,-3.0403871121495247
283,47.0,0,-5.237577804346085
284,49.0,0,-2.978065201926365
285,53.0,1,2.7623067385684035
286,52.0,1,3.3297990002476547
287,49.0,0,-0.16679171123549943
288,51.0,1,2.2685529049369255
289,51.0,1,1.820109839776343
290,52.0,1,1.6202699243952159
291,48.0,0,-5.014776182845433
292,55.0,1,3.3699073209461106
293,49.0,0,-0.8256289853710203
294,50.0,0,0.9451273053856879
295,48.0,0,-4.254003399834625
296,50.0,0,-0.27533796681516254
297,48.0,0,-1.3870181772692303
298,52.0,1,-0.5758150687829341
299,49.0,0,-4.144195333271266
300,48.0,0,-3.8812730431365687
301,52.0,1,1.2443691217945174
302,55.0,1,7.789040964461032
303,49.0,0,0.587014494467316
304,52.0,1,1.9279871952252272
305,50.0,0,-0.2781582935510075
306,50.0,0,-1.7364070131233236
307,49.0,0,-5.94168091389007
308,49.0,0,-2.424678127740314
309,53.0,1,3.2734756020268163
310,51.0,1,1.0790043326890797
311,49.0,0,0.13099546363175715
312,48.0,0,-2.767613071756987
313,52.0,1,-2.7233067273176137
314,45.0,0,-9.148391054365579
315,50.0,0,-0.2578951226645318
316,50.0,0,0.36746575496670053
317,50.0,0,2.4154044860032613
318,53.0,1,-0.8537174580701765
319,51.0,1,1.5550055345068816
320,48.0,0,-4.608703706903188
321,49.0,0,1.0782546123162213
322,51.0,1,-2.5643427208635434
323,53.0,1,0.6509652601669114
324,53.0,1,4.202856698596967
325,53.0,1,3.639744046117701
326,53.0,1,2.3966265324587033
327,48.0,0,-1.4531378423968728
328,52.0,1,1.9812036372957789
329,49.0,0,-3.7618574855241382
330,51.0,1,0.5440668234740434
331,52.0,1,3.7661503466423722
332,48.0,0,-3.7570879678929425
333,49.0,0,-5.844872049870675
334,53.0,1,2.396998642959287
335,52.0,1,2.305013367844137
336,50.0,0,-4.431308680752118
337,52.0,1,1.171976890576956
338,51.0,1,4.528962069613493
339,50.0,0,-0.5674116029652853
340,49.0,0,3.6197926309636004
341,50.0,0,-0.6897435129099965
342,53.0,1,3.7550135388837083
343,52.0,1,-2.687043185136444
344,50.0,0,1.002967316288829
345,52.0,1,0.668862997626389
346,54.0,1,5.5797911784780085
347,49.0,0,-4.3619025648584815
348,49.0,0,-2.8390252253908947
349,47.0,0,-1.5997057961854788
350,48.0,0,-3.269314146322837
351,48.0,0,-1.0910479583477675
352,48.0,0,-2.415630559326963
353,52.0,1,2.6174440359328566
354,48.0,0,-2.172280107745989
355,49.0,0,-3.73600395980049
356,52.0,1,2.68270569241209
357,50.0,0,0.5366479990921418
358,50.0,0,-0.856743166448721
359,47.0,0,-2.645706042927682
360,50.0,0,-2.7321300066810013
361,48.0,0,-3.958927957627385
362,52.0,1,-1.2423036662451337
363,48.0,0,-0.8800388580696434
364,51.0,1,-0.6566407325905826
365,54.0,1,4.59885070240188
366,49.0,0,-1.7664643099954103
367,48.0,0,-2.367691745763512
368,51.0,1,-0.5408327945791269
369,48.0,0,-2.4133388472369375
370,53.0,1,3.756337023307578
371,53.0,1,-1.1675298275084602
372,47.0,0,-5.941919891128344
373,49.0,0,-1.797369562564846
374,51.0,1,-1.7471168660121386
375,46.0,0,-4.228286929211356
376,50.0,0,0.9331271600065056
377,48.0,0,-2.243803774228714
378,49.0,0,-2.020490888830805
379,50.0,0,-1.1598041564155859
380,51.0,1,2.4744046658961856
381,46.0,0,-6.209890943427375
382,48.0,0,-2.9927484781772606
383,51.0,1,-3.4454447400899837
384,51.0,1,2.7239252167362715
385,53.0,1,1.3842087158550194
386,54.0,1,6.276538564837952
387,49.0,0,-0.99737438898876
388,53.0,1,1.0713944328298095
389,53.0,1,2.129201635903028
390,53.0,1,2.086691400638478
391,47.0,0,-3.423738954592539
392,50.0,0,-0.6444157801251782
393,54.0,1,8.682723479168217
394,53.0,1,0.015659572833860425
395,51.0,1,0.3324630835066809
396,49.0,0,0.01941423899064903
397,51.0,1,0.11635308125059358
398,55.0,1,4.980120506812525
399,47.0,0,-3.089271582625942
400,51.0,1,-0.8659036410516131
401,51.0,1,1.0652055532447366
402,47.0,0,-5.9664764113396345
403,55.0,1,9.769638462821103
404,47.0,0,-6.108237149543928
405,52.0,1,-0.16209233776618226
406,55.0,1,7.446834504705005
407,50.0,0,-2.7094186071535855
408,50.0,0,0.21569763605871536
409,49.0,0,-1.1929117264875584
410,51.0,1,-0.5403178631832908
411,50.0,0,-4.925461128241065
412,50.0,0,-1.233888107816539
413,49.0,0,-3.9320402471657774
414,51.0,1,-1.6255515437185752
415,50.0,0,0.4756297078856917
416,50.0,0,-2.3876057058348534
417,48.0,0,-1.690120234726405
418,54.0,1,2.633811846249489
419,53.0,1,0.6530329428246253
420,50.0,0,-0.3669244985141611
421,52.0,1,2.3548730119695014
422,56.0,1,6.02374631802709
423,50.0,0,0.5976230628708523
424,50.0,0,-0.21438951837882658
425,51.0,1,-0.585005588690405
426,54.0,1,4.411073541771429
427,52.0,1,2.6553296283531664
428,49.0,0,0.2603579525541338
429,50.0,0,1.4166165424107655
430,50.0,0,0.49128514699903847
431,49.0,0,0.6245288261127673
432,50.0,0,-1.7973454380839387
433,49.0,0,-1.4662670339934367
434,50.0,0,-2.892933083279951
435,51.0,1,-3.014967009113013
436,52.0,1,0.12597684888672356
437,46.0,0,-7.186584074150932
438,46.0,0,-6.043531498001719
439,50.0,0,-0.49973879206469746
440,53.0,1,4.365108428400386
441,50.0,0,-4.062350007061314
442,50.0,0,-3.3650476751354628
443,50.0,0,-0.8401312340837823
444,52.0,1,1.355379601569866
445,52.0,1,3.4663005537838107
446,53.0,1,5.839483540231704
447,53.0,1,3.5258234590766726
448,53.0,1,0.5214381277269908
449,52.0,1,3.2889762139924965
450,54.0,1,3.0896525289797525
451,55.0,1,6.58682404697957
452,46.0,0,-4.6407342115446735
453,52.0,1,3.7446694197345054
454,52.0,1,0.16482321883353757
455,49.0,0,-4.732379006093151
456,52.0,1,-0.7459388487783427
457,51.0,1,-2.085226224817972
458,47.0,0,-4.280209512893088
459,52.0,1,-1.347442774208834
460,54.0,1,4.082758173600321
461,53.0,1,1.489337733859519
462,51.0,1,-0.30340897137387013
463,48.0,0,-2.7336621032522173
464,49.0,0,-2.107997671952133
465,51.0,1,-1.1065320046209997
466,56.0,1,7.755638555799084
467,49.0,0,-0.15644857197065443
468,47.0,0,-4.886795875820649
469,55.0,1,4.208011836578872
470,52.0,1,-0.3443957469106289
471,51.0,1,-1.0687651867256778
472,50.0,0,-1.1540084458524638
473,53.0,1,3.6648935137354868
474,48.0,0,-1.9553240518065755
475,56.0,1,6.350698567730801
476,55.0,1,5.193989544173566
477,50.0,0,1.676792449927073
478,48.0,0,-3.8927719275852586
479,54.0,1,3.0389181124792755
480,56.0,1,5.345539485693944
481,54.0,1,2.483419426440581
482,49.0,0,-2.0558923268533804
483,54.0,1,3.603907883097295
484,51.0,1,0.3827951008720289
485,49.0,0,-4.2581476170550125
486,46.0,0,-9.271514388516884
487,53.0,1,4.6254812895838775
488,51.0,1,0.7450892508172419
489,47.0,0,-2.5176606969080266
490,49.0,0,-3.279309291103075
491,49.0,0,-2.7976666286137024
492,49.0,0,-4.128240833375336
493,51.0,1,2.192811532991431
494,56.0,1,10.779017081700838
495,53.0,1,-2.458822662385564
496,48.0,0,-2.9324996033475332
497,49.0,0,-2.6827076580055524
498,54.0,1,3.9592317677679563
499,52.0,1,3.5344413086647517
500,48.0,0,-2.3768755666320636
501,53.0,1,3.7689630998364514
502,46.0,0,-6.012552953943302
503,53.0,1,2.799894021032079
504,52.0,1,-0.5230504640782688
505,48.0,0,-2.7072408161016828
506,53.0,1,6.377050545681059
507,50.0,0,-1.6741595612548286
508,47.0,0,-3.21532636975033
509,50.0,0,1.6937617510689456
510,50.0,0,-0.4871588396940732
511,57.0,1,8.330501923808836
512,50.0,0,-0.7363164360163044
513,54.0,1,5.37196042514373
514,51.0,1,1.4676872293293612
515,51.0,1,-1.7671891457336606
516,51.0,1,3.9737871866661916
517,46.0,0,-3.881187146562883
518,50.0,0,-3.037842020021316
519,51.0,1,-0.9112342773664378
520,47.0,0,-7.8190275733008825
521,46.0,0,-7.951388647031613
522,53.0,1,1.999467836586712
523,49.0,0,1.1860156757930354
524,50.0,0,-0.8943552713923748
525,52.0,1,1.5026141833400912
526,50.0,0,-0.8906071438637636
527,51.0,1,1.56638509319646
528,53.0,1,1.3190025832750307
529,53.0,1,4.769720554484343
530,49.0,0,0.5955113901674584
531,51.0,1,-0.02230145058061101
532,56.0,1,6.447094892793872
533,48.0,0,-4.04097093333102
534,54.0,1,3.8530776498512536
535,53.0,1,4.854344473693436
536,47.0,0,-0.8772700480649086
537,48.0,0,-3.5064211871746087
538,52.0,1,1.0911767410304183
539,48.0,0,-2.9732314734070293
540,54.0,1,4.962902166729187
541,47.0,0,-5.199457226336231
542,49.0,0,0.27351248808572826
543,54.0,1,3.181350477804787
544,47.0,0,-7.616179890704269
545,47.0,0,-6.557032189726592
546,52.0,1,0.16531006181004515
547,49.0,0,-3.6599153283148347
548,48.0,0,-5.493508871847208
549,50.0,0,-2.746499638455016
550,49.0,0,-0.9586881398829883
551,51.0,1,1.248161425623969
552,48.0,0,-3.6868064325507115
553,52.0,1,0.621061634866832
554,50.0,0,-3.067901065160369
555,50.0,0,-1.4834529660794473
556,48.0,0,-2.2741152623081873
557,50.0,0,0.5767292385948757
558,51.0,1,1.4260206748514719
559,53.0,1,1.771950227368438
560,50.0,0,-2.560030295751405
561,48.0,0,-0.9625523995509856
562,47.0,0,-4.060226375104013
563,52.0,1,0.5748719744062747
564,51.0,1,0.8805888377151062
565,48.0,0,-2.9322955233820562
566,54.0,1,2.838402435245224
567,50.0,0,-1.7090313528647747
568,50.0,0,-2.6185020978179416
569,50.0,0,0.5327272713110688
570,52.0,1,1.080536438072224
571,50.0,0,-1.0322383017141685
572,50.0,0,2.308382647069778
573,51.0,1,-1.1932869164513829
574,52.0,1,-0.08358791165586044
575,55.0,1,4.910158693184719
576,55.0,1,4.676282372872622
577,54.0,1,8.62754129182481
578,51.0,1,-0.35549645530292584
579,48.0,0,-3.833425135492979
580,52.0,1,0.5467946061778703
581,50.0,0,3.153988260932844
582,51.0,1,2.3131373082900204
583,44.0,0,-8.565040280363052
584,53.0,1,2.62214741179829
585,48.0,0,-4.271215051740872
586,49.0,0,-0.11156401851880902
587,53.0,1,0.988952205483721
588,51.0,1,-1.410476515096911
589,54.0,1,0.870348400408366
590,49.0,0,-2.0911938331802045
591,51.0,1,-0.7323497828208752
592,52.0,1,4.409600468066977
593,50.0,0,0.14509212705190805
594,48.0,0,-5.404005741912881
595,48.0,0,-5.4689659654616625
596,51.0,1,0.41120120302137575
597,54.0,1,3.4991096813929894
598,47.0,0,-3.8588649156004577
599,56.0,1,3.2003637346304097
600,44.0,0,-12.172236587091305
601,54.0,1,7.223355448390567
602,51.0,1,2.860340631888438
603,51.0,1,-0.13911489526123758
604,52.0,1,0.9295556225394587
605,49.0,0,-2.4412513798237327
606,48.0,0,-1.5605358798170046
607,53.0,1,5.543268364098206
608,53.0,1,5.746542761484382
609,55.0,1,8.957020109855751
610,51.0,1,0.6612445714996774
611,48.0,0,-1.6517688043091883
612,48.0,0,-0.7478634550630987
613,52.0,1,0.3238327795201728
614,55.0,1,6.890785762434602
615,49.0,0,1.9184368709611677
616,48.0,0,-0.9457158135802266
617,46.0,0,-7.002916957422933
618,47.0,0,-0.11016292495539011
619,48.0,0,-5.382961913238785
620,52.0,1,1.9949353891997106
621,51.0,1,1.8022592099303136
622,52.0,1,4.067315489096503
623,48.0,0,-5.726270414975002
624,48.0,0,-2.153265908568633
625,52.0,1,4.376079295982686
626,52.0,1,0.11466167017828174
627,51.0,1,0.4436295610354413
628,50.0,0,-3.9606676258616917
629,47.0,0,0.9173093819213387
630,50.0,0,2.3990612461809886
631,52.0,1,2.7206965536206735
632,46.0,0,-4.5286802564445985
633,49.0,0,-4.216340787337176
634,53.0,1,1.417968343448045
635,52.0,1,2.8950351923199786
636,47.0,0,-5.97803459414988
637,52.0,1,-0.08023940250332512
638,52.0,1,2.738623041013104
639,51.0,1,-0.7646655532248059
640,53.0,1,1.5433745376214427
641,52.0,1,-0.41244224687392295
642,48.0,0,-2.824320829824109
643,52.0,1,0.8770942444622952
644,48.0,0,-6.1809655247383235
645,49.0,0,-4.3238172666778745
646,54.0,1,4.942603358124333
647,54.0,1,7.279210322457832
648,54.0,1,6.183558814516701
649,47.0,0,-3.4702519534536873
650,49.0,0,-2.050560775705744
651,51.0,1,1.7701239588061721
652,51.0,1,-0.7525031855146979
653,52.0,1,3.513089811457795
654,48.0,0,-2.497537516900564
655,52.0,1,3.38581982847118
656,55.0,1,3.8266604334804906
657,51.0,1,1.239563166713983
658,53.0,1,2.609141681151395
659,50.0,0,3.8434663946628396
660,53.0,1,1.9720062624363552
661,52.0,1,-0.06885067370287953
662,49.0,0,-2.365270674931425
663,49.0,0,-0.317380562964094
664,49.0,0,0.3446440157094695
665,55.0,1,5.216833696261474
666,50.0,0,3.528009211441868
667,49.0,0,-1.7746109157913128
668,50.0,0,0.6825773019078105
669,56.0,1,7.098750095587646
670,50.0,0,0.9067294125919133
671,52.0,1,0.6919232999817464
672,52.0,1,4.33003831659605
673,52.0,1,6.961967814245403
674,51.0,1,-0.961010764791422
675,52.0,1,3.518858682013816
676,52.0,1,3.189857391657941
677,48.0,0,-1.9570160179786393
678,53.0,1,1.2560920065846515
679,50.0,0,-0.872706885738963
680,50.0,0,-2.7917851871690975
681,49.0,0,-0.1735441574781454
682,50.0,0,-2.7897065831041323
683,50.0,0,1.7229029935404936
684,52.0,1,2.1034778985697127
685,51.0,1,-0.6472429279001797
686,50.0,0,-2.537882535739884
687,44.0,0,-9.51379458322094
688,52.0,1,1.2264736721987886
689,53.0,1,-0.816650606071766
690,48.0,0,-2.508030983454305
691,51.0,1,2.4774215905416965
692,49.0,0,-1.741358969845962
693,51.0,1,-0.01707671423237551
694,47.0,0,-4.5040091667043125
695,54.0,1,4.6783926203298245
696,50.0,0,0.2612904422906655
697,50.0,0,-2.861421410129767
698,48.0,0,-3.2438656629291454
699,49.0,0,-1.2921339423200744
700,53.0,1,4.359783627497201
701,51.0,1,2.2580726115692418
702,54.0,1,6.239283678732832
703,52.0,1,1.5955792954765313
704,51.0,1,0.6668010381871529
705,50.0,0,-0.7281743216890889
706,54.0,1,1.9157102070245369
707,50.0,0,1.3974421077115073
708,53.0,1,2.793060166272307
709,52.0,1,1.9938176197506237
710,50.0,0,2.291887556648616
711,54.0,1,3.31375350765962
712,54.0,1,4.5294543782146635
713,54.0,1,7.039478556532695
714,52.0,1,1.1785919386317691
715,50.0,0,0.7354284831992729
716,51.0,1,0.13017008797869592
717,52.0,1,0.8580622370606361
718,52.0,1,1.5777747770343769
719,51.0,1,1.9435472529819897
720,49.0,0,-3.9758226530509506
721,47.0,0,-5.86626036147787
722,49.0,0,0.3975875999553667
723,57.0,1,5.799427878731451
724,54.0,1,1.8185507830643324
725,53.0,1,3.3273376721876122
726,55.0,1,7.644789075216684
727,51.0,1,1.5171505287280447
728,48.0,0,-3.1318318569782204
729,52.0,1,3.8247366746879776
730,49.0,0,-2.899739829392766
731,48.0,0,-3.2631066195661083
732,57.0,1,12.312915389508236
733,53.0,1,4.3530892310376474
734,53.0,1,1.9978535477042938
735,51.0,1,2.8009558133327817
736,52.0,1,4.36739844984879
737,54.0,1,3.836570511891373
738,51.0,1,0.6919870543701945
739,48.0,0,-3.1111143358128137
740,54.0,1,4.467204964726458
741,51.0,1,-0.09605289033452963
742,51.0,1,1.4209910446043952
743,52.0,1,4.808201606542014
744,49.0,0,-3.6570769800319427
745,52.0,1,0.47876746169035594
746,50.0,0,-1.232833660259317
747,53.0,1,0.30098286330758744
748,50.0,0,0.137000379876558
749,54.0,1,3.300046134884567
750,49.0,0,-3.6099597907917707
751,50.0,0,0.4848242888354842
752,47.0,0,-5.52820917647693
753,50.0,0,-0.2681520059780999
754,49.0,0,-2.358284139993789
755,51.0,1,-1.3312358310423065
756,54.0,1,3.5024383922505513
757,50.0,0,-2.1800083064253557
758,55.0,1,4.234056312041269
759,52.0,1,3.3827368927364225
760,50.0,0,2.6712617046304663
761,47.0,0,-0.8358038948235401
762,51.0,1,-1.4167614479534694
763,51.0,1,2.1630394129999018
764,54.0,1,4.587759149749756
765,50.0,0,-0.7077547969723333
766,49.0,0,-4.982571098636652
767,53.0,1,8.58097071252399
768,49.0,0,-0.9980448634963557
769,52.0,1,3.9465542214845404
770,51.0,1,-1.7497080058740282
771,50.0,0,-0.986167072596177
772,54.0,1,4.894062933263563
773,46.0,0,-2.706112644597099
774,51.0,1,-1.7870954164490644
775,50.0,0,0.07433696101775511
776,51.0,1,-0.787964899086417
777,55.0,1,4.367630640738144
778,49.0,0,-1.457880349570871
779,49.0,0,-2.434018638610117
780,50.0,0,2.219689332155965
781,45.0,0,-6.531939272672008
782,52.0,1,3.045452741752417
783,53.0,1,1.8483163975528618
784,49.0,0,-2.0473138110894804
785,49.0,0,-3.7120709282978868
786,50.0,0,-1.5206914775336278
787,52.0,1,0.8120807010760892
788,49.0,0,0.44265957903269115
789,49.0,0,-6.170072393751278
790,52.0,1,0.7118661228203689
791,55.0,1,2.496558739964283
792,52.0,1,1.6295606754505456
793,50.0,0,-0.035126894401662015
794,49.0,0,-3.207369069454426
795,50.0,0,-1.2670657859306715
796,49.0,0,-1.0375644880671528
797,47.0,0,-5.462225935947166
798,52.0,1,0.12717377870149452
799,49.0,0,-2.252600843132096
800,54.0,1,9.044934639891054
801,51.0,1,2.9566110926346423
802,48.0,0,-5.676155076206055
803,48.0,0,-2.3033461307425593
804,47.0,0,-2.4816483430606833
805,55.0,1,3.1268302918999646
806,57.0,1,8.856833451443132
807,54.0,1,2.955649011139687
808,52.0,1,4.581220297208546
809,53.0,1,4.430103806897682
810,51.0,1,2.0685470939513118
811,48.0,0,-3.602810759108067
812,51.0,1,3.4832877613922943
813,47.0,0,-5.4610704033402735
814,52.0,1,2.6874135936510952
815,50.0,0,-1.2366658808514008
816,54.0,1,1.4053140967571793
817,49.0,0,-4.845459454285666
818,50.0,0,-0.8483202196045446
819,49.0,0,-0.6734426311108306
820,51.0,1,2.22684422890418
821,53.0,1,2.0724974226927446
822,47.0,0,-4.0862026238141835
823,50.0,0,-2.243270905196319
824,50.0,0,-3.5202022920361915
825,52.0,1,0.27152230508312863
826,55.0,1,5.098647009370319
827,51.0,1,-0.5446986190122711
828,51.0,1,1.8076195639152703
829,52.0,1,2.0487763762501965
830,48.0,0,-3.7959447235240047
831,55.0,1,4.94292544487909
832,52.0,1,4.44857501833553
833,54.0,1,-0.4141600896448209
834,46.0,0,-5.281680566336801
835,46.0,0,-6.048910653121419
836,47.0,0,-5.31583211267869
837,48.0,0,-4.867037577126598
838,50.0,0,-3.691855747240931
839,43.0,0,-9.643261295791966
840,52.0,1,-0.8185399426656569
841,50.0,0,-0.4715388749102657
842,51.0,1,1.4416262118510401
843,47.0,0,-5.172704910564321
844,51.0,1,4.08278643131451
845,51.0,1,2.6505276551871986
846,46.0,0,-5.26353783090901
847,48.0,0,-4.07135172584692
848,49.0,0,-8.375954280150843
849,48.0,0,-1.8048084078308821
850,47.0,0,-4.991941043507063
851,51.0,1,1.0643203079642303
852,49.0,0,-5.145128784975314
853,49.0,0,-2.3786798737660533
854,52.0,1,4.72126638066945
855,51.0,1,-0.9690245727311277
856,52.0,1,2.6834999741204477
857,51.0,1,-2.098780013899666
858,54.0,1,6.022906225863615
859,50.0,0,-2.7743985041872645
860,55.0,1,3.9294504246055255
861,50.0,0,2.5754149758691143
862,48.0,0,-3.4193393800589846
863,54.0,1,4.767220941636726
864,52.0,1,-0.019498511971045168
865,49.0,0,0.3304437431263861
866,52.0,1,5.646014073678441
867,54.0,1,6.633088522805793
868,50.0,0,-1.8352888080352374
869,47.0,0,-4.076149789912003
870,55.0,1,7.344945760915595
871,51.0,1,0.7231727534736083
872,49.0,0,0.10963675356196573
873,51.0,1,2.080366414324558
874,55.0,1,6.1800923531502905
875,49.0,0,-5.75682991554642
876,50.0,0,-1.5148990980766524
877,52.0,1,4.087131938055526
878,46.0,0,-7.227477688855592
879,55.0,1,6.915837463526203
880,49.0,0,-3.34485734553849
881,52.0,1,1.6821714805842325
882,49.0,0,-3.0644520838962785
883,55.0,1,7.156582904480999
884,50.0,0,-1.4933929891899718
885,50.0,0,-2.5156723535761936
886,52.0,1,-3.182228141323095
887,51.0,1,2.180781403370605
888,51.0,1,-3.4036715442363636
889,50.0,0,-2.110211258527844
890,47.0,0,-7.1964868992159525
891,53.0,1,5.1948945702030604
892,57.0,1,7.047841812156484
893,45.0,0,-4.14298588113591
894,55.0,1,2.062793282319517
895,47.0,0,-3.352828959295049
896,50.0,0,-1.422581061374633
897,51.0,1,1.5764922581387908
898,50.0,0,-2.304716066561787
899,53.0,1,4.388238254584371
900,51.0,1,0.5777101158487719
901,53.0,1,6.632668001231984
902,49.0,0,-2.199254282644336
903,47.0,0,-5.458790696594434
904,50.0,0,1.065753673488395
905,51.0,1,-2.1592847918547244
906,48.0,0,-1.3273520013347686
907,53.0,1,1.979262245837973
908,50.0,0,2.820179232825117
909,48.0,0,-2.1096832007056308
910,49.0,0,-4.429475422000305
911,54.0,1,1.7922205300595515
912,51.0,1,3.5682550473877304
913,52.0,1,-1.2455000621256687
914,51.0,1,2.0178284557109696
915,49.0,0,-0.7252218554700177
916,51.0,1,0.3918560349462122
917,51.0,1,1.9358197864778846
918,50.0,0,1.6543932274299926
919,51.0,1,0.6092708918065767
920,52.0,1,1.627947948165524
921,50.0,0,-1.0772607036819164
922,52.0,1,2.597529561270029
923,51.0,1,0.4849766494112805
924,53.0,1,4.790296322023004
925,52.0,1,1.139063197612575
926,50.0,0,4.048662499611492
927,54.0,1,-1.4574364174926555
928,54.0,1,7.553941678941287
929,48.0,0,-5.554403049236786
930,53.0,1,4.920735072016703
931,53.0,1,1.8011111719263864
932,45.0,0,-6.2375651466162205
933,55.0,1,8.331931792160617
934,55.0,1,4.87937078290516
935,51.0,1,2.3037465596607976
936,54.0,1,0.638698058287706
937,48.0,0,-2.463797047621778
938,53.0,1,2.5625709381446193
939,50.0,0,-3.0894657107945696
940,47.0,0,-5.243301595076262
941,55.0,1,-0.8945775732715582
942,52.0,1,-0.8954581263477976
943,50.0,0,-2.102198973681248
944,50.0,0,-0.3451765353984368
945,49.0,0,-2.1825290347726005
946,44.0,0,-5.003118803882683
947,53.0,1,4.327996808447772
948,56.0,1,8.159969741158251
949,48.0,0,-3.0626905865487792
950,51.0,1,-0.20526340840294396
951,52.0,1,-0.3096608379302582
952,50.0,0,-3.103953371975512
953,54.0,1,3.0797450503359776
954,48.0,0,-3.8373788131351594
955,51.0,1,4.303065180568688
956,54.0,1,2.9700663279819883
957,49.0,0,-3.2079815417968
958,55.0,1,8.29165813462544
959,49.0,0,0.4248960294681712
960,53.0,1,-0.8124138130583162
961,50.0,0,-0.9020611400609552
962,51.0,1,2.8743238902017088
963,55.0,1,6.3718604253154005
964,47.0,0,-4.525869008162311
965,49.0,0,-1.6297798938427688
966,54.0,1,2.4405130105392425
967,47.0,0,-2.9440347088491534
968,52.0,1,0.3885717784241774
969,52.0,1,2.3436713857489204
970,53.0,1,2.5833252355841227
971,51.0,1,0.6326129189000026
972,54.0,1,4.75902449091189
973,49.0,0,0.36030190804250917
974,48.0,0,-1.6325784757475494
975,52.0,1,2.3943430630045826
976,51.0,1,-1.3731027599995989
977,53.0,1,3.850714618589537
978,49.0,0,-3.0049268745690223
979,49.0,0,0.9467540027027329
980,53.0,1,-0.35575149238569986
981,48.0,0,-3.6236399202237966
982,50.0,0,-3.6463612910640215
983,48.0,0,-3.7153554636120796
984,48.0,0,-2.7213927420660124
985,53.0,1,4.535493307891617
986,48.0,0,-3.1296153714153125
987,51.0,1,0.492624429396374
988,49.0,0,-0.46778686433225813
989,50.0,0,-1.919196696626932
990,48.0,0,-3.5825853868051647
991,48.0,0,-5.226121264108292
992,49.0,0,-1.762035539868783
993,43.0,0,-9.476710075566755
994,51.0,1,1.6600490754654131
995,55.0,1,8.1157073858205
996,48.0,0,-3.4731903812780645
997,53.0,1,1.90854486943054
998,51.0,1,0.015394454793976279
999,52.0,1,0.2069973081135746
1000,49.0,0,-3.4535219049374786
1001,50.0,0,-5.290046691521546
1002,54.0,1,4.763276894254081
1003,55.0,1,6.85194793826852
1004,52.0,1,5.7501367368113465
1005,52.0,1,0.9476809342559699
1006,54.0,1,5.804971595194614
1007,49.0,0,-1.262833600612498
1008,52.0,1,0.03377077275505676
1009,52.0,1,1.9613490374501765
1010,47.0,0,-4.091326337071613
1011,53.0,1,2.5941265546818997
1012,51.0,1,-2.8261865901320697
1013,53.0,1,2.957445887999982
1014,47.0,0,-2.6856872077598775
1015,48.0,0,-4.291785271226381
1016,49.0,0,0.7607376692937406
1017,52.0,1,4.451685192348283
1018,51.0,1,2.0742200093346654
1019,56.0,1,7.713757087197274
1020,48.0,0,-4.886445658133341
1021,53.0,1,0.4464118841960518
1022,47.0,0,-2.4745225684120085
1023,52.0,1,0.6988077866495552
1024,53.0,1,-0.9464871439399591
1025,53.0,1,0.37543954153553455
1026,49.0,0,-3.897660750968639
1027,50.0,0,-2.1978777537626875
1028,49.0,0,-1.9543935260193168
1029,50.0,0,-0.5875579591771087
1030,50.0,0,-0.26410764188239627
1031,48.0,0,-4.040403769731774
1032,52.0,1,0.46678511147151663
1033,53.0,1,1.760904817786462
1034,53.0,1,3.3419934904106983
1035,48.0,0,-4.431952885713448
1036,50.0,0,-1.7982982724281709
1037,54.0,1,6.513024238374158
1038,56.0,1,4.813975523824093
1039,52.0,1,2.3698027146161813
1040,52.0,1,-2.629191565050601
1041,48.0,0,-5.831465392252633
1042,47.0,0,-7.205095413069308
1043,51.0,1,0.037901422851197165
1044,51.0,1,-1.163213388401733
1045,51.0,1,0.27338077981315123
1046,50.0,0,-0.5741783245377966
1047,53.0,1,3.8112852546012577
1048,46.0,0,-4.52833424172745
1049,55.0,1,7.431103851177766
1050,51.0,1,3.8633717091121333
1051,48.0,0,-9.09730731089405
1052,54.0,1,3.973209751504615
1053,50.0,0,-1.1544056149334951
1054,54.0,1,5.8560844572656725
1055,55.0,1,8.350906934909078
1056,50.0,0,1.7247057514115518
1057,51.0,1,0.43589508324220066
1058,49.0,0,-2.089366273901879
1059,51.0,1,-0.12793117892601222
1060,49.0,0,-1.8432986344446107
1061,52.0,1,4.133053849136503
1062,52.0,1,0.49979765285193145
1063,48.0,0,-5.470606475950692
1064,52.0,1,3.6805776788677242
1065,53.0,1,1.5084366590651352
1066,52.0,1,-1.6437388583204244
1067,50.0,0,0.7345741757406078
1068,55.0,1,4.725191297576597
1069,48.0,0,-3.976618977219697
1070,52.0,1,4.655803628516379
1071,48.0,0,-5.183247303451139
1072,51.0,1,0.6710441150788758
1073,49.0,0,0.6793273851929572
1074,51.0,1,-2.0728350026443976
1075,49.0,0,-2.4457560782062004
1076,53.0,1,0.2955176169121381
1077,50.0,0,-2.2290262976407513
1078,52.0,1,-0.8651117441899495
1079,49.0,0,-1.0572026062424076
1080,51.0,1,1.3543206267645287
1081,53.0,1,3.0720215938927504
1082,50.0,0,2.2509950462248423
1083,52.0,1,2.3149162482940424
1084,51.0,1,-1.472425222174895
1085,52.0,1,0.5124528159162217
1086,53.0,1,2.1736801596172377
1087,55.0,1,6.986830144035125
1088,51.0,1,-1.2061678794911732
1089,48.0,0,-2.6549600114630776
1090,49.0,0,0.6058470469376802
1091,54.0,1,5.658864834598031
1092,49.0,0,0.04676604428882403
1093,51.0,1,-2.428763082339678
1094,48.0,0,-4.605431981819826
1095,52.0,1,0.9727747553113851
1096,49.0,0,-3.349187639379511
1097,55.0,1,2.1389058531930885
1098,51.0,1,1.0171808765852797
1099,44.0,0,-8.344278102242413
1100,53.0,1,0.6336855130581763
1101,50.0,0,-2.341737929656194
1102,50.0,0,-2.633700988658726
1103,52.0,1,-0.06211208323831202
1104,50.0,0,-1.6567523407927078
1105,52.0,1,2.537414389027572
1106,48.0,0,-6.307118298567736
1107,54.0,1,6.619444952071566
1108,46.0,0,-10.172382096045665
1109,52.0,1,0.8726971000721752
1110,49.0,0,-0.9614691753874928
1111,50.0,0,-1.0859228698122283
1112,49.0,0,1.4379356871271904
1113,53.0,1,3.9066537885912007
1114,54.0,1,3.3654242480153487
1115,46.0,0,-3.3631615948623432
1116,51.0,1,2.124611489829766
1117,51.0,1,-3.0994597003096014
1118,46.0,0,-5.417623377417034
1119,51.0,1,1.9213804917109887
1120,50.0,0,1.9440274478443902
1121,52.0,1,2.312646662286704
1122,52.0,1,0.06126809653934928
1123,52.0,1,3.6157564497098527
1124,49.0,0,-1.3825898677661719
1125,51.0,1,-2.2882511873478557
1126,49.0,0,-0.1219170334198214
1127,49.0,0,-0.2946740007611937
1128,53.0,1,2.4896847183681645
1129,54.0,1,0.3367296908374021
1130,49.0,0,-1.9696638960263715
1131,50.0,0,-1.4245041929754754
1132,51.0,1,-2.2290892829187734
1133,53.0,1,4.78025850640655
1134,47.0,0,-4.897548768056385
1135,51.0,1,0.5201402459084296
1136,48.0,0,-2.8583344089671927
1137,47.0,0,-6.681523283864316
1138,54.0,1,2.5595943342989553
1139,51.0,1,1.2739157123372653
1140,46.0,0,-7.258359801413386
1141,49.0,0,-1.8577402577860942
1142,46.0,0,-6.215895738450134
1143,55.0,1,4.305841976451373
1144,47.0,0,-5.930977703577267
1145,52.0,1,-0.5887192591781591
1146,49.0,0,-1.9167573919388177
1147,50.0,0,-2.0820440904129116
1148,50.0,0,-0.6265863745157991
1149,51.0,1,2.12439543289377
1150,47.0,0,-5.1678066184172735
1151,53.0,1,3.1884855917680635
1152,46.0,0,-10.565119944270648
1153,48.0,0,-1.0839889570264287
1154,51.0,1,2.044808983614541
1155,48.0,0,-2.6338861353252074
1156,51.0,1,1.491937139878835
1157,50.0,0,-0.5670986724090132
1158,48.0,0,-2.865531154531998
1159,48.0,0,-5.902944382773082
1160,54.0,1,2.1175164828351796
1161,53.0,1,3.4625840256819864
1162,54.0,1,3.597257191119167
1163,55.0,1,6.129658115976868
1164,50.0,0,1.5915108826212085
1165,54.0,1,2.2445840880946917
1166,53.0,1,0.4103311754741489
1167,48.0,0,-5.042783898031374
1168,52.0,1,2.072142034864163
1169,53.0,1,1.8587866716541475
1170,54.0,1,3.011402406151151
1171,53.0,1,5.4151467997840586
1172,49.0,0,-0.2989823840793247
1173,50.0,0,-0.2693175165439126
1174,45.0,0,-7.82184764452636
1175,51.0,1,0.2012514341823751
1176,45.0,0,-5.823530196058691
1177,53.0,1,2.45066999363226
1178,55.0,1,4.725398618223806
1179,54.0,1,5.546913331576037
1180,50.0,0,3.1392394769676697
1181,57.0,1,8.186975705881894
1182,54.0,1,4.657100267937366
1183,51.0,1,0.17470496996361606
1184,51.0,1,1.9005424291457191
1185,49.0,0,-4.95486001655709
1186,50.0,0,-1.765477060646377
1187,50.0,0,-0.5408076515398061
1188,47.0,0,-1.9602263364449342
1189,50.0,0,0.18031358105710785
1190,50.0,0,-0.11040322693078966
1191,49.0,0,-2.3768002579649887
1192,47.0,0,-8.689452241914088
1193,47.0,0,-5.585118805950455
1194,54.0,1,2.9528034703317156
1195,50.0,0,1.2644668291240166
1196,54.0,1,8.371299434986902
1197,48.0,0,0.2746834884347509
1198,49.0,0,-0.32359783075375353
1199,54.0,1,1.671841649380767
1200,54.0,1,7.299298979318483
1201,50.0,0,-1.0964483450704732
1202,53.0,1,3.4144565749154756
1203,46.0,0,-2.5877262458423824
1204,49.0,0,-2.6725185446378235
1205,54.0,1,-0.8948502282358738
1206,51.0,1,-1.3443533225105433
1207,50.0,0,-3.066382396538745
1208,53.0,1,5.785881427061222
1209,49.0,0,-0.2891233049961347
1210,51.0,1,1.0681184414965834
1211,52.0,1,2.9677566795834336
1212,52.0,1,-0.48247510714401665
1213,51.0,1,1.3374540553486174
1214,51.0,1,-1.433788641018247
1215,53.0,1,1.8959027351574984
1216,54.0,1,4.186325285466984
1217,49.0,0,-2.762667102847694
1218,53.0,1,4.370784339696246
1219,51.0,1,0.7759676493013863
1220,49.0,0,1.3308646032986196
1221,51.0,1,-0.6726554859513015
1222,49.0,0,-0.42961255061729403
1223,52.0,1,1.9896821377600749
1224,51.0,1,1.9656099381519094
1225,48.0,0,-1.2109343899729004
1226,53.0,1,4.087384572149758
1227,52.0,1,3.0218169013519347
1228,50.0,0,1.8587427300882338
1229,55.0,1,7.664643443671756
1230,48.0,0,-3.003401724280412
1231,53.0,1,0.9386509476985003
1232,52.0,1,2.2856857284046854
1233,51.0,1,-0.46994361688907305
1234,52.0,1,0.535659861591218
1235,50.0,0,0.5573370425084305
1236,52.0,1,0.8239830647201417
1237,53.0,1,5.545293159416744
1238,52.0,1,1.7111650078347618
1239,52.0,1,2.519406079367378
1240,52.0,1,-0.5313880451290264
1241,50.0,0,-1.3335207634415176
1242,50.0,0,1.3383305027379968
1243,52.0,1,0.6772376627469652
1244,51.0,1,1.5763059480332045
1245,50.0,0,-1.4047243496873383
1246,53.0,1,1.5374586391447422
1247,56.0,1,5.1958513092845315
1248,49.0,0,-2.094186608893279
1249,51.0,1,-0.7898717035846495
1250,53.0,1,2.506396856750201
1251,47.0,0,-6.10036487532573
1252,50.0,0,-1.9918085576598614
1253,50.0,0,-0.55995963963565
1254,50.0,0,0.32388009126355544
1255,50.0,0,-1.1016974516323015
1256,53.0,1,3.7837228938958374
1257,49.0,0,-3.170903290695898
1258,49.0,0,-3.4821204410384157
1259,50.0,0,0.7661815851466232
1260,54.0,1,3.0137556409470556
1261,52.0,1,2.872253558336904
1262,51.0,1,0.976321135977529
1263,49.0,0,-0.8006239700856133
1264,49.0,0,-3.4223465771741046
1265,52.0,1,4.905741803729758
1266,47.0,0,-2.9696250795989423
1267,50.0,0,0.8088231865864698
1268,50.0,0,-1.3996593206022636
1269,53.0,1,3.050375220941829
1270,48.0,0,-3.83459931128438
1271,52.0,1,3.962210657686333
1272,51.0,1,0.7205859860244492
1273,54.0,1,5.11600445889467
1274,50.0,0,0.6886350912707211
1275,49.0,0,-0.004254535913565004
1276,48.0,0,-2.9266852554832763
1277,49.0,0,-0.4388422237905278
1278,49.0,0,-2.227211580140895
1279,52.0,1,3.0405823075439735
1280,49.0,0,-0.9074172725032105
1281,53.0,1,5.883941618331598
1282,51.0,1,-0.7300452373456318
1283,49.0,0,-2.015247266437628
1284,53.0,1,2.7267625980472996
1285,52.0,1,-2.7794263691526093
1286,48.0,0,-1.4051380650538252
1287,53.0,1,5.256001857895799
1288,47.0,0,-1.8320042322201455
1289,49.0,0,-3.4423677084815436
1290,49.0,0,-3.8625584965805135
1291,47.0,0,-4.511271240697464
1292,44.0,0,-8.08732241042706
1293,49.0,0,-1.5467762781496839
1294,50.0,0,-1.0277790987083786
1295,49.0,0,-2.4977724181386414
1296,52.0,1,1.0708138850444806
1297,49.0,0,-3.0297908270174663
1298,53.0,1,1.3890006265681012
1299,50.0,0,-1.8155795908874968
1300,55.0,1,6.590769786229519
1301,54.0,1,6.8432959503003215
1302,53.0,1,2.469644801983206
1303,51.0,1,-1.3947160225182054
1304,49.0,0,-0.01315123084310276
1305,53.0,1,0.248636402506021
1306,47.0,0,-5.1918134802837
1307,51.0,1,1.2410764689945952
1308,49.0,0,-1.7497383989542148
1309,50.0,0,-2.583003478964279
1310,51.0,1,-1.920839883453687
1311,50.0,0,1.4188053723650491
1312,48.0,0,-3.2801915291175514
1313,50.0,0,-2.187461064183551
1314,48.0,0,-3.622821480389554
1315,49.0,0,-3.0728894424054882
1316,51.0,1,3.6213827605265823
1317,52.0,1,4.841794150423876
1318,54.0,1,4.183513219565897
1319,52.0,1,4.703149128267736
1320,51.0,1,1.8555631040682734
1321,57.0,1,11.703703473787838
1322,55.0,1,5.931215323626591
1323,52.0,1,0.5151600787688313
1324,50.0,0,-0.26060328751588363
1325,52.0,1,0.29131525436539185
1326,53.0,1,0.8294215074871887
1327,49.0,0,-2.831164579793689
1328,49.0,0,-2.836434564825386
1329,51.0,1,1.113157945900455
1330,51.0,1,3.645014980255429
1331,49.0,0,-5.290827136789109
1332,50.0,0,-0.19500263987632172
1333,49.0,0,-2.982382302689548
1334,52.0,1,3.5051485367139055
1335,54.0,1,0.45746863754125056
1336,56.0,1,6.530495887797794
1337,55.0,1,5.505532291110658
1338,50.0,0,-0.515293959725165
1339,48.0,0,-3.182114529227122
1340,50.0,0,0.11916730354510362
1341,49.0,0,-1.9599521759959868
1342,51.0,1,0.5397140898173559
1343,52.0,1,0.27702806934965524
1344,51.0,1,-0.4000373936189662
1345,45.0,0,-7.145815992717133
1346,47.0,0,-4.707987312201472
1347,52.0,1,2.4150681661720133
1348,53.0,1,3.108344302237159
1349,53.0,1,-1.3759293561705996
1350,53.0,1,1.3737160494954115
1351,52.0,1,-2.539113970391397
1352,52.0,1,1.237962334788392
1353,50.0,0,-2.8866886300942105
1354,50.0,0,3.709082473173883
1355,52.0,1,3.945469262576614
1356,51.0,1,0.21381279933187947
1357,51.0,1,2.771455648222587
1358,49.0,0,-4.049252113838988
1359,53.0,1,2.3390596408481166
1360,51.0,1,1.8955097472973732
1361,48.0,0,-2.3332782026213703
1362,50.0,0,-2.935842839356995
1363,49.0,0,-1.3569044692791052
1364,50.0,0,-1.1749154770528971
1365,45.0,0,-6.251511198195404
1366,49.0,0,-1.2270941019919992
1367,47.0,0,-4.854216254610437
1368,52.0,1,2.3818786681845046
1369,52.0,1,-0.6390661498208332
1370,51.0,1,1.6066009591152624
1371,46.0,0,-6.282909537539136
1372,50.0,0,-3.138974299495516
1373,50.0,0,-2.1989678593979844
1374,48.0,0,-3.3415814308888208
1375,50.0,0,-2.4582998039894726
1376,51.0,1,-1.0520239137597558
1377,54.0,1,3.2964390454902555
1378,49.0,0,-5.016756991196383
1379,52.0,1,0.9138074724301813
1380,55.0,1,7.46868031821939
1381,57.0,1,10.34689965455452
1382,50.0,0,-1.0775162646746284
1383,47.0,0,-4.740226100644029
1384,51.0,1,-2.5461393409647606
1385,51.0,1,-0.9283039422870176
1386,51.0,1,3.4146803675548827
1387,50.0,0,0.17671285022230232
1388,50.0,0,1.2290665535536511
1389,50.0,0,-0.7318928165967831
1390,49.0,0,-5.453559909944542
1391,51.0,1,0.927153700416723
1392,50.0,0,-0.7828063863493537
1393,50.0,0,-1.2631764413758466
1394,48.0,0,-2.523565065212215
1395,51.0,1,-0.5445341893931795
1396,52.0,1,0.20250444903840203
1397,52.0,1,-0.628457287286186
1398,52.0,1,3.357245757268491
1399,53.0,1,3.477290854650276
1400,51.0,1,3.1652292651743053
1401,51.0,1,0.39548327694222746
1402,54.0,1,0.8274410017437603
1403,55.0,1,3.918991647375093
1404,49.0,0,1.1283229472666478
1405,50.0,0,1.951945163690837
1406,50.0,0,-2.0834567343868904
1407,50.0,0,-2.186645403056831
1408,50.0,0,-1.9456135878973844
1409,51.0,1,1.8877795086090878
1410,54.0,1,5.69753955703201
1411,48.0,0,-2.10771126788012
1412,48.0,0,-4.774618903816443
1413,51.0,1,-0.22192615548519987
1414,54.0,1,2.3437945045729007
1415,51.0,1,1.9423573709329889
1416,52.0,1,-1.0383698996631041
1417,50.0,0,0.14306560900287948
1418,54.0,1,3.1652420516881006
1419,50.0,0,-3.044708865317336
1420,51.0,1,-1.0279905103232068
1421,53.0,1,2.171476054449567
1422,53.0,1,1.482163804624289
1423,54.0,1,2.418329368995531
1424,49.0,0,-2.7688983991178655
1425,53.0,1,3.0944870877327313
1426,52.0,1,1.8502120356768141
1427,46.0,0,-1.5764436240661628
1428,49.0,0,-2.096132494427219
1429,51.0,1,-1.7007312178896177
1430,54.0,1,4.3120375783086775
1431,49.0,0,-1.75690678046201
1432,47.0,0,-3.0760750411894584
1433,52.0,1,2.9387492549881995
1434,47.0,0,-5.967440712738028
1435,53.0,1,4.8653282902032595
1436,52.0,1,3.5426884986124385
1437,56.0,1,6.449844622620871
1438,50.0,0,0.8756002002679645
1439,50.0,0,0.061069442110631776
1440,48.0,0,-1.6458601803650608
1441,46.0,0,-4.810014765574066
1442,48.0,0,-4.830724704850911
1443,50.0,0,-0.574718561255857
1444,55.0,1,4.612989321845861
1445,52.0,1,3.686097901090133
1446,53.0,1,2.6225270174125677
1447,51.0,1,0.060320521050307684
1448,48.0,0,-5.2249573557215525
1449,49.0,0,1.5911996001978626
1450,51.0,1,5.230139592454171
1451,50.0,0,-3.8190894999832428
1452,51.0,1,2.327514231142568
1453,51.0,1,-0.8044628579264055
1454,50.0,0,0.4400153148642816
1455,52.0,1,1.289903285941175
1456,55.0,1,2.0282333539032082
1457,49.0,0,-3.4398458121377744
1458,49.0,0,-1.1473703075172306
1459,49.0,0,-2.5479981775486173
1460,51.0,1,-1.0262970155092215
1461,50.0,0,-2.001345573325937
1462,52.0,1,2.9437993474364954
1463,51.0,1,1.2979167829004807
1464,52.0,1,1.4050189706408065
1465,49.0,0,-2.554773769016124
1466,50.0,0,0.5616297093468313
1467,49.0,0,-1.848200652084692
1468,51.0,1,3.577899470634643
1469,55.0,1,5.327148814589953
1470,48.0,0,-3.2595029894561134
1471,46.0,0,-7.1255347400446
1472,48.0,0,-3.2733032233134316
1473,53.0,1,3.57320721243961
1474,50.0,0,-2.1213535898399494
1475,55.0,1,3.11771555003482
1476,52.0,1,0.21594835893680414
1477,52.0,1,3.5802050309335924
1478,49.0,0,-3.159242305130903
1479,52.0,1,0.8199437015147657
1480,49.0,0,1.5979229227731313
1481,50.0,0,-1.35174105211237
1482,52.0,1,2.27359542627605
1483,54.0,1,4.033695033785831
1484,47.0,0,-2.047140589754551
1485,53.0,1,-0.279830093983689
1486,51.0,1,-1.2626748817897138
1487,52.0,1,3.5509836924718097
1488,51.0,1,1.4549451892996474
1489,52.0,1,-1.7548500519944878
1490,51.0,1,1.058629731099581
1491,51.0,1,0.9132638365968466
1492,47.0,0,-6.1933394257835435
1493,51.0,1,0.28344900928731537
1494,48.0,0,-5.770925308213654
1495,53.0,1,4.6537909203368875
1496,52.0,1,3.6812825462792285
1497,53.0,1,2.490314878288772
1498,48.0,0,-4.153177797226879
1499,48.0,0,-0.7106149856966466
1500,55.0,1,3.517357060068549
1501,50.0,0,-4.260607616384986
1502,53.0,1,3.552292237254403
1503,49.0,0,-1.7058844386974206
1504,52.0,1,2.4533194928442406
1505,51.0,1,-0.23514490497914659
1506,48.0,0,-5.4456497254560885
1507,50.0,0,-4.242180345438854
1508,50.0,0,-1.233712096282668
1509,53.0,1,5.082953737041718
1510,50.0,0,-3.2638797987973915
1511,51.0,1,2.206179925808254
1512,52.0,1,0.4344622168181838
1513,51.0,1,-2.3246035737604274
1514,52.0,1,2.588791323795019
1515,52.0,1,2.1322343279355906
1516,46.0,0,-8.243544876161932
1517,48.0,0,-4.8577642747496315
1518,56.0,1,10.121012790255175
1519,53.0,1,6.012785362679495
1520,54.0,1,7.776272669265473
1521,47.0,0,-6.483752472882126
1522,46.0,0,-3.329656458648996
1523,48.0,0,-4.480879352084362
1524,52.0,1,1.030568434190447
1525,50.0,0,-1.2940419596572836
1526,48.0,0,-3.062562252554028
1527,49.0,0,-2.426683886935543
1528,49.0,0,0.19757252120335358
1529,53.0,1,4.217961045661069
1530,52.0,1,-1.521845829064256
1531,51.0,1,1.1633489628474014
1532,49.0,0,2.9963498366641703
1533,48.0,0,-2.8417494121241957
1534,53.0,1,2.2313963906884
1535,51.0,1,3.244672216148667
1536,51.0,1,0.8903360717703375
1537,53.0,1,2.649213538860256
1538,49.0,0,0.1762401045342466
1539,47.0,0,-2.285326864593297
1540,54.0,1,5.856040765123048
1541,55.0,1,3.5750453980975347
1542,52.0,1,1.6800030975949962
1543,50.0,0,-0.41979885411360546
1544,51.0,1,0.5899176310191603
1545,54.0,1,1.8646884616639081
1546,56.0,1,8.097074689946588
1547,52.0,1,-0.533457225589641
1548,51.0,1,2.1103730827414084
1549,50.0,0,-1.3320670019611853
1550,48.0,0,-5.764119660017627
1551,52.0,1,1.7270949190143499
1552,54.0,1,4.719718734464209
1553,49.0,0,-4.855832097437611
1554,51.0,1,1.0276994670827215
1555,51.0,1,1.3489590414949417
1556,49.0,0,-4.357157463342703
1557,49.0,0,-5.400310370314093
1558,49.0,0,1.974097787797454
1559,53.0,1,4.2388574029291695
1560,54.0,1,5.846841901506028
1561,50.0,0,-2.4193553088131434
1562,50.0,0,-1.0134078071137607
1563,49.0,0,-1.2791004177844447
1564,50.0,0,0.7140971858892362
1565,54.0,1,5.980511944344131
1566,51.0,1,-1.935873079046247
1567,52.0,1,2.886283748679029
1568,53.0,1,3.2510824788384856
1569,47.0,0,-8.284387526989676
1570,51.0,1,-1.502821362329314
1571,54.0,1,5.815259658122687
1572,50.0,0,0.37377383574735984
1573,51.0,1,0.04025730760904807
1574,48.0,0,-1.315715019590171
1575,49.0,0,-0.648293556217116
1576,50.0,0,-3.4446966292770846
1577,51.0,1,1.609475173336665
1578,46.0,0,-7.2464215359802795
1579,50.0,0,-0.22171242926711984
1580,49.0,0,-0.7949888632514486
1581,50.0,0,1.3112252616206517
1582,49.0,0,-6.212927067058789
1583,55.0,1,4.317876874618722
1584,53.0,1,2.187841232264628
1585,55.0,1,5.99429932493473
1586,48.0,0,-4.620384628755505
1587,51.0,1,2.0552017223397065
1588,53.0,1,5.11433760423667
1589,52.0,1,3.458237417752035
1590,52.0,1,3.16571255084464
1591,52.0,1,3.254631419396693
1592,48.0,0,-0.46450549822355497
1593,56.0,1,5.437244223987478
1594,49.0,0,0.7687307536207458
1595,50.0,0,-0.9709835284742322
1596,51.0,1,-1.9349169023704214
1597,54.0,1,4.12255813337806
1598,51.0,1,-1.4961229379991308
1599,49.0,0,-3.7533215332478425
1600,49.0,0,-3.6701987469473187
1601,51.0,1,-0.05665307184124846
1602,49.0,0,-2.4012996015858388
1603,53.0,1,3.057776656722661
1604,53.0,1,4.464994204755708
1605,46.0,0,-7.092765301879675
1606,49.0,0,-3.9655847561075093
1607,49.0,0,-4.201864965244835
1608,49.0,0,-0.5751798919376125
1609,48.0,0,-5.970274645553899
1610,47.0,0,-4.586038559973675
1611,47.0,0,-4.726814261737186
1612,54.0,1,3.894948624265315
1613,49.0,0,-1.4813967292962862
1614,55.0,1,8.292421909915342
1615,47.0,0,-1.6565721698802018
1616,53.0,1,3.4055377488019296
1617,52.0,1,4.559623357570461
1618,54.0,1,1.3671080794316592
1619,52.0,1,0.7124999533508207
1620,48.0,0,-3.6791490558617586
1621,53.0,1,5.488427352361856
1622,48.0,0,-5.080133216123368
1623,51.0,1,0.9534569806429829
1624,53.0,1,4.582239811022006
1625,53.0,1,0.37088845306428087
1626,45.0,0,-8.142329265023175
1627,46.0,0,-4.51582327512496
1628,49.0,0,-1.9773397786028024
1629,54.0,1,3.661261991748017
1630,51.0,1,0.2057098057260348
1631,53.0,1,2.5701329863736015
1632,53.0,1,1.3110452731341202
1633,50.0,0,-1.2252955059580721
1634,51.0,1,0.9056452578613596
1635,50.0,0,2.2977362474240124
1636,52.0,1,0.24488882775865134
1637,54.0,1,6.192887576967201
1638,50.0,0,-2.4607660442383423
1639,50.0,0,-1.5591088391054235
1640,52.0,1,3.2709781438167096
1641,49.0,0,1.3384990935372114
1642,50.0,0,-1.3507746666376934
1643,48.0,0,-3.359244817531839
1644,47.0,0,-4.375480756424672
1645,50.0,0,3.7098438629620607
1646,50.0,0,-4.179996254127777
1647,54.0,1,0.697940177528055
1648,52.0,1,0.6129976934475353
1649,52.0,1,2.9262759110711976
1650,49.0,0,-2.855767199396009
1651,51.0,1,-1.3846835493338536
1652,49.0,0,1.073718801555785
1653,54.0,1,2.7203817554954646
1654,51.0,1,-0.08371247326459164
1655,53.0,1,1.9723884602189143
1656,49.0,0,-1.4420633563760938
1657,51.0,1,1.3573557771245708
1658,50.0,0,1.5449047343210067
1659,51.0,1,-0.5714643909158421
1660,49.0,0,-2.343978460375953
1661,51.0,1,-1.2095654365347537
1662,55.0,1,4.058803195243625
1663,46.0,0,-10.897113260442076
1664,51.0,1,2.6197280182686424
1665,49.0,0,-2.9707432459982424
1666,48.0,0,0.6901620604813045
1667,54.0,1,6.783214503043263
1668,50.0,0,-0.5105023595881902
1669,51.0,1,2.4008514326501524
1670,51.0,1,0.24688887289036265
1671,48.0,0,-1.333940679749488
1672,52.0,1,-1.9951854123294865
1673,52.0,1,0.0035902637961442788
1674,51.0,1,3.332045037006768
1675,51.0,1,-2.495032604823296
1676,52.0,1,1.270324794813943
1677,52.0,1,3.9839573339473686
1678,50.0,0,-1.8874019391806804
1679,51.0,1,-0.32551719176773036
1680,53.0,1,2.708274011062118
1681,51.0,1,1.9385501405847416
1682,51.0,1,-1.5706652595732502
1683,49.0,0,-2.1224711844390796
1684,48.0,0,-2.7871592352072057
1685,53.0,1,5.662032611641731
1686,50.0,0,1.2556756924298678
1687,50.0,0,-1.8591469857950875
1688,52.0,1,1.0793416683682098
1689,55.0,1,5.203498834119392
1690,48.0,0,-4.00972982896099
1691,47.0,0,-3.4538035575450285
1692,54.0,1,1.3880276755810665
1693,52.0,1,1.3004350832901823
1694,51.0,1,-1.2427402646995906
1695,52.0,1,-3.9696996111180005
1696,49.0,0,-1.4018945209050808
1697,49.0,0,-3.8904452547469663
1698,55.0,1,3.602822698240301
1699,51.0,1,-2.623551334310571
1700,48.0,0,0.9244327962733263
1701,52.0,1,0.8607581987113847
1702,51.0,1,2.9860251915094684
1703,50.0,0,-0.8355010375650916
1704,48.0,0,-2.1392892319255905
1705,53.0,1,3.666240228100796
1706,46.0,0,-8.59226708701191
1707,57.0,1,9.97529825596852
1708,52.0,1,0.6947058382108219
1709,52.0,1,1.005488945149689
1710,48.0,0,-6.2678155674439715
1711,53.0,1,-1.1237642743557745
1712,52.0,1,-0.00869432167105688
1713,54.0,1,2.5439514759526425
1714,48.0,0,0.6813012485524067
1715,49.0,0,-1.385390194383875
1716,48.0,0,-2.8333927522923306
1717,51.0,1,1.4087992036128618
1718,53.0,1,2.350234645881751
1719,53.0,1,4.3539707808718395
1720,51.0,1,-0.5671058647348702
1721,54.0,1,5.929947251943096
1722,50.0,0,-4.115968194382256
1723,51.0,1,-1.4842326683832054
1724,56.0,1,7.484302387075577
1725,53.0,1,3.024594914114628
1726,51.0,1,2.2434670633499323
1727,51.0,1,-1.2894234554362949
1728,52.0,1,3.6599887458242395
1729,51.0,1,-1.5907041290146864
1730,48.0,0,0.4376274968419285
1731,52.0,1,3.9826555905727132
1732,52.0,1,1.0637318045412931
1733,51.0,1,-1.4099970639973403
1734,51.0,1,1.6025591321761434
1735,50.0,0,2.7490470422873057
1736,57.0,1,8.622676524270405
1737,51.0,1,-0.8154102341927187
1738,49.0,0,-5.803713063161516
1739,52.0,1,0.8635537370589966
1740,51.0,1,-0.7837255328584759
1741,50.0,0,-1.0342858409005176
1742,50.0,0,-1.1881033398545775
1743,53.0,1,2.8925848740161904
1744,52.0,1,0.5565146024360788
1745,52.0,1,2.5549791758087963
1746,50.0,0,-1.2901884660274507
1747,54.0,1,4.697447445530775
1748,50.0,0,0.36859603113373557
1749,47.0,0,-5.352127004239017
1750,50.0,0,-2.970667036435283
1751,50.0,0,-2.266495359268081
1752,52.0,1,-1.0708662608846147
1753,47.0,0,-4.077210703422272
1754,52.0,1,0.7003659005632679
1755,51.0,1,-0.09788292067026036
1756,55.0,1,4.415348186518299
1757,49.0,0,1.6944681608724943
1758,55.0,1,4.0630657581352025
1759,49.0,0,2.8947386864539495
1760,54.0,1,6.771385055311113
1761,52.0,1,3.409935451464673
1762,46.0,0,-4.188898445416389
1763,49.0,0,-5.6486952042472
1764,50.0,0,-2.1116463647699395
1765,50.0,0,-2.510254183224999
1766,48.0,0,-0.6614182041595303
1767,50.0,0,-0.49978483657687195
1768,54.0,1,3.308574285029854
1769,49.0,0,-4.352819030826767
1770,43.0,0,-12.37279178598601
1771,48.0,0,-6.238014081476927
1772,52.0,1,1.9062444268138312
1773,50.0,0,-1.2011755325597462
1774,48.0,0,-2.1719721340802898
1775,52.0,1,1.4432745498630641
1776,51.0,1,1.0260205522946204
1777,52.0,1,2.2066155265477057
1778,49.0,0,-3.3858542421536812
1779,53.0,1,0.9622810624663772
1780,47.0,0,-4.840215994670446
1781,49.0,0,-2.297731450288911
1782,46.0,0,-4.665573086104354
1783,54.0,1,6.6539534684925625
1784,53.0,1,3.024006802101184
1785,54.0,1,7.7937648857497415
1786,51.0,1,-1.1607779086700842
1787,51.0,1,3.2922028180370604
1788,52.0,1,3.091889005263877
1789,49.0,0,-1.9208085763669924
1790,52.0,1,-0.702122272954634
1791,49.0,0,-1.7679252171017428
1792,49.0,0,-1.9495479290712823
1793,53.0,1,1.5609441185778576
1794,44.0,0,-5.6660660217596535
1795,50.0,0,-0.3177329946581251
1796,53.0,1,3.6160559821966216
1797,52.0,1,7.2040039376927965
1798,48.0,0,-4.020301041125961
1799,50.0,0,-1.8266181519466287
1800,53.0,1,2.8556174675667108
1801,49.0,0,-2.086606148187709
1802,52.0,1,-0.6495539814360959
1803,51.0,1,1.3243228393815794
1804,49.0,0,-1.7025384500850944
1805,49.0,0,-2.1569547074620825
1806,50.0,0,-1.5207581941758825
1807,48.0,0,-3.2294988884422677
1808,49.0,0,-2.700153962425221
1809,51.0,1,2.167380706325836
1810,53.0,1,5.7055067597310005
1811,46.0,0,-6.774512046491872
1812,50.0,0,1.7778776794877702
1813,53.0,1,1.8107534379134167
1814,53.0,1,4.811659861749466
1815,55.0,1,5.374620083687807
1816,54.0,1,2.65006211089513
1817,51.0,1,-2.066539805049055
1818,50.0,0,0.28203608622317916
1819,51.0,1,2.7616774936927
1820,51.0,1,-2.729282676322162
1821,51.0,1,2.21930901000018
1822,52.0,1,-0.29702085705873654
1823,52.0,1,4.060685050585798
1824,55.0,1,4.891773676813046
1825,54.0,1,4.564772695888562
1826,51.0,1,-1.011091105404541
1827,49.0,0,-5.101593072869588
1828,50.0,0,-3.5487294081014027
1829,54.0,1,2.4099427860673197
1830,46.0,0,-4.795061869460332
1831,50.0,0,-2.2748202044951737
1832,52.0,1,2.814822760456197
1833,47.0,0,-4.448725789883102
1834,46.0,0,-4.157629933041778
1835,53.0,1,7.3371906401525475
1836,51.0,1,2.816484770974211
1837,46.0,0,-7.465337201671573
1838,55.0,1,3.7829515078747566
1839,50.0,0,0.8458071678499713
1840,49.0,0,-4.77500447655529
1841,50.0,0,0.2877289031353554
1842,53.0,1,3.130871197915918
1843,50.0,0,-0.42826077483188296
1844,51.0,1,1.6886814882107395
1845,49.0,0,1.0887027882182876
1846,51.0,1,-0.7410591370817253
1847,49.0,0,-1.9757711748792786
1848,52.0,1,0.945435811215201
1849,46.0,0,-8.0483505716356
1850,47.0,0,-5.472515614239309
1851,48.0,0,-5.085428361563073
1852,51.0,1,1.743379367830354
1853,49.0,0,-1.1791667521176663
1854,52.0,1,-0.8339428541396461
1855,48.0,0,-0.9291352781475769
1856,53.0,1,1.5346275311460056
1857,51.0,1,2.367610081196588
1858,50.0,0,-0.363507325439763
1859,52.0,1,2.073732443892467
1860,51.0,1,0.44020770635408357
1861,52.0,1,2.008018189856205
1862,51.0,1,2.3673236718633865
1863,51.0,1,0.4338965164436056
1864,53.0,1,0.9335029880627688
1865,48.0,0,0.5368509092902864
1866,51.0,1,2.35526545371908
1867,47.0,0,-4.831796798955225
1868,52.0,1,2.3338343822084338
1869,49.0,0,-1.4489904122296324
1870,50.0,0,0.557428700773173
1871,47.0,0,-8.029076406596127
1872,53.0,1,5.634107883842065
1873,52.0,1,-1.6236327180224008
1874,52.0,1,3.55012066947368
1875,49.0,0,-0.5704497278357809
1876,48.0,0,-5.574299670623793
1877,50.0,0,1.8222468003883128
1878,55.0,1,5.899729691316428
1879,51.0,1,-0.658575687750572
1880,52.0,1,0.7689476513405179
1881,50.0,0,-1.6934717261022005
1882,46.0,0,-5.0454141684108675
1883,49.0,0,0.6051821478948965
1884,52.0,1,0.047864956176459285
1885,48.0,0,-2.545566225514662
1886,50.0,0,0.2911156207152136
1887,49.0,0,-5.493906158360688
1888,52.0,1,-0.6203671317397524
1889,50.0,0,-5.30080356585991
1890,53.0,1,1.5823552838995034
1891,49.0,0,-2.608328096382014
1892,54.0,1,2.8272024769209
1893,52.0,1,0.4001965036565193
1894,53.0,1,1.2829966602808731
1895,50.0,0,1.7236149115412671
1896,51.0,1,1.7944051029836583
1897,47.0,0,-4.830000917257709
1898,54.0,1,3.396256733237026
1899,51.0,1,-1.32494879215911
1900,52.0,1,-0.939193488143201
1901,52.0,1,1.5574859276096753
1902,52.0,1,1.1155720486019105
1903,52.0,1,1.066326066226142
1904,48.0,0,-0.04850528737593909
1905,50.0,0,0.41627306246041207
1906,53.0,1,3.0125001995411256
1907,51.0,1,-0.10734668856770582
1908,50.0,0,3.3231827270127177
1909,52.0,1,1.1190180696079781
1910,53.0,1,2.281594010193358
1911,53.0,1,2.8941824837696304
1912,54.0,1,4.085241544258413
1913,54.0,1,4.123412709086688
1914,53.0,1,1.3792032575706068
1915,48.0,0,-2.264780596304796
1916,51.0,1,-1.1455871406902698
1917,51.0,1,-1.8480553188699809
1918,51.0,1,-0.3959212213647968
1919,48.0,0,-4.2000595406097885
1920,54.0,1,2.0640495075178285
1921,52.0,1,3.5152198833528514
1922,51.0,1,-1.200805090635487
1923,53.0,1,2.419844279010389
1924,49.0,0,-1.4388511800667911
1925,49.0,0,-2.4281323449198102
1926,48.0,0,-3.4415584851650793
1927,52.0,1,0.07781450555171367
1928,52.0,1,1.4310489840822713
1929,51.0,1,-0.6653054553746806
1930,50.0,0,0.30681384094184827
1931,52.0,1,0.17983667005672954
1932,49.0,0,0.165740846623661
1933,48.0,0,-2.601852485301399
1934,53.0,1,3.1635452257832406
1935,54.0,1,4.588859401514832
1936,53.0,1,3.1612324777500227
1937,50.0,0,-2.1248388784481813
1938,53.0,1,2.6092077764387143
1939,48.0,0,-5.1340971738165555
1940,49.0,0,-3.670685007353768
1941,50.0,0,-4.214781570554837
1942,54.0,1,6.7542522798863365
1943,53.0,1,3.002309551501789
1944,48.0,0,-4.844827035262484
1945,54.0,1,8.016007288549195
1946,48.0,0,-4.522890528455536
1947,49.0,0,1.090512905251236
1948,51.0,1,1.9338744454923473
1949,52.0,1,0.3528416940754216
1950,48.0,0,-3.068123273269494
1951,47.0,0,-3.0367395731493203
1952,51.0,1,2.70008414608471
1953,53.0,1,2.3735859928745073
1954,50.0,0,-0.8044890061063369
1955,48.0,0,-1.2664006956463985
1956,52.0,1,7.411818691162407
1957,51.0,1,2.159903611148104
1958,53.0,1,1.3380277011285155
1959,48.0,0,-1.245641187240282
1960,44.0,0,-5.690705299820098
1961,50.0,0,-1.6153324853278717
1962,52.0,1,1.0965536237714721
1963,47.0,0,-2.518132668902358
1964,46.0,0,-7.32241324081844
1965,50.0,0,-1.9765209537071962
1966,55.0,1,3.0642064515634106
1967,53.0,1,5.0458451711356425
1968,49.0,0,-3.1719331385875753
1969,49.0,0,-2.087658830720742
1970,51.0,1,0.17632636764600296
1971,50.0,0,0.9034174694223285
1972,50.0,0,1.143004478203423
1973,49.0,0,-1.2451359785399687
1974,49.0,0,-3.4673328658365365
1975,50.0,0,-0.5717663761346118
1976,49.0,0,-7.6449453596588555
1977,51.0,1,-1.1732493865118623
1978,49.0,0,-0.12289102807929904
1979,50.0,0,-4.121815670912308
1980,52.0,1,1.034919977626739
1981,49.0,0,-4.064887299342826
1982,52.0,1,4.668076457777403
1983,51.0,1,0.8819330430674281
1984,51.0,1,3.071265567781031
1985,53.0,1,3.220972500546585
1986,48.0,0,-4.285000222775315
1987,49.0,0,-0.363906489732151
1988,49.0,0,-0.6230763145845608
1989,51.0,1,1.0742473651668254
1990,51.0,1,0.4023695627773682
1991,49.0,0,-4.842776723433428
1992,52.0,1,-1.2895724984939825
1993,50.0,0,-2.6113430093431345
1994,51.0,1,1.91255068194327
1995,50.0,0,-1.5077737299096226
1996,54.0,1,4.497778728356576
1997,55.0,1,4.783747136146801
1998,49.0,0,-2.9394571025305605
1999,52.0,1,4.0887767071594245
2000,49.0,0,-4.0946690604095295
2001,49.0,0,-1.6057917490213112
2002,48.0,0,-1.6207379991708863
2003,53.0,1,1.8321660034626135
2004,53.0,1,2.925132095659085
2005,50.0,0,0.565740187506471
2006,52.0,1,0.7874355904200602
2007,46.0,0,-2.5662411889732537
2008,50.0,0,-1.1238317107098759
2009,53.0,1,2.7768444520153794
2010,49.0,0,-2.9258211746574894
2011,54.0,1,3.451018058409683
2012,49.0,0,-3.0545104751727323
2013,52.0,1,1.7221555991265118
2014,55.0,1,3.567999902076422
2015,53.0,1,3.961478016578649
2016,54.0,1,4.013861164076562
2017,52.0,1,-0.03696203336777823
2018,51.0,1,-0.4433392305339315
2019,51.0,1,-0.8496346478330578
2020,51.0,1,-3.880899172266623
2021,50.0,0,0.08910629945847863
2022,51.0,1,2.5523263331266635
2023,52.0,1,1.90193465900712
2024,52.0,1,1.5944751103028594
2025,49.0,0,-1.1986325604560906
2026,54.0,1,2.6421992011091175
2027,49.0,0,-1.6489882229727884
2028,52.0,1,7.662197867660665
2029,53.0,1,2.3914298403643013
2030,46.0,0,-4.981836194568085
2031,53.0,1,1.1096443165225198
2032,49.0,0,-4.101373657048393
2033,52.0,1,1.267119429444187
2034,51.0,1,2.3879227231216618
2035,46.0,0,-4.860091421834452
2036,51.0,1,-1.7476701278263227
2037,51.0,1,-0.8615903423808671
2038,51.0,1,-0.09992536385221486
2039,50.0,0,-0.031885578949643556
2040,49.0,0,-1.3548979339053666
2041,51.0,1,1.0330514212889734
2042,50.0,0,-2.5793663090330643
2043,52.0,1,0.8240473645826619
2044,47.0,0,-3.96996671648371
2045,51.0,1,1.6610005436209396
2046,51.0,1,1.0425797118253317
2047,52.0,1,3.169929575904767
2048,51.0,1,-2.8426647359157577
2049,54.0,1,4.228372560618075
2050,53.0,1,4.866278492527906
2051,53.0,1,1.2519897828860138
2052,51.0,1,-0.008497154322903515
2053,48.0,0,-3.0697280832908485
2054,50.0,0,-0.9889831022507047
2055,48.0,0,-2.986473098091725
2056,49.0,0,-1.335302262095427
2057,49.0,0,-0.8320729797970788
2058,49.0,0,-1.4665181171651096
2059,51.0,1,0.6309878417213044
2060,52.0,1,-1.3385983151220349
2061,56.0,1,5.311781138642339
2062,52.0,1,2.175058396548785
2063,49.0,0,-3.4495572637857683
2064,55.0,1,4.231228944706974
2065,48.0,0,0.22596329403984813
2066,50.0,0,-1.1159495271863364
2067,51.0,1,-0.5564162864401192
2068,51.0,1,4.273034546316472
2069,48.0,0,-2.7554656778379814
2070,49.0,0,-1.6594387646556532
2071,45.0,0,-7.39352019727594
2072,52.0,1,0.10738936450851985
2073,54.0,1,3.1037975798397524
2074,52.0,1,4.222827104731206
2075,50.0,0,-0.22362527243341057
2076,51.0,1,-2.147120898458068
2077,53.0,1,3.3009627298281967
2078,52.0,1,-1.5612512980431426
2079,49.0,0,-4.4527670860400645
2080,48.0,0,-0.07661087699910749
2081,54.0,1,7.924096386625572
2082,48.0,0,-5.91418565356198
2083,48.0,0,-0.9232290106205218
2084,51.0,1,-0.47781602503186493
2085,52.0,1,-0.43949198970520414
2086,54.0,1,3.863148103879648
2087,52.0,1,2.664501177159476
2088,54.0,1,8.672456747935271
2089,53.0,1,1.737753226082686
2090,52.0,1,1.3874583393118147
2091,50.0,0,-3.6517632895393244
2092,54.0,1,5.685445646892428
2093,43.0,0,-10.502810837762661
2094,54.0,1,2.9965299361016586
2095,50.0,0,-2.964149366332575
2096,48.0,0,-0.49769221163708494
2097,51.0,1,1.1182917701500081
2098,54.0,1,3.785843765818294
2099,50.0,0,0.8323684130653222
2100,49.0,0,-1.0578417540796319
2101,47.0,0,-0.9067964650132876
2102,48.0,0,-5.653234810290118
2103,47.0,0,-6.3309929501089774
2104,50.0,0,-3.5591284444614333
2105,50.0,0,0.6841630834623559
2106,50.0,0,0.4467122107688061
2107,51.0,1,-0.41294363364372394
2108,47.0,0,-6.37900650422453
2109,46.0,0,-8.190119964773572
2110,51.0,1,-1.4899104903742895
2111,55.0,1,1.7259951425779336
2112,49.0,0,-3.380368721464831
2113,50.0,0,0.20742179340520986
2114,56.0,1,8.680049772588173
2115,51.0,1,0.11034738832365165
2116,50.0,0,-1.785512581594086
2117,52.0,1,-1.2451744176744368
2118,51.0,1,1.2629834638949742
2119,53.0,1,3.0097870186992277
2120,50.0,0,-4.844241482065045
2121,51.0,1,-1.3940754436982865
2122,51.0,1,3.3192392897699117
2123,50.0,0,-2.26638216626347
2124,50.0,0,-1.5595793834400538
2125,47.0,0,-5.645378638142228
2126,49.0,0,-1.0296996601220507
2127,49.0,0,-3.653934620826855
2128,52.0,1,2.872965834371098
2129,52.0,1,1.2695190016817415
2130,54.0,1,5.022540929054751
2131,54.0,1,2.77025993583951
2132,49.0,0,-0.8466529950843193
2133,51.0,1,2.5294385417916314
2134,52.0,1,-0.3648776531750221
2135,51.0,1,-0.8205890538496513
2136,49.0,0,-4.406328544553826
2137,56.0,1,8.697677637190637
2138,54.0,1,6.117359507080688
2139,51.0,1,0.5735288092352735
2140,49.0,0,-3.2772948180620665
2141,49.0,0,-2.4053570880630186
2142,48.0,0,-1.2336962081531768
2143,55.0,1,6.310984316515353
2144,49.0,0,-2.1101861529719588
2145,51.0,1,2.1780174804620183
2146,49.0,0,-0.5503836594236512
2147,50.0,0,-0.6983188569099011
2148,49.0,0,-1.2886283911417546
2149,54.0,1,4.791288074598198
2150,53.0,1,4.412022359045667
2151,55.0,1,4.784677901527133
2152,45.0,0,-7.081085648471135
2153,51.0,1,-0.7209869170172455
2154,47.0,0,-6.143731840915047
2155,50.0,0,0.781000761948091
2156,52.0,1,-0.2751413900268842
2157,55.0,1,4.950438196394156
2158,52.0,1,3.505748902841547
2159,44.0,0,-7.875204520342753
2160,49.0,0,-2.225236589282384
2161,46.0,0,-6.454138689685661
2162,50.0,0,-4.844055604222332
2163,51.0,1,1.4652368307897505
2164,50.0,0,-2.634000042764125
2165,49.0,0,-0.9422136080689465
2166,47.0,0,-2.249964501024819
2167,46.0,0,-4.832507571932373
2168,53.0,1,4.136786892838716
2169,52.0,1,0.7132032302035122
2170,47.0,0,-7.879070312491001
2171,53.0,1,1.8372424214252636
2172,49.0,0,-5.8924106358029755
2173,46.0,0,-3.8372804729245136
2174,56.0,1,5.361678210623941
2175,48.0,0,-2.890733161267461
2176,53.0,1,5.2720470798746355
2177,53.0,1,0.45458080315698696
2178,49.0,0,-5.031180534967617
2179,53.0,1,1.8485600035968395
2180,49.0,0,-1.724537386787604
2181,51.0,1,2.1327587136173713
2182,50.0,0,-2.658979439658261
2183,55.0,1,7.820112363236543
2184,47.0,0,-2.705809822255313
2185,53.0,1,2.7572217810539086
2186,52.0,1,1.0013244967044204
2187,49.0,0,-1.9045892022539044
2188,53.0,1,4.840570041336715
2189,52.0,1,6.651885181874903
2190,49.0,0,-3.242818540187611
2191,55.0,1,5.114557498187151
2192,45.0,0,-6.923028915539354
2193,51.0,1,0.2401032354622158
2194,55.0,1,3.922965320335281
2195,51.0,1,2.469113156548451
2196,48.0,0,-0.09636554354063559
2197,53.0,1,2.6458254996671493
2198,48.0,0,-1.8785132380609626
2199,49.0,0,-3.887558483937859
2200,50.0,0,0.24742470878196968
2201,52.0,1,1.630868555062312
2202,50.0,0,3.362567442092164
2203,53.0,1,2.56260941050439
2204,49.0,0,-2.4445654904259766
2205,53.0,1,5.400911077801559
2206,47.0,0,-3.69931408553456
2207,50.0,0,-1.8327100482620389
2208,52.0,1,3.887651956848548
2209,54.0,1,4.937950727436008
2210,50.0,0,-4.834719021451809
2211,50.0,0,0.48569263070516766
2212,50.0,0,2.2092872220527022
2213,46.0,0,-5.8483835166621985
2214,48.0,0,-2.947279210534567
2215,53.0,1,5.378746505094082
2216,45.0,0,-6.931594906788386
2217,50.0,0,-2.8663760257212543
2218,54.0,1,3.361320758136624
2219,48.0,0,-6.020242814832711
2220,48.0,0,-4.4963102738745455
2221,54.0,1,6.210786027864143
2222,52.0,1,1.069521370535078
2223,49.0,0,-3.503038646882605
2224,51.0,1,-1.1466313661881549
2225,53.0,1,5.2494791842062565
2226,46.0,0,-7.219913678374826
2227,51.0,1,2.3791341789276568
2228,52.0,1,-0.6557930960703201
2229,52.0,1,-1.9285107340493475
2230,51.0,1,-1.3045847720888444
2231,51.0,1,3.2220390917957644
2232,56.0,1,7.3575730315299674
2233,50.0,0,-3.684631690965949
2234,48.0,0,0.9815543381222936
2235,53.0,1,3.449875233925136
2236,55.0,1,5.162315934241907
2237,50.0,0,0.9567020179764542
2238,48.0,0,-6.673829332629981
2239,47.0,0,-3.2326253151539035
2240,53.0,1,1.3899900369161344
2241,49.0,0,-1.7751209667719958
2242,50.0,0,-4.246443430856483
2243,53.0,1,1.862679827195534
2244,52.0,1,1.7760777907164982
2245,55.0,1,4.007045491044141
2246,50.0,0,-3.353643104350909
2247,52.0,1,-0.10795860721703952
2248,54.0,1,5.649454919601681
2249,51.0,1,2.2619308415160666
2250,52.0,1,3.7297945271315958
2251,51.0,1,-0.6047148271168771
2252,52.0,1,2.1721235017216483
2253,50.0,0,1.2361524222725633
2254,44.0,0,-10.183496608290104
2255,49.0,0,-1.2957577113798873
2256,50.0,0,-1.6992725179012014
2257,49.0,0,-3.620485198865544
2258,50.0,0,0.6401409106324535
2259,50.0,0,-2.621379543334843
2260,51.0,1,-1.4407255986021907
2261,54.0,1,3.401546820061897
2262,51.0,1,-0.5651130709124418
2263,54.0,1,2.749706901341246
2264,50.0,0,0.2168269600092645
2265,50.0,0,-0.6786645724497316
2266,53.0,1,1.67896640784184
2267,51.0,1,-0.20525162952501425
2268,50.0,0,1.0831787867769944
2269,49.0,0,1.7752369398258026
2270,54.0,1,5.048552688626716
2271,55.0,1,4.300179576284533
2272,54.0,1,7.1158660489445404
2273,49.0,0,-1.1032024724914213
2274,47.0,0,-5.393947855798048
2275,51.0,1,0.5970724826701215
2276,50.0,0,-0.760136941844658
2277,54.0,1,2.9656873854864223
2278,49.0,0,-0.6311900403592662
2279,52.0,1,2.51675719097589
2280,49.0,0,-3.0387928110967133
2281,51.0,1,2.621052970933469
2282,51.0,1,1.547018631980416
2283,52.0,1,1.7641511547064506
2284,53.0,1,4.066358048527299
2285,50.0,0,-1.0020902289435965
2286,51.0,1,-0.026948505649430073
2287,48.0,0,-0.37017829901608174
2288,52.0,1,0.977951149025512
2289,48.0,0,-1.867603853300808
2290,58.0,1,4.871479484633391
2291,51.0,1,1.791557811366151
2292,48.0,0,0.17163856199118677
2293,55.0,1,4.215384642299404
2294,50.0,0,-0.2300094616541018
2295,55.0,1,3.7358557061512117
2296,52.0,1,1.623102944096716
2297,48.0,0,-2.2623419756566783
2298,49.0,0,-2.735183652222259
2299,52.0,1,2.5282959931407447
2300,52.0,1,-0.657480389916376
2301,49.0,0,-4.0801743829035555
2302,50.0,0,0.10258415106291217
2303,54.0,1,4.650609283747565
2304,57.0,1,5.288750618972176
2305,49.0,0,-0.5549023082639839
2306,52.0,1,1.2477687837497748
2307,54.0,1,3.903167644877835
2308,49.0,0,-0.08157179218024307
2309,49.0,0,-0.7860713790397003
2310,53.0,1,5.669194987509056
2311,53.0,1,1.5741156111936756
2312,50.0,0,1.4456447647544781
2313,49.0,0,-0.9154995056531928
2314,49.0,0,0.01248218205403436
2315,52.0,1,2.2833436465906036
2316,53.0,1,1.7819678844029865
2317,47.0,0,-3.263314299594776
2318,49.0,0,0.9802303032452756
2319,52.0,1,2.4784815696021374
2320,53.0,1,2.0164461028873166
2321,52.0,1,3.368461132609523
2322,51.0,1,5.954230451115329
2323,50.0,0,-2.671335391430666
2324,55.0,1,3.7592987470356536
2325,52.0,1,1.0205862618090424
2326,52.0,1,-0.7597026583719416
2327,46.0,0,-6.712370337781093
2328,48.0,0,-1.3779170688270468
2329,53.0,1,4.450798516159809
2330,51.0,1,1.7179297061074301
2331,52.0,1,4.645460975361616
2332,47.0,0,-6.096174721360866
2333,52.0,1,0.9818760475148457
2334,54.0,1,1.8544824717587076
2335,52.0,1,-1.1185387616443667
2336,52.0,1,2.2841411499482125
2337,54.0,1,4.075300387916689
2338,47.0,0,-7.3887939653570225
2339,50.0,0,0.48702942383159903
2340,52.0,1,2.1057145400737816
2341,51.0,1,0.7054142723189951
2342,49.0,0,-2.268421389432736
2343,54.0,1,3.2619655053571304
2344,51.0,1,0.8374717714915083
2345,51.0,1,0.1111299396875508
2346,51.0,1,1.1828700587295626
2347,49.0,0,-3.2489729500006157
2348,50.0,0,-0.5136997438064598
2349,54.0,1,5.041919151418973
2350,49.0,0,-1.544354769260907
2351,51.0,1,1.8382838718546215
2352,53.0,1,4.161239432740782
2353,51.0,1,4.5472691139641395
2354,48.0,0,-2.5605665401326294
2355,52.0,1,1.1739500284030213
2356,51.0,1,-2.8567750324915826
2357,53.0,1,2.3243004855869205
2358,54.0,1,4.373942141560297
2359,50.0,0,-0.5666942612174742
2360,54.0,1,3.5951510684051486
2361,49.0,0,-2.504933478156259
2362,51.0,1,0.4987341896767651
2363,50.0,0,-1.9619103837514034
2364,52.0,1,2.3506472308371316
2365,49.0,0,0.7659591621864534
2366,48.0,0,-2.4983976479109256
2367,48.0,0,-4.414826213750558
2368,52.0,1,-0.9600488906527582
2369,51.0,1,1.2598830016077804
2370,50.0,0,-1.4008189458563431
2371,51.0,1,-1.9817999452427257
2372,49.0,0,-4.78557241186082
2373,56.0,1,8.270813142886297
2374,47.0,0,-6.749873438980671
2375,52.0,1,1.688551005560884
2376,50.0,0,0.05259403626141121
2377,50.0,0,-1.69589594977495
2378,49.0,0,-1.356970144880587
2379,54.0,1,5.429341911910794
2380,57.0,1,3.299637206914689
2381,51.0,1,1.230667628027437
2382,49.0,0,-1.0652104340094608
2383,48.0,0,-2.5330067646435186
2384,49.0,0,-0.6798087718254427
2385,54.0,1,5.701053344856131
2386,53.0,1,0.817891654752517
2387,52.0,1,-0.9998491662868011
2388,50.0,0,1.2290601890732096
2389,48.0,0,-4.613093758464401
2390,49.0,0,-3.3215050369953962
2391,52.0,1,3.240054608939203
2392,50.0,0,-0.7856379728859431
2393,51.0,1,-1.3707699973131902
2394,44.0,0,-6.179697138567848
2395,50.0,0,-0.16042261184184284
2396,50.0,0,-3.247615657606186
2397,45.0,0,-7.628278493956545
2398,50.0,0,0.7261631676225581
2399,51.0,1,1.2328381463465596
2400,51.0,1,-1.4146216583664628
2401,50.0,0,-4.029889605374135
2402,51.0,1,4.411592129029854
2403,53.0,1,6.7582428293974095
2404,56.0,1,7.537842740468517
2405,49.0,0,-3.752766543166323
2406,50.0,0,-3.4412789328991615
2407,50.0,0,-0.6880358872481845
2408,49.0,0,-1.959210665213258
2409,54.0,1,3.3644933678313884
2410,49.0,0,-6.455316336946544
2411,51.0,1,1.311282999208917
2412,48.0,0,-3.8606162301808427
2413,51.0,1,2.0430789064061834
2414,50.0,0,-0.41219277013229216
2415,51.0,1,3.1699558721788144
2416,49.0,0,-0.7160591830052302
2417,51.0,1,-1.056951102852329
2418,52.0,1,-0.1873034306896164
2419,55.0,1,8.36894629289436
2420,55.0,1,4.194559527856648
2421,55.0,1,4.2297708236311085
2422,54.0,1,2.908982827223778
2423,48.0,0,-7.593900462859725
2424,51.0,1,-1.301387827097314
2425,50.0,0,-1.21458320982588
2426,53.0,1,3.2424194451675556
2427,49.0,0,-1.9630462751466071
2428,50.0,0,-0.37699416464644103
2429,52.0,1,2.251871303884743
2430,51.0,1,0.4707032589898811
2431,50.0,0,-0.15753344067311972
2432,52.0,1,-2.3133256329936236
2433,50.0,0,-3.483724018095169
2434,51.0,1,-1.3355069201573206
2435,57.0,1,5.268647908257087
2436,50.0,0,1.4761369839449343
2437,49.0,0,-1.0388419879011996
2438,51.0,1,2.2453654662736673
2439,50.0,0,-1.196937002822184
2440,53.0,1,3.7704176870423165
2441,51.0,1,0.9014377271988816
2442,49.0,0,-1.6598598414914436
2443,53.0,1,3.0942117067136388
2444,48.0,0,-5.043293892616269
2445,52.0,1,2.662773545158324
2446,52.0,1,-0.0469589293811768
2447,51.0,1,-1.9691910864865518
2448,53.0,1,1.1244673624000094
2449,54.0,1,3.6861502017202747
2450,49.0,0,-0.5315762611477332
2451,49.0,0,-2.361508655269276
2452,48.0,0,-5.4481379496445665
2453,50.0,0,-0.35669373655175385
2454,49.0,0,0.8931007377942406
2455,49.0,0,0.10833207247581511
2456,53.0,1,1.958792432805708
2457,51.0,1,-1.169991939411027
2458,45.0,0,-6.592108054083325
2459,48.0,0,-3.63510944838855
2460,54.0,1,2.064155991943966
2461,48.0,0,-2.1667341245316125
2462,48.0,0,-2.886906171028685
2463,50.0,0,-3.8249089170874173
2464,51.0,1,2.4220266939437005
2465,51.0,1,-0.3877703151564039
2466,49.0,0,0.9196720189813244
2467,48.0,0,-1.7885029229867797
2468,52.0,1,3.497651504373165
2469,51.0,1,-0.09463802105235306
2470,50.0,0,-0.2587091161844402
2471,50.0,0,-4.756413722611131
2472,49.0,0,-1.1014132244235486
2473,44.0,0,-5.207664854582799
2474,51.0,1,1.2051414192832341
2475,52.0,1,1.0381541481906433
2476,51.0,1,2.527825656292011
2477,48.0,0,-4.679999815907135
2478,55.0,1,4.672487045401879
2479,49.0,0,-3.6326141143720165
2480,50.0,0,-3.038967058885026
2481,51.0,1,-0.8333253729589013
2482,51.0,1,1.523294240087081
2483,50.0,0,-1.2164517415590923
2484,53.0,1,4.492784741320049
2485,52.0,1,0.3180006742841728
2486,48.0,0,-2.515367651638969
2487,47.0,0,-5.040405038719903
2488,52.0,1,1.4482712523070593
2489,50.0,0,-1.950684369369405
2490,53.0,1,-2.9633632969454275
2491,49.0,0,-1.531693717839949
2492,50.0,0,-3.558306446451538
2493,55.0,1,4.569127624986718
2494,48.0,0,-2.799888000422556
2495,47.0,0,-4.439546866782488
2496,50.0,0,-2.9706338315431333
2497,50.0,0,-1.7730002381582757
2498,52.0,1,1.5534050052977988
2499,49.0,0,-4.09878620079601
2500,55.0,1,3.6845797562773135
2501,50.0,0,0.6852020950215882
2502,50.0,0,0.3031195478921147
2503,49.0,0,-4.81328619620431
2504,55.0,1,5.051249446589159
2505,52.0,1,0.496961594699696
2506,48.0,0,-3.989904077818381
2507,47.0,0,-5.328007773572478
2508,50.0,0,-1.1802426867440923
2509,52.0,1,1.9068629152537306
2510,52.0,1,4.706299466873611
2511,54.0,1,4.166450751251549
2512,51.0,1,0.6604263631477818
2513,55.0,1,4.405439330929773
2514,50.0,0,0.07344328866285926
2515,49.0,0,1.8740829977876474
2516,55.0,1,5.631617537846413
2517,51.0,1,0.3199292089595817
2518,51.0,1,2.554587584645099
2519,52.0,1,2.9903131182721854
2520,51.0,1,2.4251044885994486
2521,50.0,0,-3.672483437537575
2522,52.0,1,0.7554499819975687
2523,52.0,1,4.844293362561825
2524,51.0,1,0.644377488643395
2525,47.0,0,-5.739652329909405
2526,52.0,1,1.3524174838799394
2527,53.0,1,3.445762970648951
2528,48.0,0,-2.241987928513549
2529,53.0,1,0.028012553424125883
2530,51.0,1,4.303868600271075
2531,50.0,0,0.7929031134338773
2532,51.0,1,2.0268614005499357
2533,53.0,1,0.8683102388721902
2534,50.0,0,0.9945440239107188
2535,52.0,1,2.180419916389367
2536,50.0,0,-1.9867685837240816
2537,47.0,0,-3.5888725047269774
2538,53.0,1,3.3846159191351695
2539,56.0,1,8.478579194416797
2540,49.0,0,-3.622867592052871
2541,48.0,0,-1.010742530335494
2542,46.0,0,-4.748019847975194
2543,51.0,1,0.08557001651369117
2544,54.0,1,1.0050005244765785
2545,51.0,1,0.6384542951119527
2546,51.0,1,1.8296112202855956
2547,56.0,1,6.430458340488957
2548,49.0,0,-0.06322327016134956
2549,54.0,1,4.970077931155363
2550,50.0,0,1.3571840059983284
2551,47.0,0,-3.5060595989882475
2552,51.0,1,1.9158595442649695
2553,53.0,1,3.545140210536814
2554,54.0,1,6.950207367090609
2555,50.0,0,1.877535640428008
2556,55.0,1,4.520964913529759
2557,52.0,1,-0.26029751460476425
2558,48.0,0,-4.130666245967499
2559,53.0,1,2.265489850583856
2560,50.0,0,-0.8129256389954533
2561,45.0,0,-4.175453498501864
2562,51.0,1,1.1204201613659537
2563,48.0,0,-3.5214798108760856
2564,51.0,1,-3.5376711355822272
2565,52.0,1,1.5245743486276813
2566,54.0,1,3.5770763243241803
2567,49.0,0,-2.505454738390725
2568,51.0,1,3.172914414685858
2569,51.0,1,-1.45837656268179
2570,49.0,0,-2.525719127226647
2571,52.0,1,2.922989457895674
2572,52.0,1,0.6723968454410988
2573,48.0,0,-3.138084963587599
2574,51.0,1,2.8749637928816063
2575,49.0,0,-0.39775915909170595
2576,49.0,0,-2.859545655348548
2577,49.0,0,-2.436518318786587
2578,51.0,1,1.5212500753202687
2579,52.0,1,1.2026253591947784
2580,49.0,0,-2.1123235789498485
2581,48.0,0,-1.4991676770221403
2582,52.0,1,1.6277652634558466
2583,48.0,0,-0.698338830011069
2584,52.0,1,1.7194413117147085
2585,50.0,0,1.0951584051483014
2586,50.0,0,-0.4316242166020676
2587,52.0,1,1.9132694685566833
2588,49.0,0,-0.5532683864746504
2589,48.0,0,-4.6802925754580675
2590,51.0,1,4.150956969069744
2591,48.0,0,-1.804136963652795
2592,47.0,0,-4.4737849713063325
2593,57.0,1,8.88814370116668
2594,49.0,0,-2.6915717615718404
2595,51.0,1,-0.6603648720702542
2596,52.0,1,-2.907293752674676
2597,52.0,1,1.6724107633124712
2598,52.0,1,2.8996579854818334
2599,49.0,0,1.0406386772598775
2600,52.0,1,2.8480269759409453
2601,54.0,1,1.6586190319157676
2602,50.0,0,0.9745331321535055
2603,49.0,0,-3.0819715467202644
2604,49.0,0,0.634021633187135
2605,55.0,1,6.990028469436328
2606,51.0,1,1.5875105837771106
2607,50.0,0,2.9659094452123043
2608,48.0,0,-2.2426096333770933
2609,48.0,0,-3.958498785075324
2610,51.0,1,-0.09315154375895365
2611,51.0,1,-0.7388358853743395
2612,49.0,0,-4.77999295171462
2613,54.0,1,4.170947318826584
2614,53.0,1,1.843471577789227
2615,47.0,0,-6.141850964621764
2616,49.0,0,-0.331003736637634
2617,51.0,1,1.779485606918272
2618,51.0,1,2.37497757720173
2619,47.0,0,-4.338866286370915
2620,52.0,1,3.07295089625357
2621,49.0,0,-1.3421447706608354
2622,48.0,0,-0.40667279316324656
2623,52.0,1,0.13374087636286358
2624,51.0,1,1.6028485682664029
2625,50.0,0,-0.14164298635719622
2626,54.0,1,5.060663114767453
2627,48.0,0,-2.8979774579114737
2628,51.0,1,1.3297533617005595
2629,51.0,1,0.1545765718309016
2630,46.0,0,-7.2924778155858885
2631,52.0,1,-0.7653674615741921
2632,51.0,1,3.1968155177156814
2633,48.0,0,-6.510749284569105
2634,50.0,0,-2.037220608915753
2635,53.0,1,0.45607846134976215
2636,48.0,0,-3.8254127214763542
2637,50.0,0,-0.7296485055995464
2638,50.0,0,-1.6419959186040032
2639,50.0,0,0.2220360701923209
2640,49.0,0,-3.9622337557335423
2641,50.0,0,-3.6969271350213315
2642,52.0,1,1.6487973073521476
2643,49.0,0,-0.41456764317155714
2644,52.0,1,1.5075220649876035
2645,55.0,1,4.034647487463285
2646,50.0,0,-2.628045516720292
2647,51.0,1,-2.2271258278866064
2648,47.0,0,-5.578002692365712
2649,50.0,0,-3.5442511954536036
2650,52.0,1,2.305318535349106
2651,54.0,1,2.141577142017083
2652,50.0,0,-2.139781537414966
2653,53.0,1,3.3179474439024133
2654,50.0,0,-3.3239567638857697
2655,53.0,1,2.2425700474762844
2656,49.0,0,-0.6772743343552132
2657,50.0,0,-1.7562107836555265
2658,53.0,1,4.888130108449759
2659,48.0,0,-5.515764167602937
2660,54.0,1,1.6870892770178023
2661,50.0,0,-1.3775499381403695
2662,52.0,1,0.697377156603771
2663,53.0,1,2.7457697890577033
2664,54.0,1,4.133345667628525
2665,48.0,0,-4.513573310346494
2666,51.0,1,0.11248673643028002
2667,48.0,0,-4.715873644737591
2668,54.0,1,3.391314094549149
2669,51.0,1,0.9926841265059537
2670,51.0,1,2.3987137663125684
2671,48.0,0,-2.8678194846831975
2672,51.0,1,0.020777724616502378
2673,49.0,0,-0.9664307206957957
2674,49.0,0,-0.6972363622947374
2675,50.0,0,0.7186460933230473
2676,45.0,0,-9.303716396777858
2677,55.0,1,4.587217360545334
2678,53.0,1,3.151169196955529
2679,50.0,0,0.7003610292745176
2680,48.0,0,-8.83434846891081
2681,52.0,1,1.817519771909644
2682,50.0,0,-0.054689418196959626
2683,55.0,1,4.118351435148064
2684,51.0,1,0.2841550853439441
2685,51.0,1,-1.9549322393822075
2686,51.0,1,1.2984924359977983
2687,48.0,0,-3.2658918076618835
2688,56.0,1,3.2885470526451996
2689,51.0,1,2.9819632355127372
2690,51.0,1,1.0929111670016307
2691,54.0,1,3.7699937149712186
2692,48.0,0,-2.8649312156559366
2693,48.0,0,-2.438066281702702
2694,51.0,1,-0.214010981359495
2695,51.0,1,3.8843192432930027
2696,49.0,0,-3.045582593495788
2697,48.0,0,-2.5237631478465574
2698,49.0,0,-1.9037353647059594
2699,49.0,0,-1.5670202592597213
2700,54.0,1,4.031006503970185
2701,47.0,0,-3.242301846068335
2702,51.0,1,-1.0250275292827897
2703,48.0,0,-3.067986528405627
2704,48.0,0,-1.3702464227639148
2705,51.0,1,1.3122500461527922
2706,51.0,1,-0.3778570928580956
2707,49.0,0,-4.662528720110531
2708,48.0,0,-4.144547439390256
2709,49.0,0,-2.3754993858810765
2710,54.0,1,4.197827733725222
2711,51.0,1,-4.098714944113812
2712,46.0,0,-8.119715260559456
2713,52.0,1,0.28940663807607453
2714,52.0,1,1.4313147988037305
2715,50.0,0,-2.2534903677704166
2716,49.0,0,-2.1626401524911536
2717,53.0,1,3.789749344810992
2718,51.0,1,1.8397803221432407
2719,51.0,1,-1.6868179938952863
2720,49.0,0,-5.262339774177367
2721,51.0,1,0.34468687453568847
2722,48.0,0,-4.710826393550263
2723,50.0,0,-0.4338506180214295
2724,51.0,1,0.24623059411135742
2725,50.0,0,-1.8703799789464055
2726,52.0,1,3.322684155002326
2727,50.0,0,-1.2591976815997783
2728,49.0,0,-1.0815325369744033
2729,49.0,0,-1.388382926518208
2730,51.0,1,0.01892364471293282
2731,48.0,0,-4.180291500759903
2732,52.0,1,-0.7734107852904863
2733,49.0,0,0.26824954554009667
2734,49.0,0,-3.090792976444171
2735,52.0,1,3.531524253624477
2736,54.0,1,3.47232234925106
2737,52.0,1,0.22033456131086546
2738,52.0,1,-0.20243086945792182
2739,50.0,0,-0.9812899901383652
2740,54.0,1,4.92385900899617
2741,49.0,0,-3.392084261338941
2742,47.0,0,-6.87651080715266
2743,53.0,1,0.9728728476966566
2744,46.0,0,-2.9213410605540022
2745,49.0,0,-0.23403426430017674
2746,48.0,0,-6.269381067466065
2747,54.0,1,3.0680038735805986
2748,50.0,0,-0.4200489180562436
2749,51.0,1,4.487912706257745
2750,49.0,0,1.4994477197430756
2751,49.0,0,-5.068225691813548
2752,48.0,0,-5.882894291588742
2753,48.0,0,-3.8114082213431333
2754,51.0,1,0.9704874762994947
2755,52.0,1,4.137391603700059
2756,52.0,1,3.028868897103914
2757,51.0,1,3.115889234176593
2758,49.0,0,-1.0750216972134294
2759,50.0,0,0.11020531538741363
2760,54.0,1,1.91299662346926
2761,52.0,1,0.3129918562288653
2762,51.0,1,-0.9085948839456865
2763,53.0,1,2.4957443740813283
2764,56.0,1,7.803844070322748
2765,57.0,1,8.036168814284872
2766,51.0,1,3.6804254570825092
2767,48.0,0,-3.043978605882198
2768,49.0,0,-2.4442752469123805
2769,50.0,0,-2.211471792521906
2770,48.0,0,-6.465962842605626
2771,51.0,1,1.9838235719901007
2772,46.0,0,-5.469794314818994
2773,48.0,0,-2.8887926712924568
2774,51.0,1,0.3998374723481915
2775,53.0,1,0.8586685474445253
2776,49.0,0,-4.449930752348651
2777,50.0,0,-1.184380604821159
2778,54.0,1,4.917614949264559
2779,47.0,0,-3.5842053340532423
2780,51.0,1,1.252201828917134
2781,49.0,0,-2.6297391094694405
2782,50.0,0,-1.3296000749270156
2783,49.0,0,-1.3545804676991202
2784,55.0,1,6.401011422084342
2785,43.0,0,-7.5187769617472435
2786,51.0,1,1.2750055742693502
2787,51.0,1,-0.9670512154115445
2788,50.0,0,-2.2407469927703096
2789,52.0,1,2.60798422997536
2790,53.0,1,2.1861403151072594
2791,49.0,0,-2.9896004669768375
2792,50.0,0,0.3781921859803559
2793,54.0,1,4.901556299001507
2794,46.0,0,-6.753617148059542
2795,53.0,1,2.8774406913279864
2796,49.0,0,-4.729432503595382
2797,51.0,1,0.5401091917705623
2798,49.0,0,-2.0478351769359375
2799,49.0,0,-3.3566738228278226
2800,52.0,1,1.3092147455135579
2801,47.0,0,-5.3003651270910295
2802,46.0,0,-4.623978430066985
2803,51.0,1,2.47461289952603
2804,52.0,1,-2.0178942864174427
2805,49.0,0,-1.2217057257559607
2806,49.0,0,0.09663186643240615
2807,47.0,0,-5.899067741707212
2808,51.0,1,-0.005072085777786554
2809,52.0,1,2.698891708249563
2810,54.0,1,5.177796171388003
2811,47.0,0,-4.249534945538034
2812,54.0,1,4.521262614195468
2813,53.0,1,3.319775394392939
2814,51.0,1,2.336716778195824
2815,50.0,0,-2.7184790355925075
2816,49.0,0,-0.10746054193465508
2817,49.0,0,-0.24792252274609056
2818,47.0,0,-7.68570579040426
2819,48.0,0,-0.46416834383030825
2820,52.0,1,2.9874559964192136
2821,52.0,1,-1.0548934116373543
2822,45.0,0,-4.443888097745895
2823,51.0,1,3.0538412241032304
2824,56.0,1,7.04803057276992
2825,55.0,1,2.9564235342936818
2826,54.0,1,0.2398137553114518
2827,49.0,0,-1.0015150100066603
2828,52.0,1,3.268841435576647
2829,50.0,0,0.7604812976973632
2830,48.0,0,-3.961618607245261
2831,52.0,1,1.7926018998874946
2832,51.0,1,2.714679219230584
2833,53.0,1,0.45282058348421717
2834,51.0,1,2.334464677370946
2835,54.0,1,5.996664505579874
2836,49.0,0,-2.879997018283745
2837,48.0,0,-2.3630156566809726
2838,48.0,0,-4.2252419122848375
2839,47.0,0,-4.805138488871491
2840,48.0,0,-1.7118363674777806
2841,52.0,1,0.0600409693826659
2842,49.0,0,1.1149607127601118
2843,52.0,1,-0.25506936865377106
2844,51.0,1,-0.12328378230362715
2845,52.0,1,0.4929011441438323
2846,52.0,1,1.654991010376866
2847,50.0,0,0.6343264770152155
2848,51.0,1,-0.5679098585411028
2849,52.0,1,1.8283718338883752
2850,50.0,0,3.4670845644618913
2851,53.0,1,4.787942880304716
2852,48.0,0,-2.124807273387979
2853,47.0,0,-1.8954282179491797
2854,46.0,0,-4.840961456494511
2855,50.0,0,-0.5982589318823904
2856,48.0,0,-5.750195806758572
2857,52.0,1,2.8388891068468483
2858,50.0,0,-0.5140649227550692
2859,55.0,1,2.5965910199330495
2860,51.0,1,2.5974622953401414
2861,51.0,1,-2.526153646490134
2862,47.0,0,-2.9349015977340986
2863,52.0,1,0.653753318872193
2864,52.0,1,4.119885403108552
2865,50.0,0,-0.09391021509415631
2866,48.0,0,-6.053002670353083
2867,52.0,1,5.477708606218739
2868,51.0,1,-0.30712268297748846
2869,52.0,1,2.988272138303682
2870,52.0,1,1.605060509602458
2871,51.0,1,0.6828249237837115
2872,47.0,0,-3.1843634126468077
2873,52.0,1,1.3906458380084274
2874,51.0,1,0.4605619445935644
2875,48.0,0,-4.562367587400357
2876,57.0,1,8.381756607950607
2877,46.0,0,-8.314195401182015
2878,49.0,0,-1.027737748897455
2879,49.0,0,-1.8094848110140556
2880,53.0,1,0.016188164867564414
2881,47.0,0,-2.388733525493219
2882,51.0,1,-1.9248700218074988
2883,55.0,1,6.170857223976477
2884,52.0,1,2.282611664087402
2885,50.0,0,-0.4304624947251307
2886,52.0,1,1.9169013619505424
2887,52.0,1,-1.8707606700972141
2888,50.0,0,-1.2585843002862118
2889,51.0,1,-0.3238325414924229
2890,53.0,1,2.92773295803396
2891,49.0,0,-1.8822476433326665
2892,51.0,1,-1.3845365501620441
2893,49.0,0,-2.413298449539669
2894,53.0,1,0.9075357495334707
2895,51.0,1,0.07757041512661379
2896,47.0,0,-3.0118736184471153
2897,46.0,0,-9.475117652909487
2898,46.0,0,-9.087106798164339
2899,49.0,0,-1.2193455203926442
2900,52.0,1,2.6254715562231086
2901,50.0,0,-2.8413044442728532
2902,53.0,1,3.824843398312647
2903,50.0,0,-0.08872657063852689
2904,48.0,0,-2.5725930509163533
2905,49.0,0,-3.794936554404846
2906,47.0,0,-5.111210439724966
2907,49.0,0,-3.058400714362226
2908,51.0,1,0.11937424249035143
2909,50.0,0,0.39273574872240574
2910,51.0,1,-3.8491988355908684
2911,51.0,1,-1.1265346549739421
2912,53.0,1,5.971978238701656
2913,50.0,0,1.4270560036220439
2914,52.0,1,2.3230360233339984
2915,50.0,0,-3.0641426253649175
2916,50.0,0,-0.5761721137067886
2917,52.0,1,1.0666365764436807
2918,51.0,1,3.322500788368066
2919,52.0,1,1.5512600527909257
2920,56.0,1,8.895105378138735
2921,51.0,1,-0.6799429254915745
2922,53.0,1,4.791521375171367
2923,51.0,1,-0.47952101716407963
2924,52.0,1,0.10436927795682853
2925,53.0,1,4.063177225334516
2926,46.0,0,-5.258779533434267
2927,50.0,0,0.6810481716747991
2928,51.0,1,4.035304437983166
2929,52.0,1,0.24280680332426427
2930,53.0,1,2.7776479841607142
2931,49.0,0,-0.42412845048954834
2932,47.0,0,-4.505102160049517
2933,47.0,0,-6.416358616391389
2934,53.0,1,1.6195609852699588
2935,49.0,0,1.0506989808633422
2936,49.0,0,-0.11646314173303794
2937,49.0,0,-2.0666695174254834
2938,52.0,1,3.001860185717445
2939,53.0,1,1.930069570961956
2940,53.0,1,4.460263262323065
2941,51.0,1,1.2907727110434692
2942,48.0,0,-4.781049597821676
2943,57.0,1,8.402232766954903
2944,55.0,1,3.4176170431551802
2945,57.0,1,10.2155938543855
2946,50.0,0,-0.7036878468056675
2947,49.0,0,0.690196709807014
2948,51.0,1,2.8548206342596076
2949,49.0,0,-1.8431871981506665
2950,47.0,0,-7.423143087267255
2951,52.0,1,2.0091468021217813
2952,49.0,0,-4.8281452528147195
2953,52.0,1,0.8652549366721625
2954,50.0,0,0.6986349289506457
2955,49.0,0,-5.1856000052209845
2956,47.0,0,-7.2417736739554215
2957,48.0,0,-2.7498065966540715
2958,51.0,1,0.6481082678194238
2959,49.0,0,-1.5955297330483746
2960,50.0,0,1.594764459887189
2961,52.0,1,2.7216179805310348
2962,51.0,1,2.2041161085888548
2963,48.0,0,-4.466507821611422
2964,52.0,1,3.0998693613490027
2965,48.0,0,-1.4258642548647207
2966,50.0,0,2.2370075381296077
2967,53.0,1,-0.7806029101604495
2968,52.0,1,1.208959979991874
2969,53.0,1,7.092999372789302
2970,47.0,0,-5.52297329741512
2971,50.0,0,1.5322674826133855
2972,49.0,0,1.0880400535712744
2973,49.0,0,-4.034507836907317
2974,45.0,0,-8.76377382049942
2975,52.0,1,3.940243505200716
2976,54.0,1,5.0394278035106455
2977,49.0,0,-1.335242885665649
2978,53.0,1,2.3942499787556786
2979,50.0,0,-0.02909289484549928
2980,47.0,0,-5.332131664060376
2981,52.0,1,0.6043708290642962
2982,49.0,0,-1.686933242153799
2983,50.0,0,-1.8735312442519574
2984,48.0,0,-4.640473746012035
2985,45.0,0,-9.975294199827793
2986,51.0,1,2.300925121700464
2987,52.0,1,2.4537649675125
2988,50.0,0,0.5465378737939706
2989,48.0,0,-4.8127677992170135
2990,54.0,1,3.266249884495713
2991,51.0,1,-0.08972233334546205
2992,49.0,0,0.1607301349202252
2993,46.0,0,-4.901444993189369
2994,48.0,0,-1.429195682074777
2995,48.0,0,-4.656678201931853
2996,54.0,1,6.80215203670193
2997,50.0,0,-3.5334449047415206
2998,46.0,0,-5.93758059144956
2999,48.0,0,-2.1824336551483094
3000,50.0,0,-1.7957803093612783
3001,49.0,0,0.8261325578581118
3002,49.0,0,-4.38301628639257
3003,50.0,0,0.6948728679072516
3004,52.0,1,0.991194692726603
3005,52.0,1,-0.13161996298485043
3006,51.0,1,-2.2004885450144744
3007,49.0,0,0.41759665825334163
3008,48.0,0,-1.4210970495867432
3009,47.0,0,-5.586144956345596
3010,53.0,1,3.0806689700504104
3011,50.0,0,-1.7537790815582774
3012,54.0,1,0.8311036354096776
3013,52.0,1,0.6187925485898796
3014,51.0,1,1.3900251990355617
3015,52.0,1,0.22464339765724659
3016,50.0,0,-2.0196786064833625
3017,50.0,0,-0.6274400686003119
3018,49.0,0,-2.3264043356399933
3019,52.0,1,0.9832831487307521
3020,47.0,0,-3.2872133236129883
3021,50.0,0,-2.6912371762780984
3022,45.0,0,-9.270393806488281
3023,50.0,0,-0.287854860134062
3024,51.0,1,1.5291429090561326
3025,48.0,0,-1.51709446467571
3026,49.0,0,-0.5607782813591075
3027,47.0,0,-3.937592874487862
3028,49.0,0,-3.9240479052967223
3029,47.0,0,-9.506932233442615
3030,54.0,1,6.150400514062398
3031,52.0,1,3.031690902003976
3032,52.0,1,0.36864728599759444
3033,51.0,1,-3.349742608273134
3034,50.0,0,2.3323689115179778
3035,49.0,0,-2.0613193914116676
3036,50.0,0,1.2482152606285035
3037,56.0,1,6.139121629481767
3038,52.0,1,2.9937035970190777
3039,50.0,0,-2.086540263095999
3040,56.0,1,8.894135819206484
3041,55.0,1,7.618205385565328
3042,51.0,1,2.5688668212483714
3043,53.0,1,2.568198833904426
3044,54.0,1,4.537474532862318
3045,49.0,0,-1.9876576148393978
3046,49.0,0,-1.6629887861436061
3047,51.0,1,0.23313900247845934
3048,50.0,0,0.5357195980699011
3049,51.0,1,0.11007634631399486
3050,50.0,0,-0.8855338800554317
3051,48.0,0,-1.1246180701067845
3052,49.0,0,-2.8066324412242447
3053,52.0,1,3.6803389954722436
3054,50.0,0,-0.768027808181653
3055,54.0,1,3.180176739026776
3056,49.0,0,-3.6936578411393395
3057,52.0,1,0.3726150892831175
3058,48.0,0,-3.052955471608548
3059,50.0,0,-0.015686278781165876
3060,48.0,0,-3.966127042513261
3061,54.0,1,6.026922349843623
3062,53.0,1,4.016492670195988
3063,48.0,0,-4.345943023259568
3064,50.0,0,2.6221992859717322
3065,54.0,1,4.31587448816847
3066,47.0,0,-3.836500346407906
3067,51.0,1,1.8836216428475359
3068,54.0,1,4.417920679001579
3069,49.0,0,-2.423095456298623
3070,48.0,0,-2.737835510010377
3071,50.0,0,-2.3102525891319408
3072,47.0,0,-4.606149649383653
3073,54.0,1,4.138990377207965
3074,54.0,1,1.7685657446327523
3075,49.0,0,-0.7081340013746857
3076,45.0,0,-5.974949807628179
3077,49.0,0,-1.7058468109181075
3078,52.0,1,1.3120297876386837
3079,51.0,1,1.3752790413741869
3080,52.0,1,1.832734530027761
3081,48.0,0,-3.49985771353478
3082,53.0,1,7.5995991730591
3083,51.0,1,0.19530473138510332
3084,48.0,0,-3.6482838381542617
3085,50.0,0,-2.2981233759006643
3086,48.0,0,-1.959501836709984
3087,49.0,0,-5.129402931087809
3088,50.0,0,1.3707721334912693
3089,53.0,1,3.782778998834633
3090,50.0,0,-0.8719723024039131
3091,47.0,0,-1.2836332151412713
3092,49.0,0,-0.8471393941772057
3093,55.0,1,4.118640761620134
3094,53.0,1,2.5267013659294695
3095,52.0,1,0.501909921703234
3096,49.0,0,-3.106517256710839
3097,51.0,1,-0.5844913651072856
3098,52.0,1,1.7220509769937977
3099,49.0,0,-4.893334676145402
3100,53.0,1,6.378395379885759
3101,48.0,0,-2.5335074727066718
3102,50.0,0,-1.0169879136789637
3103,53.0,1,1.9610558521372343
3104,47.0,0,-5.337513730237703
3105,50.0,0,-3.372073006943464
3106,50.0,0,-1.6457887730086806
3107,54.0,1,5.205167197387296
3108,50.0,0,-1.031540027813196
3109,54.0,1,6.013043360981984
3110,51.0,1,-1.0830589086820754
3111,49.0,0,-3.16942431066271
3112,50.0,0,-0.2475181202534705
3113,50.0,0,-1.3885363351551299
3114,48.0,0,-0.798517255320937
3115,51.0,1,-2.0633231269732484
3116,48.0,0,-4.262769210839889
3117,50.0,0,2.640006103022131
3118,50.0,0,0.3470403035146567
3119,51.0,1,0.390399887379249
3120,50.0,0,-0.3973111228825803
3121,48.0,0,-2.4465713608479835
3122,45.0,0,-4.524465301570123
3123,48.0,0,-3.9567447448472164
3124,55.0,1,6.077288463447813
3125,54.0,1,4.900597641840858
3126,51.0,1,1.3430619182671328
3127,52.0,1,0.14141468978377406
3128,50.0,0,-0.204169157452408
3129,52.0,1,2.6816879948750474
3130,51.0,1,-0.029210575603231988
3131,53.0,1,3.2483987596460255
3132,46.0,0,-4.237677738631246
3133,51.0,1,0.17117605846360934
3134,49.0,0,-1.6036647037418845
3135,52.0,1,0.9295296971514542
3136,52.0,1,2.4919727733803962
3137,51.0,1,1.5705082847738092
3138,53.0,1,4.7014721158132025
3139,49.0,0,-3.3535576380093475
3140,51.0,1,1.3198793765667152
3141,54.0,1,7.744662232250448
3142,53.0,1,5.7809003025465024
3143,55.0,1,5.626277266839917
3144,52.0,1,1.344144269334448
3145,51.0,1,0.07107616389172436
3146,52.0,1,5.740519564648414
3147,47.0,0,-4.42482870698066
3148,52.0,1,1.331197839294196
3149,50.0,0,-2.0951845427849367
3150,51.0,1,-0.8515433544688038
3151,44.0,0,-7.536909242182079
3152,48.0,0,-3.7247618771882265
3153,53.0,1,4.874805780806172
3154,53.0,1,1.519327835255327
3155,51.0,1,0.4870353204434941
3156,50.0,0,-0.4830782173376555
3157,49.0,0,-0.3660846069955093
3158,50.0,0,2.8497290146464773
3159,49.0,0,-2.4787775630670734
3160,53.0,1,5.81305744947494
3161,54.0,1,4.628857998605804
3162,52.0,1,2.4039141123693013
3163,52.0,1,-1.520823241830186
3164,48.0,0,0.0313600426607877
3165,48.0,0,-5.813957260715921
3166,50.0,0,3.7608357081837758
3167,51.0,1,-2.2754302097747754
3168,53.0,1,5.202726014213791
3169,44.0,0,-10.059589573019364
3170,48.0,0,-4.302163257543395
3171,51.0,1,1.950227397314132
3172,47.0,0,-0.5273727495539422
3173,50.0,0,0.6107377353159364
3174,53.0,1,2.7993063966878533
3175,49.0,0,-0.13114119127672608
3176,53.0,1,1.8307347088403816
3177,48.0,0,-0.40044375363009704
3178,51.0,1,1.7464871243200921
3179,49.0,0,-1.3305893257470043
3180,56.0,1,7.186503782533428
3181,54.0,1,3.3641281485848014
3182,51.0,1,0.10910199569538213
3183,47.0,0,-5.155397600826714
3184,49.0,0,-2.4069815674380983
3185,52.0,1,0.46725160442428504
3186,52.0,1,2.4246763391399804
3187,53.0,1,5.634414895393888
3188,49.0,0,-0.4246160689120635
3189,52.0,1,2.6698161957549247
3190,49.0,0,0.750974755368826
3191,52.0,1,1.7145118130796935
3192,49.0,0,-1.6400702917320573
3193,56.0,1,5.903605727106995
3194,56.0,1,2.385833933339255
3195,52.0,1,2.6911537327668795
3196,54.0,1,6.825758287968613
3197,53.0,1,0.31585351189488653
3198,51.0,1,1.4357116736180675
3199,49.0,0,-2.6298573185481144
3200,53.0,1,3.457202558112946
3201,55.0,1,5.242221537911699
3202,51.0,1,2.4443229374045052
3203,56.0,1,7.46234287197042
3204,49.0,0,-0.1672677922834981
3205,49.0,0,1.3749868911870822
3206,51.0,1,1.480831832649911
3207,51.0,1,3.2778558278862073
3208,50.0,0,-0.45056078591025944
3209,54.0,1,6.388644722401837
3210,55.0,1,6.412543972158177
3211,49.0,0,-0.5997405898484248
3212,52.0,1,3.995510840620025
3213,45.0,0,-7.278389074204253
3214,51.0,1,0.46253965504164346
3215,48.0,0,-6.199302421678614
3216,52.0,1,2.233584767182166
3217,47.0,0,-4.5576825064763655
3218,50.0,0,-1.1260819971513054
3219,48.0,0,1.0240108090129338
3220,53.0,1,2.8616505142502007
3221,46.0,0,-6.411796479670697
3222,51.0,1,2.083935911367965
3223,53.0,1,1.4388465205383925
3224,47.0,0,-3.0004672066444713
3225,52.0,1,3.3239632051204784
3226,51.0,1,1.7579058488998467
3227,48.0,0,0.15379218762847968
3228,52.0,1,-0.06724340482308429
3229,50.0,0,-4.360118977067338
3230,50.0,0,-0.4979324342197303
3231,48.0,0,-5.065066584270645
3232,47.0,0,-3.8088771104769443
3233,51.0,1,1.300493935032825
3234,49.0,0,-1.423219309724317
3235,47.0,0,-3.7346867489327273
3236,51.0,1,-3.1052881429801062
3237,53.0,1,3.4000938655555246
3238,52.0,1,2.2538180199866864
3239,50.0,0,-1.1515554173094216
3240,48.0,0,-5.567101773960137
3241,50.0,0,-1.0445520827704338
3242,50.0,0,0.816257149442707
3243,46.0,0,-7.628866025517893
3244,52.0,1,0.6383265882539444
3245,50.0,0,0.8897635066743749
3246,52.0,1,1.9878223373683042
3247,51.0,1,0.2793477872246045
3248,51.0,1,2.5413627371467267
3249,52.0,1,1.670443061334199
3250,51.0,1,0.26104780217081613
3251,50.0,0,-2.829118197211095
3252,51.0,1,1.9711089995597642
3253,51.0,1,0.16087252988154047
3254,55.0,1,5.2729625583599375
3255,52.0,1,2.8121558309676034
3256,50.0,0,-0.6876345718098354
3257,49.0,0,-3.7448917742769767
3258,54.0,1,5.232696972958698
3259,50.0,0,0.3619285210791212
3260,49.0,0,0.09482751575350121
3261,52.0,1,1.7209507636616657
3262,47.0,0,-0.8556249414396846
3263,53.0,1,-1.210584338600761
3264,48.0,0,0.3835975696256944
3265,46.0,0,-4.212513772593759
3266,51.0,1,-1.1466068872257948
3267,49.0,0,0.36784619114185696
3268,51.0,1,0.21086445640648227
3269,49.0,0,-0.18144978422766025
3270,48.0,0,-1.9174062843015345
3271,51.0,1,-1.8909515574924707
3272,55.0,1,4.065998758028926
3273,51.0,1,-0.913237844020392
3274,56.0,1,4.162827456229762
3275,50.0,0,0.14983745823420155
3276,54.0,1,4.443027359864418
3277,52.0,1,2.4334246780490894
3278,50.0,0,-3.780335530110021
3279,50.0,0,-0.941830431895533
3280,51.0,1,-1.5497221547516393
3281,51.0,1,2.01043587895335
3282,53.0,1,2.3859263313316634
3283,52.0,1,-1.2652831225502932
3284,50.0,0,-0.7665682891526486
3285,51.0,1,1.7473002276520553
3286,50.0,0,0.29896023648556913
3287,52.0,1,0.7482606326353954
3288,51.0,1,1.6565855310454105
3289,48.0,0,-5.072018786517009
3290,53.0,1,-0.2343318308518085
3291,51.0,1,0.29038143266978594
3292,50.0,0,-2.3595745327670268
3293,54.0,1,2.6838633927733593
3294,51.0,1,2.3478478398757137
3295,52.0,1,5.075576787724504
3296,48.0,0,-3.121046845161387
3297,51.0,1,0.8425085229710603
3298,50.0,0,-2.142397298048795
3299,49.0,0,-0.9615939745929245
3300,51.0,1,-1.6032240253294903
3301,49.0,0,0.3310515818699864
3302,53.0,1,3.4154810309264887
3303,56.0,1,8.205609236341411
3304,54.0,1,3.7396125777658145
3305,53.0,1,2.944440785468636
3306,53.0,1,5.490211590994206
3307,48.0,0,-3.024469208984099
3308,48.0,0,-2.8742088310902294
3309,50.0,0,2.430653235141487
3310,53.0,1,-1.7257114149197554
3311,53.0,1,2.767302800578884
3312,54.0,1,2.5458306383409557
3313,54.0,1,5.106160838386209
3314,52.0,1,1.1141983153174
3315,52.0,1,-0.5505807642456383
3316,46.0,0,-9.212349465132961
3317,50.0,0,0.8619413450728457
3318,51.0,1,-0.40662451866265104
3319,50.0,0,-2.3914258767213226
3320,46.0,0,-6.050287347659441
3321,56.0,1,4.365482852235456
3322,50.0,0,-2.082576109391025
3323,51.0,1,0.594703322882688
3324,55.0,1,5.6097585310196205
3325,51.0,1,-1.076130066192768
3326,50.0,0,-1.8331676158825538
3327,50.0,0,-0.14312317063954288
3328,49.0,0,-0.62816137767328
3329,48.0,0,-4.511177213770801
3330,52.0,1,4.500382409531033
3331,51.0,1,2.0965400068978957
3332,53.0,1,2.4077883057136273
3333,52.0,1,-0.29340994062682907
3334,50.0,0,-1.5926794905096975
3335,49.0,0,-6.958666861531664
3336,53.0,1,4.697233610577193
3337,54.0,1,5.96496838372816
3338,52.0,1,0.5030350450004343
3339,49.0,0,-3.4969507694635715
3340,48.0,0,0.4844577886862723
3341,53.0,1,3.0402115243932535
3342,49.0,0,-3.830134054452963
3343,46.0,0,-6.146396950285547
3344,49.0,0,-2.416089842188817
3345,54.0,1,4.719641332833781
3346,49.0,0,-0.864396756091167
3347,54.0,1,6.871576568179841
3348,52.0,1,1.0097895913965311
3349,50.0,0,-2.247021801583911
3350,50.0,0,0.7307812169095925
3351,50.0,0,-1.3846980460442977
3352,50.0,0,-5.528147998868148
3353,51.0,1,-1.9229648216477577
3354,50.0,0,-3.3039764582380653
3355,48.0,0,-1.4413397862283102
3356,48.0,0,-5.259286262463093
3357,50.0,0,0.07483062094385319
3358,55.0,1,5.2882095802517
3359,54.0,1,2.2760262048769824
3360,49.0,0,-0.9404429708702555
3361,52.0,1,-0.04153382657124352
3362,52.0,1,-0.20276142478349274
3363,49.0,0,-1.9401915957321982
3364,51.0,1,-0.6696259421353036
3365,48.0,0,-3.4960761298895155
3366,53.0,1,2.812730463413672
3367,52.0,1,1.980562278855058
3368,51.0,1,-1.0879567045481044
3369,47.0,0,-3.482050567251605
3370,51.0,1,-0.37798398255126525
3371,52.0,1,2.3055196599453778
3372,52.0,1,0.35943635681034836
3373,50.0,0,0.2298888472814333
3374,55.0,1,5.43624534346688
3375,55.0,1,5.696877900591387
3376,52.0,1,3.1296094786794697
3377,52.0,1,-2.2888633645883982
3378,53.0,1,4.8106971253003765
3379,50.0,0,0.06262718290072376
3380,46.0,0,-6.606352058120948
3381,52.0,1,-1.4782340112332144
3382,51.0,1,-0.3683374438269414
3383,56.0,1,7.841984683563593
3384,54.0,1,4.156542965326006
3385,47.0,0,-6.960366896549773
3386,49.0,0,-1.8287114012920815
3387,51.0,1,0.8138829263612242
3388,51.0,1,-2.146356498774112
3389,51.0,1,-1.830917587329406
3390,49.0,0,-1.4052404090364519
3391,54.0,1,3.6381831017005735
3392,48.0,0,-3.237899516183602
3393,48.0,0,-3.7066070175155788
3394,50.0,0,-2.381954352435112
3395,52.0,1,-0.037971774769900435
3396,50.0,0,-1.6019309857994088
3397,52.0,1,2.470874475043871
3398,48.0,0,-4.072550109953526
3399,54.0,1,7.082324416791351
3400,52.0,1,3.496962110459451
3401,48.0,0,-7.977921229104333
3402,49.0,0,-1.413332108010155
3403,48.0,0,-0.9469785043995121
3404,52.0,1,1.9513814528231836
3405,52.0,1,1.2130083279175554
3406,53.0,1,1.4635434703634713
3407,52.0,1,1.8370331403571338
3408,52.0,1,1.315467325117698
3409,49.0,0,2.2866425266093575
3410,49.0,0,0.7507585479277195
3411,49.0,0,-1.8799027501812207
3412,50.0,0,-0.03035667008562659
3413,50.0,0,-2.8966549807740947
3414,57.0,1,9.635627834431224
3415,52.0,1,0.4116430430213198
3416,47.0,0,-5.469521333853982
3417,51.0,1,3.1008527590312953
3418,47.0,0,-6.264153900642629
3419,49.0,0,-0.5718047441799334
3420,52.0,1,1.7315450533275698
3421,51.0,1,0.5130431871949914
3422,53.0,1,3.375585945548608
3423,54.0,1,4.547007454130799
3424,50.0,0,0.46141716491435897
3425,52.0,1,1.7837646448477402
3426,49.0,0,-1.7919650859099425
3427,47.0,0,-6.3853209480860045
3428,47.0,0,-6.097998081184554
3429,49.0,0,-1.2893752382736798
3430,48.0,0,-4.291281828154611
3431,44.0,0,-11.81301757659075
3432,49.0,0,-2.8750954514920597
3433,50.0,0,1.5974710390973565
3434,50.0,0,-1.1640780206001573
3435,51.0,1,-0.8502432297332703
3436,50.0,0,-2.200450850248925
3437,50.0,0,-3.505889153067516
3438,51.0,1,0.8034610804540554
3439,50.0,0,-0.8278578847930059
3440,54.0,1,4.480033744710501
3441,50.0,0,-0.793037485603671
3442,51.0,1,1.3996520091062408
3443,52.0,1,0.19740523852980071
3444,49.0,0,-0.6149995848852186
3445,54.0,1,-0.250893587320308
3446,50.0,0,-4.1768801555154145
3447,50.0,0,-0.813802526423923
3448,49.0,0,-0.9291605667734886
3449,52.0,1,1.0028292710378082
3450,52.0,1,2.2650864764771774
3451,52.0,1,-0.4341063516941753
3452,56.0,1,6.313520640514887
3453,52.0,1,2.129704782669017
3454,47.0,0,-3.8276760523318765
3455,49.0,0,-3.499735351524058
3456,52.0,1,2.3120532140555294
3457,53.0,1,6.091271360914927
3458,51.0,1,1.0959180185888002
3459,45.0,0,-9.232642578508973
3460,51.0,1,0.7140201524643967
3461,55.0,1,7.674602666769397
3462,47.0,0,-3.8392129257857337
3463,52.0,1,1.353582376825553
3464,51.0,1,2.5217161672078174
3465,49.0,0,-3.5137250374745954
3466,46.0,0,-6.537801131077573
3467,52.0,1,3.3303958126629
3468,53.0,1,5.983193515580874
3469,51.0,1,-0.12579740635354938
3470,51.0,1,-1.1811133635136817
3471,57.0,1,9.760627172031016
3472,52.0,1,3.1082931185214195
3473,54.0,1,5.879505252265074
3474,51.0,1,-0.16476677439482607
3475,50.0,0,-0.215755151426745
3476,48.0,0,-3.432836962614435
3477,49.0,0,-2.0965437949450507
3478,48.0,0,-5.749183230751191
3479,50.0,0,-2.2511719431354504
3480,53.0,1,5.138714915203806
3481,53.0,1,4.446408990189487
3482,49.0,0,-2.1893049643226936
3483,51.0,1,-1.797221309454385
3484,44.0,0,-2.5481261857211748
3485,49.0,0,-4.570067007015011
3486,51.0,1,0.25884149666319045
3487,52.0,1,1.6940421265088694
3488,50.0,0,-3.01868240990184
3489,54.0,1,6.2356065423089175
3490,49.0,0,-1.8297798266801473
3491,53.0,1,1.3897141672634246
3492,50.0,0,-3.117709497329153
3493,53.0,1,3.981790831368814
3494,46.0,0,-4.8785389477021575
3495,50.0,0,0.4836281411509467
3496,48.0,0,-4.668612837198344
3497,49.0,0,-1.0711733523066234
3498,46.0,0,-1.1644145135061637
3499,49.0,0,-6.699307640315487
3500,48.0,0,-5.514850830596801
3501,49.0,0,0.2055879758780569
3502,48.0,0,-3.553685570599521
3503,53.0,1,0.999467552582411
3504,51.0,1,1.4474894481112717
3505,50.0,0,-2.2064452866311215
3506,47.0,0,-0.11174903585342888
3507,50.0,0,-4.519624584245319
3508,54.0,1,1.0512702851706544
3509,48.0,0,-3.5312179294875414
3510,53.0,1,2.1085336189156108
3511,55.0,1,4.226977799809995
3512,52.0,1,-0.41517912895930464
3513,47.0,0,-2.8959808055965426
3514,50.0,0,1.4737900651371314
3515,51.0,1,0.6345088503488346
3516,53.0,1,0.9777911659831294
3517,51.0,1,1.3920085903813566
3518,49.0,0,-0.20578873004243597
3519,53.0,1,-0.6940745483871683
3520,52.0,1,2.464400904032591
3521,54.0,1,5.430424530704809
3522,52.0,1,0.9992865246376726
3523,50.0,0,2.0332636651415417
3524,51.0,1,1.1516334747846493
3525,53.0,1,3.7865733463310467
3526,55.0,1,3.683496227479874
3527,47.0,0,-3.1059720543022693
3528,51.0,1,-3.6621515535608347
3529,49.0,0,0.01978893266264401
3530,50.0,0,1.596760008287544
3531,48.0,0,-2.5325793532267213
3532,49.0,0,-2.053693689008162
3533,54.0,1,4.370052474626351
3534,49.0,0,-1.102187092021779
3535,50.0,0,1.2167118103344219
3536,50.0,0,-3.3590046761069736
3537,47.0,0,-5.697076471868563
3538,54.0,1,5.868366795890248
3539,46.0,0,-5.594225620850904
3540,49.0,0,-2.841830463370186
3541,48.0,0,-1.1966195359214784
3542,52.0,1,3.5281083624966145
3543,49.0,0,-0.6499713334646766
3544,50.0,0,-3.445608695266623
3545,50.0,0,-1.830939741273187
3546,51.0,1,0.8559570047499159
3547,50.0,0,-3.339623656925286
3548,49.0,0,-3.1717228888237052
3549,49.0,0,-4.465303399954374
3550,54.0,1,6.33447117698324
3551,47.0,0,-3.1914493491044698
3552,50.0,0,-0.8226636148844009
3553,54.0,1,3.0517347265960275
3554,50.0,0,0.368736076800319
3555,49.0,0,-2.1614048654986964
3556,51.0,1,-1.1713003047523527
3557,49.0,0,-0.6308617467585316
3558,52.0,1,6.526013783377001
3559,50.0,0,1.507441083548491
3560,51.0,1,-2.9426768446232976
3561,55.0,1,6.918414503581333
3562,49.0,0,-0.37929793261880945
3563,50.0,0,-0.3503591041018908
3564,46.0,0,-4.2277874350577065
3565,50.0,0,-2.5371502377132513
3566,48.0,0,-2.3628782212707176
3567,48.0,0,-1.164466839378003
3568,50.0,0,-2.548615275847346
3569,49.0,0,-1.6834679218081634
3570,51.0,1,1.1085625704048654
3571,54.0,1,3.0900301288996
3572,47.0,0,-2.6967100695239488
3573,49.0,0,-0.5670718002978931
3574,52.0,1,3.253654830650751
3575,51.0,1,2.554493867506971
3576,51.0,1,1.638466018988387
3577,50.0,0,-0.36783290013863096
3578,48.0,0,-0.4435895886469375
3579,48.0,0,-3.9249589357561097
3580,50.0,0,-1.8188457645146667
3581,51.0,1,0.5750953305436943
3582,48.0,0,-2.8959962934693175
3583,49.0,0,-3.4964664104074727
3584,50.0,0,-0.6481737992331895
3585,49.0,0,-0.3456512308855571
3586,50.0,0,0.9282074679529833
3587,52.0,1,1.4792498044155538
3588,48.0,0,-4.279849396892875
3589,52.0,1,-1.2319003215451387
3590,50.0,0,-1.032584690675107
3591,54.0,1,4.024304323479789
3592,53.0,1,3.3234318220995087
3593,53.0,1,3.8845327284029927
3594,50.0,0,-1.19018787969592
3595,53.0,1,2.078518680132736
3596,49.0,0,-3.3917293955134955
3597,52.0,1,4.626549056480852
3598,49.0,0,-2.353769180822539
3599,52.0,1,0.5693139235567966
3600,55.0,1,3.5646766561647008
3601,51.0,1,2.37621068924563
3602,48.0,0,-2.7794845004781163
3603,53.0,1,4.972716586400019
3604,50.0,0,-2.166372074326003
3605,52.0,1,1.3826926083749813
3606,54.0,1,3.8222287082964215
3607,52.0,1,5.783889799177711
3608,51.0,1,-2.952376121547093
3609,54.0,1,3.2051984092664383
3610,52.0,1,3.760390798738458
3611,53.0,1,5.2633369617794585
3612,49.0,0,-2.1322107975906324
3613,49.0,0,-2.2843803430519776
3614,50.0,0,0.7552755230192975
3615,51.0,1,0.23425419622515128
3616,50.0,0,-3.272572497555395
3617,50.0,0,0.5854996904655496
3618,47.0,0,-4.220573081467923
3619,56.0,1,9.544742961155091
3620,51.0,1,1.9146141316250938
3621,51.0,1,6.020376139718853
3622,52.0,1,1.640713779460757
3623,54.0,1,5.146265591701661
3624,53.0,1,-0.5570917178285776
3625,50.0,0,-3.998626930879197
3626,53.0,1,5.163250514959588
3627,52.0,1,2.3425140788759156
3628,54.0,1,4.688517594498977
3629,50.0,0,-5.544776675829751
3630,50.0,0,-0.5191566681836551
3631,53.0,1,4.493868451023837
3632,52.0,1,3.3163449129356106
3633,53.0,1,4.030787274165699
3634,53.0,1,1.709155996384877
3635,49.0,0,-3.16080225920138
3636,51.0,1,2.315695426684087
3637,46.0,0,-6.069159812717159
3638,55.0,1,5.289588578294402
3639,48.0,0,-3.247030540805011
3640,48.0,0,-0.6770442780429633
3641,51.0,1,2.9213465002796704
3642,54.0,1,3.9251594457277026
3643,55.0,1,3.448469882478602
3644,50.0,0,-3.3520479107106933
3645,51.0,1,0.2494570373610496
3646,51.0,1,-0.6353246109481354
3647,49.0,0,-2.2491363418105585
3648,56.0,1,7.6856312505362965
3649,50.0,0,1.6220782717114046
3650,54.0,1,4.0937869300127865
3651,52.0,1,-0.08564421292601923
3652,54.0,1,4.419642128517295
3653,51.0,1,-2.802196858814727
3654,50.0,0,-2.0033126135336765
3655,50.0,0,0.6047968182557362
3656,49.0,0,-1.2327786423277627
3657,52.0,1,-0.7325034339582617
3658,54.0,1,0.7580726821104019
3659,54.0,1,-0.07418591866438574
3660,49.0,0,-1.715086901649151
3661,50.0,0,-3.7566747084819476
3662,52.0,1,1.539643159724392
3663,49.0,0,-3.910430168842111
3664,52.0,1,3.3088127248429458
3665,52.0,1,0.26580137891071715
3666,52.0,1,-1.005729606114369
3667,48.0,0,-4.425740322934362
3668,53.0,1,2.8894017628910453
3669,54.0,1,2.0130800885862015
3670,49.0,0,-3.8053974688242316
3671,49.0,0,-2.8674833520592524
3672,53.0,1,-1.4402236158865447
3673,48.0,0,-1.7324890966518445
3674,49.0,0,-3.5770431956426196
3675,57.0,1,7.588099726958132
3676,50.0,0,0.15534550154597926
3677,48.0,0,-3.0582687348170823
3678,47.0,0,-4.658419983103773
3679,45.0,0,-7.004547333112522
3680,50.0,0,0.20468394675675528
3681,55.0,1,6.806397327625895
3682,50.0,0,-2.3842063880587543
3683,49.0,0,-4.828882712872933
3684,44.0,0,-9.561742897659476
3685,54.0,1,4.994760291036521
3686,49.0,0,-4.027878098329235
3687,51.0,1,2.767858418114907
3688,48.0,0,-5.458422486592765
3689,50.0,0,-3.3006549051127774
3690,51.0,1,0.7528146829161222
3691,46.0,0,-6.329151863623388
3692,51.0,1,-0.6269450703998536
3693,53.0,1,2.4356492138179933
3694,51.0,1,1.908282494527357
3695,50.0,0,-1.4676603040437481
3696,55.0,1,3.47826626768726
3697,51.0,1,-1.2814072726516494
3698,47.0,0,-3.6555291203943816
3699,55.0,1,7.61846880772901
3700,50.0,0,-2.207730673292874
3701,51.0,1,3.583820026816609
3702,48.0,0,-1.7033769973461055
3703,53.0,1,3.2435111621272825
3704,51.0,1,-0.4478413606828194
3705,53.0,1,2.012156647856255
3706,51.0,1,0.025859444274991497
3707,52.0,1,5.720202711702436
3708,50.0,0,-0.7388264242927723
3709,48.0,0,-5.830739538516775
3710,49.0,0,-1.235542736327004
3711,49.0,0,-0.3124271948626666
3712,48.0,0,-2.7614144546918724
3713,50.0,0,2.1641765438312515
3714,54.0,1,3.286381565370297
3715,50.0,0,-3.032985036602996
3716,53.0,1,-0.514176546735112
3717,47.0,0,-4.571203041190757
3718,49.0,0,1.4585947707570583
3719,52.0,1,-4.584460835960841
3720,54.0,1,4.775598880571842
3721,47.0,0,-6.617749875933655
3722,53.0,1,4.246635644506787
3723,52.0,1,-0.731810353357504
3724,48.0,0,-4.1367889931581034
3725,52.0,1,2.0096284749942472
3726,49.0,0,-4.627450364999682
3727,50.0,0,-4.648364110118941
3728,49.0,0,-3.683148594381355
3729,50.0,0,-2.040418237259773
3730,47.0,0,-3.2016327912502365
3731,50.0,0,0.062396208057338635
3732,50.0,0,-3.421486632424775
3733,50.0,0,-1.63846471661727
3734,51.0,1,1.8075038312714398
3735,47.0,0,-4.33748663653659
3736,50.0,0,0.8487872785883437
3737,51.0,1,0.7246425330482635
3738,53.0,1,4.714460643411132
3739,52.0,1,-0.5226631733739047
3740,49.0,0,-2.096097245531705
3741,47.0,0,0.7906831939942027
3742,47.0,0,-3.9270665776109386
3743,55.0,1,6.025713618817758
3744,52.0,1,1.0509182239788035
3745,55.0,1,3.361362420175959
3746,53.0,1,1.9642300831290274
3747,52.0,1,1.6978809826028731
3748,53.0,1,2.3207125227984435
3749,54.0,1,4.196823761023045
3750,52.0,1,1.0328571649261058
3751,50.0,0,-1.106862150613849
3752,50.0,0,0.6014934750926719
3753,49.0,0,-2.82195926194838
3754,55.0,1,7.4900787841975465
3755,52.0,1,1.6988745106206564
3756,52.0,1,1.1791626212271016
3757,50.0,0,-3.965806371851452
3758,47.0,0,-6.90001306390265
3759,50.0,0,-0.22790585619491874
3760,51.0,1,-1.0104599741423441
3761,47.0,0,-5.867082652647587
3762,49.0,0,-3.1558262577515324
3763,49.0,0,-3.049273147278888
3764,49.0,0,-1.1016640370675224
3765,54.0,1,4.548946543548643
3766,52.0,1,-0.09111781717245464
3767,51.0,1,1.4669505795603428
3768,50.0,0,0.2203757170150616
3769,49.0,0,-1.8571546394173781
3770,51.0,1,-0.398389390909463
3771,50.0,0,-1.734543866508373
3772,51.0,1,4.345387765344737
3773,50.0,0,-0.258285477479546
3774,48.0,0,-0.14827145994329227
3775,55.0,1,5.686539485296294
3776,51.0,1,1.9797302148020646
3777,53.0,1,5.428084236495513
3778,52.0,1,1.0224817460538227
3779,50.0,0,-0.9789783227956997
3780,49.0,0,0.19839006410175108
3781,50.0,0,1.1399144693678889
3782,55.0,1,3.0837251333857596
3783,53.0,1,7.630310590423119
3784,49.0,0,-1.2390703565765713
3785,52.0,1,-1.034658905518675
3786,52.0,1,3.2153536866367567
3787,51.0,1,1.4764940531167787
3788,52.0,1,1.504148598104227
3789,53.0,1,1.9623077078434303
3790,52.0,1,0.3811383383825266
3791,49.0,0,-2.4139390867510078
3792,51.0,1,1.379498560265417
3793,51.0,1,-3.567583731874807
3794,51.0,1,1.7934595673405611
3795,49.0,0,-1.4144500284029728
3796,54.0,1,6.534316568456148
3797,53.0,1,1.8634517139809947
3798,51.0,1,-2.420034809076144
3799,57.0,1,9.433624203966744
3800,53.0,1,5.3072149587450035
3801,51.0,1,1.742815216825943
3802,54.0,1,5.290993810175222
3803,54.0,1,5.468072546544553
3804,51.0,1,-0.20080850988873722
3805,51.0,1,0.16130439700909086
3806,52.0,1,3.6405026909142704
3807,52.0,1,1.6417560515191392
3808,48.0,0,-1.8769164737892063
3809,54.0,1,4.658673958797468
3810,51.0,1,-3.118138472417119
3811,48.0,0,0.2720258312021063
3812,56.0,1,9.71390855026737
3813,47.0,0,-4.706053665525973
3814,52.0,1,0.6278937454202673
3815,55.0,1,3.054276312535799
3816,48.0,0,-2.218342649251105
3817,47.0,0,-7.061448550692284
3818,51.0,1,0.8441593874166864
3819,53.0,1,2.9460303462399584
3820,50.0,0,0.6382353591040895
3821,51.0,1,-2.8003717183018444
3822,49.0,0,-1.0824137413445187
3823,50.0,0,0.47577344731462606
3824,53.0,1,6.121426437702847
3825,51.0,1,3.6323283341121027
3826,47.0,0,-6.970923264182188
3827,51.0,1,-0.7627725500080118
3828,52.0,1,4.41300227546561
3829,50.0,0,1.027832678915892
3830,45.0,0,-6.742180630486262
3831,51.0,1,2.1198886047841174
3832,51.0,1,1.3587562125008397
3833,49.0,0,-1.3188923316763184
3834,50.0,0,1.5657047212020854
3835,51.0,1,2.485890515735647
3836,49.0,0,-0.9017530918147457
3837,52.0,1,1.3200314459607925
3838,50.0,0,-1.0120514381165422
3839,51.0,1,0.6676288911758774
3840,51.0,1,0.9954824057710672
3841,53.0,1,5.543648270542529
3842,50.0,0,-0.07108647132169196
3843,46.0,0,-5.84332762437392
3844,47.0,0,-6.625997888312203
3845,47.0,0,-3.5317192724656237
3846,52.0,1,0.20635318971617037
3847,49.0,0,-5.475602706247642
3848,52.0,1,1.2607062871118655
3849,53.0,1,3.379581542554639
3850,52.0,1,1.718967204566648
3851,50.0,0,-1.189688679523488
3852,51.0,1,0.16451847346496254
3853,49.0,0,0.9558309019068381
3854,49.0,0,-1.239275221268051
3855,56.0,1,8.444888631667911
3856,45.0,0,-5.150113282962789
3857,56.0,1,5.0103143140281166
3858,55.0,1,5.130663943982722
3859,48.0,0,-0.38192528868802106
3860,51.0,1,1.402347809860511
3861,51.0,1,0.9961601640747297
3862,47.0,0,-3.8644564202615177
3863,48.0,0,-1.9679482831082074
3864,54.0,1,2.611280475018908
3865,50.0,0,-0.4241430549543799
3866,49.0,0,-4.229890008445836
3867,54.0,1,4.149663649823532
3868,49.0,0,0.16503491575450835
3869,50.0,0,-2.732207603808932
3870,52.0,1,0.1326438183321174
3871,46.0,0,-4.277308163047283
3872,51.0,1,-0.1609684962411582
3873,47.0,0,-7.604776715502517
3874,45.0,0,-7.403725413517591
3875,51.0,1,1.2799892298919537
3876,49.0,0,-1.3651248472473454
3877,48.0,0,-0.724537105466794
3878,49.0,0,-2.4331039941755366
3879,52.0,1,-0.7056133303049765
3880,49.0,0,0.5985616262950293
3881,51.0,1,0.6126287646455862
3882,51.0,1,2.533881619758387
3883,49.0,0,-1.6418063821554545
3884,52.0,1,3.7191004830630123
3885,53.0,1,4.1232713376649475
3886,55.0,1,4.606483859623795
3887,54.0,1,3.2623122234791926
3888,50.0,0,-1.5512802325198705
3889,49.0,0,-1.1753426676719811
3890,51.0,1,0.6140964908199869
3891,45.0,0,-6.277042300857378
3892,52.0,1,4.26102414277276
3893,49.0,0,-3.9958957132409645
3894,48.0,0,-9.301515057991562
3895,52.0,1,0.5073580928024491
3896,53.0,1,-0.4912995216913635
3897,47.0,0,-6.588590364353262
3898,54.0,1,2.6313240907907884
3899,47.0,0,-4.5620462353133595
3900,51.0,1,2.1223212065823893
3901,51.0,1,-2.629953223017739
3902,54.0,1,6.062753786131594
3903,51.0,1,2.9542302855446603
3904,48.0,0,-5.309809775634449
3905,53.0,1,3.6660943551897347
3906,49.0,0,-1.549809886511743
3907,52.0,1,2.3841539336141513
3908,50.0,0,0.20315227002652558
3909,47.0,0,-3.1487883908987677
3910,50.0,0,-2.4600951730687965
3911,49.0,0,-3.5633499660704993
3912,50.0,0,-4.057689624194661
3913,50.0,0,-0.14780934203596324
3914,50.0,0,-4.068626692807528
3915,54.0,1,4.05627788513906
3916,56.0,1,7.541280462285158
3917,54.0,1,4.843723249246477
3918,49.0,0,1.4635081527293419
3919,52.0,1,2.785092578662248
3920,50.0,0,-3.2088862309399
3921,53.0,1,2.3512778864529222
3922,49.0,0,-3.9951200990507854
3923,48.0,0,-0.2890326346208845
3924,48.0,0,-6.165322990301777
3925,52.0,1,3.126758770323713
3926,52.0,1,3.036487660384528
3927,48.0,0,-1.9251464373694096
3928,55.0,1,4.056041993876952
3929,49.0,0,-2.708687383240303
3930,51.0,1,-0.14913199404304164
3931,48.0,0,-2.245896421589794
3932,52.0,1,-0.6160130346865695
3933,51.0,1,1.9992982465515698
3934,52.0,1,4.677489339367689
3935,51.0,1,-2.053551780974166
3936,51.0,1,-0.8711271070651031
3937,51.0,1,0.1613724672026485
3938,54.0,1,2.467954027847098
3939,49.0,0,-1.7568921964054929
3940,53.0,1,1.5488457413337235
3941,50.0,0,-0.8619162354202279
3942,44.0,0,-10.561030384249761
3943,48.0,0,-3.1624826389494123
3944,51.0,1,-2.7353047099046153
3945,50.0,0,0.5716845064558426
3946,51.0,1,1.2713266801413086
3947,52.0,1,0.39966933695897033
3948,52.0,1,1.9375681113169696
3949,52.0,1,2.5433817055124273
3950,50.0,0,1.392174426748267
3951,48.0,0,-3.4788536330778537
3952,49.0,0,-1.0891441712400256
3953,45.0,0,-6.880071436681378
3954,50.0,0,1.7634810303555808
3955,52.0,1,-0.950157606704685
3956,55.0,1,7.537799568685381
3957,49.0,0,-0.331935530842662
3958,49.0,0,-2.7235700543814305
3959,51.0,1,-3.756078002720343
3960,48.0,0,-1.9195096409991517
3961,48.0,0,-4.092304637532635
3962,51.0,1,-1.8302172875093101
3963,50.0,0,-1.3801668556011317
3964,51.0,1,3.068548467711898
3965,54.0,1,4.508361791406289
3966,47.0,0,-1.135921159090983
3967,49.0,0,-1.0031119308772942
3968,53.0,1,-0.1966681229373089
3969,52.0,1,3.3929443777889046
3970,53.0,1,2.6483005299854656
3971,51.0,1,2.8936413522589204
3972,52.0,1,3.3054894943298025
3973,51.0,1,-0.8491513638723289
3974,46.0,0,-6.057503864993801
3975,51.0,1,2.290322155880471
3976,51.0,1,0.19167568359327133
3977,50.0,0,-0.8693007793885791
3978,46.0,0,-5.802731371223175
3979,53.0,1,4.908308028886485
3980,47.0,0,-3.8289296301249895
3981,54.0,1,4.803060027155105
3982,55.0,1,5.0835999907104075
3983,52.0,1,-0.09597602239551889
3984,50.0,0,-1.0355716127267938
3985,49.0,0,0.8041467881862856
3986,54.0,1,7.50593971071896
3987,49.0,0,-2.539246682805334
3988,52.0,1,1.423214974312981
3989,54.0,1,5.80636260564112
3990,53.0,1,-0.6586014662131303
3991,52.0,1,1.8151796982876107
3992,51.0,1,-2.076393323838915
3993,55.0,1,5.980385754719084
3994,53.0,1,3.4177005609040676
3995,52.0,1,0.4254551362250317
3996,50.0,0,-2.6196821193249207
3997,50.0,0,-3.135131965739701
3998,48.0,0,-2.6982149033751877
3999,48.0,0,-2.6458951171911975
4000,49.0,0,-2.816916763718912
4001,50.0,0,0.3423053039525534
4002,47.0,0,-3.2201191516830163
4003,52.0,1,1.220438182949476
4004,49.0,0,-3.255774242402444
4005,50.0,0,-1.8206962767421397
4006,49.0,0,-2.2356020209635625
4007,51.0,1,-0.0922042883145608
4008,50.0,0,-1.5378942291724575
4009,51.0,1,2.632060984764746
4010,52.0,1,1.345370602538191
4011,52.0,1,-1.2367988514263233
4012,50.0,0,-3.0835453078432398
4013,52.0,1,2.508386540379299
4014,49.0,0,-4.690875886983718
4015,53.0,1,3.579570423447047
4016,50.0,0,-4.567546738341106
4017,50.0,0,-1.813362400836153
4018,48.0,0,-4.232852442393978
4019,50.0,0,0.9039134506269794
4020,53.0,1,0.6354231934879425
4021,54.0,1,4.095025155211712
4022,50.0,0,-3.7823174116366154
4023,47.0,0,-6.253623085710797
4024,53.0,1,-0.31308004223244557
4025,48.0,0,-5.265007752640138
4026,49.0,0,-3.3665545778639405
4027,54.0,1,1.8053810025879453
4028,50.0,0,-0.3474300242963508
4029,51.0,1,-0.3887866051183282
4030,52.0,1,0.14689095143482397
4031,51.0,1,0.4538230951885039
4032,49.0,0,-2.2267489632268456
4033,49.0,0,-2.2523076361301593
4034,51.0,1,1.3554628708510208
4035,52.0,1,1.1415585058302233
4036,47.0,0,-5.445990535780203
4037,51.0,1,1.9953323789302078
4038,48.0,0,-2.952495557136546
4039,50.0,0,0.6387672306712912
4040,51.0,1,-0.38783398382423223
4041,52.0,1,2.8561665636347326
4042,48.0,0,-3.6075706105134233
4043,55.0,1,7.364666613646068
4044,47.0,0,-3.4881724776463927
4045,49.0,0,-1.7524364616401125
4046,48.0,0,-6.528595301410728
4047,51.0,1,2.79717401354964
4048,51.0,1,-2.486603473258508
4049,54.0,1,1.9977759583923849
4050,50.0,0,-3.119023394138093
4051,53.0,1,0.4399352102727265
4052,53.0,1,1.1207531063131433
4053,50.0,0,-4.639762571004559
4054,50.0,0,-1.1014074190566283
4055,50.0,0,-1.9201156291076922
4056,49.0,0,-1.4189878283605708
4057,50.0,0,-3.9208276851976156
4058,50.0,0,-0.8879521157863222
4059,49.0,0,-5.102234327385464
4060,47.0,0,-5.500294037046422
4061,53.0,1,5.085303824826806
4062,46.0,0,-5.530210328963036
4063,49.0,0,-4.316883394682427
4064,52.0,1,2.6080296748013785
4065,53.0,1,2.2354304084865855
4066,48.0,0,-1.4941887507210594
4067,49.0,0,-3.7569949630598383
4068,49.0,0,-1.1383359625309808
4069,52.0,1,1.7289628276877902
4070,51.0,1,-0.9274253815651868
4071,55.0,1,7.591203405371938
4072,52.0,1,2.8805083671854814
4073,47.0,0,-5.794864826675803
4074,51.0,1,-1.4030160065295887
4075,47.0,0,-5.011110482757652
4076,50.0,0,-3.82967876321331
4077,51.0,1,2.5882480732502535
4078,50.0,0,-1.3083447303208529
4079,51.0,1,1.9018334021583183
4080,51.0,1,-0.8472638164072284
4081,50.0,0,-1.9399776636331703
4082,47.0,0,-0.857229931894225
4083,48.0,0,-2.2898133436511086
4084,52.0,1,0.4507366958840335
4085,48.0,0,-3.6339696750444057
4086,53.0,1,1.5381972062831133
4087,51.0,1,1.684976321073365
4088,49.0,0,-1.438074404413859
4089,51.0,1,1.1983573537409966
4090,48.0,0,-3.467740334384699
4091,50.0,0,-2.026647152552802
4092,46.0,0,-8.349759714390197
4093,50.0,0,-3.1462112651701952
4094,47.0,0,-6.650895763702738
4095,49.0,0,-1.5516814437349877
4096,50.0,0,-1.3759254621632304
4097,54.0,1,4.537995260694887
4098,51.0,1,-0.855823619445015
4099,52.0,1,1.0085472118210006
4100,48.0,0,-2.1885527999929293
4101,53.0,1,0.994563760955424
4102,53.0,1,7.18156550287979
4103,53.0,1,1.7410868441098732
4104,52.0,1,3.1632151033729796
4105,51.0,1,-0.8813522779184293
4106,53.0,1,3.587402022359872
4107,43.0,0,-7.467919050488055
4108,50.0,0,-0.743351250006721
4109,49.0,0,-2.397817601269891
4110,48.0,0,-2.7680062088103576
4111,47.0,0,-2.6486351971132245
4112,50.0,0,-1.1980055795082543
4113,53.0,1,1.4360178644566852
4114,49.0,0,-1.3240864862906672
4115,50.0,0,-1.8860817024351562
4116,50.0,0,0.032190894151991896
4117,49.0,0,-3.303577563531536
4118,50.0,0,-2.557248810945571
4119,46.0,0,-9.888744413584867
4120,50.0,0,0.9819448474640816
4121,52.0,1,3.117911492496742
4122,49.0,0,-2.9150191709588817
4123,54.0,1,4.434826092941779
4124,51.0,1,-2.124885534904321
4125,50.0,0,-0.6186707802773013
4126,51.0,1,2.474357079214861
4127,52.0,1,0.8961571932803992
4128,52.0,1,1.3989673110433953
4129,54.0,1,3.4373193785162344
4130,52.0,1,-0.1205120705197149
4131,51.0,1,3.2421200206354257
4132,53.0,1,3.301868795575979
4133,49.0,0,-2.727226503976467
4134,52.0,1,1.1717609650530862
4135,52.0,1,0.5162436123183896
4136,50.0,0,-1.4847246941233878
4137,46.0,0,-4.237459100844853
4138,48.0,0,-2.004518884964457
4139,45.0,0,-7.89229703421046
4140,55.0,1,4.45089777681326
4141,49.0,0,-3.8389556175383426
4142,50.0,0,-1.6054395711985228
4143,50.0,0,0.21232733167873424
4144,49.0,0,-3.765640864827121
4145,51.0,1,-2.1146542547071494
4146,49.0,0,-3.0866835987388246
4147,54.0,1,5.402233387505282
4148,52.0,1,0.11726052464549343
4149,49.0,0,-2.9292671078621213
4150,47.0,0,-4.522010580060384
4151,48.0,0,-4.511567238858354
4152,48.0,0,-3.073960346795069
4153,52.0,1,0.9051880858153061
4154,51.0,1,-1.6316541699624878
4155,55.0,1,2.343220210731261
4156,51.0,1,3.3396969483522003
4157,52.0,1,0.6993662512568455
4158,53.0,1,1.297428984034268
4159,52.0,1,-0.3628206542229028
4160,48.0,0,-3.3430206086857384
4161,50.0,0,0.18841284899598212
4162,53.0,1,-1.1582291434517689
4163,51.0,1,1.0993351699685003
4164,50.0,0,-1.1568896213911781
4165,48.0,0,-3.567293859238683
4166,49.0,0,-1.1189515968696082
4167,51.0,1,0.8322478939876871
4168,48.0,0,-2.692509757951809
4169,49.0,0,2.333146610807219
4170,51.0,1,-0.5869933800052759
4171,49.0,0,-1.7549256760071348
4172,51.0,1,3.099351165755258
4173,50.0,0,-0.10261230794997063
4174,51.0,1,0.6544592736305932
4175,48.0,0,-3.585112177954065
4176,51.0,1,0.20910192284906196
4177,48.0,0,-3.131168344435419
4178,50.0,0,-2.4407310427984537
4179,51.0,1,2.0653215052249494
4180,53.0,1,3.268424678413754
4181,51.0,1,2.4676836818803243
4182,50.0,0,-1.185843305224281
4183,50.0,0,-1.5524939697824316
4184,49.0,0,-1.5947309761882351
4185,52.0,1,1.343621558770317
4186,50.0,0,-0.6382188510371998
4187,51.0,1,-0.23875977777869556
4188,56.0,1,3.657783833978609
4189,46.0,0,-7.233862729073559
4190,52.0,1,-0.35958254107562193
4191,51.0,1,-1.3952655802332512
4192,47.0,0,-7.212669291907278
4193,47.0,0,-2.606061879040178
4194,50.0,0,-1.99767784626188
4195,53.0,1,5.69878070596692
4196,49.0,0,-0.9538140273062985
4197,51.0,1,2.2381720169828645
4198,48.0,0,-5.0929194541269505
4199,47.0,0,-5.816432958344655
4200,52.0,1,1.4797280220719897
4201,50.0,0,-0.8266754332335647
4202,52.0,1,-1.7566726075244576
4203,50.0,0,-0.11631305192673141
4204,49.0,0,-1.8460610220089797
4205,52.0,1,2.5266622797627356
4206,50.0,0,-1.4275916163251796
4207,53.0,1,6.059476117056819
4208,51.0,1,1.9666838589590323
4209,51.0,1,-1.1576719956028123
4210,53.0,1,3.1736153907692453
4211,52.0,1,1.546257537929356
4212,49.0,0,-5.245574518357323
4213,52.0,1,1.9028755570725513
4214,47.0,0,-4.409573890460408
4215,52.0,1,4.623693371717737
4216,52.0,1,3.5990057312571127
4217,49.0,0,-0.17147119843757974
4218,53.0,1,0.22735613451011244
4219,55.0,1,5.171903983366851
4220,54.0,1,3.082533211640674
4221,49.0,0,-2.311595538915032
4222,49.0,0,-3.420005258948739
4223,49.0,0,-3.57649013940819
4224,54.0,1,2.9007929913774135
4225,51.0,1,1.5010766962469708
4226,55.0,1,6.953047660796225
4227,48.0,0,-1.3741018255503874
4228,52.0,1,3.2174762085484145
4229,49.0,0,-0.08519959356515097
4230,50.0,0,2.380375262799939
4231,51.0,1,-3.794883050570148
4232,50.0,0,-0.8123354995387343
4233,48.0,0,-6.108665679997094
4234,50.0,0,-2.492732118949795
4235,52.0,1,2.434008626650578
4236,54.0,1,6.224856080508522
4237,50.0,0,1.632925509241034
4238,46.0,0,-4.531275120359183
4239,48.0,0,-3.945437646917823
4240,52.0,1,2.1283026176157422
4241,49.0,0,-2.0703293347534983
4242,52.0,1,-0.8830061648369026
4243,52.0,1,0.18821409289917534
4244,50.0,0,0.04270660823782997
4245,49.0,0,-5.848066772390275
4246,50.0,0,-0.7630355036898748
4247,49.0,0,-1.6891238085484646
4248,53.0,1,4.413586728290165
4249,49.0,0,-0.5671540418251718
4250,52.0,1,0.3355421509309072
4251,46.0,0,-8.446352459850928
4252,56.0,1,4.033269484628292
4253,51.0,1,1.5294218822331742
4254,55.0,1,4.393595291281009
4255,50.0,0,-0.18255054139843294
4256,53.0,1,4.555041882164242
4257,48.0,0,-3.2874799156973076
4258,54.0,1,2.9437988212672264
4259,50.0,0,0.26226897387755027
4260,54.0,1,1.0938985554845209
4261,49.0,0,-2.41753254342726
4262,56.0,1,5.006172887961329
4263,50.0,0,-0.9893664443362434
4264,52.0,1,1.6507015824746578
4265,53.0,1,2.43696566395044
4266,50.0,0,2.1375290535627323
4267,53.0,1,3.2076919456039596
4268,48.0,0,-2.9590534926372922
4269,45.0,0,-3.963880884135893
4270,52.0,1,0.005466854056640605
4271,49.0,0,-3.1254129389518943
4272,48.0,0,-3.52152050867766
4273,47.0,0,-3.6335500363825055
4274,52.0,1,3.7270238951922563
4275,50.0,0,1.5332100673783629
4276,50.0,0,-0.3352426548145127
4277,49.0,0,-1.9972815291178379
4278,51.0,1,1.4876463817338892
4279,53.0,1,2.941787659801903
4280,52.0,1,4.527905740831306
4281,50.0,0,-3.0032185006068737
4282,53.0,1,4.604173786973325
4283,52.0,1,1.2403387101375793
4284,55.0,1,6.488798741747928
4285,47.0,0,-6.721399877853008
4286,44.0,0,-6.94565961530458
4287,52.0,1,1.6511611542238578
4288,54.0,1,6.613443053930435
4289,50.0,0,-1.0577386186895548
4290,52.0,1,0.958063271356247
4291,53.0,1,1.8541203874916454
4292,53.0,1,0.7024401029250525
4293,54.0,1,3.6786357210859086
4294,47.0,0,-7.46448260800978
4295,52.0,1,0.12795589099634733
4296,49.0,0,-1.3028797350891952
4297,49.0,0,-1.3793099315634871
4298,51.0,1,-2.6829078024468247
4299,47.0,0,-2.6309666028788303
4300,53.0,1,4.6973549040581215
4301,53.0,1,3.600132263578167
4302,49.0,0,-0.20455384292816198
4303,48.0,0,-3.1131493061660787
4304,51.0,1,1.3983770807996567
4305,50.0,0,-3.057208927570404
4306,53.0,1,3.8889849954502815
4307,50.0,0,-0.08996029148205838
4308,50.0,0,0.7755630902451112
4309,52.0,1,0.6260971618682675
4310,51.0,1,0.8487334331182557
4311,52.0,1,1.8632844838138685
4312,52.0,1,2.228650403487302
4313,48.0,0,-1.9301763784857466
4314,48.0,0,-1.5820609043305276
4315,49.0,0,-5.702979277819801
4316,52.0,1,0.981527705537327
4317,48.0,0,-0.9122509889416806
4318,48.0,0,-3.539166962814774
4319,50.0,0,-1.71614055949536
4320,50.0,0,4.554529127903704
4321,53.0,1,0.3248436436475558
4322,53.0,1,4.512219648030938
4323,56.0,1,6.531654252914388
4324,52.0,1,2.248678680378491
4325,54.0,1,1.9899037788073928
4326,51.0,1,2.9477790533367036
4327,54.0,1,5.5619264397037655
4328,50.0,0,-0.5285613951881519
4329,49.0,0,-3.01887817468507
4330,56.0,1,11.948687823276735
4331,52.0,1,0.4058965695051366
4332,50.0,0,1.1581506587198396
4333,53.0,1,7.736305365255183
4334,55.0,1,6.341041391170228
4335,51.0,1,-2.044104339510434
4336,53.0,1,2.0868281027298234
4337,48.0,0,-2.4699276160023635
4338,52.0,1,0.8043044747337008
4339,51.0,1,-2.5546733123585392
4340,48.0,0,-2.5531273401840955
4341,50.0,0,-1.215002593936069
4342,50.0,0,0.6799192233011703
4343,52.0,1,-2.427183357225735
4344,52.0,1,2.182327623245169
4345,52.0,1,5.6045607607587264
4346,49.0,0,-0.4093112831284328
4347,54.0,1,5.499689527764109
4348,46.0,0,-5.862290290778312
4349,52.0,1,2.7280288023646877
4350,50.0,0,-0.8468537128627825
4351,53.0,1,3.4280611165722448
4352,52.0,1,1.8019257694463457
4353,51.0,1,2.1561959762560012
4354,50.0,0,-0.5982515825387292
4355,47.0,0,-5.755275900174602
4356,50.0,0,0.4919383578534908
4357,50.0,0,0.4875396271119759
4358,53.0,1,3.0846669049098194
4359,53.0,1,3.5680642339879003
4360,49.0,0,-2.064241741978815
4361,52.0,1,2.6932534724258117
4362,53.0,1,2.247865102424619
4363,47.0,0,-2.4182286233857173
4364,51.0,1,1.4355357099145363
4365,48.0,0,-4.153990625623532
4366,51.0,1,0.8109951013581848
4367,47.0,0,-3.0657822462228483
4368,49.0,0,-3.797817750152294
4369,51.0,1,0.6530760346443788
4370,51.0,1,1.4051624093099284
4371,49.0,0,0.6169136167896664
4372,53.0,1,1.8081449989048004
4373,49.0,0,-1.7214603188220319
4374,52.0,1,3.2621068335828762
4375,52.0,1,3.1429996519597996
4376,49.0,0,-2.32678698762351
4377,50.0,0,-0.918169334949
4378,52.0,1,1.207973132015113
4379,51.0,1,-1.6246566579736634
4380,55.0,1,3.2349496382913987
4381,48.0,0,-5.422514727880567
4382,53.0,1,1.6406194858848304
4383,46.0,0,-5.669847102991987
4384,46.0,0,-7.354693663613585
4385,50.0,0,-3.006994699667784
4386,52.0,1,2.189337594642263
4387,51.0,1,-0.4607969753688779
4388,50.0,0,-2.104561774488809
4389,50.0,0,-1.105504014007112
4390,48.0,0,-2.890733390763007
4391,48.0,0,-3.473576498326787
4392,51.0,1,2.41307184739936
4393,54.0,1,3.067551777644226
4394,48.0,0,-3.210258774964863
4395,49.0,0,-1.8549413344670909
4396,47.0,0,-6.180445110167488
4397,51.0,1,0.5797405742710082
4398,51.0,1,0.7764601922329707
4399,50.0,0,-3.1311710701950726
4400,49.0,0,-1.8000177587501927
4401,50.0,0,-0.27722106894070647
4402,52.0,1,2.743645276147429
4403,48.0,0,-0.25502733934139366
4404,52.0,1,3.4842985152650097
4405,55.0,1,9.218451935525874
4406,50.0,0,-2.7673377865500965
4407,56.0,1,7.5184803596375325
4408,50.0,0,-0.6423560120605046
4409,51.0,1,1.4301370291870616
4410,50.0,0,-0.8056597075648572
4411,54.0,1,4.9798402187037825
4412,54.0,1,7.149913060958782
4413,52.0,1,0.7992762957873512
4414,50.0,0,-1.7501639226801402
4415,47.0,0,-5.578260564213355
4416,51.0,1,2.4446603697325693
4417,53.0,1,2.340192948204159
4418,46.0,0,-5.209549081606305
4419,52.0,1,0.35913526866545753
4420,52.0,1,2.3746908440915484
4421,47.0,0,-4.779751546814397
4422,53.0,1,5.570095689183197
4423,52.0,1,0.01973738029396855
4424,51.0,1,0.7089801957608116
4425,52.0,1,-0.8098463309807761
4426,52.0,1,1.6899606069162219
4427,49.0,0,-2.7505084101495925
4428,52.0,1,-0.8560390766206162
4429,49.0,0,0.45530413640375006
4430,51.0,1,-1.569548999670432
4431,49.0,0,-1.3361744800317923
4432,49.0,0,-0.48509687629304243
4433,51.0,1,2.1347424357419764
4434,49.0,0,-0.8832862449076337
4435,49.0,0,0.7329429734241801
4436,53.0,1,-0.5992432126630887
4437,50.0,0,0.8501029649090306
4438,51.0,1,3.675775950029094
4439,50.0,0,-1.4460327214741298
4440,48.0,0,-1.9550162133234656
4441,50.0,0,3.0110372178573375
4442,49.0,0,-1.194344148470533
4443,46.0,0,-3.6134953527847227
4444,52.0,1,0.5647221952332304
4445,50.0,0,-0.9186826742861555
4446,50.0,0,-1.166218614068177
4447,52.0,1,1.2004130252330856
4448,53.0,1,2.5799705835849984
4449,50.0,0,0.7429087494418637
4450,49.0,0,-0.8854176659062638
4451,52.0,1,1.857021201786704
4452,52.0,1,1.600278356284603
4453,49.0,0,-2.569197730830627
4454,50.0,0,-1.6269639600813426
4455,53.0,1,4.207019467031843
4456,52.0,1,2.8611624907018993
4457,53.0,1,2.437258568894333
4458,49.0,0,-2.776637387269634
4459,48.0,0,-4.2574372236009665
4460,56.0,1,5.503874329410683
4461,48.0,0,-4.679179161371549
4462,50.0,0,-1.8583369525652156
4463,51.0,1,1.7707267526240313
4464,49.0,0,-2.0275852832782033
4465,49.0,0,-6.202129394924741
4466,46.0,0,-5.584599447969504
4467,53.0,1,3.248415418835911
4468,51.0,1,-0.5629728893524611
4469,49.0,0,-2.6275523627753503
4470,55.0,1,1.8784237957564947
4471,52.0,1,1.6723206763032386
4472,52.0,1,0.15809624337426156
4473,48.0,0,-1.2638181017678372
4474,46.0,0,-3.5924182493205254
4475,50.0,0,-0.01588686049163832
4476,50.0,0,-1.5849242811955324
4477,51.0,1,-0.18505456961239355
4478,52.0,1,0.5002007487936394
4479,50.0,0,2.188925552445245
4480,47.0,0,-3.8433771813851334
4481,51.0,1,-1.141831309089652
4482,51.0,1,-1.104363481600277
4483,51.0,1,1.363025617455215
4484,50.0,0,-0.9130369878664104
4485,52.0,1,-0.7493994269160372
4486,47.0,0,-5.410842981053638
4487,51.0,1,1.2654239465214105
4488,52.0,1,1.643199458112235
4489,49.0,0,-0.3738934877258007
4490,47.0,0,-6.461085521005843
4491,47.0,0,-3.172189456096677
4492,50.0,0,-1.3256823873013501
4493,52.0,1,2.707349977702099
4494,51.0,1,-0.2909453815662717
4495,54.0,1,3.6798230315742027
4496,51.0,1,-1.419368204490514
4497,49.0,0,-4.74106829747729
4498,48.0,0,-7.652993485566621
4499,52.0,1,0.9255169369131595
4500,55.0,1,5.143141678560903
4501,46.0,0,-5.855494521483309
4502,53.0,1,4.652565231806257
4503,52.0,1,-2.8109288854516032
4504,50.0,0,2.6142363635426036
4505,52.0,1,1.8557785923356225
4506,47.0,0,-4.759497539352724
4507,49.0,0,-3.563038177757019
4508,46.0,0,-5.115300000492483
4509,51.0,1,1.618421480625565
4510,50.0,0,-0.46560215719880765
4511,52.0,1,1.5176117142627652
4512,50.0,0,-2.0204875379380507
4513,48.0,0,-5.341526536967773
4514,51.0,1,-0.3919632215009754
4515,52.0,1,2.3809110022674393
4516,50.0,0,0.46635213689570343
4517,51.0,1,-0.008432419700817618
4518,49.0,0,-0.8790880245020349
4519,51.0,1,2.6993170864559013
4520,54.0,1,1.3832532561385817
4521,51.0,1,0.5565705785682401
4522,49.0,0,-2.696946954628297
4523,53.0,1,1.0283314441402953
4524,50.0,0,-1.7263443008537647
4525,56.0,1,3.5491215773667255
4526,50.0,0,2.4672303744510398
4527,47.0,0,-5.811637527077757
4528,51.0,1,-2.4351347055539025
4529,55.0,1,4.755473271292092
4530,49.0,0,-4.898259711128758
4531,54.0,1,6.251797226854889
4532,54.0,1,4.926735499549476
4533,57.0,1,12.16683644451456
4534,51.0,1,-1.8347527280386962
4535,50.0,0,0.38475314127830534
4536,52.0,1,2.5501779817127157
4537,52.0,1,3.521070459140914
4538,55.0,1,4.1571807349959515
4539,49.0,0,-2.341857464076398
4540,53.0,1,5.279554964839046
4541,50.0,0,0.6460844295343272
4542,48.0,0,-2.384745856569006
4543,49.0,0,-0.591031805882709
4544,50.0,0,-1.3076346618240735
4545,52.0,1,4.467370670697775
4546,50.0,0,-0.14429835200662014
4547,52.0,1,1.19545039440099
4548,49.0,0,-3.1341240467869866
4549,53.0,1,2.8385691025513937
4550,50.0,0,0.2678732105891956
4551,51.0,1,-2.4565897481058716
4552,50.0,0,0.3837504833368168
4553,52.0,1,1.0899538272874227
4554,50.0,0,-3.7404812741855817
4555,48.0,0,-2.5955199899479955
4556,50.0,0,-0.4667250678702121
4557,53.0,1,-0.6727228281721401
4558,49.0,0,-3.5595335933114014
4559,44.0,0,-10.897425103623698
4560,52.0,1,0.9846084499709726
4561,49.0,0,-3.656460671118661
4562,52.0,1,-2.8024826927246185
4563,48.0,0,-3.816914198630368
4564,51.0,1,1.4660704343310034
4565,45.0,0,-3.1442832608015774
4566,56.0,1,7.013872210765336
4567,50.0,0,-1.6772479262082776
4568,51.0,1,3.310143743852749
4569,51.0,1,0.5898148424233226
4570,49.0,0,-2.3898519995894936
4571,51.0,1,1.464320287250237
4572,48.0,0,-2.129150597419751
4573,52.0,1,0.48177079958304286
4574,53.0,1,1.7773405509122648
4575,52.0,1,1.0135525363520825
4576,50.0,0,1.4827437563842456
4577,46.0,0,-5.567246153363546
4578,49.0,0,-3.2517594643508185
4579,50.0,0,1.9853763903279666
4580,51.0,1,4.796574135785255
4581,51.0,1,0.21961319251580552
4582,54.0,1,3.2992094968348313
4583,56.0,1,7.227327331221958
4584,48.0,0,-1.4140805195000652
4585,53.0,1,2.3773871946212566
4586,55.0,1,4.903108770566293
4587,49.0,0,0.5705270406878299
4588,50.0,0,-1.6939261130967334
4589,50.0,0,-3.08015508977669
4590,52.0,1,-1.1614842384050337
4591,48.0,0,-2.971461213771069
4592,52.0,1,4.0002133194852245
4593,50.0,0,-1.7909062500773645
4594,51.0,1,-3.632402669276426
4595,47.0,0,-3.202553985113856
4596,51.0,1,-2.180531435186253
4597,55.0,1,7.980946953321908
4598,53.0,1,-0.1501219369694349
4599,49.0,0,-3.90499259496709
4600,51.0,1,2.000376556971553
4601,51.0,1,0.9888767487298256
4602,49.0,0,0.049059128991220946
4603,51.0,1,2.301253006703216
4604,51.0,1,2.155792391372515
4605,49.0,0,-0.7602680582127234
4606,54.0,1,3.591426292054519
4607,50.0,0,-2.366616557731508
4608,48.0,0,-3.437100689712162
4609,52.0,1,2.571414104162122
4610,53.0,1,4.318672105003776
4611,48.0,0,-2.1080031698320227
4612,54.0,1,3.193126845291745
4613,52.0,1,1.82973819327761
4614,46.0,0,-6.559041024569593
4615,53.0,1,2.5264623555151418
4616,49.0,0,-1.6783308586133001
4617,51.0,1,2.4305397004658733
4618,52.0,1,2.2081082347861596
4619,47.0,0,-5.6153902516290515
4620,51.0,1,2.422009545657398
4621,51.0,1,2.4113812179418925
4622,49.0,0,-2.6504407935795027
4623,52.0,1,-0.4420643123354497
4624,54.0,1,3.8858694203680906
4625,51.0,1,2.500586959381813
4626,52.0,1,5.088652605423958
4627,49.0,0,-0.5694448874630249
4628,49.0,0,-0.9028858029859032
4629,51.0,1,-4.741757180366109
4630,50.0,0,-1.973370165957603
4631,53.0,1,1.9487315623207393
4632,48.0,0,-2.1287044282960084
4633,51.0,1,-0.919884112945266
4634,54.0,1,3.1731975937040944
4635,53.0,1,-0.7941956400943261
4636,51.0,1,-0.4099560802670718
4637,52.0,1,-1.1887327401624166
4638,49.0,0,-2.2286113450489307
4639,51.0,1,-2.374718058778919
4640,50.0,0,0.19147155666366433
4641,50.0,0,-1.0756373264257737
4642,49.0,0,-6.553389548378313
4643,53.0,1,3.026049171868562
4644,51.0,1,1.2440298367617333
4645,49.0,0,-1.1940683494875155
4646,48.0,0,-0.40684285920315877
4647,54.0,1,4.103363026748052
4648,51.0,1,-0.0822586959946472
4649,48.0,0,-3.4317106596375337
4650,52.0,1,0.291490640969623
4651,53.0,1,5.121562476625524
4652,49.0,0,-4.085432179982773
4653,50.0,0,-1.5986162628639593
4654,50.0,0,-1.1896010382620867
4655,48.0,0,-3.666963123394326
4656,51.0,1,1.0938504098584727
4657,52.0,1,2.5739535153070863
4658,55.0,1,6.355572291452414
4659,46.0,0,-4.295194455758595
4660,54.0,1,2.944621286548946
4661,49.0,0,-1.7475890927630624
4662,52.0,1,1.8762273198162227
4663,53.0,1,1.4227459296539204
4664,53.0,1,0.9129006007718043
4665,52.0,1,0.7260978446474387
4666,54.0,1,5.628928247517665
4667,51.0,1,-1.2530135175726511
4668,52.0,1,0.6949202013495326
4669,47.0,0,-6.062824691906599
4670,52.0,1,2.0845489824864396
4671,52.0,1,3.788686760593464
4672,51.0,1,2.2737742837144777
4673,48.0,0,-4.666419884809639
4674,55.0,1,4.427445924023207
4675,52.0,1,-0.5026286905915728
4676,56.0,1,5.816028375561801
4677,47.0,0,-6.0512127784470975
4678,56.0,1,6.091392093453668
4679,52.0,1,2.40084380569237
4680,51.0,1,0.2615319483510858
4681,52.0,1,-0.5184888502454581
4682,52.0,1,1.3236547750130854
4683,50.0,0,-2.1459032446080006
4684,48.0,0,-2.098089057568426
4685,49.0,0,-2.563728143596375
4686,50.0,0,-0.18463947693266095
4687,47.0,0,-3.982194417196839
4688,50.0,0,-1.310581224997283
4689,53.0,1,-2.7665827815995585
4690,55.0,1,4.827052341375365
4691,50.0,0,-2.5494774049396693
4692,48.0,0,-1.1787080181072613
4693,44.0,0,-7.991228171264301
4694,47.0,0,-4.806779356383447
4695,53.0,1,3.550377411986036
4696,53.0,1,2.9631850090986847
4697,54.0,1,5.170501207199446
4698,48.0,0,-1.2944018741652292
4699,49.0,0,-1.7051422007667907
4700,52.0,1,1.824270444111841
4701,49.0,0,-0.7585231449817497
4702,49.0,0,0.2487709621392593
4703,51.0,1,1.9209185789012237
4704,56.0,1,9.192998549017629
4705,53.0,1,3.5457882246237844
4706,52.0,1,1.0127698952214086
4707,49.0,0,-2.625967702781279
4708,46.0,0,-4.48392536977539
4709,53.0,1,5.212291476568053
4710,51.0,1,0.5332314957105672
4711,52.0,1,1.4004183347417263
4712,53.0,1,3.9981470164843445
4713,51.0,1,-0.816889993381878
4714,53.0,1,0.6204400048652721
4715,47.0,0,-5.712120676248572
4716,48.0,0,-3.8627409156068713
4717,52.0,1,1.956332117313702
4718,48.0,0,-2.040055108355984
4719,51.0,1,-0.9223876049299556
4720,54.0,1,1.5400682276033537
4721,49.0,0,-3.8284730395962963
4722,53.0,1,4.712920354222306
4723,50.0,0,-0.6029184441245123
4724,50.0,0,-1.2115962980641932
4725,50.0,0,-3.553285068649164
4726,50.0,0,0.13367051746859965
4727,53.0,1,-0.9675551704776091
4728,50.0,0,0.3486809259753321
4729,49.0,0,0.8947705278853837
4730,53.0,1,4.192461202302576
4731,53.0,1,4.516754756208907
4732,52.0,1,0.20522864613800856
4733,51.0,1,0.3981746934138835
4734,50.0,0,-2.7128145507376655
4735,49.0,0,-2.7761868498833437
4736,48.0,0,-1.743655977010585
4737,49.0,0,-0.49608084952066167
4738,53.0,1,2.8123953549477103
4739,55.0,1,4.788413366537135
4740,50.0,0,-1.3478451526393223
4741,43.0,0,-7.195170822069604
4742,50.0,0,-3.1224170540512763
4743,52.0,1,1.8021685948163557
4744,50.0,0,1.159997312438863
4745,54.0,1,3.207479184148729
4746,51.0,1,-1.1121871180970995
4747,51.0,1,0.09813606047830271
4748,56.0,1,6.986661957592346
4749,49.0,0,-0.3495243525923002
4750,52.0,1,0.2792851659091984
4751,48.0,0,-6.032279994248808
4752,48.0,0,-4.225842157832009
4753,50.0,0,-2.0642250839621052
4754,52.0,1,1.7787069490966074
4755,52.0,1,4.111316690544674
4756,55.0,1,3.3833743553699693
4757,43.0,0,-12.458898680420543
4758,49.0,0,-5.7346650463297
4759,51.0,1,2.8413884737301043
4760,55.0,1,6.280140145878042
4761,50.0,0,-3.7554659590610324
4762,54.0,1,2.6437953662959743
4763,49.0,0,-2.6862770042826427
4764,51.0,1,0.5541293960364911
4765,52.0,1,2.0896025648208947
4766,48.0,0,-2.4454082544101783
4767,53.0,1,1.8438842534156945
4768,54.0,1,3.2776479648033385
4769,52.0,1,1.9235215883777537
4770,50.0,0,0.17317328890099318
4771,53.0,1,2.3709338235124076
4772,51.0,1,-0.3237833068611136
4773,54.0,1,2.9659656012996045
4774,53.0,1,0.9400166686123257
4775,51.0,1,3.0140969417407817
4776,50.0,0,-1.2027646740975861
4777,49.0,0,-0.08211641068394666
4778,53.0,1,5.433474918572506
4779,46.0,0,-6.283309794181999
4780,55.0,1,6.523555651189255
4781,54.0,1,3.5821389712335154
4782,52.0,1,6.951329702213501
4783,52.0,1,2.216459898625504
4784,55.0,1,5.532694560284617
4785,52.0,1,3.4915058822271248
4786,53.0,1,2.870187661837762
4787,49.0,0,-2.836094356587528
4788,51.0,1,3.3314180246856506
4789,48.0,0,-4.553339919016114
4790,47.0,0,-3.4220435678791965
4791,53.0,1,0.9335309837691484
4792,55.0,1,5.8265111934236185
4793,55.0,1,7.124606450321728
4794,51.0,1,-1.6878852542067764
4795,50.0,0,-0.7670806942673325
4796,52.0,1,1.9009176824598113
4797,50.0,0,2.40898712566559
4798,49.0,0,-1.6227833633099016
4799,56.0,1,5.112525561253563
4800,52.0,1,-2.093613575581224
4801,50.0,0,-1.9348448510010756
4802,48.0,0,-3.605393382918919
4803,50.0,0,0.8982292958190138
4804,49.0,0,-3.880335289188703
4805,46.0,0,-7.3721744738510155
4806,50.0,0,-3.0219918083607014
4807,52.0,1,2.5554462550157
4808,52.0,1,2.0244208007464386
4809,49.0,0,-1.9812117010349073
4810,51.0,1,1.4036153979043942
4811,53.0,1,2.6216031093512924
4812,52.0,1,-0.45689102695161365
4813,50.0,0,-0.8546733325653689
4814,49.0,0,-4.713912919810892
4815,50.0,0,1.3541312097906346
4816,50.0,0,-2.2769317130985143
4817,51.0,1,1.4677655884054606
4818,51.0,1,2.2238392554209243
4819,52.0,1,0.7150660064254964
4820,50.0,0,0.2229699752604899
4821,52.0,1,2.5820367137864766
4822,49.0,0,-2.562235866355036
4823,51.0,1,0.6190391586349059
4824,48.0,0,-3.4228183770117298
4825,53.0,1,5.503459152061328
4826,49.0,0,2.306012292278316
4827,49.0,0,-0.056025167959733745
4828,51.0,1,-0.8588830327008043
4829,52.0,1,1.4736857846781277
4830,46.0,0,-6.277649017850547
4831,51.0,1,-0.5746603409384063
4832,55.0,1,4.14798260198179
4833,50.0,0,-0.8933402985357216
4834,48.0,0,-0.9298382039032801
4835,48.0,0,-3.8230661750647843
4836,49.0,0,-0.38130939319101675
4837,52.0,1,2.118805046811167
4838,51.0,1,-1.994817568755771
4839,53.0,1,3.146579526420811
4840,46.0,0,-9.414146504809326
4841,50.0,0,-1.3828205478224733
4842,47.0,0,-4.191900921691532
4843,47.0,0,-6.154738521410651
4844,49.0,0,-4.928655524746586
4845,50.0,0,-2.9562008792054613
4846,55.0,1,6.968212690579976
4847,51.0,1,0.19656106581329771
4848,52.0,1,0.38155680424960353
4849,51.0,1,1.267382944614371
4850,50.0,0,3.1615908811980407
4851,51.0,1,0.1681592177526063
4852,52.0,1,1.9072192173125917
4853,49.0,0,-1.0769529407356855
4854,49.0,0,-3.500667235264469
4855,49.0,0,-5.626802946355192
4856,54.0,1,2.781877067568827
4857,48.0,0,-5.857203283808869
4858,50.0,0,0.46754214340638456
4859,49.0,0,-4.488404311070954
4860,49.0,0,-4.199862723804885
4861,52.0,1,3.870021983801742
4862,46.0,0,-3.481329068541546
4863,47.0,0,-4.353033918339756
4864,50.0,0,-3.3845818366129894
4865,55.0,1,4.179506641851611
4866,53.0,1,3.093320273125681
4867,50.0,0,-0.11856407744310439
4868,49.0,0,-0.4314070834423207
4869,50.0,0,0.8437329906424205
4870,48.0,0,-3.4432583842757123
4871,49.0,0,-0.7021694669645189
4872,57.0,1,8.017536185456825
4873,53.0,1,2.8466854755230395
4874,51.0,1,1.013554412420124
4875,52.0,1,2.3127991203443825
4876,51.0,1,2.5266933372986897
4877,53.0,1,1.423218132044334
4878,52.0,1,1.0469939775015578
4879,52.0,1,0.4017240857503707
4880,52.0,1,0.2585818047546763
4881,48.0,0,-1.9188169085444209
4882,49.0,0,-1.9923995204608538
4883,49.0,0,0.5014801433350391
4884,51.0,1,2.9826165917651886
4885,52.0,1,1.6987497714800732
4886,47.0,0,-6.437628354505123
4887,52.0,1,2.3491627625633136
4888,48.0,0,-2.6262419918778566
4889,51.0,1,1.166160465708726
4890,50.0,0,-3.922657533235134
4891,49.0,0,-4.300930731758906
4892,51.0,1,-3.2525784728742337
4893,48.0,0,-4.454180187969884
4894,50.0,0,2.21608384237788
4895,55.0,1,7.957135473662274
4896,53.0,1,-1.051135211514532
4897,48.0,0,1.285477688314039
4898,47.0,0,-7.852505623554213
4899,51.0,1,1.2118075137252313
4900,52.0,1,2.38123644346651
4901,50.0,0,-1.8196648796536792
4902,50.0,0,-0.49308020756493065
4903,48.0,0,-4.017665995330736
4904,53.0,1,3.5958668819844233
4905,51.0,1,0.5649414215794855
4906,53.0,1,3.023731743657768
4907,51.0,1,-2.284363159893783
4908,53.0,1,0.5163854327667202
4909,50.0,0,3.408677631102928
4910,50.0,0,-0.07541058910376636
4911,48.0,0,-3.2013070894791005
4912,52.0,1,1.98319033740225
4913,49.0,0,-1.2022883509377587
4914,49.0,0,-2.7668819475469615
4915,51.0,1,3.8245163043991854
4916,49.0,0,-0.5714785806375207
4917,49.0,0,1.123311553745695
4918,54.0,1,5.086415490359248
4919,48.0,0,-3.8435934276370562
4920,48.0,0,-1.8449886272123661
4921,48.0,0,-5.5953851946016275
4922,50.0,0,-2.6904567880508172
4923,49.0,0,-2.0463919714279823
4924,53.0,1,2.465177092950829
4925,51.0,1,-1.4487745092225497
4926,46.0,0,-1.581869475549662
4927,50.0,0,-1.374684369176342
4928,53.0,1,2.1297714427269137
4929,51.0,1,0.6261383844847044
4930,50.0,0,-0.6931134225811616
4931,53.0,1,4.15916592438362
4932,50.0,0,-0.46955318144936925
4933,49.0,0,-3.3788995911532886
4934,49.0,0,-3.9269613781268644
4935,50.0,0,-1.4423875766039198
4936,50.0,0,-2.826415840426349
4937,52.0,1,3.4581331143268987
4938,53.0,1,6.561740600572566
4939,52.0,1,2.0117540716800693
4940,49.0,0,-3.1264492344676893
4941,50.0,0,0.47598443363150666
4942,49.0,0,0.201425303278045
4943,49.0,0,0.08863048099531447
4944,47.0,0,-6.603325563139925
4945,51.0,1,2.3538804525749306
4946,52.0,1,-0.27145876468519153
4947,52.0,1,4.10757028870143
4948,54.0,1,6.103480565412509
4949,48.0,0,-6.571420897919119
4950,56.0,1,4.270709673101113
4951,45.0,0,-6.551380875336804
4952,49.0,0,-3.2632575576302787
4953,51.0,1,1.5646372663323735
4954,49.0,0,-2.599216934280634
4955,51.0,1,-4.158264910511648
4956,50.0,0,-3.1925089678947027
4957,49.0,0,-2.0011702965545504
4958,53.0,1,3.7766230303053674
4959,52.0,1,1.1458487188358537
4960,53.0,1,2.7990345607538445
4961,50.0,0,2.026503874107353
4962,52.0,1,0.22612694083153598
4963,48.0,0,-1.6516069734204213
4964,54.0,1,5.99792776249638
4965,51.0,1,-0.8191274767255009
4966,52.0,1,0.5392066691737867
4967,49.0,0,-2.5660093585882366
4968,50.0,0,0.6962234071934079
4969,46.0,0,-7.578024671201033
4970,49.0,0,-0.302243119466543
4971,51.0,1,1.1366761024688747
4972,53.0,1,0.5410244057348128
4973,50.0,0,2.0744781621669506
4974,51.0,1,-0.5651372704499604
4975,52.0,1,2.246003682883452
4976,53.0,1,2.3954507611968627
4977,52.0,1,2.8594483736211047
4978,55.0,1,5.190147468832286
4979,49.0,0,-1.5852326477796896
4980,49.0,0,0.3486847912504915
4981,55.0,1,3.8975117325505164
4982,56.0,1,6.873266991218377
4983,52.0,1,0.7704827533108727
4984,52.0,1,0.24245208742833524
4985,48.0,0,-5.267656999510735
4986,49.0,0,-4.471312113150401
4987,48.0,0,-4.147826432757033
4988,49.0,0,-2.9763909950508824
4989,48.0,0,-4.04037073220949
4990,47.0,0,-4.266317405791359
4991,50.0,0,-0.148229841903235
4992,49.0,0,-1.001067411092124
4993,52.0,1,1.9389388510398855
4994,54.0,1,2.2957786719295528
4995,51.0,1,0.6623433622529841
4996,49.0,0,-3.5405885316362
4997,53.0,1,4.221876235122945
4998,50.0,0,0.585322619968041
4999,52.0,1,4.9125515504910995
5000,51.0,1,-0.9642323227333259
5001,50.0,0,-2.138984630857964
5002,49.0,0,-3.9068599154401378
5003,51.0,1,3.42418680411187
5004,50.0,0,1.7737283467304705
5005,49.0,0,-5.133078762457717
5006,52.0,1,2.3808581472874293
5007,47.0,0,-4.147866787734694
5008,51.0,1,3.013591662466323
5009,52.0,1,-0.3525779186152774
5010,49.0,0,-2.263700380312747
5011,47.0,0,-4.954297877142947
5012,50.0,0,-3.507033204019625
5013,51.0,1,0.8539425530024146
5014,51.0,1,0.0015386038946250992
5015,53.0,1,3.4826185374802776
5016,53.0,1,5.720842750684128
5017,49.0,0,-0.9194931407258463
5018,49.0,0,-0.736543821527711
5019,53.0,1,2.4869303584569873
5020,49.0,0,-1.807415630214351
5021,49.0,0,-2.656677732879083
5022,48.0,0,-3.624055217211178
5023,50.0,0,1.223913400242311
5024,52.0,1,2.5137242429246673
5025,51.0,1,0.8596198555275959
5026,54.0,1,2.855857759410921
5027,48.0,0,-2.6052793336193676
5028,53.0,1,3.2920930428916337
5029,50.0,0,-1.6424089806213908
5030,51.0,1,-0.4296464480358627
5031,48.0,0,-1.3961350507165322
5032,46.0,0,-5.566732518225144
5033,49.0,0,-2.748465913059658
5034,51.0,1,-0.5336881237189752
5035,51.0,1,-2.6665185926986075
5036,50.0,0,-2.9815389950528295
5037,52.0,1,0.7953518169354544
5038,51.0,1,-3.771062417659794
5039,50.0,0,-1.2444809765898601
5040,49.0,0,-4.176371558258212
5041,52.0,1,3.895916986099106
5042,44.0,0,-5.730300395144119
5043,46.0,0,-3.673814318892461
5044,52.0,1,0.1342034560423874
5045,52.0,1,-2.7492572156237425
5046,54.0,1,5.604345537757787
5047,52.0,1,0.33883241704577277
5048,52.0,1,0.11081416922035342
5049,48.0,0,-1.5285213107960953
5050,50.0,0,-2.1226922424193435
5051,48.0,0,-3.37615656865123
5052,51.0,1,-1.9430419563814447
5053,48.0,0,-2.930630638930942
5054,52.0,1,3.832037153530283
5055,55.0,1,4.951533693927018
5056,53.0,1,2.1122253737700105
5057,54.0,1,5.577697388178672
5058,52.0,1,3.2399680447260395
5059,56.0,1,11.06031418090694
5060,48.0,0,-3.830736624822746
5061,49.0,0,-1.2785312698999747
5062,49.0,0,-0.8371936850584326
5063,53.0,1,1.9949209128632488
5064,49.0,0,0.03285409466132315
5065,53.0,1,2.6222234937513234
5066,51.0,1,-0.8125267738098475
5067,49.0,0,-2.1568377463463824
5068,44.0,0,-10.526570183974158
5069,56.0,1,8.308102277718879
5070,49.0,0,0.0198162133542682
5071,48.0,0,-3.7331421931196997
5072,52.0,1,3.4647418256952185
5073,52.0,1,-0.2656797435322941
5074,48.0,0,-5.613969580689102
5075,53.0,1,1.4095159375632593
5076,48.0,0,-4.593008750558539
5077,51.0,1,-0.554629078738846
5078,53.0,1,0.1097218660884877
5079,49.0,0,-1.3597135273924976
5080,51.0,1,-3.399399982518879
5081,51.0,1,1.9673015221377927
5082,52.0,1,0.20102211758719996
5083,47.0,0,-2.935719249316626
5084,49.0,0,-3.1233815042361748
5085,46.0,0,-6.927013907661729
5086,47.0,0,-2.8693928040933994
5087,56.0,1,6.979489712174567
5088,50.0,0,-0.8282093898508323
5089,50.0,0,-1.144056759377838
5090,50.0,0,-2.1948555956094755
5091,51.0,1,2.278963981588314
5092,50.0,0,-0.6104033677533697
5093,46.0,0,-4.2014779288372095
5094,52.0,1,2.9916077456975954
5095,50.0,0,-1.6938826780028053
5096,53.0,1,2.364196293787382
5097,51.0,1,-0.18928999298798613
5098,52.0,1,1.4275008012692316
5099,47.0,0,-3.641446999499416
5100,53.0,1,5.320721890970237
5101,56.0,1,6.328893319110345
5102,49.0,0,-3.5680144636789177
5103,53.0,1,2.2535082528022334
5104,53.0,1,4.598231476511458
5105,48.0,0,-4.095595944787005
5106,47.0,0,-5.688056732405179
5107,50.0,0,0.9071756624477026
5108,49.0,0,-0.3713425471995305
5109,50.0,0,-0.9144352935120461
5110,47.0,0,-5.330943991877854
5111,48.0,0,-3.8372392856709805
5112,48.0,0,-5.5008083941879695
5113,55.0,1,5.045536339258075
5114,50.0,0,-0.5667430345392092
5115,54.0,1,2.5126630310031457
5116,44.0,0,-11.208851165986786
5117,52.0,1,0.02607952865908212
5118,54.0,1,5.245726536385312
5119,47.0,0,-1.2799286935948009
5120,50.0,0,-0.8716995715634323
5121,47.0,0,-4.481437231786569
5122,53.0,1,0.38355856696303003
5123,52.0,1,1.6928897902865623
5124,53.0,1,2.4649626284963237
5125,53.0,1,1.4096253004705583
5126,52.0,1,2.135927241745596
5127,48.0,0,-3.2980035450873575
5128,54.0,1,4.428617756041125
5129,48.0,0,-3.8663449206334155
5130,51.0,1,1.4765069092552754
5131,45.0,0,-6.478050986643278
5132,46.0,0,-5.61702803897896
5133,46.0,0,-6.56464176912016
5134,48.0,0,-1.2253115744306988
5135,53.0,1,-1.602396573640596
5136,55.0,1,3.928980331902099
5137,52.0,1,0.7571251518201668
5138,48.0,0,-4.079008528157079
5139,48.0,0,-1.9362829599577627
5140,49.0,0,-3.271365353591955
5141,52.0,1,1.9459646511586093
5142,48.0,0,-3.796313646066884
5143,50.0,0,0.5377446358840943
5144,54.0,1,5.367766649164908
5145,51.0,1,-2.3017763911490947
5146,53.0,1,3.130724213044199
5147,52.0,1,3.611194959864795
5148,55.0,1,1.5315988905153266
5149,49.0,0,-1.9478263479213926
5150,51.0,1,-0.07204410844878302
5151,49.0,0,-3.2667176205682122
5152,52.0,1,0.6271794264623947
5153,50.0,0,1.220112093122645
5154,53.0,1,1.8969906057178947
5155,53.0,1,3.1274738866941636
5156,52.0,1,2.53595597474175
5157,47.0,0,-7.129734643825458
5158,48.0,0,-1.4753166743238637
5159,48.0,0,-5.006175195222229
5160,49.0,0,-5.24237058675779
5161,50.0,0,-1.1090737452596717
5162,50.0,0,-2.0138501738627603
5163,53.0,1,5.511526160828623
5164,51.0,1,2.9518904351447857
5165,50.0,0,3.258231607779646
5166,51.0,1,-1.60454437035687
5167,54.0,1,5.613141338181722
5168,51.0,1,-2.073839884675007
5169,50.0,0,-1.0732989286363643
5170,47.0,0,-2.56435902222351
5171,51.0,1,-0.9563644978170133
5172,52.0,1,-1.0411726894252606
5173,50.0,0,-3.403117310943703
5174,51.0,1,0.6744419600041467
5175,53.0,1,0.6789686430073071
5176,50.0,0,-1.0702288850516668
5177,46.0,0,-6.584181259957279
5178,50.0,0,-0.7657819356256964
5179,52.0,1,4.512158758722721
5180,48.0,0,-2.2145278870898886
5181,50.0,0,-3.7027428196249477
5182,50.0,0,-2.67528719638713
5183,48.0,0,-3.7368715827454926
5184,51.0,1,-3.1379554861917702
5185,49.0,0,-4.461177834740482
5186,56.0,1,7.304584244175193
5187,52.0,1,0.5527507766118956
5188,52.0,1,3.342268901109038
5189,50.0,0,0.08038596179562606
5190,52.0,1,2.8444693932654492
5191,51.0,1,-3.0495047145671768
5192,50.0,0,-0.5451253782664034
5193,54.0,1,5.921335078132234
5194,49.0,0,-0.945244750274344
5195,51.0,1,1.3127606973759103
5196,51.0,1,-1.4804138329561418
5197,54.0,1,4.744670998130464
5198,52.0,1,2.7347444304132287
5199,49.0,0,-4.7720389752223795
5200,53.0,1,2.093177686124937
5201,45.0,0,-7.3044001097708735
5202,48.0,0,-6.665436016156092
5203,45.0,0,-4.940349867461787
5204,53.0,1,2.735391824140096
5205,52.0,1,-0.8100402891763704
5206,50.0,0,-3.432193425109118
5207,50.0,0,1.259646579414885
5208,51.0,1,2.08162772476974
5209,48.0,0,-4.311475569288354
5210,49.0,0,-1.3654981564594886
5211,52.0,1,1.286083155033198
5212,48.0,0,-5.203672851961834
5213,50.0,0,-0.7471981425023859
5214,51.0,1,1.6128804366813185
5215,55.0,1,7.889611214577346
5216,49.0,0,-3.2203210824096455
5217,49.0,0,-1.6135873916181696
5218,50.0,0,-2.91416484720115
5219,49.0,0,-1.9293449989420917
5220,51.0,1,1.627381583777627
5221,49.0,0,-5.782810670961036
5222,50.0,0,2.1210647698635263
5223,50.0,0,1.0835703359660305
5224,52.0,1,-0.1765794986679716
5225,54.0,1,3.66010378435658
5226,49.0,0,-0.8758829867822987
5227,55.0,1,6.827051417325389
5228,50.0,0,-0.005076769682381824
5229,50.0,0,0.2338758095815112
5230,53.0,1,2.5198666007602775
5231,54.0,1,5.381992198607596
5232,54.0,1,7.611704956262529
5233,53.0,1,3.000199629415105
5234,47.0,0,-6.5443661612764545
5235,48.0,0,-2.746100628442889
5236,54.0,1,4.30729192552081
5237,52.0,1,1.566869540289438
5238,53.0,1,0.1916823817245642
5239,52.0,1,-0.6545722118799698
5240,52.0,1,2.3368581664090935
5241,50.0,0,-2.3937165353251673
5242,56.0,1,4.722085365187535
5243,50.0,0,-1.7323942719331886
5244,48.0,0,-1.5123058873611093
5245,51.0,1,1.9501033910685335
5246,52.0,1,0.7694519545600217
5247,56.0,1,5.585834200831188
5248,48.0,0,-3.357039379180812
5249,49.0,0,-1.9309697564857542
5250,49.0,0,-2.4381427659333657
5251,53.0,1,3.630252601359971
5252,52.0,1,0.8258099941634718
5253,51.0,1,3.2161753229027488
5254,53.0,1,3.9525983466356625
5255,54.0,1,6.392080284207295
5256,48.0,0,-5.531264921051683
5257,53.0,1,2.507498488500972
5258,52.0,1,3.16323296556881
5259,51.0,1,2.2086796726491276
5260,53.0,1,2.583115337881811
5261,49.0,0,-0.4544229951385511
5262,53.0,1,3.6891237559179126
5263,51.0,1,1.8368502298611953
5264,48.0,0,0.7260010761107188
5265,55.0,1,3.700603420901557
5266,49.0,0,0.5814696250007918
5267,48.0,0,-2.4110004776847926
5268,50.0,0,-0.34742604872828137
5269,51.0,1,-1.3781292567586214
5270,50.0,0,0.8142785226951528
5271,50.0,0,-0.5328224534003398
5272,46.0,0,-4.23043718884851
5273,50.0,0,-2.839209777488724
5274,52.0,1,2.119025448638772
5275,51.0,1,-1.7470959460874425
5276,51.0,1,1.6230130709760673
5277,49.0,0,-2.053299153309328
5278,50.0,0,-1.4624936865780858
5279,51.0,1,0.7124858830438732
5280,53.0,1,2.091521853028198
5281,52.0,1,2.2147411919029163
5282,48.0,0,-5.167055980131268
5283,51.0,1,2.8523477821748573
5284,49.0,0,-1.643381347536047
5285,53.0,1,4.020385645778589
5286,49.0,0,0.1813582893673694
5287,49.0,0,-5.669364203586782
5288,55.0,1,3.3569309672236614
5289,49.0,0,1.5167195809911624
5290,52.0,1,2.1887329751118405
5291,52.0,1,0.9426779469275537
5292,53.0,1,0.5313483468262258
5293,50.0,0,-2.9471818260350835
5294,52.0,1,0.35950241175622116
5295,50.0,0,1.4710396863480555
5296,53.0,1,-1.4710268980801446
5297,53.0,1,3.5720361736885278
5298,50.0,0,-2.4559100372620524
5299,52.0,1,4.199307636376358
5300,51.0,1,1.5282805845495702
5301,50.0,0,-2.2485445966296616
5302,47.0,0,-5.08333786003718
5303,49.0,0,-4.197015777401529
5304,51.0,1,-2.6295932900272465
5305,51.0,1,3.507254978322436
5306,53.0,1,0.004369089560149739
5307,49.0,0,-5.328946321548552
5308,54.0,1,2.950139380977931
5309,51.0,1,0.7552650021997862
5310,48.0,0,-0.3905756876543167
5311,46.0,0,-8.811646560161842
5312,47.0,0,-5.657783213296403
5313,55.0,1,8.305034183276566
5314,49.0,0,-3.1244975738032106
5315,50.0,0,0.7737565053132563
5316,53.0,1,2.7141452387752287
5317,53.0,1,0.08928595032508262
5318,49.0,0,-0.01843154457001948
5319,50.0,0,0.16950313016669555
5320,53.0,1,3.255264688023829
5321,49.0,0,-2.486700909553769
5322,53.0,1,1.7948749312900885
5323,47.0,0,-6.002635987903642
5324,52.0,1,2.266328689048807
5325,46.0,0,-3.615079326755682
5326,51.0,1,0.40992350509970055
5327,51.0,1,-0.1390218198577833
5328,54.0,1,3.313893277560561
5329,56.0,1,6.364780937987243
5330,53.0,1,4.393580825979329
5331,50.0,0,0.12586582869209584
5332,54.0,1,4.633924669561759
5333,51.0,1,-0.9440179501481969
5334,50.0,0,-0.7482809323761299
5335,48.0,0,-4.1997358871257235
5336,49.0,0,-1.6566865190041578
5337,49.0,0,-2.947031236514941
5338,52.0,1,1.3089217822543955
5339,51.0,1,-1.931613190763208
5340,52.0,1,3.553620216937331
5341,53.0,1,1.4578240470973793
5342,50.0,0,-0.2446939919707896
5343,45.0,0,-5.656081249236913
5344,46.0,0,-5.639942006974515
5345,51.0,1,1.1431813433981406
5346,50.0,0,-1.4372087019289064
5347,49.0,0,-2.260796980559833
5348,48.0,0,-2.957579821149275
5349,50.0,0,-2.316326200752322
5350,50.0,0,-3.3471903935641487
5351,49.0,0,-4.6185245733141524
5352,51.0,1,-2.9920071013606138
5353,52.0,1,2.25176028650504
5354,49.0,0,-2.4054183417768074
5355,49.0,0,-2.834807456602237
5356,52.0,1,0.9715205724340139
5357,48.0,0,-2.4496259660132615
5358,50.0,0,0.7772232733186276
5359,51.0,1,-1.071450330446227
5360,49.0,0,-4.81730937170659
5361,50.0,0,-0.572013474891766
5362,50.0,0,-0.842855459702291
5363,50.0,0,0.7423713759985495
5364,55.0,1,8.076020324002885
5365,49.0,0,-3.3878053514587974
5366,47.0,0,-4.474696328195861
5367,51.0,1,1.3993410836323998
5368,50.0,0,3.8621813807245773
5369,51.0,1,1.3431680142534517
5370,50.0,0,-2.139039761914725
5371,54.0,1,3.576067650547355
5372,49.0,0,-1.305224960459537
5373,49.0,0,0.26026572353328
5374,51.0,1,5.112551319169423
5375,50.0,0,0.6002080070234787
5376,50.0,0,0.43973923374010626
5377,47.0,0,-4.712948077238945
5378,53.0,1,2.5060681092937043
5379,52.0,1,2.381991860855534
5380,50.0,0,3.5240956862620605
5381,49.0,0,1.589379925255278
5382,50.0,0,-2.418713221790128
5383,53.0,1,5.40136044935919
5384,51.0,1,-0.7826548691585368
5385,49.0,0,-1.9163987037929244
5386,54.0,1,4.216330801984205
5387,49.0,0,-2.179613302672071
5388,51.0,1,-4.572739621239301
5389,52.0,1,0.3775634025934639
5390,52.0,1,1.9370273114629968
5391,51.0,1,-0.40789024252044137
5392,48.0,0,-2.0721462559725308
5393,51.0,1,1.796793201364895
5394,48.0,0,-4.246997003351051
5395,51.0,1,0.31355133792865186
5396,48.0,0,-6.832067054505957
5397,49.0,0,-6.163794029135607
5398,49.0,0,-0.6751436435430035
5399,54.0,1,1.7981207183553864
5400,54.0,1,6.221392080883673
5401,54.0,1,2.4405447793360993
5402,52.0,1,0.23680924842695816
5403,54.0,1,3.8598308194700817
5404,53.0,1,2.0971376002569544
5405,49.0,0,2.1383691665868514
5406,52.0,1,0.2616412663347187
5407,52.0,1,1.602128993587665
5408,48.0,0,-4.350359731368005
5409,46.0,0,-4.4183960970417875
5410,54.0,1,6.220456845159839
5411,53.0,1,3.9080489212472362
5412,51.0,1,-0.620505317385998
5413,55.0,1,5.3833517816850645
5414,53.0,1,3.600722521977909
5415,52.0,1,2.856778696674654
5416,46.0,0,-5.297742716988818
5417,53.0,1,-1.3378882389775502
5418,54.0,1,2.988182423368521
5419,49.0,0,-1.828185212037821
5420,48.0,0,-3.276568000930094
5421,50.0,0,-0.7666588498216127
5422,51.0,1,-0.19314979152259296
5423,50.0,0,0.9723132429582965
5424,48.0,0,-2.576922922411686
5425,48.0,0,-8.548737402623612
5426,53.0,1,2.897298878657263
5427,52.0,1,3.5772999394805587
5428,49.0,0,-0.6645671569263055
5429,49.0,0,-3.1743900801074387
5430,52.0,1,3.005718509739609
5431,47.0,0,-5.351312079195688
5432,52.0,1,2.6674787165388567
5433,49.0,0,-1.1727482435797059
5434,51.0,1,0.8497058591179147
5435,54.0,1,3.7161507613572007
5436,54.0,1,5.711583642494397
5437,52.0,1,3.8447067927319654
5438,52.0,1,2.583587165702608
5439,55.0,1,4.5357401212981
5440,52.0,1,-1.4177497121688143
5441,49.0,0,-2.867159251718312
5442,48.0,0,-5.44757256135579
5443,47.0,0,-2.521211617213881
5444,54.0,1,5.784065068769913
5445,56.0,1,6.403355846607434
5446,52.0,1,2.397718775176249
5447,52.0,1,1.008317280751676
5448,51.0,1,1.596130725215155
5449,48.0,0,-4.630331988486371
5450,48.0,0,-3.956507550362095
5451,48.0,0,-4.321810134469536
5452,50.0,0,1.7423579603651935
5453,52.0,1,1.1934860865611912
5454,48.0,0,-0.9160495055338409
5455,50.0,0,-1.1867295081493987
5456,49.0,0,-2.5278589754310326
5457,54.0,1,2.5034379925778736
5458,51.0,1,-0.5295752544138956
5459,54.0,1,3.9816920857424973
5460,52.0,1,4.795615122054545
5461,50.0,0,-2.0454016073567067
5462,55.0,1,4.701282065254776
5463,51.0,1,2.2356565191853863
5464,50.0,0,1.684594400808688
5465,50.0,0,-1.330162489718143
5466,53.0,1,1.8275776494178366
5467,52.0,1,1.9770169698475697
5468,50.0,0,0.4187139506096579
5469,52.0,1,2.057992412673238
5470,48.0,0,-4.120696279851597
5471,52.0,1,2.3421052696372997
5472,49.0,0,-2.9960596328974147
5473,50.0,0,-1.036522747573163
5474,55.0,1,4.320807142626773
5475,51.0,1,1.1414905213090676
5476,50.0,0,3.565519394462468
5477,54.0,1,2.714602030840584
5478,54.0,1,7.324731209367658
5479,52.0,1,2.004020015516701
5480,50.0,0,-1.2295178427210827
5481,50.0,0,-2.615769760208373
5482,52.0,1,-0.4852963919850733
5483,51.0,1,-2.142297114230329
5484,48.0,0,-3.366922154927708
5485,49.0,0,-1.572170526035467
5486,51.0,1,0.09021494112810459
5487,52.0,1,0.5425339515802516
5488,52.0,1,0.15515156101542574
5489,52.0,1,5.655418109347509
5490,49.0,0,-4.55900453104353
5491,51.0,1,-0.32933356649866485
5492,51.0,1,1.0888689461140133
5493,50.0,0,0.21930716277074516
5494,49.0,0,-1.2789810847313028
5495,54.0,1,4.757428080792469
5496,51.0,1,5.76658603117567
5497,47.0,0,-4.503494322635091
5498,51.0,1,2.473845914161481
5499,51.0,1,2.2736379400694045
5500,50.0,0,-0.6975840399221332
5501,45.0,0,-5.371606170525593
5502,48.0,0,-4.094755714915399
5503,51.0,1,0.17284902388917991
5504,54.0,1,7.200381648650568
5505,52.0,1,0.9773758970217409
5506,51.0,1,0.3302689926066009
5507,50.0,0,-0.7759410566009928
5508,46.0,0,-6.126519165905985
5509,49.0,0,-2.045357710726967
5510,50.0,0,-0.6102358519644903
5511,50.0,0,1.7509948642248407
5512,51.0,1,2.404019300524545
5513,50.0,0,0.4816692818974645
5514,49.0,0,-2.7435147326408926
5515,56.0,1,5.572665174030867
5516,49.0,0,-0.6749779836813061
5517,47.0,0,-7.608145918162736
5518,50.0,0,-1.52533540442326
5519,49.0,0,-2.147796814162193
5520,50.0,0,-0.4508877082274497
5521,47.0,0,-3.0668486106942217
5522,53.0,1,1.6589612704292982
5523,54.0,1,5.945404078524555
5524,55.0,1,3.44737929354933
5525,43.0,0,-7.164491342939263
5526,51.0,1,1.9133770910436823
5527,53.0,1,3.3125779180270323
5528,52.0,1,4.34188797842875
5529,48.0,0,-3.2929474774068983
5530,52.0,1,3.6375557940140375
5531,53.0,1,3.115106153009545
5532,46.0,0,-7.720926585338618
5533,49.0,0,-1.4435997322493188
5534,52.0,1,2.6789423039826237
5535,54.0,1,4.420833558134759
5536,49.0,0,-4.271733010410007
5537,54.0,1,6.801435673761602
5538,48.0,0,-3.9724133427386916
5539,50.0,0,-1.101738066097478
5540,49.0,0,0.3664081730140132
5541,50.0,0,1.4972053444709348
5542,49.0,0,-6.076892795543483
5543,51.0,1,1.7901050299037924
5544,53.0,1,4.098439562634331
5545,50.0,0,-3.4053009927263655
5546,54.0,1,7.2779289575403086
5547,51.0,1,-1.4250218602026115
5548,49.0,0,-0.5475140103568013
5549,54.0,1,4.996692532608246
5550,50.0,0,1.1906078570298724
5551,49.0,0,-3.2416560677606023
5552,47.0,0,-3.30380201222987
5553,53.0,1,1.107888647710332
5554,52.0,1,5.038388144045518
5555,47.0,0,-5.589402464068643
5556,51.0,1,0.9302753130615999
5557,52.0,1,2.210935287286337
5558,50.0,0,1.3104676833591233
5559,46.0,0,-7.109655913577754
5560,55.0,1,3.0458117589597555
5561,51.0,1,0.3061375326450042
5562,53.0,1,1.5442594820135167
5563,48.0,0,-6.325920654476862
5564,44.0,0,-8.767105342946095
5565,49.0,0,-0.7572447253293808
5566,49.0,0,-1.3790327381482717
5567,49.0,0,-4.782138288295115
5568,47.0,0,-5.401447083687597
5569,51.0,1,0.6383592811609355
5570,53.0,1,2.5260727900155864
5571,48.0,0,-4.425597288711304
5572,52.0,1,-0.0597232412458687
5573,53.0,1,0.1026106735587901
5574,53.0,1,5.64450966666968
5575,52.0,1,2.633975767607859
5576,49.0,0,-1.2202355754433678
5577,50.0,0,1.7675970195713049
5578,51.0,1,1.3220826851505538
5579,50.0,0,-1.7849808156140774
5580,48.0,0,-4.918308721457328
5581,52.0,1,0.5489625760437662
5582,54.0,1,3.0438724722732635
5583,51.0,1,-1.1537106558455323
5584,47.0,0,-0.8345810952573121
5585,53.0,1,3.4508524901310573
5586,50.0,0,1.581747371284611
5587,47.0,0,-4.696046615351156
5588,50.0,0,0.420894395956425
5589,52.0,1,-1.0511655713394217
5590,53.0,1,-0.40218098381609385
5591,48.0,0,-3.3591365386607337
5592,50.0,0,1.6183057348729921
5593,53.0,1,3.5361337275422082
5594,54.0,1,7.837644410038793
5595,49.0,0,-3.5034781880998387
5596,51.0,1,1.0562064841348724
5597,51.0,1,-0.7455838277530998
5598,48.0,0,-1.3199659658087068
5599,49.0,0,-1.7868334971691535
5600,49.0,0,-1.0777076425659047
5601,49.0,0,-6.459384162366875
5602,53.0,1,0.8710937339879814
5603,50.0,0,-1.7830437158298307
5604,49.0,0,-2.7947177075704532
5605,53.0,1,1.3928013850210104
5606,54.0,1,4.983248905881722
5607,52.0,1,0.2505032493615604
5608,49.0,0,-3.4016429241381174
5609,54.0,1,5.127690782476678
5610,52.0,1,3.802724501109062
5611,51.0,1,-0.1119645292205988
5612,52.0,1,0.669093721095858
5613,49.0,0,-3.3940788755121685
5614,48.0,0,-2.989995231796624
5615,49.0,0,-0.8593737038162131
5616,51.0,1,-1.0261099004433807
5617,49.0,0,-6.451251889620326
5618,49.0,0,-3.248547814265442
5619,50.0,0,-3.992516998887358
5620,51.0,1,-2.702152201467563
5621,54.0,1,5.258339148575949
5622,51.0,1,-1.2868103313433652
5623,50.0,0,-2.329765071015442
5624,52.0,1,3.829513389792247
5625,51.0,1,-0.17367991429682914
5626,46.0,0,-5.957057996449397
5627,50.0,0,-0.38269943942932627
5628,48.0,0,-5.658889214247177
5629,49.0,0,-1.7098690788627506
5630,50.0,0,-2.9968665421556318
5631,50.0,0,-2.2721781751997425
5632,51.0,1,-0.34128983807110985
5633,52.0,1,2.3276923114636254
5634,50.0,0,0.815926141653368
5635,51.0,1,0.2870044909878641
5636,45.0,0,-7.002372334135762
5637,51.0,1,4.702372185091854
5638,46.0,0,-6.520620633423596
5639,52.0,1,3.514620471549823
5640,50.0,0,-0.6635803632758699
5641,51.0,1,-2.021181612203851
5642,53.0,1,-2.6659638878158325
5643,50.0,0,0.21384305059369288
5644,50.0,0,0.4000922849064644
5645,57.0,1,7.505682367001888
5646,55.0,1,6.948488714266792
5647,55.0,1,7.067149923863259
5648,51.0,1,-1.2506729861713934
5649,50.0,0,-0.014138002900278142
5650,50.0,0,-0.11587947537051468
5651,52.0,1,1.1592181713162615
5652,52.0,1,3.33974098864137
5653,52.0,1,0.07584840373499369
5654,48.0,0,-3.9926413809262637
5655,48.0,0,-3.547160250688482
5656,48.0,0,-5.906470275114085
5657,49.0,0,-0.13239878598799862
5658,46.0,0,-6.013719546974455
5659,48.0,0,-4.215674673368193
5660,56.0,1,6.280538961740382
5661,50.0,0,-1.5024402901953977
5662,48.0,0,-2.9504201666871968
5663,43.0,0,-7.522428369114066
5664,48.0,0,-2.7225846616782374
5665,52.0,1,0.7454560883438336
5666,51.0,1,-2.558412829335499
5667,48.0,0,-2.116511820187691
5668,50.0,0,-1.9040176067271242
5669,51.0,1,1.9451790361346268
5670,47.0,0,-4.761617619030987
5671,50.0,0,-0.16160478850827908
5672,49.0,0,-5.983566359514087
5673,52.0,1,-0.3640497488648509
5674,52.0,1,3.337116581079891
5675,54.0,1,3.423719492109469
5676,48.0,0,-6.0339791022281455
5677,52.0,1,1.5505937974184263
5678,48.0,0,-6.043311004711126
5679,51.0,1,3.170784711813425
5680,46.0,0,-8.123152075530246
5681,52.0,1,4.406787340314262
5682,49.0,0,-2.1857147908378924
5683,47.0,0,-7.404200003365358
5684,47.0,0,-2.74179330120368
5685,49.0,0,0.3273585305686627
5686,52.0,1,-2.8914177478308263
5687,49.0,0,0.3211153739511357
5688,51.0,1,1.5540209778706484
5689,51.0,1,1.3021485268455846
5690,53.0,1,0.33060909669584004
5691,49.0,0,-6.528037260619173
5692,48.0,0,-0.8625976829722827
5693,50.0,0,-2.700978844834193
5694,53.0,1,4.212499214287287
5695,54.0,1,5.552351365826509
5696,48.0,0,-5.154931548343759
5697,53.0,1,3.855176000350932
5698,50.0,0,-1.967478703817951
5699,51.0,1,-1.9956896910087778
5700,51.0,1,1.0311082171312158
5701,50.0,0,-1.188427241100699
5702,51.0,1,-0.37047472384757124
5703,53.0,1,1.814937925191624
5704,56.0,1,7.3003967306503945
5705,53.0,1,3.2850406404664305
5706,55.0,1,4.750867639174057
5707,52.0,1,2.249176916510585
5708,51.0,1,-1.1469972231490746
5709,47.0,0,-6.00198342351989
5710,52.0,1,-0.566197242122511
5711,51.0,1,0.31319172597648515
5712,51.0,1,-2.4759905174499823
5713,52.0,1,0.9035502735402022
5714,51.0,1,0.1879478193800126
5715,50.0,0,-3.8312959037908874
5716,51.0,1,0.1346092694853596
5717,50.0,0,-0.3887818120106853
5718,49.0,0,-2.802071389948795
5719,48.0,0,-3.665001809278633
5720,50.0,0,0.37504097195225344
5721,51.0,1,1.0144469377676135
5722,55.0,1,5.720578378096643
5723,53.0,1,2.5008342381385344
5724,48.0,0,-5.307149673702425
5725,50.0,0,-0.9469158208515513
5726,53.0,1,3.1834258887427738
5727,53.0,1,2.9237808298300303
5728,48.0,0,-6.1147940074479425
5729,52.0,1,-0.12621565496580378
5730,51.0,1,-1.4122619097985956
5731,51.0,1,0.8624020157408305
5732,52.0,1,5.2782887573673385
5733,47.0,0,-3.965084141965379
5734,49.0,0,-1.2239077749576661
5735,54.0,1,4.149554487727761
5736,50.0,0,0.39840637997612693
5737,52.0,1,2.7695255438374278
5738,47.0,0,-3.857926012092855
5739,56.0,1,3.2178264929743596
5740,50.0,0,-0.7843948578517529
5741,55.0,1,5.299798800314024
5742,49.0,0,-0.4928529731183152
5743,53.0,1,4.853244776255236
5744,52.0,1,0.504328868889564
5745,50.0,0,0.8326566211139401
5746,50.0,0,-0.7135845324692162
5747,51.0,1,-2.1495837142881324
5748,53.0,1,2.6978590739491315
5749,46.0,0,-3.5279898963663783
5750,52.0,1,1.4357671298110273
5751,49.0,0,0.0663407022856456
5752,50.0,0,-1.3038790060011287
5753,50.0,0,-1.2899847648883198
5754,51.0,1,1.022106762859501
5755,51.0,1,-0.2705603337712526
5756,48.0,0,-1.4856006450747719
5757,54.0,1,3.7550527238348046
5758,50.0,0,-1.5326393555516382
5759,53.0,1,1.4541724362445834
5760,52.0,1,5.5577215248544825
5761,53.0,1,3.1680352329650865
5762,51.0,1,-0.48583483286104584
5763,50.0,0,-2.8829466688023615
5764,52.0,1,-1.3808365505643136
5765,52.0,1,3.845448423838336
5766,54.0,1,3.510234889787289
5767,45.0,0,-8.370357580172943
5768,49.0,0,-4.05390677999261
5769,48.0,0,-4.520019930044083
5770,50.0,0,-0.6269996382668049
5771,51.0,1,2.033921040481263
5772,54.0,1,6.795451501969929
5773,50.0,0,-1.1101765897135776
5774,50.0,0,-1.9627852878867627
5775,56.0,1,6.565125994516714
5776,50.0,0,-0.0002423575534695165
5777,51.0,1,-1.2796867418676403
5778,48.0,0,-4.951832628701219
5779,48.0,0,-5.182022417531322
5780,55.0,1,3.166045925765756
5781,48.0,0,-2.7265523384731334
5782,51.0,1,3.813459898274832
5783,52.0,1,2.0103382802991403
5784,45.0,0,-5.353136334950482
5785,52.0,1,5.10277175208502
5786,53.0,1,2.644489813388785
5787,51.0,1,1.4580405516546369
5788,53.0,1,2.134182663915645
5789,47.0,0,-7.40160191392513
5790,50.0,0,-1.6075550159235632
5791,54.0,1,5.958668982860369
5792,47.0,0,-4.493004680365524
5793,52.0,1,2.5739012779703883
5794,55.0,1,3.67393672601374
5795,50.0,0,-0.7358805221471321
5796,52.0,1,2.3701430246162016
5797,51.0,1,3.439385251869246
5798,51.0,1,0.03088166475804475
5799,48.0,0,-2.3701476426415367
5800,50.0,0,-5.193537123781537
5801,51.0,1,-4.5987390285309555
5802,49.0,0,-0.5267455203253103
5803,50.0,0,-1.0207336429015557
5804,50.0,0,-0.4066871133094274
5805,49.0,0,-2.0661964424471595
5806,48.0,0,-2.663555596153033
5807,51.0,1,-0.27472678283331914
5808,50.0,0,-1.881499666133594
5809,50.0,0,-0.9763724993425047
5810,49.0,0,-3.342129987430939
5811,52.0,1,2.755748944706121
5812,54.0,1,3.610750586714736
5813,50.0,0,-1.5804064061821383
5814,53.0,1,1.8568089347060286
5815,49.0,0,-3.164208096233902
5816,51.0,1,2.8542231254491783
5817,53.0,1,6.005409982951715
5818,48.0,0,-4.256200533489917
5819,50.0,0,-3.237788822692903
5820,46.0,0,-5.275980222785963
5821,50.0,0,-1.8877124111811732
5822,51.0,1,1.9744116620996819
5823,54.0,1,3.503639912947262
5824,48.0,0,-1.2184698125106752
5825,50.0,0,-2.1617254608951084
5826,51.0,1,0.8773986174009805
5827,50.0,0,-0.29631160604242085
5828,52.0,1,2.8937547841905986
5829,52.0,1,-0.24492911935436792
5830,54.0,1,4.135476327976985
5831,53.0,1,2.85241589050667
5832,52.0,1,0.9941464997949259
5833,48.0,0,-4.081217174589552
5834,54.0,1,2.4741748515897743
5835,52.0,1,-0.2428047147948526
5836,47.0,0,-5.443294044513442
5837,48.0,0,-4.78297643345052
5838,50.0,0,-0.4769372642373359
5839,50.0,0,-0.5463427511345185
5840,50.0,0,4.332651390854877
5841,49.0,0,-4.713286738177844
5842,54.0,1,4.4671750637717
5843,49.0,0,-4.024830058107744
5844,48.0,0,-4.04462097542081
5845,48.0,0,-6.922746598213408
5846,52.0,1,4.244554273887237
5847,49.0,0,-2.5906483328791037
5848,53.0,1,0.6790475101951586
5849,47.0,0,-4.7078122757285685
5850,49.0,0,-2.8280362925282914
5851,52.0,1,-2.154223830551801
5852,52.0,1,5.24019706923244
5853,52.0,1,1.285003704153497
5854,49.0,0,-2.947987815161432
5855,51.0,1,0.41131243409688684
5856,49.0,0,0.6056921729561006
5857,51.0,1,-0.3087303642484568
5858,49.0,0,0.6042603640048526
5859,51.0,1,-0.6962250001777119
5860,49.0,0,-4.662348180712085
5861,51.0,1,0.5168181414131113
5862,49.0,0,-2.4927992105745975
5863,49.0,0,-1.8710832323053759
5864,50.0,0,0.6561752424787197
5865,54.0,1,2.205872756491618
5866,53.0,1,3.515949681524044
5867,50.0,0,-0.8456630612119671
5868,51.0,1,1.0185477578931352
5869,51.0,1,-3.2727291361621096
5870,51.0,1,1.0626407309802266
5871,52.0,1,0.045100997750026024
5872,52.0,1,2.7567062283606854
5873,54.0,1,6.544298968788571
5874,55.0,1,1.280286282951736
5875,46.0,0,-6.623447082776937
5876,52.0,1,0.006484064508722639
5877,48.0,0,-1.9794977939103378
5878,51.0,1,3.5626469814147206
5879,51.0,1,0.2572973532904261
5880,48.0,0,0.4913512414135337
5881,52.0,1,2.787856961980359
5882,54.0,1,3.630325965441575
5883,50.0,0,1.1144607049250765
5884,51.0,1,3.7448221368901726
5885,48.0,0,-4.805563424237259
5886,53.0,1,4.388690761458838
5887,49.0,0,-1.4634690965120476
5888,52.0,1,0.9848872577715936
5889,50.0,0,-0.48128390936828097
5890,52.0,1,2.0822805416062726
5891,53.0,1,0.9912250285983134
5892,47.0,0,-3.270430679011436
5893,47.0,0,-5.383772956350046
5894,49.0,0,-5.404716941808575
5895,51.0,1,2.1060014492078665
5896,47.0,0,-5.270917735682759
5897,52.0,1,1.2792292738155726
5898,52.0,1,-0.10157033914672838
5899,52.0,1,4.429467868662676
5900,49.0,0,-1.2114842451435124
5901,48.0,0,-1.0928351287672593
5902,49.0,0,1.34323107769822
5903,49.0,0,-6.4490726207246905
5904,48.0,0,-2.801993829356966
5905,54.0,1,4.017307742748809
5906,54.0,1,3.1053991336752333
5907,49.0,0,-2.6379006838122727
5908,46.0,0,-4.356821445431558
5909,55.0,1,5.954402330651142
5910,53.0,1,-0.09948811895797527
5911,55.0,1,3.3212240018911423
5912,51.0,1,4.457571960714494
5913,49.0,0,-1.444259871509529
5914,55.0,1,2.849706318765573
5915,49.0,0,-0.059716219412244365
5916,51.0,1,2.2227305434624407
5917,52.0,1,2.0639407052373753
5918,51.0,1,0.7105860555763792
5919,50.0,0,0.8696017432567268
5920,54.0,1,4.198075374228736
5921,54.0,1,-0.11232761832762689
5922,52.0,1,0.10416592897760125
5923,50.0,0,0.434503004717408
5924,54.0,1,1.3584211214329656
5925,48.0,0,-3.673116741371245
5926,50.0,0,-2.873679701054848
5927,49.0,0,-3.0376516095838935
5928,53.0,1,0.7999867557081114
5929,51.0,1,-0.14392881518112305
5930,53.0,1,-0.1050450139286034
5931,47.0,0,-3.152862614787589
5932,55.0,1,3.6953790640540873
5933,48.0,0,-5.421368040818309
5934,48.0,0,-4.161567305805014
5935,53.0,1,-0.4279720213461372
5936,52.0,1,1.9779152302705338
5937,50.0,0,1.8033924266057149
5938,53.0,1,2.1196101161068635
5939,52.0,1,0.494499939107486
5940,46.0,0,-6.964004570778392
5941,50.0,0,-1.6604385597111553
5942,48.0,0,-2.6030620489198957
5943,53.0,1,4.730842588054505
5944,48.0,0,-1.4702815881860796
5945,48.0,0,-2.7797889843065016
5946,53.0,1,3.312833914799204
5947,51.0,1,2.0311484141812746
5948,49.0,0,-1.08494905996528
5949,52.0,1,2.027635994033092
5950,52.0,1,0.7388390026053238
5951,52.0,1,-1.0091260870004917
5952,49.0,0,-6.959315869593951
5953,53.0,1,4.462049754034633
5954,51.0,1,0.26319465052761853
5955,50.0,0,-2.1532831629112823
5956,46.0,0,-5.496347820673597
5957,51.0,1,-1.2004292277793371
5958,49.0,0,-5.5913755154074725
5959,51.0,1,-0.3904571190151139
5960,45.0,0,-8.765783269101327
5961,49.0,0,-2.9898966679241865
5962,46.0,0,-4.344561385125185
5963,52.0,1,2.2897690387779623
5964,51.0,1,2.400131545655154
5965,52.0,1,4.652505777796711
5966,55.0,1,6.708212324968713
5967,50.0,0,-0.847229703804424
5968,50.0,0,-0.7084558830752893
5969,49.0,0,-1.2777614000226367
5970,50.0,0,0.8301128496203704
5971,51.0,1,-0.5995055263707919
5972,53.0,1,5.33372996147884
5973,49.0,0,-1.5036697895356572
5974,50.0,0,-2.0833978372653137
5975,48.0,0,-4.013121183052073
5976,52.0,1,1.3142292654151564
5977,50.0,0,-1.5922644658424767
5978,49.0,0,-1.940261400012633
5979,51.0,1,0.5165105953793038
5980,49.0,0,-1.833126712015654
5981,46.0,0,-5.824385050550875
5982,49.0,0,0.8657994919301899
5983,49.0,0,-2.8281212944767518
5984,47.0,0,-2.2792647768154053
5985,45.0,0,-6.968782458930569
5986,54.0,1,3.2264348813574797
5987,48.0,0,-5.240862513131743
5988,48.0,0,-1.987779126127449
5989,55.0,1,6.86050291595069
5990,51.0,1,0.8706111556298225
5991,52.0,1,0.40802600817107076
5992,53.0,1,2.5544050953860826
5993,52.0,1,1.1838838080438463
5994,49.0,0,-2.7720278165031216
5995,51.0,1,1.2978280179927344
5996,54.0,1,4.725312631734852
5997,48.0,0,-5.514034176008989
5998,55.0,1,2.699515193020301
5999,54.0,1,4.906134083502448
6000,53.0,1,2.780393462534275
6001,52.0,1,0.7554952643750067
6002,52.0,1,2.9681594900549073
6003,46.0,0,-4.257386162186989
6004,52.0,1,-1.3781554746107931
6005,53.0,1,4.80109060574588
6006,52.0,1,-0.4299010022091102
6007,49.0,0,-1.8427852005777083
6008,49.0,0,-1.3996710162792376
6009,51.0,1,-0.45242252992352566
6010,52.0,1,-2.2225387142771735
6011,51.0,1,0.2733343824146129
6012,53.0,1,1.8500965418863846
6013,52.0,1,1.6597944713647388
6014,53.0,1,1.2388757788682045
6015,49.0,0,-0.4707813477799167
6016,53.0,1,1.5078614519434688
6017,50.0,0,-1.0901988959015994
6018,48.0,0,-2.359204926401644
6019,49.0,0,-2.0570163979627027
6020,50.0,0,-2.778316716225189
6021,51.0,1,3.613611442813489
6022,55.0,1,5.125616401610965
6023,50.0,0,-1.2098253115086648
6024,51.0,1,0.4334601842392255
6025,51.0,1,-0.29327649286160334
6026,56.0,1,9.549634197058657
6027,49.0,0,-4.355197560675665
6028,51.0,1,2.729570838701405
6029,51.0,1,0.026253575601930767
6030,52.0,1,-0.6977990339617867
6031,50.0,0,1.3854441132255142
6032,51.0,1,0.1496831243419383
6033,51.0,1,3.2281035711849824
6034,50.0,0,-2.3980250648958075
6035,50.0,0,-4.960299028856713
6036,55.0,1,7.812557679802275
6037,52.0,1,-0.2724480126102246
6038,47.0,0,-3.540242559423355
6039,50.0,0,0.5097891870291609
6040,48.0,0,-1.0726155804305473
6041,52.0,1,3.2993717761092416
6042,48.0,0,-0.8933027328478652
6043,47.0,0,-3.521374187953823
6044,54.0,1,4.382820409244637
6045,51.0,1,1.4089094855926616
6046,48.0,0,-1.8126783306321455
6047,51.0,1,0.8578480068906844
6048,52.0,1,1.418513474501126
6049,49.0,0,-3.4128011996727206
6050,49.0,0,-1.7965479654295695
6051,52.0,1,-0.40800904925454706
6052,55.0,1,5.153125703765875
6053,50.0,0,-0.22467052956334202
6054,51.0,1,-3.085631439490726
6055,54.0,1,3.350850965152768
6056,48.0,0,-3.2175247604657544
6057,47.0,0,-2.368306711119988
6058,48.0,0,-1.407101957432802
6059,51.0,1,2.461451125408674
6060,50.0,0,2.0136014949414895
6061,53.0,1,3.241765323877276
6062,55.0,1,6.242305955032662
6063,51.0,1,-0.4830191038587806
6064,51.0,1,-1.403685612080953
6065,48.0,0,-5.209033270747792
6066,49.0,0,-0.43913626351084956
6067,48.0,0,-3.6984609412894547
6068,48.0,0,-3.2481469769756264
6069,49.0,0,-2.900240580605591
6070,53.0,1,1.8092955938652069
6071,52.0,1,3.5070359998810905
6072,46.0,0,-4.536437237190006
6073,47.0,0,-2.7164984333734083
6074,54.0,1,0.3437700787696348
6075,51.0,1,0.12089412597913163
6076,52.0,1,2.8345671146450995
6077,50.0,0,1.4078877169584374
6078,48.0,0,-5.574766117486024
6079,52.0,1,3.2320033307701657
6080,48.0,0,-2.6154858280829045
6081,54.0,1,6.070005135756568
6082,52.0,1,3.1202747736112446
6083,54.0,1,3.1651318365295875
6084,49.0,0,-1.5852952177048503
6085,45.0,0,-6.122560006398874
6086,49.0,0,-3.352274578430783
6087,50.0,0,-0.5048149912763715
6088,49.0,0,-1.0517295407956453
6089,52.0,1,-2.285615999539949
6090,50.0,0,0.4735511235216493
6091,51.0,1,-0.9442647153279754
6092,51.0,1,-0.41706121738216395
6093,51.0,1,1.5333444486253762
6094,49.0,0,-5.437266517149203
6095,48.0,0,-2.4074012945011405
6096,52.0,1,1.203599768348294
6097,50.0,0,-0.07596078503978662
6098,48.0,0,-0.7823923121910193
6099,48.0,0,-3.1665751766813104
6100,49.0,0,-4.563657509797169
6101,52.0,1,4.233624734878812
6102,49.0,0,-1.148271718592149
6103,52.0,1,3.9778401471452023
6104,50.0,0,-0.33561563765069186
6105,51.0,1,-1.2277584097091039
6106,54.0,1,3.351191495927216
6107,52.0,1,0.5777219584358065
6108,53.0,1,0.7686886716599332
6109,52.0,1,0.8030770533347584
6110,50.0,0,-4.309009480724413
6111,48.0,0,-6.657894805601204
6112,49.0,0,-4.381915177726437
6113,46.0,0,-4.834930503635734
6114,50.0,0,1.6028287183316963
6115,47.0,0,-5.698594324851935
6116,54.0,1,3.749282350569522
6117,48.0,0,-1.8942458528839767
6118,52.0,1,-0.29266678056930195
6119,53.0,1,3.6641566378624733
6120,49.0,0,-1.562363554886602
6121,52.0,1,2.6354341628976408
6122,50.0,0,-2.580156452780999
6123,53.0,1,3.3604200372938706
6124,48.0,0,-3.518921592580142
6125,50.0,0,-3.296193421954836
6126,51.0,1,1.0283746255066546
6127,49.0,0,-4.999195543940835
6128,51.0,1,-1.3386942166445868
6129,51.0,1,2.775875865729284
6130,51.0,1,1.2012584099648898
6131,48.0,0,-3.9733741454482625
6132,48.0,0,-2.222895828989835
6133,46.0,0,-7.432224919761884
6134,52.0,1,3.2306591517879752
6135,47.0,0,-3.5339331136677923
6136,51.0,1,0.6400531300333601
6137,47.0,0,-2.773071761325048
6138,48.0,0,-4.6260958074305165
6139,46.0,0,-2.5663993685066133
6140,49.0,0,-1.1768145310129092
6141,51.0,1,1.1283864033945172
6142,49.0,0,-0.7664604286858048
6143,50.0,0,1.3123519800898686
6144,49.0,0,-4.081542509170471
6145,53.0,1,1.0223228038253032
6146,50.0,0,-0.6615407589421722
6147,49.0,0,-2.5164182609737065
6148,46.0,0,-4.167213298333472
6149,55.0,1,7.514683015030495
6150,53.0,1,2.8867124892028606
6151,49.0,0,-2.2455961043278534
6152,51.0,1,-0.846364990983332
6153,50.0,0,-0.4919761785914436
6154,46.0,0,-3.4018827266050047
6155,54.0,1,7.272768246205105
6156,48.0,0,-4.478808323231408
6157,51.0,1,0.4013828580432811
6158,50.0,0,2.3151185661173708
6159,53.0,1,4.082308471385966
6160,48.0,0,-2.208509656810866
6161,53.0,1,1.049328804279439
6162,49.0,0,-5.020347140450388
6163,51.0,1,0.5950457632135508
6164,51.0,1,-0.4490843367685508
6165,49.0,0,-1.7173452787451826
6166,54.0,1,4.334141253665247
6167,54.0,1,6.724417967134306
6168,49.0,0,1.848634892884262
6169,49.0,0,-1.2876544392808724
6170,50.0,0,3.2186306698837983
6171,50.0,0,-2.990839656874568
6172,50.0,0,-0.12550449282457177
6173,50.0,0,2.0182836842145035
6174,52.0,1,-3.994694129775398
6175,54.0,1,4.639690873025725
6176,52.0,1,-2.3503369264506664
6177,48.0,0,0.6110759733699557
6178,51.0,1,-0.1697276750374742
6179,48.0,0,-0.8745446662730038
6180,47.0,0,-4.873163734224938
6181,54.0,1,5.406015416606612
6182,52.0,1,3.957592103530728
6183,51.0,1,0.9674056321587527
6184,51.0,1,-2.107263691991355
6185,48.0,0,0.03841485712588742
6186,53.0,1,2.5258576804837043
6187,51.0,1,3.023403408482011
6188,50.0,0,0.009308686072558765
6189,55.0,1,3.925544050489143
6190,50.0,0,-2.5669581292206063
6191,49.0,0,-1.6676796621247938
6192,49.0,0,-3.025446985005717
6193,52.0,1,1.3269713570620472
6194,54.0,1,2.2946897919870417
6195,49.0,0,-5.129203577649599
6196,45.0,0,-11.226484759776282
6197,55.0,1,5.380774918495649
6198,51.0,1,-1.2406647003638929
6199,54.0,1,4.193913743537799
6200,50.0,0,-0.7556215593679637
6201,55.0,1,4.361466238222448
6202,45.0,0,-7.4384398143485715
6203,54.0,1,3.6089716712326663
6204,52.0,1,0.8180401602350768
6205,52.0,1,2.6575610045016833
6206,53.0,1,3.510614364639729
6207,51.0,1,1.5897641384489263
6208,53.0,1,0.22166454710442934
6209,49.0,0,-1.3821962909932666
6210,50.0,0,-2.8889040201149245
6211,48.0,0,-5.882678922562871
6212,55.0,1,9.024284286744834
6213,50.0,0,0.15406237812925608
6214,51.0,1,1.318967898406335
6215,52.0,1,2.2427679846476707
6216,50.0,0,-1.5175437570493366
6217,49.0,0,-2.0460683803439417
6218,52.0,1,4.735834223682285
6219,49.0,0,-3.175378917608365
6220,49.0,0,-1.596422973125541
6221,48.0,0,-5.267915247742221
6222,50.0,0,-0.16669299560532547
6223,49.0,0,-1.4575115681359248
6224,51.0,1,2.651458136746794
6225,50.0,0,0.21543904501363914
6226,49.0,0,-1.7157549003032782
6227,55.0,1,4.5368847883022845
6228,51.0,1,-0.6089331643052226
6229,50.0,0,-3.1765176113395226
6230,47.0,0,-4.052358117344235
6231,52.0,1,2.4354512322579764
6232,50.0,0,-3.0899165658921275
6233,55.0,1,7.318693209610779
6234,48.0,0,-4.2665543204772405
6235,46.0,0,-6.545072055165723
6236,49.0,0,-4.975782171589221
6237,52.0,1,1.1172642357923153
6238,50.0,0,1.8595551053155606
6239,47.0,0,-1.7973133030801685
6240,52.0,1,4.3654637917855315
6241,52.0,1,-3.0548660929354607
6242,54.0,1,3.862766502366529
6243,50.0,0,-0.6521879112097198
6244,49.0,0,-2.440936338199763
6245,52.0,1,2.1346455958490984
6246,51.0,1,-1.5254430288238443
6247,51.0,1,2.679011920047001
6248,50.0,0,-1.476450333065912
6249,48.0,0,-1.9613675762425573
6250,52.0,1,4.7863377420126145
6251,51.0,1,-1.2013119800780263
6252,50.0,0,1.0940606869280696
6253,48.0,0,-2.945905432264655
6254,49.0,0,-3.5703809717400437
6255,50.0,0,0.06725589747374398
6256,47.0,0,-7.190530817395418
6257,47.0,0,-3.7427697418184973
6258,51.0,1,-2.6151686370568386
6259,51.0,1,-1.9800669531802007
6260,48.0,0,-0.9775849698901311
6261,49.0,0,1.431787207193688
6262,52.0,1,-0.5028557890847678
6263,53.0,1,4.93589828059104
6264,55.0,1,2.776580066707758
6265,51.0,1,-0.035431666358455204
6266,52.0,1,1.7096659414717692
6267,52.0,1,3.852821715226881
6268,52.0,1,0.24899615548975113
6269,49.0,0,-0.5697112029749222
6270,53.0,1,5.58860832217719
6271,51.0,1,1.181028989027847
6272,52.0,1,0.632851083878934
6273,52.0,1,-0.4358225141018574
6274,54.0,1,6.114445396669916
6275,55.0,1,3.349123615428442
6276,53.0,1,0.15744186714855196
6277,53.0,1,4.686282526518069
6278,52.0,1,2.4269973040529886
6279,49.0,0,-1.158958158596974
6280,51.0,1,1.2967067806113497
6281,52.0,1,2.839022789112462
6282,56.0,1,3.413408244323706
6283,48.0,0,-2.526571625312905
6284,50.0,0,3.7224497472586124
6285,53.0,1,0.8971232913575535
6286,45.0,0,-6.457005851961655
6287,51.0,1,2.5020268398808287
6288,45.0,0,-4.859188202459888
6289,48.0,0,-5.5545162873555665
6290,49.0,0,-1.0134330747920992
6291,45.0,0,-5.89228149186129
6292,52.0,1,1.998143217513347
6293,52.0,1,0.08594484414313645
6294,52.0,1,0.8019880343137206
6295,48.0,0,-4.205817620965943
6296,50.0,0,-1.8486155767470536
6297,52.0,1,-0.392158565132288
6298,48.0,0,-2.5046135932770666
6299,51.0,1,3.230210506909718
6300,48.0,0,0.18733083458187233
6301,50.0,0,2.381395332989352
6302,46.0,0,-7.987656519534724
6303,49.0,0,0.6014607465660109
6304,51.0,1,0.816364501175913
6305,52.0,1,0.21641122527529133
6306,56.0,1,4.568580708228699
6307,53.0,1,-0.47575113454821133
6308,50.0,0,-0.42433082532313154
6309,48.0,0,-5.800189648541223
6310,51.0,1,0.4466962243735538
6311,51.0,1,-1.196670968833072
6312,48.0,0,-1.5335130527093745
6313,52.0,1,4.074458824246824
6314,51.0,1,-1.1122522824916337
6315,49.0,0,-3.910661371977617
6316,50.0,0,-3.2121882573470404
6317,48.0,0,-0.8086822894934792
6318,49.0,0,-2.928613007398392
6319,49.0,0,-0.2769202049388602
6320,49.0,0,-4.621433655342432
6321,54.0,1,4.611452193779827
6322,45.0,0,-9.571078339139321
6323,50.0,0,0.3882374898942285
6324,52.0,1,1.5204502423386586
6325,52.0,1,1.5308329168556345
6326,55.0,1,7.898125430642607
6327,48.0,0,-4.679653207944497
6328,53.0,1,-0.3000366415870468
6329,46.0,0,-7.655954586510404
6330,49.0,0,-4.7440689509577965
6331,51.0,1,1.708022414047569
6332,49.0,0,-3.2997480234403658
6333,46.0,0,-4.335666607892456
6334,48.0,0,-1.8714243220400077
6335,54.0,1,4.0863721831308
6336,52.0,1,1.2373479004651382
6337,48.0,0,-1.9762940420008372
6338,49.0,0,-0.8934711585658308
6339,53.0,1,3.157313624938495
6340,47.0,0,-4.007992034675065
6341,54.0,1,4.754303149929591
6342,48.0,0,-3.492787147878689
6343,52.0,1,2.1813180771523815
6344,54.0,1,5.09176411726915
6345,52.0,1,2.8872069099440822
6346,54.0,1,5.7526564761039145
6347,51.0,1,-0.9975417096378849
6348,51.0,1,-1.3283427186504495
6349,50.0,0,-2.0521633582872156
6350,48.0,0,-1.4073040735537674
6351,49.0,0,-3.915859681858458
6352,52.0,1,0.5811028311929829
6353,45.0,0,-5.2729674530861965
6354,48.0,0,-3.170876501541794
6355,51.0,1,-1.5484914641661085
6356,52.0,1,1.400239249369896
6357,53.0,1,3.9360214653830434
6358,48.0,0,-3.2115979591306276
6359,49.0,0,-3.2022874451954024
6360,47.0,0,-5.5664231262948975
6361,52.0,1,3.7057031980092425
6362,50.0,0,-1.15911487083034
6363,48.0,0,-2.142635237290286
6364,50.0,0,-0.06624941171243663
6365,50.0,0,0.5670779863967806
6366,51.0,1,1.5223869882970373
6367,56.0,1,5.561691062137355
6368,49.0,0,-1.2659937010247309
6369,49.0,0,-0.25372991243935533
6370,53.0,1,2.1273861734843824
6371,51.0,1,-2.8712937821621844
6372,51.0,1,2.467958077345642
6373,54.0,1,3.8183296045674124
6374,52.0,1,-0.04344765580873912
6375,48.0,0,-4.177098516756464
6376,52.0,1,5.43411381557892
6377,50.0,0,-1.544666793551963
6378,52.0,1,0.9024982741719154
6379,50.0,0,-0.9039350415429436
6380,52.0,1,4.113565768795811
6381,47.0,0,-3.1254581812293836
6382,52.0,1,1.8316666012115226
6383,50.0,0,-4.984470415245533
6384,52.0,1,-1.5045715177688421
6385,52.0,1,0.17457187888795372
6386,48.0,0,-2.9694077515831667
6387,50.0,0,-0.9818239977115141
6388,52.0,1,1.3132490225221973
6389,55.0,1,7.1513171844251575
6390,51.0,1,2.1445087840343544
6391,45.0,0,-3.785835482188152
6392,54.0,1,1.6686476053633315
6393,50.0,0,-2.5550854091341013
6394,49.0,0,-3.8799059240403464
6395,53.0,1,2.8822631645484678
6396,48.0,0,-2.1558546992572767
6397,50.0,0,-0.8337891259665379
6398,51.0,1,3.7790597178295906
6399,52.0,1,1.8850782493818696
6400,52.0,1,1.5204588546246276
6401,50.0,0,1.1040733279385715
6402,50.0,0,1.0156593404600127
6403,48.0,0,-4.750060964741369
6404,51.0,1,-1.3950020461646733
6405,52.0,1,0.4179715810755006
6406,53.0,1,4.007945091305812
6407,49.0,0,-4.843555529893763
6408,54.0,1,4.328209371177012
6409,54.0,1,4.239789724238424
6410,49.0,0,-3.355751129658221
6411,49.0,0,-2.511731374843306
6412,51.0,1,0.2612088512655358
6413,49.0,0,-4.1396898693432105
6414,49.0,0,0.8433135498575556
6415,52.0,1,1.9001653635730686
6416,51.0,1,-2.9559983522056164
6417,52.0,1,3.0981811094528964
6418,49.0,0,-0.4266325330016066
6419,50.0,0,0.9145255374565656
6420,52.0,1,4.745897361537
6421,49.0,0,-1.5403360798764631
6422,52.0,1,2.0847893738052914
6423,50.0,0,-0.4427533501547358
6424,49.0,0,-4.800894503312115
6425,48.0,0,-2.1889855343541416
6426,49.0,0,-2.176654875675829
6427,49.0,0,-0.07363180255903051
6428,50.0,0,-1.782919981478601
6429,51.0,1,1.6974891991459304
6430,52.0,1,-0.6565058301483145
6431,50.0,0,-1.6617280309058913
6432,53.0,1,4.489979033529035
6433,50.0,0,-1.9468556011743774
6434,54.0,1,0.20059588590646327
6435,47.0,0,-4.343364742267841
6436,51.0,1,2.319033287481319
6437,51.0,1,-0.43671028220448016
6438,51.0,1,-1.3858703899907803
6439,49.0,0,-2.457512273007351
6440,49.0,0,-3.0324704737111277
6441,50.0,0,-2.919322866048496
6442,47.0,0,-3.406936917544736
6443,52.0,1,0.9898476835178647
6444,50.0,0,3.562495726771466
6445,47.0,0,-6.297593094402944
6446,51.0,1,-1.6151794209807064
6447,48.0,0,-3.8020754776473407
6448,54.0,1,5.660224625235776
6449,53.0,1,1.7745232274758427
6450,46.0,0,-2.9104833686619638
6451,51.0,1,0.9606732825432679
6452,53.0,1,0.05212200093025802
6453,47.0,0,-3.825996986298128
6454,53.0,1,1.861864547810307
6455,50.0,0,-1.8174753831644612
6456,54.0,1,4.029482057160566
6457,53.0,1,3.656063556308575
6458,52.0,1,0.6739734396036771
6459,51.0,1,2.3657441784404747
6460,48.0,0,-3.5735224696876418
6461,52.0,1,3.452591067909286
6462,56.0,1,5.381234590501212
6463,49.0,0,-2.593919419194986
6464,44.0,0,-8.561617170520401
6465,51.0,1,0.4682356073176613
6466,48.0,0,-3.6965723323516704
6467,50.0,0,-2.8736470821200917
6468,50.0,0,-1.7430370729168099
6469,52.0,1,5.340935620867941
6470,52.0,1,2.9024321409767104
6471,53.0,1,6.274035837878411
6472,54.0,1,8.113278568757298
6473,53.0,1,4.053783236981587
6474,53.0,1,0.49967556632700816
6475,49.0,0,-3.8427058779693772
6476,51.0,1,-0.13083344136041317
6477,50.0,0,-0.32430015199290113
6478,54.0,1,5.29742141049617
6479,52.0,1,1.6463020138143845
6480,51.0,1,-1.4119660286954436
6481,47.0,0,-5.989888680243466
6482,50.0,0,-1.8025998665573713
6483,50.0,0,1.8304479575650945
6484,52.0,1,1.0079954470442398
6485,51.0,1,-0.7653459424837371
6486,50.0,0,-0.37402268203039385
6487,53.0,1,3.638724027853872
6488,52.0,1,0.05740553445475172
6489,48.0,0,-2.4163969331484894
6490,49.0,0,-2.1237265061412915
6491,55.0,1,3.7054587448977165
6492,49.0,0,-2.9406119733992195
6493,51.0,1,2.3667161007726247
6494,51.0,1,-3.658929209513469
6495,50.0,0,3.7982431439708586
6496,49.0,0,2.641850442338888
6497,53.0,1,4.220993028259477
6498,50.0,0,0.5555426113445827
6499,48.0,0,-5.152060884380817
6500,51.0,1,4.01690910530329
6501,51.0,1,-0.17624683985192272
6502,50.0,0,-0.6313625172503989
6503,51.0,1,3.558669915644699
6504,50.0,0,-3.713368960182881
6505,48.0,0,-4.904700442356532
6506,53.0,1,0.590174025002794
6507,49.0,0,-1.5189433602546878
6508,50.0,0,1.5274850172566545
6509,48.0,0,-4.078577625158047
6510,52.0,1,2.510863165549156
6511,51.0,1,-0.2606553562538836
6512,53.0,1,5.340411736632857
6513,51.0,1,1.7748584795760225
6514,55.0,1,4.09782883478899
6515,51.0,1,0.7489769211825996
6516,50.0,0,-1.7864181906592531
6517,50.0,0,-1.2577745135607679
6518,47.0,0,-5.977183361494845
6519,53.0,1,3.6850438281544067
6520,52.0,1,4.822179331713273
6521,49.0,0,-0.775396893211179
6522,51.0,1,0.3074640692520607
6523,49.0,0,-2.2806109974000406
6524,50.0,0,2.8998098234071676
6525,52.0,1,3.066280532311875
6526,48.0,0,-4.420004812636961
6527,52.0,1,3.1705409507880518
6528,52.0,1,-2.5100976743915027
6529,50.0,0,2.4886540796893892
6530,51.0,1,2.118495103546822
6531,50.0,0,1.644016090719282
6532,50.0,0,-1.6415703766350935
6533,54.0,1,2.6495357796331516
6534,51.0,1,0.5626677639824575
6535,50.0,0,-1.454805275756338
6536,50.0,0,-2.1768635839514077
6537,49.0,0,-4.217485317851323
6538,49.0,0,-3.19964791878383
6539,50.0,0,1.5994806701013589
6540,51.0,1,3.4598982928636373
6541,49.0,0,-4.036773844086037
6542,48.0,0,-1.119101816876196
6543,49.0,0,-1.9296258373613462
6544,48.0,0,-2.5146025989170218
6545,51.0,1,-1.0469647401315827
6546,55.0,1,4.114526067976882
6547,50.0,0,-1.3444599281137497
6548,49.0,0,-2.394261126204542
6549,56.0,1,5.266258767249546
6550,47.0,0,-6.62384664677052
6551,51.0,1,-0.4471536139349252
6552,52.0,1,0.6206359206118768
6553,49.0,0,-1.047830732941687
6554,49.0,0,-0.9274783060887034
6555,55.0,1,5.413883423177989
6556,52.0,1,3.2497460346156446
6557,52.0,1,2.4294793609481733
6558,46.0,0,-4.973512847137744
6559,52.0,1,0.5273486454337762
6560,54.0,1,4.1664162026132034
6561,50.0,0,-3.214630724890525
6562,51.0,1,0.8673737233351874
6563,49.0,0,0.9282960079735524
6564,50.0,0,-3.9138751406092536
6565,49.0,0,-0.19826883876770596
6566,49.0,0,-5.276798429012261
6567,48.0,0,-1.2052769592213146
6568,48.0,0,-5.015667696629901
6569,53.0,1,2.582313355748936
6570,52.0,1,5.730590850524186
6571,54.0,1,6.998248675709577
6572,46.0,0,-4.912047166113465
6573,51.0,1,0.11249191049725908
6574,53.0,1,3.9206896214357774
6575,56.0,1,10.75149550297011
6576,49.0,0,-2.5777481831237132
6577,49.0,0,0.2718969988118079
6578,51.0,1,0.3491938741338592
6579,50.0,0,0.0846597032839697
6580,46.0,0,-5.567553483414986
6581,52.0,1,1.7088956000597013
6582,50.0,0,-5.752723458508851
6583,46.0,0,-7.048873530737956
6584,52.0,1,-1.1539803761100669
6585,47.0,0,-5.628599346515035
6586,50.0,0,0.1558695551103363
6587,51.0,1,-0.7247670429702797
6588,52.0,1,2.163203528047493
6589,50.0,0,-3.1927492037409744
6590,50.0,0,1.405173204493924
6591,55.0,1,0.05614812082563966
6592,48.0,0,-4.479437403768896
6593,51.0,1,-0.6218851424045262
6594,50.0,0,0.6417845180994811
6595,52.0,1,1.8764621246043416
6596,47.0,0,-6.71436154081965
6597,51.0,1,1.808194173480552
6598,53.0,1,2.561388527182087
6599,54.0,1,2.9786758450678943
6600,53.0,1,3.2047308478981242
6601,48.0,0,-2.272512035780202
6602,49.0,0,-1.2535049264153404
6603,48.0,0,-1.3037717537970055
6604,51.0,1,0.3960178106418985
6605,49.0,0,0.7581030572705627
6606,52.0,1,3.632716690735499
6607,50.0,0,-0.22617116925674607
6608,49.0,0,-1.2150614730391642
6609,47.0,0,-4.130336118938567
6610,51.0,1,-1.0691482254490143
6611,50.0,0,0.23159639817690347
6612,53.0,1,4.054804565968836
6613,55.0,1,3.669397641678159
6614,55.0,1,5.981409913946388
6615,51.0,1,-1.8446645569041056
6616,55.0,1,3.9657042382868
6617,50.0,0,-0.2010245627931638
6618,51.0,1,2.495846860783628
6619,48.0,0,-1.6521700968000015
6620,49.0,0,-3.405308328343321
6621,54.0,1,5.386261640790433
6622,50.0,0,1.2453860762558095
6623,50.0,0,2.956844690004693
6624,52.0,1,1.577227637956593
6625,52.0,1,0.6461867980932221
6626,52.0,1,2.2968603729375143
6627,50.0,0,-0.5812393597719706
6628,51.0,1,-4.091718775195141
6629,50.0,0,1.229301976762854
6630,51.0,1,0.45732923645422285
6631,47.0,0,-3.6360355857227007
6632,52.0,1,0.8812213431541595
6633,49.0,0,-0.024455737519709232
6634,51.0,1,-0.9175807350308541
6635,47.0,0,-3.9938300564471265
6636,52.0,1,0.40906733203113615
6637,50.0,0,0.3653527593142249
6638,49.0,0,-0.33564664872839617
6639,53.0,1,2.986020811210045
6640,52.0,1,-0.7847081486720245
6641,47.0,0,-4.750450354775363
6642,49.0,0,-3.2722476877163333
6643,52.0,1,3.182527008670282
6644,51.0,1,-2.0913407938333144
6645,54.0,1,7.6412559012616335
6646,55.0,1,4.485685523087955
6647,51.0,1,-1.0985871529771611
6648,47.0,0,-6.571296217327857
6649,47.0,0,-2.3721258341665905
6650,48.0,0,-2.532428156238502
6651,52.0,1,1.1815970900915205
6652,51.0,1,1.4265103300011606
6653,50.0,0,-0.7456649387164966
6654,54.0,1,5.543468955263834
6655,50.0,0,0.43977570918248166
6656,51.0,1,-0.6813928610086727
6657,53.0,1,3.3253936416735987
6658,50.0,0,-2.940017638348052
6659,48.0,0,-0.31577954228144034
6660,48.0,0,-1.4545817493201145
6661,53.0,1,1.4332941700883113
6662,49.0,0,1.3768184495878648
6663,53.0,1,3.055953839784027
6664,52.0,1,3.7775926590027424
6665,52.0,1,1.9782506983201211
6666,51.0,1,-0.4759047642455517
6667,54.0,1,4.156387493528757
6668,50.0,0,0.36476540277075403
6669,53.0,1,2.57581792097358
6670,52.0,1,-0.14169798398140845
6671,54.0,1,4.275978978738908
6672,49.0,0,-3.543668726307672
6673,49.0,0,-3.1790351513103614
6674,51.0,1,1.9360666661947217
6675,53.0,1,0.6885667137439059
6676,51.0,1,-1.5177754662036709
6677,46.0,0,-6.159460818327683
6678,48.0,0,-2.80326476397824
6679,50.0,0,-4.559703779526568
6680,49.0,0,-0.9895009023760795
6681,47.0,0,-4.77459437030726
6682,53.0,1,3.50012624873802
6683,54.0,1,5.180634305630912
6684,48.0,0,-8.841155854802178
6685,50.0,0,0.5199529014357068
6686,53.0,1,3.1605997983879313
6687,50.0,0,2.6014485568470453
6688,51.0,1,-0.9384855475263083
6689,44.0,0,-10.195655873883474
6690,49.0,0,-2.542586678131433
6691,50.0,0,0.9509369311053965
6692,52.0,1,-0.5908537102586415
6693,50.0,0,-3.572764939251714
6694,49.0,0,-2.157553992177073
6695,56.0,1,9.223033159517556
6696,53.0,1,3.251750655191071
6697,45.0,0,-7.09611097583947
6698,48.0,0,1.2538345142940088
6699,49.0,0,-2.914798562790121
6700,51.0,1,-2.204650981406885
6701,52.0,1,4.208271946031055
6702,53.0,1,3.981306067936838
6703,47.0,0,-3.197997089406887
6704,47.0,0,-4.199736749466181
6705,51.0,1,1.6917587051066487
6706,52.0,1,0.18841542507967493
6707,51.0,1,-0.1358321735306504
6708,50.0,0,0.5619530248109996
6709,54.0,1,2.687952400399805
6710,52.0,1,-0.021752778356501246
6711,52.0,1,0.28248436549215333
6712,51.0,1,-0.5362426539697361
6713,51.0,1,0.33644662298179867
6714,54.0,1,6.240313191175867
6715,50.0,0,-1.9335016082264258
6716,51.0,1,0.23335920687713416
6717,49.0,0,0.7552536394839419
6718,53.0,1,0.7867481763974754
6719,47.0,0,-5.41430644439416
6720,49.0,0,-1.5483912927839873
6721,55.0,1,1.6208949304971851
6722,49.0,0,-3.2304014771271667
6723,51.0,1,-1.6135474573170134
6724,51.0,1,1.1513704421631055
6725,54.0,1,3.1212109071661573
6726,53.0,1,-2.057038395062807
6727,52.0,1,2.3955934117994535
6728,53.0,1,2.3127152969167515
6729,55.0,1,5.579103162503039
6730,48.0,0,-2.638411391954845
6731,55.0,1,4.1078673279081706
6732,55.0,1,3.900592011823591
6733,51.0,1,-1.0032061146060451
6734,52.0,1,3.7831029163020142
6735,48.0,0,-4.75402225083579
6736,50.0,0,-3.039667859995726
6737,50.0,0,-0.5841209733509078
6738,46.0,0,-6.050891362070929
6739,51.0,1,-0.13421662384114388
6740,51.0,1,2.4027868180504144
6741,52.0,1,1.7789073073604937
6742,49.0,0,-1.6171051804469467
6743,53.0,1,4.686671613866282
6744,51.0,1,1.340439600242299
6745,52.0,1,3.564856506877291
6746,55.0,1,5.897844909603844
6747,51.0,1,-1.0816477146182297
6748,48.0,0,0.5600540443187598
6749,50.0,0,0.9904385062693832
6750,50.0,0,-0.6924708070375095
6751,54.0,1,5.249563646378309
6752,51.0,1,2.3299017683868093
6753,50.0,0,-3.2634377701007056
6754,47.0,0,-4.03344972109875
6755,50.0,0,-3.870925584752877
6756,50.0,0,-1.5031831643447928
6757,50.0,0,-2.0809861555914333
6758,50.0,0,2.051370297480808
6759,52.0,1,2.3527995563284554
6760,52.0,1,2.1862255619942843
6761,48.0,0,-4.012591425218204
6762,51.0,1,0.5000323833250324
6763,54.0,1,4.639560868583153
6764,51.0,1,2.0819568934887127
6765,50.0,0,0.1491222175420274
6766,46.0,0,-6.486844848997899
6767,48.0,0,-1.5054070204061036
6768,50.0,0,1.6147156225685941
6769,50.0,0,1.6364895488519586
6770,48.0,0,-1.1653589799870963
6771,48.0,0,-3.5908205743471053
6772,50.0,0,1.6601401602052281
6773,52.0,1,-1.6795646843291936
6774,54.0,1,4.8343985357435155
6775,52.0,1,1.3689284602909901
6776,47.0,0,-3.168261134342377
6777,47.0,0,-3.5402101300730977
6778,49.0,0,0.10828444174738328
6779,52.0,1,1.0030848705210487
6780,55.0,1,5.194426299126397
6781,52.0,1,-1.6932848675033694
6782,47.0,0,-3.8367370887915033
6783,49.0,0,-3.5062441869659526
6784,51.0,1,1.855203565082108
6785,48.0,0,-5.980410960755649
6786,53.0,1,2.2286458308368977
6787,52.0,1,-0.8077340313646318
6788,50.0,0,-0.461408170109063
6789,52.0,1,0.7704289028521127
6790,50.0,0,0.5644588861787759
6791,50.0,0,-0.5896971471373353
6792,51.0,1,1.3723475293414276
6793,52.0,1,-0.8664061961640372
6794,50.0,0,-0.39732139160384383
6795,50.0,0,0.8704788461354701
6796,53.0,1,6.647092224767575
6797,50.0,0,-1.83175934741052
6798,46.0,0,-4.225881281784298
6799,47.0,0,-4.215475017430727
6800,47.0,0,-4.431526610839179
6801,52.0,1,0.9929556034609471
6802,53.0,1,2.4066120467416066
6803,51.0,1,-1.578808987071003
6804,49.0,0,-1.2585431387425214
6805,46.0,0,-5.015863438634636
6806,48.0,0,-7.81379542604304
6807,49.0,0,-4.891258160179788
6808,50.0,0,-0.5845976402557643
6809,49.0,0,-0.40576031982323785
6810,51.0,1,1.8375930356937995
6811,54.0,1,2.329393107075819
6812,51.0,1,-1.2210354152847451
6813,52.0,1,5.450505652513703
6814,49.0,0,-1.586574445249029
6815,49.0,0,-1.0896497400046277
6816,51.0,1,-0.914118833856811
6817,45.0,0,-6.05864816924858
6818,48.0,0,-3.8958403364401017
6819,50.0,0,-0.0018758949591858027
6820,52.0,1,-0.6300578708939448
6821,52.0,1,0.3694021622027791
6822,52.0,1,-0.700380870763626
6823,52.0,1,0.9383221095560896
6824,52.0,1,0.4583571345393817
6825,52.0,1,2.8451411586644757
6826,51.0,1,1.752398594425563
6827,51.0,1,-0.858872578205379
6828,52.0,1,0.6871557954623746
6829,48.0,0,-2.031430800394749
6830,47.0,0,-6.691125636822859
6831,50.0,0,1.7460957288627101
6832,47.0,0,-2.299334521615425
6833,55.0,1,0.38891229493012025
6834,51.0,1,1.9980026549043122
6835,47.0,0,-6.023947005487369
6836,53.0,1,1.2613877350930245
6837,49.0,0,-4.382433750627522
6838,52.0,1,1.2298859693281352
6839,48.0,0,-3.2574704808743626
6840,53.0,1,5.545434621095792
6841,54.0,1,3.830585113661925
6842,53.0,1,2.0846316108997214
6843,49.0,0,-0.6257870132066355
6844,48.0,0,-5.3918797614750495
6845,52.0,1,2.836974451473485
6846,49.0,0,-1.922824631086184
6847,52.0,1,3.8383274799636946
6848,51.0,1,-0.25113805056005245
6849,49.0,0,-1.738406341480205
6850,51.0,1,-0.07231047200147818
6851,53.0,1,2.8832795695009605
6852,50.0,0,-0.25550616414990845
6853,52.0,1,3.6548641071149315
6854,50.0,0,-2.148204973007032
6855,51.0,1,3.7410383449166402
6856,51.0,1,3.338751119058555
6857,52.0,1,1.851272046431838
6858,53.0,1,3.872067981456867
6859,49.0,0,-3.0336132783599874
6860,49.0,0,-2.7661851569479947
6861,51.0,1,-1.3921171608727054
6862,49.0,0,-3.3261936295098384
6863,49.0,0,-1.411859163722934
6864,51.0,1,3.815955865292758
6865,51.0,1,0.2549667321755345
6866,51.0,1,-1.6137970785831406
6867,53.0,1,3.5246712191675917
6868,51.0,1,0.8735869160856987
6869,53.0,1,1.5440433665620314
6870,50.0,0,-3.910792583212915
6871,50.0,0,1.5136113965091949
6872,53.0,1,2.7481984746575
6873,52.0,1,-0.4025068931782136
6874,55.0,1,6.000385149722118
6875,46.0,0,-8.192895250709451
6876,55.0,1,6.535568720898468
6877,52.0,1,0.8725739312476708
6878,54.0,1,7.356073915841145
6879,54.0,1,2.905310961087291
6880,52.0,1,-1.8930724917907473
6881,54.0,1,0.710087914140199
6882,52.0,1,2.074725265832244
6883,54.0,1,5.33123486060352
6884,48.0,0,-3.7150207390291756
6885,54.0,1,2.6475355474863767
6886,48.0,0,-4.063933514684693
6887,51.0,1,-0.6040338002545051
6888,52.0,1,-0.8833456603964065
6889,51.0,1,0.0009369673522962144
6890,44.0,0,-9.062874877992934
6891,51.0,1,1.0184455009059925
6892,52.0,1,3.174079121542672
6893,52.0,1,-0.23254452928721045
6894,47.0,0,-4.282731006917802
6895,48.0,0,-1.0125053961124617
6896,50.0,0,0.48067232184803677
6897,53.0,1,2.11255663297211
6898,50.0,0,-0.17369305055475331
6899,53.0,1,0.37105716174667885
6900,52.0,1,2.3471856978884262
6901,52.0,1,1.513749566480166
6902,51.0,1,0.7022959149966231
6903,54.0,1,4.224116711388829
6904,49.0,0,-1.0649966171180183
6905,50.0,0,0.5769509502019571
6906,51.0,1,-0.5976135973874988
6907,47.0,0,-2.30640279653712
6908,48.0,0,-3.6843376167834525
6909,51.0,1,2.0990399448429424
6910,52.0,1,3.488441045212313
6911,53.0,1,2.7146979635404103
6912,52.0,1,3.1588906872333733
6913,53.0,1,1.6854770058677104
6914,50.0,0,2.317252058936496
6915,57.0,1,5.142927278199862
6916,54.0,1,6.184473636672242
6917,47.0,0,-4.966979084779254
6918,50.0,0,-0.7836211449115779
6919,54.0,1,3.2446296839710067
6920,48.0,0,-6.076678683397411
6921,49.0,0,1.6272838803524345
6922,48.0,0,-5.349036350831744
6923,48.0,0,-1.313788795518882
6924,48.0,0,-0.5532129888525973
6925,54.0,1,5.978494896646962
6926,50.0,0,0.3089072199721742
6927,46.0,0,-6.094532656871793
6928,50.0,0,-3.9598897578845307
6929,52.0,1,1.9823236192697995
6930,51.0,1,2.0308572059934957
6931,46.0,0,-6.4904258089148
6932,50.0,0,2.28300087875965
6933,51.0,1,-2.53121600619801
6934,48.0,0,-7.129887786306329
6935,50.0,0,-2.484544918731544
6936,47.0,0,-4.6802106057757
6937,49.0,0,3.1375841833032547
6938,52.0,1,3.407235714261694
6939,51.0,1,-1.495288692322405
6940,54.0,1,5.348982945541026
6941,51.0,1,-2.4016004962092907
6942,48.0,0,-2.3658570529340777
6943,50.0,0,-1.6189972821742908
6944,52.0,1,3.2083375602624757
6945,53.0,1,1.7059184366605105
6946,49.0,0,2.4884573027530994
6947,52.0,1,4.136083115968657
6948,49.0,0,-3.5813873571576806
6949,51.0,1,-1.2050416952164889
6950,48.0,0,-1.3012617847829155
6951,49.0,0,1.485316364543368
6952,52.0,1,0.637583824156213
6953,53.0,1,2.4932192333601435
6954,53.0,1,5.251264213078726
6955,52.0,1,3.0513023942851256
6956,52.0,1,2.7514260272038302
6957,50.0,0,-0.46483294584504514
6958,49.0,0,-2.7243507593065615
6959,49.0,0,-3.7683015300225238
6960,51.0,1,1.556053379987602
6961,51.0,1,-0.06607820094062944
6962,52.0,1,3.5915619981216436
6963,51.0,1,0.025055135599418698
6964,48.0,0,-3.7433274884290966
6965,52.0,1,2.0856904806711722
6966,55.0,1,4.479489082211377
6967,52.0,1,-1.4689860308574605
6968,54.0,1,-0.835871073270946
6969,53.0,1,0.7287969285549486
6970,55.0,1,7.742547113023446
6971,52.0,1,0.6277568454626065
6972,50.0,0,-0.30984825507569863
6973,50.0,0,-0.11042929420898533
6974,49.0,0,-1.827962900698669
6975,53.0,1,1.4455583966072498
6976,49.0,0,0.4222556612094721
6977,49.0,0,-2.4461265938569783
6978,55.0,1,6.1675407329407586
6979,51.0,1,0.6352974394203316
6980,49.0,0,-2.1326589385827215
6981,51.0,1,0.8089431842159037
6982,50.0,0,-1.1589425823428168
6983,51.0,1,0.5740913389965653
6984,54.0,1,2.8258719522060756
6985,50.0,0,-4.46924587026876
6986,52.0,1,5.054112032056097
6987,51.0,1,-1.2046279080483533
6988,56.0,1,11.135205442122507
6989,51.0,1,-3.5707511664676312
6990,51.0,1,4.701030589882959
6991,46.0,0,-6.762232554419334
6992,51.0,1,-0.4570262477166447
6993,52.0,1,-0.872122700084242
6994,51.0,1,1.3270720341809519
6995,48.0,0,-4.888978651546356
6996,50.0,0,2.123637689617644
6997,48.0,0,-0.5879084646711422
6998,52.0,1,0.2962398635214411
6999,49.0,0,-0.2849212806270743
7000,50.0,0,-2.233341003998253
7001,48.0,0,-1.6458919003736416
7002,50.0,0,-0.7650625488028419
7003,47.0,0,-6.2602217685679795
7004,51.0,1,-2.2490487921436846
7005,46.0,0,-9.095722525781804
7006,49.0,0,-1.0959373752700772
7007,54.0,1,5.511979836742079
7008,51.0,1,-1.358815440973469
7009,45.0,0,-5.207890367271248
7010,52.0,1,2.717800775437847
7011,51.0,1,-1.2077072624446075
7012,48.0,0,-3.2109354525321363
7013,49.0,0,-1.4259837906801336
7014,47.0,0,-5.078783507119503
7015,51.0,1,-0.36708230342850723
7016,53.0,1,1.4250748336469605
7017,50.0,0,0.6388702528637804
7018,55.0,1,5.915483103718778
7019,51.0,1,3.4676384432634677
7020,52.0,1,0.4285061094902541
7021,51.0,1,-1.6643508144422015
7022,47.0,0,-4.944011704680905
7023,47.0,0,-3.3586024674164867
7024,55.0,1,5.664764796700711
7025,52.0,1,1.6649250105210573
7026,50.0,0,0.11224572175230423
7027,50.0,0,-3.332933351551919
7028,48.0,0,0.9054618146430186
7029,52.0,1,-3.2270799416274683
7030,50.0,0,-3.862741179169742
7031,54.0,1,3.843488290274444
7032,49.0,0,-3.272084819083607
7033,50.0,0,-3.3041541239509145
7034,50.0,0,-1.2632598915044682
7035,50.0,0,3.403212910784516
7036,49.0,0,-2.4227320749375965
7037,53.0,1,0.8170497350693778
7038,50.0,0,-0.42365410279004617
7039,51.0,1,0.34811481550778994
7040,52.0,1,2.2005258773233134
7041,50.0,0,-0.24477652540741457
7042,49.0,0,-2.70943443245807
7043,52.0,1,1.2227935102840308
7044,49.0,0,-4.61372131237805
7045,53.0,1,2.2491725230341486
7046,53.0,1,2.60474406289468
7047,50.0,0,3.289464147235312
7048,52.0,1,1.9935570995061431
7049,53.0,1,2.9340038824763375
7050,51.0,1,-0.40383279244567766
7051,46.0,0,-5.049977153740168
7052,49.0,0,-0.49093095585286417
7053,47.0,0,-5.6138340825944475
7054,46.0,0,-4.666920962600416
7055,52.0,1,2.9503299295004166
7056,53.0,1,5.495130698098913
7057,51.0,1,-1.4058292601286555
7058,55.0,1,4.378563514123942
7059,51.0,1,-0.33227355321105045
7060,50.0,0,0.7947070513068468
7061,48.0,0,-6.622160360521832
7062,54.0,1,5.379922685266985
7063,49.0,0,-1.3787645797014605
7064,51.0,1,2.9255830856160276
7065,49.0,0,-3.4915107976846884
7066,50.0,0,0.422523374538276
7067,50.0,0,-2.034306209706522
7068,50.0,0,-1.0986333185523065
7069,53.0,1,-1.2608065384592662
7070,49.0,0,-5.499478213547643
7071,51.0,1,2.579312945458794
7072,55.0,1,7.359484423265897
7073,49.0,0,-0.8298789507128733
7074,51.0,1,-0.1845377249524105
7075,50.0,0,-0.9903880517251507
7076,49.0,0,-1.7918067674991756
7077,54.0,1,4.545883438168407
7078,46.0,0,-6.193630650131137
7079,49.0,0,0.5595096596504239
7080,51.0,1,-1.5397325349894133
7081,53.0,1,4.8330838842890005
7082,50.0,0,-1.068651649596538
7083,48.0,0,-3.7346479412416445
7084,51.0,1,0.4810331178961706
7085,52.0,1,0.5295370778685451
7086,53.0,1,4.048783855810117
7087,54.0,1,7.502724414851457
7088,54.0,1,5.158263707526405
7089,51.0,1,1.2821835131827553
7090,49.0,0,-1.5338417468945174
7091,54.0,1,3.2882002269954054
7092,55.0,1,7.336857731342393
7093,46.0,0,-6.995473127220509
7094,54.0,1,2.3276850052036697
7095,50.0,0,0.26705488085427526
7096,52.0,1,0.7087401641336294
7097,48.0,0,-5.134568525378132
7098,49.0,0,-2.500094225878334
7099,50.0,0,-2.1818690190038796
7100,51.0,1,0.9964936747439899
7101,43.0,0,-8.155932993033435
7102,52.0,1,0.5170796461783472
7103,56.0,1,5.949822320515428
7104,52.0,1,1.1182302722786626
7105,48.0,0,0.25524204184795707
7106,55.0,1,8.136364963486661
7107,52.0,1,4.968749291326247
7108,50.0,0,-1.0974324716074273
7109,47.0,0,-4.643835807481168
7110,47.0,0,-4.192285628604427
7111,51.0,1,2.015145360349595
7112,50.0,0,0.8953851518579864
7113,50.0,0,-0.7909057589929116
7114,53.0,1,2.823248280722868
7115,52.0,1,-0.961307874970488
7116,54.0,1,4.48526768547734
7117,49.0,0,-3.9259463945155946
7118,48.0,0,-5.114920996604068
7119,55.0,1,7.194739085232441
7120,52.0,1,3.3678931185893264
7121,53.0,1,0.7612179603777662
7122,53.0,1,4.152824674593818
7123,53.0,1,4.05691152365357
7124,51.0,1,-1.544830451791735
7125,54.0,1,4.2911830570003895
7126,54.0,1,6.777518086317854
7127,53.0,1,4.612276338711614
7128,51.0,1,1.0766298324622414
7129,52.0,1,1.9858783278044976
7130,51.0,1,-0.4993275245974025
7131,50.0,0,-0.41624018887351666
7132,55.0,1,6.810016972739623
7133,54.0,1,8.373234600699211
7134,52.0,1,-0.9341881483483587
7135,54.0,1,4.538794687144677
7136,50.0,0,-2.245000988707568
7137,53.0,1,0.3382223060174075
7138,52.0,1,2.862792325390354
7139,50.0,0,-0.20335945193316848
7140,53.0,1,0.7736024798762228
7141,56.0,1,4.954626567672919
7142,52.0,1,3.4433217097279245
7143,51.0,1,1.6295801070682838
7144,44.0,0,-8.37182558694972
7145,52.0,1,5.3227785395611935
7146,52.0,1,4.910296916419332
7147,48.0,0,-3.3339644323287767
7148,49.0,0,-3.877063205628864
7149,54.0,1,3.4822232526835126
7150,53.0,1,2.701024516401364
7151,50.0,0,0.8890837594244282
7152,52.0,1,-1.1632636028470957
7153,49.0,0,-4.6711657592431886
7154,50.0,0,-2.0061444433507925
7155,52.0,1,3.262358721801829
7156,54.0,1,4.972821162132161
7157,48.0,0,-6.1001574583054605
7158,54.0,1,6.556850080651312
7159,53.0,1,2.7755546757540506
7160,49.0,0,-5.5483700422586475
7161,46.0,0,-4.040136853285512
7162,50.0,0,-0.49089205680845044
7163,51.0,1,2.9327796414968215
7164,54.0,1,3.1522289925236775
7165,43.0,0,-8.893949994085498
7166,48.0,0,-4.773265023690387
7167,50.0,0,-2.835856463452738
7168,48.0,0,-1.2982364438398966
7169,51.0,1,0.1610051543367581
7170,51.0,1,2.0172263871512137
7171,45.0,0,-7.8991286103023395
7172,52.0,1,3.3505097666712778
7173,51.0,1,-0.7990923265132797
7174,52.0,1,1.8495639096121796
7175,54.0,1,4.786425036673218
7176,49.0,0,-0.7293582845541996
7177,47.0,0,-2.185190483476595
7178,53.0,1,0.7431121770195327
7179,49.0,0,-1.8188775683732452
7180,47.0,0,-2.9915944581132647
7181,50.0,0,-2.232085554405018
7182,52.0,1,4.538748423560026
7183,47.0,0,-4.970790257590062
7184,51.0,1,-2.1516725961086496
7185,50.0,0,2.064065495191185
7186,48.0,0,-2.082469382129929
7187,49.0,0,-4.930452996001651
7188,54.0,1,5.901967714169391
7189,49.0,0,-1.5511303490926183
7190,45.0,0,-7.282118897528823
7191,50.0,0,0.3705336067941185
7192,48.0,0,-4.522485538064797
7193,50.0,0,1.9135284651806848
7194,53.0,1,4.002693846248713
7195,50.0,0,-0.13453015625006962
7196,53.0,1,1.4310192061422395
7197,52.0,1,0.9871254180366553
7198,52.0,1,1.6315054166513152
7199,48.0,0,-5.487480362957736
7200,51.0,1,1.9921396733517271
7201,49.0,0,-3.715241107082444
7202,53.0,1,1.017592824608313
7203,46.0,0,-6.5143992724530495
7204,51.0,1,-1.7799334456567169
7205,51.0,1,0.9065104803657416
7206,49.0,0,-6.195066860356968
7207,50.0,0,-0.4107378731618759
7208,48.0,0,-5.689993370596684
7209,49.0,0,-2.5437467465775225
7210,50.0,0,-4.314721731452108
7211,49.0,0,-3.254789115401591
7212,51.0,1,1.214603312760694
7213,51.0,1,-2.1554354890577265
7214,51.0,1,1.2327982157753614
7215,53.0,1,2.5196567668744203
7216,48.0,0,-1.5728906842362882
7217,52.0,1,2.159612742679447
7218,49.0,0,0.05494506805853004
7219,49.0,0,-0.7447359740173078
7220,47.0,0,-7.3020323040068105
7221,50.0,0,2.3034145469384635
7222,52.0,1,1.182528611121248
7223,54.0,1,5.003763892038979
7224,53.0,1,4.503669084545886
7225,52.0,1,5.3484215164718645
7226,51.0,1,0.8413915109411002
7227,48.0,0,-6.833088535723687
7228,48.0,0,-0.41640096300300905
7229,52.0,1,0.4334744245959247
7230,50.0,0,0.6145623783736232
7231,51.0,1,2.9577443156703853
7232,49.0,0,-4.310140891728549
7233,51.0,1,0.7133752027238383
7234,49.0,0,-1.0465682246851729
7235,48.0,0,-3.73081238408265
7236,52.0,1,-0.1920123913376987
7237,56.0,1,7.949326154550389
7238,47.0,0,-6.060365276849238
7239,50.0,0,-0.8011010857522954
7240,49.0,0,-1.9958560092326525
7241,52.0,1,4.630206749243737
7242,52.0,1,1.3416329367852036
7243,52.0,1,5.232009722610764
7244,51.0,1,0.48379915038057986
7245,47.0,0,-4.010796596629683
7246,53.0,1,1.2349705548339267
7247,52.0,1,1.203342674073647
7248,49.0,0,-1.7331074304307355
7249,50.0,0,-1.765377011434271
7250,52.0,1,-1.7434802132856828
7251,51.0,1,-2.0583104949513547
7252,51.0,1,1.6495332276003936
7253,48.0,0,-2.5701053267028278
7254,50.0,0,-1.0916350970619169
7255,58.0,1,9.63848660326886
7256,50.0,0,3.4597071165200437
7257,56.0,1,8.7987282208233
7258,48.0,0,-1.4826751480544145
7259,50.0,0,-1.1286257111467968
7260,55.0,1,6.081629430187053
7261,55.0,1,6.397447036396033
7262,51.0,1,2.5698710013031008
7263,55.0,1,6.263402093448979
7264,49.0,0,0.2981258413771692
7265,49.0,0,-4.173854656047798
7266,48.0,0,-3.337600824593251
7267,48.0,0,-3.201388356938372
7268,50.0,0,-0.47824448196340447
7269,47.0,0,-1.004867603713634
7270,48.0,0,-3.617146043137245
7271,45.0,0,-6.811443814136323
7272,47.0,0,-4.617357489328303
7273,51.0,1,1.0262142277306252
7274,49.0,0,-2.9913260799919827
7275,53.0,1,2.160893739882331
7276,54.0,1,3.1883148375018395
7277,53.0,1,4.711971194815925
7278,51.0,1,2.038623677906028
7279,53.0,1,-0.05152929475990613
7280,52.0,1,3.219047927052428
7281,52.0,1,2.301836019303234
7282,50.0,0,-4.444287279655084
7283,52.0,1,-1.4675488461202466
7284,52.0,1,1.3976883958725705
7285,52.0,1,2.4749897217781336
7286,56.0,1,9.14730281122527
7287,50.0,0,-0.9874064147086989
7288,48.0,0,-2.023727617655938
7289,52.0,1,-1.7701906819934219
7290,51.0,1,0.46152880169093574
7291,49.0,0,-3.024849239559381
7292,54.0,1,2.53532381487784
7293,49.0,0,2.3707797349918502
7294,48.0,0,-3.9413566253836634
7295,52.0,1,3.9629817937650476
7296,53.0,1,5.152053471335142
7297,48.0,0,-0.8220593654077484
7298,47.0,0,-4.382299487594004
7299,48.0,0,-5.064073718699886
7300,50.0,0,-0.5314597424401822
7301,53.0,1,3.173469723138269
7302,48.0,0,-2.527002712235561
7303,52.0,1,1.6243397898874792
7304,50.0,0,-3.6287169479859607
7305,49.0,0,-2.020510089137515
7306,52.0,1,2.6003662016937836
7307,49.0,0,-4.144968170279561
7308,52.0,1,-0.16422579928157796
7309,49.0,0,-2.265789825368204
7310,50.0,0,-1.5460237735418538
7311,53.0,1,4.985776649242612
7312,52.0,1,1.713932363556946
7313,54.0,1,0.9063114353870011
7314,49.0,0,-0.3331552177600416
7315,48.0,0,-3.518493539861721
7316,47.0,0,-4.150239115525375
7317,51.0,1,1.5270713156880782
7318,51.0,1,-1.941219352622726
7319,52.0,1,-1.967648086192251
7320,51.0,1,0.9282433250102223
7321,51.0,1,1.423870217019575
7322,45.0,0,-7.162950079902808
7323,48.0,0,-3.148508587892834
7324,52.0,1,0.5953367154038021
7325,50.0,0,1.631050301524041
7326,47.0,0,-3.4643038426273423
7327,51.0,1,3.111064650916627
7328,48.0,0,-2.766035375747929
7329,55.0,1,4.920152685191326
7330,50.0,0,-2.5789715242373594
7331,47.0,0,-2.5127985360969225
7332,50.0,0,0.8706163393451056
7333,54.0,1,4.657392194104782
7334,50.0,0,-2.2870848587148567
7335,52.0,1,0.4793161343445383
7336,48.0,0,-5.331071151174937
7337,50.0,0,-2.298608236682608
7338,46.0,0,-7.575402773845672
7339,50.0,0,-3.417135928505472
7340,55.0,1,5.955407761783841
7341,52.0,1,3.8133912603080273
7342,51.0,1,1.9702476266331954
7343,50.0,0,-1.5153419948988962
7344,49.0,0,-1.17838418871695
7345,51.0,1,-3.4923492040585185
7346,49.0,0,-4.391030890282702
7347,51.0,1,3.5799287028264946
7348,49.0,0,0.46269152616153264
7349,48.0,0,-1.931314755897658
7350,51.0,1,-0.7095072261306484
7351,52.0,1,0.44102643666153546
7352,52.0,1,-1.9518747556031004
7353,49.0,0,-1.7797921852544696
7354,47.0,0,-6.869396152337964
7355,54.0,1,3.2101039010384502
7356,50.0,0,-2.6745019758382704
7357,53.0,1,-0.12278166205895762
7358,50.0,0,-3.3725839747103907
7359,50.0,0,0.1497120471379214
7360,49.0,0,-1.5554276051979925
7361,49.0,0,0.2546166960279421
7362,47.0,0,-7.469179400557409
7363,53.0,1,3.218292740360228
7364,49.0,0,0.2443189769097288
7365,52.0,1,-1.3123790137624016
7366,55.0,1,4.784147038587356
7367,50.0,0,0.02860196228197048
7368,52.0,1,1.138886177145318
7369,52.0,1,-0.7174085160460637
7370,50.0,0,-3.1991186727185106
7371,46.0,0,-1.7318639247256788
7372,53.0,1,4.2389701589365725
7373,49.0,0,-4.5356217529333405
7374,52.0,1,0.32937990311337545
7375,51.0,1,3.500172041397082
7376,47.0,0,-5.441931785991341
7377,49.0,0,0.42409410055139707
7378,47.0,0,-5.656337591672934
7379,47.0,0,-6.763062805837162
7380,51.0,1,0.10784232224624644
7381,51.0,1,1.4800486888488056
7382,49.0,0,-2.93074947219529
7383,48.0,0,-4.120995359289315
7384,53.0,1,3.027695590424393
7385,51.0,1,2.7905359190770596
7386,53.0,1,2.9938228539426444
7387,51.0,1,2.240645533317281
7388,53.0,1,2.7109011402596765
7389,50.0,0,-3.3661872656007104
7390,50.0,0,-1.6855850696483365
7391,47.0,0,-4.7896064874650826
7392,51.0,1,2.0521401519123623
7393,52.0,1,-0.38223115054110407
7394,52.0,1,-1.8716556172969196
7395,49.0,0,-1.2779378751184642
7396,52.0,1,-0.8451596849965751
7397,46.0,0,-6.225337373090485
7398,52.0,1,1.410023468728124
7399,55.0,1,4.636588514444061
7400,53.0,1,3.85913176323854
7401,49.0,0,-3.8605527927022054
7402,51.0,1,-0.42030462708136074
7403,51.0,1,2.3935496705221593
7404,47.0,0,-4.028989613527824
7405,52.0,1,0.3458107557014022
7406,49.0,0,-1.7499061379360383
7407,48.0,0,-3.8608576249915973
7408,52.0,1,-0.8226911076771553
7409,47.0,0,-5.761345526850445
7410,53.0,1,6.783098778837985
7411,51.0,1,1.4124075088353971
7412,50.0,0,-2.148235771645019
7413,52.0,1,2.293269273359777
7414,54.0,1,3.3512314176551268
7415,48.0,0,-4.785256827983494
7416,55.0,1,8.155489874302287
7417,48.0,0,-5.046426999206915
7418,49.0,0,-1.0180643534652098
7419,52.0,1,1.3651344697914534
7420,53.0,1,1.4653376567872443
7421,52.0,1,0.6827087811402378
7422,51.0,1,-1.753893256399956
7423,51.0,1,3.2338931732436524
7424,53.0,1,5.266906396933036
7425,55.0,1,6.58961467538192
7426,52.0,1,2.3473075039804625
7427,50.0,0,0.7870894280952815
7428,49.0,0,-1.0336392417709455
7429,50.0,0,-3.9010071028785327
7430,51.0,1,4.705401190350537
7431,51.0,1,-2.206408811065537
7432,50.0,0,-0.24287597995167556
7433,48.0,0,-4.015013447917812
7434,55.0,1,6.283391086757325
7435,52.0,1,-0.15606469448598312
7436,49.0,0,-1.6202609006276358
7437,46.0,0,-0.8029800363919614
7438,47.0,0,-1.5613338087132318
7439,51.0,1,1.5620774859125925
7440,50.0,0,-0.3403764207667336
7441,51.0,1,-0.32560855194488525
7442,54.0,1,1.1099950547087878
7443,49.0,0,2.202410777572585
7444,53.0,1,1.1409227995592788
7445,50.0,0,0.8518352881853418
7446,51.0,1,-1.9840463595643614
7447,51.0,1,-2.0123980667348267
7448,51.0,1,-0.7231444309206366
7449,53.0,1,4.9886718987611545
7450,52.0,1,-0.41507776854554856
7451,52.0,1,1.2034580892791422
7452,49.0,0,-2.443920528208487
7453,47.0,0,-2.2350509901183533
7454,50.0,0,-1.4721992178713363
7455,50.0,0,-0.7223145579116769
7456,47.0,0,-4.6677252157363505
7457,47.0,0,-3.555863054083031
7458,48.0,0,-0.7253251920210231
7459,51.0,1,1.136559125516284
7460,49.0,0,-3.69232903955292
7461,48.0,0,-3.737884134580529
7462,50.0,0,-1.4582807124924109
7463,48.0,0,-2.8064140066315995
7464,46.0,0,-4.645235777417666
7465,50.0,0,-4.961488922423619
7466,49.0,0,-1.0487154428067162
7467,49.0,0,-2.0025286010526475
7468,49.0,0,-2.648629664408128
7469,55.0,1,3.136847081595499
7470,49.0,0,-4.1738501095955325
7471,51.0,1,-1.1247292186871307
7472,47.0,0,-8.177874617413625
7473,54.0,1,-0.9723634460967485
7474,50.0,0,0.9439579623186235
7475,50.0,0,0.5140603320792834
7476,47.0,0,-5.088566737641016
7477,54.0,1,4.410208282568117
7478,56.0,1,8.381336284279852
7479,50.0,0,-0.8381991915643617
7480,52.0,1,2.7400037430660897
7481,48.0,0,-2.764567414564635
7482,53.0,1,4.901786942197121
7483,50.0,0,-1.825189070282146
7484,50.0,0,-1.5388449572574767
7485,49.0,0,-0.018866951835715066
7486,54.0,1,4.035183844859616
7487,48.0,0,-2.6890750659879523
7488,48.0,0,-3.416770820262895
7489,50.0,0,-0.5841044573261494
7490,51.0,1,1.466717039146627
7491,49.0,0,-3.692214215547821
7492,47.0,0,-5.500143675330917
7493,52.0,1,0.5704640749623148
7494,50.0,0,0.07004926047307682
7495,54.0,1,2.262733578340079
7496,50.0,0,1.6752765999294408
7497,52.0,1,3.959312396496193
7498,50.0,0,-2.8988078041721708
7499,53.0,1,4.6405975171908755
7500,53.0,1,-0.9835010562164439
7501,53.0,1,1.603614677933993
7502,49.0,0,-0.10853876240332382
7503,54.0,1,1.5003261533519137
7504,51.0,1,-1.1400733407461856
7505,49.0,0,-2.8261132933111117
7506,54.0,1,2.61079780632618
7507,48.0,0,-3.7673166055135687
7508,53.0,1,4.287034195372132
7509,51.0,1,0.33825337315199067
7510,51.0,1,2.1223116813047063
7511,47.0,0,-3.3324920087362213
7512,49.0,0,-1.7371392422411205
7513,49.0,0,0.5959012398809905
7514,50.0,0,-0.8693787192425266
7515,53.0,1,2.534519979602813
7516,50.0,0,-3.222747538373535
7517,50.0,0,-0.6777934750485326
7518,54.0,1,3.7133327610488
7519,49.0,0,-0.9548151694290907
7520,49.0,0,-1.5441465407154111
7521,49.0,0,-1.4114934328953028
7522,51.0,1,2.643008870231739
7523,50.0,0,-1.3587469608350276
7524,49.0,0,-3.4198882304914537
7525,51.0,1,1.1249381299279053
7526,51.0,1,0.9420923696633451
7527,50.0,0,-0.6950255372229479
7528,54.0,1,2.820991932488141
7529,50.0,0,-1.6866574065221378
7530,53.0,1,4.005192706740764
7531,51.0,1,0.7858572380630221
7532,51.0,1,2.3505213575507646
7533,50.0,0,-1.7993975827182633
7534,48.0,0,-1.5629775628211326
7535,47.0,0,-1.6890406535320497
7536,50.0,0,0.08281156696186467
7537,53.0,1,4.181411264608383
7538,52.0,1,3.4629023206702465
7539,49.0,0,-1.412343180615662
7540,49.0,0,-1.4727184552024153
7541,55.0,1,7.122024722051976
7542,50.0,0,3.5104163369263803
7543,52.0,1,-0.3540819494631004
7544,49.0,0,1.2776724328331022
7545,55.0,1,5.061201705256476
7546,49.0,0,-1.6338741239907704
7547,53.0,1,-0.1166747900628666
7548,52.0,1,1.8653752399784311
7549,50.0,0,-2.2842629817040683
7550,56.0,1,4.059567491076265
7551,51.0,1,2.280863309837119
7552,53.0,1,2.7752601820222167
7553,53.0,1,5.101519795057783
7554,54.0,1,1.8442610716683905
7555,48.0,0,1.5026673795520558
7556,51.0,1,-0.5094844292938776
7557,53.0,1,0.03672260973035444
7558,50.0,0,2.943151019164984
7559,48.0,0,-4.209015434239703
7560,55.0,1,5.713855191905432
7561,51.0,1,3.231761518245267
7562,48.0,0,-2.2663467591574395
7563,56.0,1,5.582712980382948
7564,50.0,0,-2.5674583002225293
7565,53.0,1,3.479729930045343
7566,53.0,1,2.419359981180894
7567,53.0,1,1.155482372961594
7568,47.0,0,-4.638501493778241
7569,54.0,1,6.340537231887565
7570,46.0,0,-5.7865542285026965
7571,50.0,0,-2.5389235483327224
7572,50.0,0,-0.7976031180077449
7573,52.0,1,1.9509598928643521
7574,51.0,1,-0.006837786443503675
7575,52.0,1,4.346374330109285
7576,45.0,0,-8.079200433893147
7577,52.0,1,0.4035668545711459
7578,50.0,0,-2.7283916524067355
7579,47.0,0,-5.299449321888189
7580,53.0,1,0.7699124350444869
7581,55.0,1,7.289229834158198
7582,51.0,1,-1.7763540007798835
7583,46.0,0,-5.782282873161313
7584,52.0,1,-3.182978490081027
7585,49.0,0,0.09901043140494648
7586,55.0,1,7.06098783518484
7587,52.0,1,-0.30324319979026515
7588,49.0,0,-1.3338468415244484
7589,53.0,1,0.38708360087468346
7590,51.0,1,-2.871701291581819
7591,52.0,1,3.0046962627273293
7592,53.0,1,2.8241563913554124
7593,55.0,1,5.124935474741396
7594,51.0,1,-0.178563267867974
7595,53.0,1,3.3898052296956447
7596,47.0,0,-3.3930900779283464
7597,53.0,1,2.618838284801535
7598,54.0,1,6.113356896112649
7599,55.0,1,1.910381422102292
7600,53.0,1,2.9595694904012717
7601,49.0,0,-1.2229905564508237
7602,47.0,0,-2.6662691615973464
7603,50.0,0,-1.5364417698642465
7604,50.0,0,-1.6645752129226394
7605,52.0,1,0.5322196129710844
7606,51.0,1,0.09873285236404453
7607,53.0,1,1.1279558916105359
7608,55.0,1,8.247472615189654
7609,54.0,1,4.4827654577043266
7610,55.0,1,6.973804113208789
7611,52.0,1,1.308127259779744
7612,49.0,0,-2.3655114756670597
7613,48.0,0,-1.769747160029617
7614,52.0,1,3.76794310303191
7615,50.0,0,1.7357237923202473
7616,55.0,1,4.916739908497148
7617,46.0,0,-4.266066743750963
7618,48.0,0,-1.8376972427714984
7619,49.0,0,-5.245963265486562
7620,48.0,0,-2.5195617432596005
7621,48.0,0,-6.223737424384714
7622,52.0,1,-0.25002976684213646
7623,49.0,0,-0.5598182550629993
7624,49.0,0,-3.9904058918784964
7625,49.0,0,-0.16057288618315657
7626,53.0,1,1.4611820065191092
7627,49.0,0,-4.562706178802841
7628,52.0,1,-0.21703140963747172
7629,49.0,0,-1.8154444545302064
7630,50.0,0,-2.8149172561961993
7631,49.0,0,-1.755511187000744
7632,51.0,1,0.08530769461391781
7633,50.0,0,1.7052476534387393
7634,49.0,0,-4.4368489797213275
7635,50.0,0,0.36691673096756694
7636,49.0,0,0.5840069214162303
7637,51.0,1,-0.4309939262699709
7638,53.0,1,2.1241005704122577
7639,50.0,0,0.8126798112409471
7640,46.0,0,-8.002464857808418
7641,55.0,1,7.336406502943747
7642,56.0,1,7.4936944000756815
7643,50.0,0,-0.4182222829726003
7644,44.0,0,-5.838517972098195
7645,47.0,0,-3.5187216375760038
7646,50.0,0,1.1130016793162105
7647,49.0,0,-1.1903018975729969
7648,50.0,0,-0.6513960108777945
7649,54.0,1,3.0868170802325605
7650,48.0,0,-1.7940396441665154
7651,55.0,1,0.00831055307265517
7652,47.0,0,-1.6142476406945019
7653,46.0,0,-7.6681528209192
7654,48.0,0,-5.860510020438715
7655,51.0,1,1.1641076144025355
7656,49.0,0,-1.6176405662952322
7657,53.0,1,3.6047621418799176
7658,46.0,0,-7.0450791515895705
7659,47.0,0,-4.649008751342182
7660,54.0,1,6.061670336428326
7661,54.0,1,1.588457211545592
7662,51.0,1,-0.6948631479720931
7663,50.0,0,2.524444975302781
7664,49.0,0,-2.550407668182657
7665,53.0,1,1.0242552491143397
7666,45.0,0,-7.884917635117184
7667,51.0,1,0.3723617346576199
7668,48.0,0,-1.7284075916264021
7669,49.0,0,-1.7023908937531789
7670,51.0,1,-2.4355172645720122
7671,49.0,0,-1.3677869095419455
7672,50.0,0,-5.375689441719348
7673,53.0,1,4.684458129101965
7674,53.0,1,2.4218164997466842
7675,49.0,0,-4.703172490675132
7676,51.0,1,-1.0550214922745182
7677,53.0,1,1.7451350161419659
7678,51.0,1,0.613178493304255
7679,49.0,0,0.8339432227249277
7680,50.0,0,-0.03340217721732998
7681,49.0,0,-3.407687114294716
7682,48.0,0,-2.473272931156286
7683,54.0,1,4.3695981672125495
7684,51.0,1,1.6705423864132392
7685,47.0,0,-6.7987349451064105
7686,49.0,0,-4.1676476749423905
7687,51.0,1,-0.738060439747296
7688,52.0,1,0.48808176323071306
7689,46.0,0,-0.8791950154423251
7690,50.0,0,-3.757509692961163
7691,50.0,0,-0.7884278399473601
7692,47.0,0,-5.1191252687141855
7693,52.0,1,1.867603096515276
7694,54.0,1,5.15698155473664
7695,51.0,1,-1.0468981425030148
7696,51.0,1,2.4034647015466852
7697,50.0,0,-0.8321796271636394
7698,51.0,1,-1.489790230070028
7699,47.0,0,-1.14737252092489
7700,48.0,0,-2.0992824844506055
7701,51.0,1,1.1596362609958533
7702,50.0,0,-1.413878659109776
7703,52.0,1,-1.459030739762381
7704,52.0,1,-1.0048584375423102
7705,49.0,0,-0.20306971626117998
7706,50.0,0,2.2325060934349863
7707,55.0,1,3.853437798601723
7708,51.0,1,0.4683025215207647
7709,51.0,1,-0.03717192484241521
7710,52.0,1,0.0864409291732698
7711,51.0,1,0.277260783057754
7712,52.0,1,1.0770127107335559
7713,49.0,0,-3.705330297299821
7714,50.0,0,-0.38493524819036723
7715,54.0,1,4.307873775462498
7716,51.0,1,1.8802551005854315
7717,53.0,1,4.301807724822993
7718,48.0,0,-1.7280956789034
7719,50.0,0,-0.9753065066820703
7720,53.0,1,2.1493236738405934
7721,53.0,1,1.6167141045255027
7722,49.0,0,-2.8896964151935354
7723,53.0,1,5.6824516034482455
7724,48.0,0,-3.2682742111080594
7725,52.0,1,3.735618087331097
7726,54.0,1,0.23322231949132138
7727,51.0,1,2.494956317319503
7728,46.0,0,-5.138075403198773
7729,49.0,0,-3.8508405819577742
7730,51.0,1,1.2528953538555587
7731,53.0,1,5.993442277068652
7732,50.0,0,0.5721120135072816
7733,51.0,1,-0.995943407893125
7734,47.0,0,-2.6714666519550514
7735,54.0,1,6.298047276048836
7736,53.0,1,2.593932866397493
7737,49.0,0,-1.6057840690924843
7738,52.0,1,3.4340226404496303
7739,52.0,1,3.541153637685423
7740,48.0,0,-2.558890698918608
7741,53.0,1,1.367444207290146
7742,51.0,1,0.9282416411170799
7743,49.0,0,-0.8683130990582446
7744,47.0,0,-5.250424985575013
7745,51.0,1,-1.4851302944954705
7746,52.0,1,2.2521208388036826
7747,51.0,1,0.35851988430862486
7748,53.0,1,4.411797180723907
7749,51.0,1,-0.7513187022729829
7750,52.0,1,3.1089994691554925
7751,52.0,1,1.4324580852629896
7752,52.0,1,2.716175171873344
7753,54.0,1,3.4208920126125384
7754,52.0,1,0.46674376141427865
7755,51.0,1,3.461778640081127
7756,53.0,1,3.7393102619512466
7757,53.0,1,4.027442503395096
7758,51.0,1,0.5665617021196925
7759,51.0,1,0.5827503271271922
7760,54.0,1,3.7154353761408667
7761,50.0,0,-0.5886661681226764
7762,49.0,0,-0.5912421880001996
7763,53.0,1,5.283261856508571
7764,49.0,0,-1.8781353933913816
7765,56.0,1,5.630214697940212
7766,49.0,0,-2.22116209232901
7767,52.0,1,0.32834756315269986
7768,49.0,0,-2.483172884568709
7769,54.0,1,2.2094772641695397
7770,51.0,1,2.408325318335917
7771,53.0,1,2.567738247035757
7772,54.0,1,5.475414090372544
7773,51.0,1,0.7919888128898848
7774,51.0,1,-0.8116758531101343
7775,52.0,1,0.051254698202569164
7776,51.0,1,-2.0355432625823036
7777,50.0,0,-1.9218903413984687
7778,47.0,0,-3.0391233043656425
7779,51.0,1,0.2743494672688036
7780,52.0,1,1.3832567806840472
7781,52.0,1,1.9114328043792028
7782,52.0,1,3.050357333614442
7783,53.0,1,1.091950768391829
7784,48.0,0,-4.469456559396139
7785,54.0,1,2.9384294769158066
7786,53.0,1,2.1019803484927424
7787,49.0,0,-2.396911385583665
7788,54.0,1,5.807720550681651
7789,49.0,0,-4.334848724379955
7790,48.0,0,-3.0218476172081536
7791,51.0,1,-1.4836717304194487
7792,48.0,0,-4.226861112501894
7793,52.0,1,4.348430131985255
7794,56.0,1,8.977284050854525
7795,48.0,0,-1.24821936652576
7796,49.0,0,-1.2381397594234098
7797,53.0,1,3.0723228732549783
7798,49.0,0,-0.8228034855645247
7799,48.0,0,-7.182097680044908
7800,49.0,0,1.9495156312416309
7801,50.0,0,-0.9103569654116682
7802,49.0,0,-3.992604432080397
7803,55.0,1,5.438510861557927
7804,49.0,0,-3.752180770138749
7805,53.0,1,2.1334786059871638
7806,53.0,1,2.5750923615833243
7807,55.0,1,5.459918790174289
7808,47.0,0,-1.9756263552102222
7809,51.0,1,0.8371737580995238
7810,52.0,1,2.818177983767766
7811,48.0,0,-4.486784670712037
7812,51.0,1,2.129245354284256
7813,51.0,1,1.6128974098429012
7814,49.0,0,-3.06766756452267
7815,54.0,1,3.6885178996534846
7816,50.0,0,1.0354167144724087
7817,51.0,1,1.2285374445647725
7818,55.0,1,1.9612331202995916
7819,52.0,1,1.9768065927691498
7820,50.0,0,-1.006002456149349
7821,54.0,1,3.1467394229220824
7822,52.0,1,0.9546477331893961
7823,50.0,0,-1.3377103650468463
7824,49.0,0,-1.9384289805228507
7825,50.0,0,-0.11787293840757963
7826,51.0,1,0.14151520698563133
7827,52.0,1,-1.4006524507173501
7828,48.0,0,-4.293338914762749
7829,50.0,0,-0.4395947054202626
7830,51.0,1,0.24778694457461287
7831,53.0,1,0.9704786352177944
7832,53.0,1,2.9289758096505754
7833,50.0,0,-1.860466275813613
7834,50.0,0,-0.5635103184807918
7835,51.0,1,0.8704887515480428
7836,51.0,1,2.2373049314827114
7837,51.0,1,4.6440191736204675
7838,48.0,0,-1.19547321610579
7839,51.0,1,-1.2254319462749814
7840,48.0,0,-4.656956659718789
7841,51.0,1,1.7219160268588214
7842,49.0,0,-2.4418648333312376
7843,50.0,0,0.30451690139641513
7844,50.0,0,-0.5417186660243457
7845,44.0,0,-5.980658593645194
7846,49.0,0,-4.006213625891104
7847,49.0,0,-1.782619023401836
7848,51.0,1,-2.5909704163974974
7849,52.0,1,0.9594670202648381
7850,50.0,0,-1.8778912146652444
7851,49.0,0,-0.03478030719179308
7852,48.0,0,-7.359084441916771
7853,49.0,0,-1.578919406699114
7854,51.0,1,-0.4230522082038716
7855,55.0,1,6.156387842190707
7856,54.0,1,1.8528514573585586
7857,50.0,0,-0.7850935395991451
7858,51.0,1,1.773906126918397
7859,54.0,1,0.5147133089120485
7860,52.0,1,1.6345856616012464
7861,49.0,0,-0.6675560623376272
7862,54.0,1,3.99181959330157
7863,51.0,1,-0.7857827887428177
7864,53.0,1,3.807192381549645
7865,52.0,1,2.615857712026615
7866,49.0,0,-2.609026845915468
7867,51.0,1,-1.4629490513049117
7868,53.0,1,4.119107674855473
7869,46.0,0,-3.1153531425651346
7870,52.0,1,1.615286415676261
7871,57.0,1,11.977392449400401
7872,48.0,0,-2.8217096861721576
7873,51.0,1,3.3360001079889776
7874,47.0,0,-6.2390607871230666
7875,50.0,0,-0.6488835820439971
7876,56.0,1,8.782214633848005
7877,51.0,1,-0.6444845189502654
7878,48.0,0,-3.3469519877641987
7879,52.0,1,2.171784891068189
7880,53.0,1,3.125881304152193
7881,51.0,1,-0.8852631891272317
7882,51.0,1,-0.8234603476194313
7883,51.0,1,2.0281867641911018
7884,49.0,0,-2.32296678182038
7885,49.0,0,1.3739057629509481
7886,55.0,1,8.047035009383672
7887,52.0,1,3.447579470974267
7888,52.0,1,2.6254480524100976
7889,52.0,1,4.048261454109549
7890,50.0,0,-1.3861212648470553
7891,49.0,0,-4.311732404760401
7892,50.0,0,0.39516958254360296
7893,48.0,0,-1.8998344830106255
7894,49.0,0,-2.5853345977070443
7895,45.0,0,-6.495377908991034
7896,52.0,1,2.2257981836238234
7897,53.0,1,4.374592561292621
7898,51.0,1,-0.07868110547206512
7899,50.0,0,0.6371508481773444
7900,53.0,1,2.2668338058022983
7901,52.0,1,2.392226796928972
7902,47.0,0,-6.738288949952954
7903,46.0,0,-4.699223620987247
7904,53.0,1,2.4574784810094354
7905,49.0,0,-4.6501885345108755
7906,51.0,1,1.9064689944485618
7907,56.0,1,3.587325712094623
7908,53.0,1,0.2651324771994665
7909,54.0,1,5.882486576757898
7910,48.0,0,-0.1168394686537977
7911,54.0,1,7.197411749930116
7912,55.0,1,5.331479136986407
7913,48.0,0,-1.733858342718032
7914,50.0,0,-0.43999488170016376
7915,49.0,0,-1.2694292848707245
7916,50.0,0,-3.0326428932948346
7917,50.0,0,-1.3075059116764014
7918,49.0,0,-0.3660813154660543
7919,44.0,0,-11.068278133702599
7920,53.0,1,4.061258317372219
7921,48.0,0,-5.43705169923001
7922,50.0,0,2.0830331174705594
7923,48.0,0,-2.8671018079303234
7924,49.0,0,-1.9466234778669418
7925,51.0,1,1.9486964578642152
7926,51.0,1,-0.0986925453338406
7927,53.0,1,7.979484595634939
7928,49.0,0,-0.27160370041978127
7929,49.0,0,-3.0207413073339158
7930,53.0,1,0.48924066137458744
7931,52.0,1,1.6279985794310379
7932,47.0,0,-3.85547127219325
7933,48.0,0,-4.005668571499012
7934,52.0,1,2.2161794846061587
7935,49.0,0,-2.260902584083523
7936,46.0,0,-7.635673412220488
7937,50.0,0,0.31683868051631336
7938,53.0,1,2.8066473604691673
7939,54.0,1,4.38387726453619
7940,55.0,1,3.450954117368378
7941,47.0,0,-3.585859597218928
7942,51.0,1,-1.252240904686132
7943,48.0,0,-2.228679150400475
7944,50.0,0,0.25502250601273124
7945,49.0,0,-0.38550608758349614
7946,53.0,1,4.487876427251538
7947,49.0,0,-1.9110601195460986
7948,50.0,0,1.05753094692762
7949,53.0,1,2.329695951737906
7950,52.0,1,2.2931273088460897
7951,47.0,0,-3.945626893565982
7952,52.0,1,2.073419732713806
7953,51.0,1,-1.6747958821508406
7954,46.0,0,-4.205699163624747
7955,50.0,0,-0.07878673182828035
7956,49.0,0,-2.7314510275938257
7957,51.0,1,1.4272185325849338
7958,50.0,0,-0.30460139078283865
7959,52.0,1,0.3045652844595021
7960,54.0,1,2.293117923089438
7961,53.0,1,2.415604970365178
7962,49.0,0,-2.6953925125272917
7963,51.0,1,2.465396477659336
7964,50.0,0,-1.5939437645283374
7965,51.0,1,0.7716646128024001
7966,45.0,0,-7.557572789785566
7967,51.0,1,0.4412002328051658
7968,50.0,0,-3.6383894038657227
7969,49.0,0,1.1212558157948707
7970,47.0,0,-2.744517441055691
7971,50.0,0,-2.424981047930152
7972,51.0,1,2.817045812924693
7973,52.0,1,3.9819972726326816
7974,48.0,0,-5.110163202744544
7975,48.0,0,-5.841192921944515
7976,50.0,0,-0.6962012783398224
7977,49.0,0,-0.1632684374736693
7978,54.0,1,2.9770299593851663
7979,50.0,0,-1.7818046144482997
7980,48.0,0,-5.952734380420112
7981,53.0,1,4.226326165356807
7982,51.0,1,2.521242116763997
7983,47.0,0,-4.802989710763545
7984,55.0,1,7.56729248403773
7985,49.0,0,-1.4789804954088681
7986,51.0,1,1.394467659332808
7987,51.0,1,-0.3215861975320123
7988,49.0,0,2.285603165237571
7989,46.0,0,-4.879693193654872
7990,51.0,1,1.487357613766137
7991,52.0,1,1.6009522395516467
7992,48.0,0,-3.867394614309761
7993,52.0,1,-1.838534658724293
7994,54.0,1,1.7118795400567335
7995,48.0,0,-1.7951910330142964
7996,47.0,0,-6.44439478136652
7997,52.0,1,0.9625773541756215
7998,51.0,1,-1.0601256382906965
7999,52.0,1,0.8549444412802948
8000,46.0,0,-6.028533517677834
8001,55.0,1,3.3628018972702103
8002,49.0,0,-4.486139723072522
8003,48.0,0,-4.012250276709113
8004,50.0,0,-2.1080789946467107
8005,51.0,1,1.5364231038942826
8006,47.0,0,-3.414436525458207
8007,53.0,1,2.1725151165374217
8008,49.0,0,-3.4818319540025544
8009,50.0,0,0.8341860783877213
8010,51.0,1,-3.8396159836473163
8011,52.0,1,3.8007408492611905
8012,50.0,0,2.5675063568671397
8013,52.0,1,4.014331735515409
8014,53.0,1,2.4504838299158904
8015,50.0,0,-0.9007484640769196
8016,54.0,1,4.499225108573062
8017,51.0,1,1.5852097021036153
8018,53.0,1,4.069634996408474
8019,55.0,1,4.197581710967373
8020,46.0,0,-2.065032566797399
8021,48.0,0,-6.754728173937742
8022,47.0,0,-5.3844310631189245
8023,51.0,1,-2.0373613610100145
8024,52.0,1,0.3498525568842443
8025,53.0,1,4.824098883450927
8026,48.0,0,-2.625102361718452
8027,48.0,0,-6.324722620993993
8028,52.0,1,2.059008998277934
8029,50.0,0,0.4016124886865979
8030,54.0,1,4.639033495747714
8031,51.0,1,1.4744036588890523
8032,48.0,0,-4.064343966109171
8033,51.0,1,4.106906844841561
8034,48.0,0,-3.761226352282578
8035,52.0,1,2.8588213480561993
8036,51.0,1,0.09393791764813951
8037,51.0,1,-0.7795910461834018
8038,48.0,0,-4.210988737205757
8039,53.0,1,-0.4158902123175545
8040,53.0,1,1.2076064467158736
8041,50.0,0,-0.8340044694557329
8042,44.0,0,-7.507272138476943
8043,56.0,1,4.9247391654798065
8044,50.0,0,2.4089819975029694
8045,51.0,1,0.07527123006013486
8046,52.0,1,3.7647296366047156
8047,51.0,1,0.4256336774453418
8048,47.0,0,-5.767245547342607
8049,56.0,1,4.89246729452911
8050,50.0,0,0.36643342038173055
8051,47.0,0,-3.9477932613441404
8052,48.0,0,-1.2560967364437357
8053,48.0,0,-2.964591840381562
8054,50.0,0,-2.575124277080004
8055,52.0,1,1.6149635008573604
8056,51.0,1,-3.61531093770481
8057,50.0,0,0.654009202545443
8058,52.0,1,0.6060064177159833
8059,54.0,1,2.6668895318238497
8060,51.0,1,1.3999205055875659
8061,46.0,0,-4.084601979635514
8062,52.0,1,1.1730439924031704
8063,51.0,1,1.0493795529504142
8064,55.0,1,8.341271138423032
8065,47.0,0,-1.374160667308623
8066,50.0,0,-2.043992797290467
8067,53.0,1,2.043863227747378
8068,55.0,1,4.896276856582982
8069,50.0,0,0.6315165392978257
8070,48.0,0,-3.1896805683701706
8071,47.0,0,-3.5953000020656214
8072,52.0,1,2.9431071132635704
8073,51.0,1,2.3009489972511115
8074,49.0,0,-3.6167915059901374
8075,47.0,0,-6.504091856210986
8076,49.0,0,-1.0048141595265427
8077,52.0,1,1.9550606215686765
8078,53.0,1,2.09010754245474
8079,54.0,1,6.210827767766575
8080,48.0,0,-3.71876036224468
8081,49.0,0,0.6954179263848357
8082,56.0,1,14.59382442036233
8083,49.0,0,-0.141075137769903
8084,54.0,1,4.644540300884971
8085,50.0,0,0.7508416259884134
8086,52.0,1,1.5045325388989308
8087,51.0,1,1.007723624772701
8088,52.0,1,0.44439578419553716
8089,51.0,1,0.8110985884514349
8090,54.0,1,4.862475375209183
8091,52.0,1,2.6706659195963645
8092,48.0,0,-3.210283900118362
8093,57.0,1,9.614291094840906
8094,50.0,0,0.3929346388144282
8095,50.0,0,3.541667878713388
8096,48.0,0,-3.29374089230595
8097,52.0,1,1.7159786172580969
8098,51.0,1,2.716722818526524
8099,52.0,1,3.2242802795092067
8100,48.0,0,-2.484919888252984
8101,48.0,0,-1.8177405926988965
8102,55.0,1,6.7335234984218335
8103,46.0,0,-5.788274489282411
8104,50.0,0,0.7980487408991862
8105,53.0,1,2.5803120615158455
8106,51.0,1,2.17598878761567
8107,51.0,1,0.29552317541375794
8108,46.0,0,-3.0816772001015793
8109,46.0,0,-5.379052621325616
8110,52.0,1,4.201849723490892
8111,54.0,1,6.870080092249545
8112,50.0,0,-2.899984774086555
8113,49.0,0,-4.391254465282726
8114,53.0,1,2.628779734622488
8115,52.0,1,1.0187529715028814
8116,53.0,1,5.267326841230188
8117,48.0,0,-5.445179552630702
8118,55.0,1,7.757269588024687
8119,52.0,1,2.0745621948381974
8120,53.0,1,1.040997272115445
8121,48.0,0,-2.9938621628301862
8122,55.0,1,3.5302268795417
8123,52.0,1,2.9993446364005254
8124,55.0,1,6.136402734227132
8125,55.0,1,6.304377156455504
8126,53.0,1,4.232524869660285
8127,51.0,1,2.569576718205011
8128,49.0,0,-2.203932202345148
8129,52.0,1,-0.05985443984293324
8130,52.0,1,0.6660834144040967
8131,54.0,1,4.126671479589626
8132,47.0,0,-2.1500874402418706
8133,50.0,0,0.6314631229639477
8134,49.0,0,-5.356965463568924
8135,54.0,1,5.64363410411541
8136,49.0,0,-1.9304348599061407
8137,52.0,1,2.436189859836358
8138,50.0,0,-0.2668579221632736
8139,51.0,1,1.9704940258192745
8140,47.0,0,-2.993007762562414
8141,51.0,1,-1.1810301454868204
8142,54.0,1,5.803428948400478
8143,51.0,1,-2.140400417134249
8144,51.0,1,3.191029119781511
8145,50.0,0,-0.9974379699632844
8146,46.0,0,-3.7844265797213112
8147,46.0,0,-6.161271638741718
8148,51.0,1,0.9478622274932753
8149,50.0,0,-2.958795314341284
8150,54.0,1,3.401110426119914
8151,50.0,0,3.255045824241851
8152,49.0,0,-2.5267730355068774
8153,50.0,0,-3.2334643628961808
8154,49.0,0,-3.436440967274613
8155,55.0,1,5.310722128613487
8156,49.0,0,-2.1915171203715076
8157,49.0,0,-3.5707717832215633
8158,48.0,0,-6.727365828301262
8159,51.0,1,-2.871349814133851
8160,49.0,0,-4.762479268699613
8161,48.0,0,-2.6200677899905775
8162,51.0,1,0.8191993394858172
8163,51.0,1,-0.5997850520796435
8164,47.0,0,-5.266475385797852
8165,52.0,1,0.6252351378839889
8166,53.0,1,3.440898654473873
8167,48.0,0,-1.020718393126211
8168,51.0,1,3.062575842101528
8169,48.0,0,-5.815147714936553
8170,48.0,0,-5.234149500201736
8171,51.0,1,0.5119658222586503
8172,50.0,0,-0.4152982708994655
8173,54.0,1,3.8214473124911015
8174,49.0,0,-1.7161666657406205
8175,54.0,1,4.566146811357586
8176,51.0,1,3.1707439812875498
8177,53.0,1,4.40458560090344
8178,52.0,1,0.11010069957910429
8179,47.0,0,-4.93332453951146
8180,53.0,1,1.3475928613642072
8181,51.0,1,1.5918116042724493
8182,51.0,1,0.06767233523041295
8183,48.0,0,-2.2339885833064286
8184,51.0,1,0.5089291886802803
8185,51.0,1,-0.8600651261130112
8186,51.0,1,2.3061166097403802
8187,47.0,0,-1.8248930140748723
8188,49.0,0,-4.425186828085591
8189,50.0,0,-3.8675807627252423
8190,49.0,0,-3.017710165564887
8191,55.0,1,4.775397717196645
8192,49.0,0,-1.3455522898147987
8193,50.0,0,3.7154879311394198
8194,50.0,0,0.6910756165597751
8195,50.0,0,-2.769678614876893
8196,53.0,1,3.537321682971088
8197,49.0,0,-3.3955360463326367
8198,52.0,1,0.6912548017775025
8199,51.0,1,-2.8036370115047125
8200,55.0,1,6.365590981076208
8201,51.0,1,1.3045250263132318
8202,44.0,0,-11.735953723924862
8203,53.0,1,3.243191384923891
8204,51.0,1,-1.5265151057719089
8205,53.0,1,2.601217034148526
8206,51.0,1,-0.6803993883641574
8207,50.0,0,1.1066347888585226
8208,50.0,0,-0.6150200278614454
8209,49.0,0,1.0383164818501007
8210,48.0,0,-5.294566275611017
8211,51.0,1,2.6263739946560047
8212,52.0,1,2.842255895618723
8213,52.0,1,2.140060398807584
8214,55.0,1,7.656084705449488
8215,48.0,0,-2.2695255777200707
8216,56.0,1,6.321369166089338
8217,52.0,1,0.7276005111924227
8218,51.0,1,0.059907667270222766
8219,51.0,1,-1.307417119018275
8220,53.0,1,3.7077356766057905
8221,52.0,1,1.6249679708375393
8222,51.0,1,-1.280731193880731
8223,51.0,1,2.61837053589793
8224,48.0,0,-2.881439253866224
8225,53.0,1,5.121032785225378
8226,45.0,0,-6.979903484572064
8227,53.0,1,0.5747971858319516
8228,48.0,0,-4.047508472974627
8229,53.0,1,2.1609512013014944
8230,55.0,1,6.230630236745789
8231,54.0,1,4.777710060468525
8232,54.0,1,6.0884678920250295
8233,49.0,0,-0.4184191481278881
8234,56.0,1,5.166587676615061
8235,52.0,1,2.961771780424138
8236,53.0,1,4.605508451999775
8237,53.0,1,3.594092117893183
8238,53.0,1,4.18512252902722
8239,49.0,0,-4.08012777863268
8240,53.0,1,4.000756588683781
8241,54.0,1,3.920495747613855
8242,51.0,1,-0.793617899449453
8243,46.0,0,-5.055292101067579
8244,54.0,1,3.5426627924158214
8245,56.0,1,9.252159159264204
8246,52.0,1,1.976274162812629
8247,50.0,0,2.210494003115321
8248,52.0,1,1.6908061877470881
8249,47.0,0,-5.688627178709857
8250,47.0,0,-4.5688417799947585
8251,49.0,0,-2.756722917663808
8252,48.0,0,-2.4762768341607764
8253,50.0,0,-2.666474212483216
8254,48.0,0,-2.5665366406487964
8255,54.0,1,4.49703292450714
8256,48.0,0,-2.7791552201478416
8257,51.0,1,-0.5124030436182341
8258,51.0,1,-1.2119895013956186
8259,50.0,0,1.7466439712786885
8260,50.0,0,-2.7925726047360677
8261,51.0,1,-2.0668526788808492
8262,50.0,0,-1.4641794180737318
8263,51.0,1,-0.43582046035856326
8264,48.0,0,-7.534114792041319
8265,52.0,1,2.0866371318519663
8266,55.0,1,3.857571777698878
8267,48.0,0,-2.354069553723357
8268,54.0,1,2.9064002676650302
8269,56.0,1,6.116357584962266
8270,48.0,0,-5.786451414957299
8271,55.0,1,5.290752179908909
8272,55.0,1,4.81457785311446
8273,51.0,1,-1.9265743747384865
8274,50.0,0,1.307982797330296
8275,51.0,1,1.2249172322289998
8276,51.0,1,1.958791753852515
8277,52.0,1,-1.6437248396931547
8278,50.0,0,1.203438147991669
8279,51.0,1,-0.9870618272880575
8280,50.0,0,-0.3557201660089406
8281,53.0,1,3.8428184995799533
8282,52.0,1,3.605807741334752
8283,49.0,0,2.4942427319967
8284,51.0,1,2.0004933574127
8285,51.0,1,2.332621800220697
8286,52.0,1,2.3270334224847593
8287,48.0,0,-3.214045616652601
8288,47.0,0,-6.213156267648955
8289,51.0,1,1.5084900885269594
8290,52.0,1,1.7635001371569539
8291,51.0,1,1.4021910453729831
8292,52.0,1,-0.2946438903571759
8293,49.0,0,-3.1488054814542705
8294,52.0,1,3.3941748107058882
8295,51.0,1,-0.7488112664964991
8296,48.0,0,-3.4291917960382614
8297,50.0,0,-0.6216279176997286
8298,47.0,0,-4.532711360480388
8299,48.0,0,-3.379259472546062
8300,51.0,1,-2.1623569391273634
8301,49.0,0,-1.5295415956558431
8302,49.0,0,-0.5632520306886836
8303,52.0,1,1.9244170553373907
8304,51.0,1,-0.9114092883195177
8305,53.0,1,2.5086904088988846
8306,51.0,1,1.4209864022151737
8307,51.0,1,0.10008674503304857
8308,48.0,0,-5.757021176418654
8309,50.0,0,-0.05193943353332539
8310,50.0,0,-1.04681365141005
8311,49.0,0,-2.600495436596521
8312,47.0,0,-6.4573519444771925
8313,53.0,1,2.30890509492219
8314,52.0,1,2.59710997014896
8315,51.0,1,-0.9860463475752734
8316,54.0,1,4.595392074885645
8317,51.0,1,-2.6446502486839036
8318,51.0,1,-2.3569285836312037
8319,52.0,1,2.6537452038498475
8320,51.0,1,1.7007496279652756
8321,49.0,0,-0.28995418743919554
8322,46.0,0,-4.331009448485761
8323,54.0,1,5.1225226229685825
8324,53.0,1,2.0302949621777633
8325,51.0,1,-3.1203372397700213
8326,51.0,1,0.7069566579063593
8327,50.0,0,0.7269903688123346
8328,50.0,0,0.26408376836826436
8329,46.0,0,-6.023878324806109
8330,54.0,1,0.5016506787122398
8331,49.0,0,-0.5027402285389903
8332,49.0,0,-2.687417096303667
8333,50.0,0,-0.6863412145776507
8334,52.0,1,2.8046261610632253
8335,51.0,1,-0.5686302910658682
8336,49.0,0,-3.1379726226927036
8337,48.0,0,-2.749697688523741
8338,52.0,1,2.568318211158341
8339,54.0,1,3.9160547714643794
8340,51.0,1,1.1236014957142815
8341,48.0,0,-2.5267123517383885
8342,49.0,0,-0.9254674343414332
8343,47.0,0,-4.965979430709901
8344,52.0,1,4.9450568086550515
8345,49.0,0,-4.090009612235703
8346,50.0,0,-3.343737154995335
8347,49.0,0,-0.24799109843010253
8348,50.0,0,-1.982028069745324
8349,52.0,1,2.0768809919174163
8350,52.0,1,2.6381301915161135
8351,49.0,0,-2.812277062552669
8352,50.0,0,-2.884182594098572
8353,50.0,0,-2.0454334029322774
8354,52.0,1,4.197806287004042
8355,50.0,0,0.20567564877205113
8356,49.0,0,0.1318202741741867
8357,51.0,1,2.7108239424514133
8358,50.0,0,2.177800383367752
8359,52.0,1,2.9972430123854545
8360,49.0,0,0.6423610771639215
8361,50.0,0,-3.7822624881980618
8362,51.0,1,-0.6451055522545062
8363,53.0,1,1.0070193997961225
8364,51.0,1,1.0902829456893885
8365,48.0,0,-4.35301295576248
8366,48.0,0,-3.8382509493185806
8367,52.0,1,0.5202195923524705
8368,55.0,1,10.079576187894954
8369,54.0,1,4.094776882818391
8370,52.0,1,1.0053142491194382
8371,49.0,0,-3.106360790055329
8372,53.0,1,4.474907932180141
8373,50.0,0,-2.727694877934841
8374,49.0,0,-4.340508983233085
8375,46.0,0,-6.339125457578947
8376,54.0,1,3.29550531318912
8377,52.0,1,1.1427546856776147
8378,53.0,1,-0.5998439998710053
8379,49.0,0,-2.054015927907493
8380,50.0,0,-3.452748880958233
8381,46.0,0,-6.03957938520684
8382,46.0,0,-4.100531360757128
8383,50.0,0,-1.1190127745491467
8384,48.0,0,-2.950355338719133
8385,50.0,0,-3.2429547085293455
8386,47.0,0,-7.113720169063041
8387,50.0,0,-0.22567825284097676
8388,51.0,1,0.6456845244146219
8389,49.0,0,-0.904257851048657
8390,52.0,1,1.5691745847088074
8391,54.0,1,3.2051667692740065
8392,48.0,0,-2.543862226027584
8393,50.0,0,-3.2232216876142035
8394,50.0,0,-1.1611511076412138
8395,52.0,1,1.5285528343652148
8396,51.0,1,4.928243726953433
8397,52.0,1,-2.7414973263094975
8398,53.0,1,5.338879628061556
8399,52.0,1,2.542953907772258
8400,47.0,0,-4.596983237258363
8401,50.0,0,-3.2401210373039335
8402,53.0,1,7.125669388990454
8403,52.0,1,4.800524706711184
8404,49.0,0,-4.680016264969721
8405,49.0,0,-2.4715719536326777
8406,51.0,1,-3.3050413245768793
8407,49.0,0,-5.566765925753461
8408,51.0,1,2.2505046021501447
8409,49.0,0,3.1517369195755345
8410,54.0,1,2.3248215311324865
8411,48.0,0,-3.4986338172341016
8412,53.0,1,2.6758452765816565
8413,47.0,0,-4.542401747035476
8414,48.0,0,-3.4905233359990064
8415,51.0,1,-0.24042714924517772
8416,46.0,0,-3.834692787640528
8417,48.0,0,-2.7037515187957037
8418,54.0,1,3.2296934180126122
8419,50.0,0,0.3495017401561212
8420,54.0,1,3.558244266031701
8421,45.0,0,-4.494936587871746
8422,52.0,1,2.1529020731105204
8423,53.0,1,-0.800627974192557
8424,50.0,0,-2.4644055688817845
8425,50.0,0,-0.18595821728000791
8426,49.0,0,-3.7836304502028875
8427,55.0,1,6.112935326794743
8428,51.0,1,-1.190858155553663
8429,50.0,0,-0.45805182851696763
8430,53.0,1,1.254570928800005
8431,52.0,1,1.095834741793339
8432,50.0,0,-2.687245365667851
8433,53.0,1,0.8377809193611878
8434,53.0,1,4.846255108304125
8435,45.0,0,-8.17207040821461
8436,51.0,1,-2.590786457043604
8437,45.0,0,-5.548559049570008
8438,48.0,0,0.27792467286751876
8439,53.0,1,1.236557964638076
8440,48.0,0,0.11630217365053312
8441,49.0,0,-0.05637931218000774
8442,51.0,1,2.7865382999077406
8443,49.0,0,-1.96937643053583
8444,48.0,0,-2.2335606486376243
8445,50.0,0,-0.6999167760732891
8446,51.0,1,4.340035544394213
8447,53.0,1,4.177002834224491
8448,50.0,0,-0.1436827853596233
8449,48.0,0,-2.774180510079607
8450,53.0,1,2.518427042190846
8451,55.0,1,1.7804630140795736
8452,53.0,1,4.328907695957812
8453,48.0,0,-2.0210401896601793
8454,53.0,1,2.634842068759706
8455,50.0,0,-1.1823408212439852
8456,52.0,1,-0.5290186190248743
8457,48.0,0,-6.046396367563869
8458,49.0,0,-0.22926416229396
8459,55.0,1,6.2994513150007085
8460,52.0,1,3.305435290272387
8461,52.0,1,1.5509752851403376
8462,49.0,0,-0.5102698511454397
8463,50.0,0,-0.07424506148321248
8464,52.0,1,0.8398456948044727
8465,50.0,0,3.3829167411284176
8466,49.0,0,-2.141086137031819
8467,53.0,1,5.101763488757299
8468,56.0,1,7.598596528010545
8469,52.0,1,3.9656905440865695
8470,49.0,0,-1.6333332671049494
8471,48.0,0,-4.025334700069053
8472,48.0,0,-3.84206560532201
8473,54.0,1,4.068333196909142
8474,53.0,1,2.026629453814805
8475,57.0,1,9.433733684825336
8476,51.0,1,1.245419349763248
8477,47.0,0,-6.1391512602539455
8478,51.0,1,-0.5437236520033037
8479,52.0,1,2.617352211105062
8480,52.0,1,1.7265531360168558
8481,52.0,1,2.708784722114431
8482,49.0,0,-2.9389223162109817
8483,51.0,1,-1.222594270969528
8484,53.0,1,1.695653245279491
8485,51.0,1,-0.22576845591883624
8486,54.0,1,3.093308664030404
8487,55.0,1,5.78500277408116
8488,53.0,1,7.983568012836649
8489,48.0,0,-3.648687659046039
8490,47.0,0,-3.6353173087024353
8491,52.0,1,0.8897626198646403
8492,51.0,1,1.4896215318338988
8493,47.0,0,-2.118755814219197
8494,51.0,1,1.4823903468372324
8495,51.0,1,1.451837154942248
8496,50.0,0,-5.644775737256614
8497,49.0,0,-1.3057096010994722
8498,52.0,1,-0.4239619605484715
8499,53.0,1,0.3471789487447065
8500,49.0,0,0.2787629833019021
8501,52.0,1,2.601409063463981
8502,53.0,1,2.0350230638356233
8503,50.0,0,-2.5590341950316007
8504,47.0,0,-5.039838947427887
8505,52.0,1,4.194715835291358
8506,53.0,1,3.344227527218093
8507,54.0,1,2.9930460087626387
8508,51.0,1,0.6831337356402604
8509,56.0,1,7.140731837113638
8510,49.0,0,0.308695338503532
8511,50.0,0,-0.04615748306099822
8512,52.0,1,1.8995865726371055
8513,48.0,0,-4.634027476342156
8514,52.0,1,-1.0496312378549002
8515,50.0,0,-2.7469988823124036
8516,52.0,1,4.298689204839483
8517,51.0,1,0.2388602162773228
8518,48.0,0,-3.189779866400114
8519,48.0,0,0.5626259386649088
8520,51.0,1,0.8419610896629757
8521,56.0,1,5.626007348356091
8522,48.0,0,-4.103066917458462
8523,53.0,1,3.762304469664662
8524,54.0,1,4.337550151568362
8525,49.0,0,-1.465279003067165
8526,54.0,1,6.53126532704762
8527,51.0,1,0.1694869211944039
8528,49.0,0,0.4119559079044317
8529,51.0,1,2.0545943120883896
8530,50.0,0,-0.7692212328047272
8531,49.0,0,0.36958395365587654
8532,47.0,0,-3.0097240601942774
8533,52.0,1,1.3427788274278185
8534,48.0,0,-2.131734580209464
8535,53.0,1,2.3139831869938425
8536,49.0,0,-3.866288575498234
8537,53.0,1,2.8942536952204225
8538,53.0,1,2.987278360651825
8539,52.0,1,0.49772535255303996
8540,50.0,0,0.7999977965268821
8541,50.0,0,-2.657439327508478
8542,51.0,1,0.16360312677651156
8543,53.0,1,1.5807099500283133
8544,50.0,0,1.7252467467888601
8545,53.0,1,4.688090853100988
8546,52.0,1,3.3393518327339002
8547,51.0,1,-1.839646765469631
8548,53.0,1,3.053492363129915
8549,50.0,0,-4.447414313368715
8550,50.0,0,-4.802957860812492
8551,45.0,0,-6.3931998400831285
8552,52.0,1,0.6860423794216292
8553,48.0,0,-6.174135617028633
8554,52.0,1,2.6783689040928977
8555,50.0,0,0.21859991595635914
8556,53.0,1,4.457006067123707
8557,49.0,0,-3.0687035297460388
8558,50.0,0,-3.7770112451613813
8559,50.0,0,0.10943191586205636
8560,51.0,1,-1.4904030981838925
8561,54.0,1,1.4053759642495371
8562,49.0,0,2.3173206687758823
8563,53.0,1,-0.8526857841535916
8564,53.0,1,3.728179097636274
8565,51.0,1,0.2803732733459488
8566,51.0,1,-0.518133784457078
8567,50.0,0,-1.7901655072493425
8568,54.0,1,3.921596552590639
8569,51.0,1,0.2417400447708176
8570,50.0,0,3.1191513413272243
8571,53.0,1,0.333497251036569
8572,49.0,0,-1.4109982536707424
8573,49.0,0,-1.5380041090423986
8574,48.0,0,-1.9307859414642268
8575,48.0,0,-0.5335212821986776
8576,51.0,1,2.8024309059704757
8577,49.0,0,-3.6893805159924793
8578,48.0,0,-1.7560132956836358
8579,52.0,1,2.930537009360594
8580,50.0,0,-0.7784030973888281
8581,53.0,1,1.8029409072004376
8582,47.0,0,-6.259136379943589
8583,55.0,1,7.371730664942107
8584,49.0,0,-1.671288706111935
8585,47.0,0,-5.067272078309885
8586,50.0,0,-0.8529521009046377
8587,51.0,1,2.1515885875695737
8588,55.0,1,5.3371926911010545
8589,54.0,1,5.71984645942378
8590,53.0,1,0.6845814408290976
8591,55.0,1,5.514426573158732
8592,50.0,0,-0.3264633686547188
8593,55.0,1,7.693079635410324
8594,50.0,0,-3.304178879136558
8595,50.0,0,-0.9019236888354467
8596,51.0,1,0.9420343407496955
8597,50.0,0,3.903692011881989
8598,53.0,1,4.074163649857766
8599,48.0,0,-1.3161714833076175
8600,49.0,0,-3.883578362688206
8601,54.0,1,6.5904068436033905
8602,53.0,1,5.617311529099187
8603,50.0,0,-0.31933250054405693
8604,54.0,1,1.6142652399794761
8605,52.0,1,2.0789791881550412
8606,49.0,0,-2.367764776869244
8607,53.0,1,2.665302367843111
8608,49.0,0,-2.986803637644711
8609,47.0,0,-4.685285041083666
8610,50.0,0,-0.39103343773711874
8611,50.0,0,-1.9433207937482824
8612,53.0,1,5.503545355885977
8613,51.0,1,-1.5586173300872939
8614,52.0,1,1.484957008463737
8615,49.0,0,-2.455357007738017
8616,49.0,0,0.17832998579735385
8617,51.0,1,0.5257347506421252
8618,51.0,1,2.4273159683239323
8619,48.0,0,-4.594765813498153
8620,54.0,1,5.229324573365295
8621,51.0,1,-2.7176250401342825
8622,55.0,1,3.7559652728398403
8623,48.0,0,-2.147768172581557
8624,55.0,1,0.8272273191454443
8625,48.0,0,-4.145590106709883
8626,48.0,0,-8.745490134516462
8627,50.0,0,0.43593106508339824
8628,47.0,0,-3.1901149304502527
8629,53.0,1,1.98783036603876
8630,49.0,0,-3.038592460771133
8631,50.0,0,-2.2808772558452133
8632,51.0,1,0.8298507607297865
8633,50.0,0,-2.4171247848990025
8634,52.0,1,-0.226371860858169
8635,49.0,0,-2.124940091393572
8636,49.0,0,-0.7396130483518919
8637,50.0,0,-1.191131267747261
8638,54.0,1,5.119531298262617
8639,50.0,0,1.9628864121382652
8640,49.0,0,-3.471565844395093
8641,48.0,0,-3.58385751508868
8642,52.0,1,0.33800408039665664
8643,49.0,0,-0.44398219466901573
8644,53.0,1,2.396954589072518
8645,47.0,0,-6.974666226197179
8646,52.0,1,1.7268454346036137
8647,51.0,1,-1.4450417820180912
8648,51.0,1,0.40465497107939835
8649,50.0,0,-3.692133522311062
8650,53.0,1,3.7352785488309768
8651,51.0,1,0.6779269782832803
8652,51.0,1,1.2173088841393238
8653,53.0,1,0.825402334165438
8654,52.0,1,1.1207782486764946
8655,48.0,0,-3.5043668332683127
8656,50.0,0,2.068530149343748
8657,51.0,1,-0.6775896799673744
8658,45.0,0,-6.82189526371358
8659,56.0,1,5.852630227166518
8660,51.0,1,-1.1329150411525961
8661,51.0,1,-0.06967209722854004
8662,50.0,0,-1.4256329014546474
8663,47.0,0,-5.395420341606889
8664,49.0,0,-3.1053699191172153
8665,52.0,1,2.0999581471805193
8666,52.0,1,-0.5285346877651182
8667,47.0,0,-2.082445985127874
8668,48.0,0,-5.015264573396146
8669,49.0,0,-0.43362256342859123
8670,49.0,0,-3.2442403638378567
8671,54.0,1,4.685821944801578
8672,52.0,1,3.0911412590046305
8673,53.0,1,0.6766214536986321
8674,49.0,0,-1.94831506669027
8675,48.0,0,0.28714459461372305
8676,49.0,0,-1.9850107995209056
8677,50.0,0,-2.8058560798457033
8678,50.0,0,-1.2293137670428165
8679,51.0,1,-4.189026605607279
8680,49.0,0,-4.034196014545309
8681,49.0,0,0.649741147254927
8682,52.0,1,1.5700509852516606
8683,54.0,1,6.001607469991892
8684,48.0,0,-4.7164177977081145
8685,48.0,0,-0.6397489251135452
8686,51.0,1,2.69599088203128
8687,51.0,1,-1.4949667031231686
8688,49.0,0,-4.971930698258125
8689,49.0,0,-4.693512180628195
8690,54.0,1,5.508233104325168
8691,51.0,1,-0.11786083347511003
8692,49.0,0,-1.5828515978296704
8693,49.0,0,-0.8825842591572813
8694,51.0,1,1.259880197775224
8695,50.0,0,-1.0263039244091932
8696,53.0,1,1.4493982255677547
8697,54.0,1,1.217584416450401
8698,52.0,1,0.3449726707578439
8699,48.0,0,-2.543150830943998
8700,54.0,1,5.82883213485444
8701,48.0,0,-1.9846399257765954
8702,48.0,0,-1.1414284981102998
8703,51.0,1,-1.0491474488521633
8704,48.0,0,-0.9982913562408741
8705,52.0,1,0.5562081142340047
8706,51.0,1,1.1556169639318237
8707,49.0,0,-2.2818159209542386
8708,52.0,1,2.1853897879865625
8709,55.0,1,5.883050225392821
8710,51.0,1,0.3948299590872182
8711,50.0,0,-0.7301774756754672
8712,46.0,0,-8.374865198337579
8713,51.0,1,0.2559714770306247
8714,48.0,0,-7.770312876658548
8715,54.0,1,4.485846754053861
8716,50.0,0,-1.5923321795016194
8717,53.0,1,2.8792942619943664
8718,50.0,0,1.6754580123596021
8719,50.0,0,-0.9680617078841723
8720,52.0,1,6.35749412184209
8721,51.0,1,3.6242121242816583
8722,49.0,0,-3.336710107225246
8723,51.0,1,-0.12415837129809675
8724,52.0,1,-0.11644107880612112
8725,54.0,1,3.8093234406262173
8726,52.0,1,-1.191686443060994
8727,51.0,1,0.10729546219831389
8728,48.0,0,-3.310047522043148
8729,50.0,0,-0.5747234290666552
8730,52.0,1,0.6992111535209915
8731,50.0,0,0.2533130374643048
8732,50.0,0,-2.4439860254125607
8733,50.0,0,1.3605322437932055
8734,54.0,1,1.1858788432911704
8735,51.0,1,1.4635461898211095
8736,56.0,1,2.9807359042050336
8737,54.0,1,1.9760053606139223
8738,51.0,1,1.2161899881532428
8739,49.0,0,-1.594155622458246
8740,50.0,0,2.2420301076516425
8741,53.0,1,4.88914840474522
8742,49.0,0,-3.3906219575530105
8743,52.0,1,1.0556759018632076
8744,50.0,0,-3.6365797103985162
8745,50.0,0,0.3531664632136701
8746,51.0,1,-2.0516455076379994
8747,51.0,1,-0.40748653455168443
8748,51.0,1,0.8997369023722156
8749,46.0,0,-5.714543475172491
8750,48.0,0,-2.5124281288493293
8751,51.0,1,-0.07497491513881575
8752,53.0,1,2.564474328360777
8753,53.0,1,2.8014202039967406
8754,52.0,1,3.4858529704389203
8755,52.0,1,3.670282837424159
8756,51.0,1,-0.4673847937365967
8757,49.0,0,-0.9536124347771642
8758,54.0,1,6.003553435127549
8759,52.0,1,0.5353276053010178
8760,54.0,1,9.422541564309078
8761,51.0,1,-1.4692759984142256
8762,52.0,1,1.2206746078091948
8763,51.0,1,2.729636501457756
8764,51.0,1,2.470313483798101
8765,53.0,1,0.8609286573802967
8766,55.0,1,5.174385822093127
8767,46.0,0,-5.045810916098265
8768,49.0,0,-2.3642661526232738
8769,53.0,1,3.8728814094748727
8770,47.0,0,-3.508201493306759
8771,48.0,0,-4.996973399953322
8772,45.0,0,-6.591664347177801
8773,54.0,1,4.583363987012622
8774,50.0,0,0.1567852942616756
8775,46.0,0,-5.780869858268398
8776,48.0,0,-2.551966963895231
8777,44.0,0,-7.169536786165967
8778,52.0,1,2.656174043033316
8779,52.0,1,3.0248445579157957
8780,50.0,0,0.5462427626125823
8781,48.0,0,-2.00473782471742
8782,55.0,1,5.3054516506416265
8783,49.0,0,-2.541188106788877
8784,51.0,1,0.9023149616141081
8785,50.0,0,-2.6245314752539617
8786,50.0,0,0.559896576767176
8787,45.0,0,-9.814328928334353
8788,49.0,0,-1.7757771944054568
8789,51.0,1,0.3316003753063164
8790,54.0,1,5.605575989648875
8791,51.0,1,0.18806979528681042
8792,46.0,0,-6.779871647489268
8793,50.0,0,-1.6748114904021079
8794,50.0,0,0.0356798380756862
8795,52.0,1,1.648524927671408
8796,52.0,1,2.769168981099884
8797,50.0,0,-0.7623662522019897
8798,50.0,0,1.5640938806898297
8799,46.0,0,-5.725900813693687
8800,52.0,1,0.9206519368066003
8801,48.0,0,-0.5888268622630519
8802,49.0,0,-4.540525328168225
8803,53.0,1,2.5517102775174547
8804,49.0,0,-1.1170152898098926
8805,44.0,0,-6.999910324790444
8806,50.0,0,-0.908786156167778
8807,52.0,1,0.6679316002783515
8808,50.0,0,-1.4367368061580945
8809,52.0,1,0.967844444018508
8810,44.0,0,-10.536454087762282
8811,48.0,0,-4.736535989447373
8812,51.0,1,2.8194720641115842
8813,49.0,0,-2.872444140388495
8814,50.0,0,1.151425814059373
8815,53.0,1,3.1661771646996963
8816,52.0,1,6.463556359681408
8817,52.0,1,1.191309732098969
8818,53.0,1,3.3151065944620846
8819,47.0,0,-0.3769004021683943
8820,52.0,1,-0.30069609255916363
8821,45.0,0,-10.361046369475877
8822,49.0,0,0.7222377567435698
8823,49.0,0,-0.5484541522085001
8824,53.0,1,5.601903469053856
8825,52.0,1,3.698121253357888
8826,53.0,1,2.9614611500599293
8827,51.0,1,1.1517981280758736
8828,53.0,1,4.324846190668496
8829,50.0,0,-0.6906718876753981
8830,50.0,0,1.1920559687799297
8831,50.0,0,-0.15367684667164427
8832,52.0,1,1.4546842809729739
8833,51.0,1,-3.305560847373172
8834,52.0,1,0.7107113107135605
8835,47.0,0,-5.533078623698504
8836,52.0,1,3.3928076168372443
8837,49.0,0,-4.038865816415641
8838,49.0,0,-1.1524475206840437
8839,50.0,0,-3.2672977703268713
8840,52.0,1,3.5192863450177674
8841,48.0,0,-4.971605136462568
8842,48.0,0,-2.6083822120818003
8843,49.0,0,-1.5273534813927065
8844,48.0,0,-1.2339295957166447
8845,48.0,0,-6.80794512191313
8846,51.0,1,1.111665752577388
8847,54.0,1,4.578646501097414
8848,50.0,0,0.882088387939812
8849,46.0,0,-7.667858373216147
8850,50.0,0,0.13172205938282824
8851,51.0,1,1.6701610573910268
8852,49.0,0,-0.16907320154845018
8853,51.0,1,0.2502424513570036
8854,49.0,0,-0.36383441781161613
8855,55.0,1,4.432965220174826
8856,54.0,1,4.857076527053583
8857,49.0,0,-2.0174872574725513
8858,48.0,0,-2.1972609606184195
8859,54.0,1,5.1443685869446085
8860,47.0,0,-3.062855111004614
8861,54.0,1,4.094916653398046
8862,50.0,0,1.3891798587983857
8863,52.0,1,1.7449965588341168
8864,53.0,1,5.107985549910067
8865,48.0,0,-2.7220855927587104
8866,48.0,0,0.4709804694368173
8867,54.0,1,5.459832863680207
8868,52.0,1,-1.7807294893297985
8869,54.0,1,-0.8884762854002567
8870,51.0,1,0.059703282372856645
8871,47.0,0,-5.528148657522512
8872,51.0,1,2.5704435063750433
8873,51.0,1,-0.9879908888075368
8874,51.0,1,-0.8928017118981041
8875,50.0,0,3.0982366563594477
8876,50.0,0,-2.09214937179003
8877,53.0,1,1.539336179951491
8878,50.0,0,-0.6776719765357007
8879,51.0,1,2.3556311204114824
8880,48.0,0,-2.4690660848180674
8881,48.0,0,-4.687565800264435
8882,50.0,0,-4.636658100839198
8883,48.0,0,-3.4678161661541975
8884,51.0,1,0.16971493721399636
8885,46.0,0,-4.227144584506334
8886,50.0,0,-2.0750682647245347
8887,50.0,0,-1.879628585906302
8888,50.0,0,1.4751109821780797
8889,46.0,0,-4.502156029420553
8890,54.0,1,7.483407895343746
8891,47.0,0,-5.6321813799153615
8892,49.0,0,-1.5893990533466793
8893,50.0,0,-0.5378265712319303
8894,50.0,0,-1.454707823679023
8895,48.0,0,-5.08834835919379
8896,54.0,1,7.56373563803101
8897,52.0,1,1.0772163929693797
8898,51.0,1,-0.8651398282827412
8899,51.0,1,-0.6033458823877218
8900,51.0,1,0.8383200626367687
8901,55.0,1,6.324657523367026
8902,52.0,1,1.548193363427778
8903,49.0,0,-6.70840828737644
8904,46.0,0,-4.128052013012226
8905,52.0,1,4.277039457473633
8906,52.0,1,0.2457289734199321
8907,54.0,1,4.162530896029494
8908,54.0,1,5.868999345893286
8909,52.0,1,1.8875972932622316
8910,54.0,1,4.30318059641771
8911,50.0,0,-3.9042954971887136
8912,51.0,1,-0.5034610339738023
8913,50.0,0,0.10518062895390756
8914,46.0,0,-4.144391890610101
8915,47.0,0,-9.02855105476973
8916,54.0,1,0.9753463407036584
8917,51.0,1,-2.560509321716613
8918,53.0,1,3.6050848360575367
8919,48.0,0,-2.391352240592586
8920,48.0,0,-3.2571214415341663
8921,52.0,1,0.44313262054214725
8922,50.0,0,-2.4513465806719634
8923,50.0,0,1.1468608526740784
8924,52.0,1,4.901673846215129
8925,45.0,0,-7.627408008833533
8926,48.0,0,-2.171419530006705
8927,47.0,0,-1.6004753397326164
8928,52.0,1,2.9723655350964826
8929,50.0,0,-1.1034264881399074
8930,46.0,0,-4.6636447786267805
8931,52.0,1,1.4995337653764944
8932,50.0,0,0.05925845064241868
8933,47.0,0,-7.069859711030958
8934,52.0,1,1.5823797538280575
8935,56.0,1,7.066427065438013
8936,49.0,0,-0.15239948867821845
8937,49.0,0,3.070605048286812
8938,48.0,0,-3.4104272339922255
8939,47.0,0,-6.560309154333157
8940,54.0,1,3.4568001106953656
8941,50.0,0,-0.5124569950368068
8942,48.0,0,-3.9879617200580495
8943,51.0,1,-0.1928646364849867
8944,51.0,1,-2.144003942816941
8945,43.0,0,-6.4742312936117035
8946,50.0,0,0.557191423905165
8947,51.0,1,-0.5613964596762001
8948,51.0,1,4.217297206271174
8949,56.0,1,6.896877589575529
8950,54.0,1,3.2118024358753874
8951,51.0,1,1.726443725774355
8952,49.0,0,1.1522392016682805
8953,53.0,1,6.180671357189495
8954,49.0,0,-0.4295374049543196
8955,56.0,1,8.228455538769671
8956,48.0,0,-0.7261868235717104
8957,52.0,1,-0.319947827330728
8958,51.0,1,1.1749204850838626
8959,48.0,0,-0.5120766534506213
8960,43.0,0,-10.76134535516653
8961,46.0,0,-4.795534539697554
8962,50.0,0,0.7030372141236662
8963,48.0,0,-6.1637685693709825
8964,50.0,0,-3.6610791422150655
8965,51.0,1,1.0962953138237763
8966,53.0,1,3.7535876454631314
8967,54.0,1,5.285214537003384
8968,51.0,1,-2.5086810492974707
8969,53.0,1,2.720916790903339
8970,50.0,0,-1.8214610485595217
8971,52.0,1,-0.13345284318507677
8972,51.0,1,-0.4325931596394532
8973,51.0,1,1.4311001095158304
8974,53.0,1,0.7172158078663636
8975,49.0,0,-1.1679441824927574
8976,49.0,0,-0.16240595082283973
8977,55.0,1,2.112388536455871
8978,51.0,1,-0.6405651407290155
8979,49.0,0,-0.27081664600613037
8980,49.0,0,-0.3979654275901321
8981,51.0,1,-1.0409042909981199
8982,52.0,1,0.9273668863088652
8983,53.0,1,2.460268091008081
8984,47.0,0,-4.354924286375206
8985,54.0,1,3.950904737220093
8986,52.0,1,4.255796013581828
8987,47.0,0,-3.1439566097197273
8988,53.0,1,1.0264052136059385
8989,53.0,1,7.187620108176901
8990,53.0,1,2.732904226559725
8991,50.0,0,1.4859330005583073
8992,51.0,1,-1.254458975462252
8993,48.0,0,-2.594137841605549
8994,43.0,0,-9.324673114132999
8995,51.0,1,-0.4073854209303851
8996,50.0,0,-1.3409619917267888
8997,46.0,0,-4.1983199444108195
8998,48.0,0,-1.8834888932509486
8999,50.0,0,0.2997590243562115
9000,49.0,0,-4.016562392148731
9001,52.0,1,3.213232827204524
9002,49.0,0,-5.459102857365376
9003,50.0,0,1.3115058264779427
9004,47.0,0,-4.054722327408784
9005,48.0,0,-3.965975881199277
9006,50.0,0,-4.378354671153279
9007,53.0,1,2.7682081546747064
9008,50.0,0,-0.4227674041024111
9009,49.0,0,1.5702335537042966
9010,50.0,0,3.1849809365878143
9011,51.0,1,2.339084862212126
9012,50.0,0,1.9838984197681022
9013,52.0,1,6.214307492778123
9014,52.0,1,4.977269607444303
9015,51.0,1,-1.0872500731430095
9016,51.0,1,-1.4418316560720497
9017,50.0,0,-3.013988234395774
9018,46.0,0,-9.896810603733583
9019,53.0,1,6.350500353512608
9020,52.0,1,-1.41000079283362
9021,54.0,1,2.4986653659742366
9022,47.0,0,-5.796445095236453
9023,52.0,1,5.016595165848914
9024,50.0,0,-0.09332924512004333
9025,51.0,1,0.06549198206879947
9026,46.0,0,-4.954680671148691
9027,54.0,1,4.8271963456814575
9028,47.0,0,-4.11637464150451
9029,47.0,0,-4.953345460950928
9030,52.0,1,4.477540177328036
9031,45.0,0,-6.38859971941357
9032,50.0,0,-0.11489762754417752
9033,51.0,1,3.165028311085978
9034,51.0,1,0.30894287397874753
9035,54.0,1,6.643590885869151
9036,54.0,1,4.843737878085329
9037,50.0,0,-3.169015589401249
9038,51.0,1,2.787003890062768
9039,50.0,0,-0.7157357053910587
9040,54.0,1,4.750600466161585
9041,51.0,1,-1.6387949425351953
9042,52.0,1,0.22599641018689887
9043,51.0,1,0.04825436997493423
9044,55.0,1,7.935737774455798
9045,48.0,0,-2.674665179435534
9046,50.0,0,0.5184454390653022
9047,52.0,1,1.6120731560339354
9048,50.0,0,-2.0659553536083575
9049,45.0,0,-6.720166464090234
9050,51.0,1,-0.3699812514883459
9051,50.0,0,-0.9749890437919899
9052,52.0,1,-0.5647017115295118
9053,54.0,1,4.737912628277465
9054,50.0,0,-3.6749137335357793
9055,52.0,1,2.3828840209272286
9056,52.0,1,0.7098644215202459
9057,50.0,0,1.2101714060565452
9058,51.0,1,2.040645656134961
9059,51.0,1,0.6078329836484925
9060,49.0,0,1.4138582080127216
9061,50.0,0,-4.18784743543402
9062,50.0,0,-0.9211092758404689
9063,48.0,0,-2.591084651927961
9064,52.0,1,1.7032751998332745
9065,55.0,1,4.2372082272228555
9066,53.0,1,5.968929212701405
9067,49.0,0,-2.5461215487141935
9068,51.0,1,-1.7800853395338347
9069,47.0,0,-5.522908055944524
9070,54.0,1,5.5237375080817
9071,54.0,1,4.523711198934852
9072,50.0,0,0.705369749565129
9073,52.0,1,2.3963647748768238
9074,52.0,1,2.6244433145650126
9075,50.0,0,-3.687504499082538
9076,49.0,0,-1.1852055433352038
9077,51.0,1,3.064868119530886
9078,54.0,1,5.7973738692703005
9079,48.0,0,-2.4891907254350145
9080,51.0,1,1.5497949416297332
9081,51.0,1,-0.47608938861107536
9082,51.0,1,-0.39997365424700765
9083,55.0,1,5.78707140722432
9084,51.0,1,-2.302407926797231
9085,51.0,1,4.111253564038912
9086,52.0,1,0.5215494082114213
9087,55.0,1,5.014439168260086
9088,48.0,0,-0.489735504109586
9089,54.0,1,2.7555318241507547
9090,52.0,1,1.0443492822918803
9091,52.0,1,2.950572556092014
9092,47.0,0,-2.576727245033719
9093,48.0,0,-3.8072283060334056
9094,50.0,0,-4.332407947401661
9095,48.0,0,-5.987862276619312
9096,51.0,1,0.7794760926177619
9097,50.0,0,-1.570228653737246
9098,47.0,0,-5.446637534282454
9099,53.0,1,5.064339361161378
9100,46.0,0,-5.200883319012686
9101,51.0,1,3.5574000491024798
9102,54.0,1,7.358645198794896
9103,54.0,1,2.4635362527254308
9104,51.0,1,2.1744331714343943
9105,53.0,1,0.8184753063274899
9106,52.0,1,4.224267281265452
9107,53.0,1,2.692069924538046
9108,50.0,0,-2.114579899988215
9109,56.0,1,6.245166183060923
9110,47.0,0,-5.132175991242515
9111,47.0,0,-0.12297481992328992
9112,52.0,1,1.224798748485272
9113,54.0,1,4.487271463079104
9114,52.0,1,4.1695775479128265
9115,53.0,1,2.3425231119200527
9116,47.0,0,-4.228256666675496
9117,51.0,1,-0.7558353578822252
9118,51.0,1,-0.2947241297926344
9119,50.0,0,-0.4128224937299401
9120,50.0,0,-0.7518268229236073
9121,48.0,0,-4.440663266901308
9122,53.0,1,-0.26331454229851564
9123,50.0,0,-0.10071770011447075
9124,50.0,0,-0.07519152564619873
9125,51.0,1,2.4024608918573516
9126,50.0,0,0.010002172971886507
9127,53.0,1,3.314783863487025
9128,54.0,1,4.929194784145297
9129,51.0,1,-2.497117546269528
9130,52.0,1,2.0673282420688732
9131,50.0,0,-2.4478578795301082
9132,50.0,0,-1.3571891971968344
9133,51.0,1,-0.007895296813299178
9134,50.0,0,-1.7667096760511651
9135,47.0,0,-6.975992634590156
9136,51.0,1,-1.0807923770379362
9137,50.0,0,-0.24192403323055897
9138,53.0,1,4.949682234864171
9139,54.0,1,5.944510821859222
9140,50.0,0,1.7031838691581038
9141,52.0,1,0.878486645037363
9142,51.0,1,0.6566314737561733
9143,48.0,0,-0.6438969779251473
9144,51.0,1,-3.4319308777735458
9145,51.0,1,-1.4897487008088566
9146,48.0,0,-4.575285370610269
9147,50.0,0,0.48354296658098334
9148,48.0,0,-4.446779571228011
9149,51.0,1,1.7673442992132873
9150,48.0,0,-4.373096702058859
9151,50.0,0,-1.561231703034722
9152,53.0,1,2.63332871458618
9153,51.0,1,-2.20922593661435
9154,46.0,0,-5.911035309990369
9155,50.0,0,0.4333895058576019
9156,53.0,1,1.2843964145213318
9157,50.0,0,-1.417538851817909
9158,51.0,1,3.4350447119399377
9159,54.0,1,1.665628707546901
9160,52.0,1,2.2061255072141295
9161,54.0,1,3.5492936421515116
9162,49.0,0,0.8359605906427939
9163,51.0,1,-0.24074907240074986
9164,49.0,0,-1.0167092159398776
9165,47.0,0,-5.438663544088402
9166,48.0,0,0.568142800802348
9167,55.0,1,8.160146506776474
9168,51.0,1,0.7714863940306291
9169,51.0,1,-1.450909139893682
9170,55.0,1,4.399742072796257
9171,47.0,0,-3.503363869349727
9172,51.0,1,-1.1066279288343583
9173,52.0,1,1.9303682029080294
9174,47.0,0,1.0466906549070678
9175,50.0,0,-1.6715675891173052
9176,50.0,0,-2.151610204648492
9177,52.0,1,2.1411455229503717
9178,54.0,1,4.310569273824809
9179,49.0,0,0.15800310561246278
9180,51.0,1,-1.5765328950463753
9181,50.0,0,-2.615563027370214
9182,47.0,0,-6.991007923696362
9183,49.0,0,0.452217170490391
9184,50.0,0,-1.4992297487456065
9185,50.0,0,-0.7162214372193397
9186,50.0,0,-2.761901929682483
9187,47.0,0,-4.5332851939820165
9188,51.0,1,0.4101956108824386
9189,52.0,1,-0.11172168940668067
9190,50.0,0,-0.4683931730957335
9191,51.0,1,0.724523876699703
9192,52.0,1,0.14006257979252099
9193,50.0,0,2.8448331422967463
9194,52.0,1,0.2237699112183465
9195,54.0,1,2.552386992947245
9196,49.0,0,-3.1883176927232877
9197,52.0,1,3.3109335855997237
9198,48.0,0,-3.6201301553947483
9199,47.0,0,-4.857468838460786
9200,52.0,1,3.065968516620087
9201,50.0,0,-1.4774587936226506
9202,50.0,0,-1.1316956539768086
9203,51.0,1,-1.354449268291725
9204,52.0,1,1.8726618649587743
9205,50.0,0,0.8069690007248617
9206,52.0,1,2.263347593276586
9207,53.0,1,4.764741956827899
9208,50.0,0,-0.7578918271158799
9209,51.0,1,0.3825182660404466
9210,47.0,0,-5.008947695308446
9211,52.0,1,2.8025911170808833
9212,51.0,1,1.0618722994575938
9213,50.0,0,-1.869796032292155
9214,51.0,1,3.1739801127646
9215,53.0,1,2.4133435498501603
9216,50.0,0,1.8003635541722824
9217,53.0,1,1.9636205027674667
9218,49.0,0,-2.189689694185135
9219,52.0,1,3.8625057182174465
9220,47.0,0,-3.4972523973465073
9221,53.0,1,4.441647746030432
9222,49.0,0,-2.111481378401868
9223,49.0,0,-1.844945164095098
9224,51.0,1,2.582079404128577
9225,49.0,0,-3.028116108394473
9226,55.0,1,3.5868041903346692
9227,53.0,1,3.070917989258519
9228,50.0,0,-2.3606905339577415
9229,53.0,1,0.743195050182101
9230,54.0,1,4.917874696528368
9231,54.0,1,3.08269974320846
9232,48.0,0,-4.06768243702162
9233,49.0,0,-4.344708363098339
9234,47.0,0,-3.2697453200420807
9235,48.0,0,-3.951348771424275
9236,54.0,1,5.105913665846514
9237,50.0,0,-0.20645969282458865
9238,52.0,1,1.4361188931639908
9239,54.0,1,5.9463839310801605
9240,47.0,0,-5.657626594587355
9241,49.0,0,-3.2536416558419345
9242,51.0,1,0.5175965724589904
9243,51.0,1,1.1154235369886236
9244,51.0,1,-1.3700478594756904
9245,50.0,0,-1.242194647481967
9246,51.0,1,-1.9611151373291194
9247,47.0,0,-6.62826236631281
9248,48.0,0,-5.53123545356784
9249,48.0,0,-4.716140872900286
9250,52.0,1,1.6015595463948507
9251,49.0,0,-3.131223759311256
9252,52.0,1,1.5226501366584215
9253,48.0,0,-4.055093842652296
9254,51.0,1,0.8823330685810356
9255,51.0,1,1.4939987161853667
9256,52.0,1,-0.17341135333578678
9257,49.0,0,-2.5724949191702704
9258,51.0,1,-0.9093003388718406
9259,50.0,0,-0.012132880802479448
9260,50.0,0,0.14132608602692634
9261,51.0,1,0.8442675804821277
9262,54.0,1,4.311568739554286
9263,48.0,0,-8.665759389596143
9264,50.0,0,-2.344074181934969
9265,54.0,1,3.9260007212760106
9266,51.0,1,1.362778944002157
9267,47.0,0,-2.5357434107836645
9268,52.0,1,2.3952133165126908
9269,51.0,1,0.13384937646006864
9270,54.0,1,2.787135266238929
9271,52.0,1,-2.208425124606868
9272,55.0,1,5.854482972125325
9273,50.0,0,1.3202159083358693
9274,52.0,1,3.4355964776053893
9275,48.0,0,-6.2779010410420195
9276,52.0,1,2.220147370757702
9277,53.0,1,1.8368869236634913
9278,52.0,1,1.940142781960895
9279,52.0,1,4.259539963401206
9280,49.0,0,-3.2039514304205197
9281,49.0,0,-0.214133698190898
9282,51.0,1,1.982938762514228
9283,49.0,0,-1.4243714104316831
9284,54.0,1,5.897865301993014
9285,51.0,1,-0.17165643770395578
9286,49.0,0,-4.359472672883632
9287,48.0,0,-2.838664215941097
9288,48.0,0,-2.358597266103408
9289,49.0,0,-3.4544026519876097
9290,53.0,1,1.2789774734532775
9291,48.0,0,-3.474723759148316
9292,52.0,1,1.295006026599612
9293,49.0,0,-1.8172070392920592
9294,45.0,0,-5.692321488082089
9295,51.0,1,-3.127169206197789
9296,50.0,0,0.4340750328193714
9297,52.0,1,1.8126038455298552
9298,50.0,0,2.312243704234681
9299,53.0,1,0.32792735543667667
9300,49.0,0,-5.809885101422645
9301,54.0,1,3.320859254667473
9302,53.0,1,3.052762393777985
9303,49.0,0,-1.042463703074191
9304,51.0,1,-0.09495515810023288
9305,54.0,1,2.8395142218716063
9306,51.0,1,1.0150322957131608
9307,53.0,1,2.777215451237707
9308,56.0,1,8.092826710619251
9309,55.0,1,1.0905827580846006
9310,50.0,0,-1.9293381209116753
9311,45.0,0,-10.059745057143568
9312,49.0,0,-0.047090869563801936
9313,52.0,1,2.870307218213353
9314,53.0,1,1.751235385865301
9315,53.0,1,1.0382804847165172
9316,50.0,0,0.7237698386389603
9317,55.0,1,6.700220637230988
9318,52.0,1,5.546800391000991
9319,53.0,1,3.817449413823213
9320,49.0,0,-3.1468009094228147
9321,46.0,0,-3.0254494854993843
9322,51.0,1,2.5234439529746338
9323,50.0,0,-0.9308351536216525
9324,51.0,1,1.3036904565382916
9325,48.0,0,-3.626964066503328
9326,53.0,1,5.367208994382175
9327,49.0,0,0.5986803401741906
9328,45.0,0,-6.300226832585054
9329,51.0,1,0.1384789388641049
9330,48.0,0,-3.4340341096780045
9331,48.0,0,-2.180737874911473
9332,55.0,1,4.324594995722685
9333,48.0,0,-3.9315579412467883
9334,49.0,0,-3.943360744963997
9335,55.0,1,4.551970140266191
9336,49.0,0,-4.597521017211809
9337,48.0,0,-3.2841825447712085
9338,49.0,0,-5.571092664906846
9339,58.0,1,8.776767776414298
9340,51.0,1,1.1914321105215644
9341,50.0,0,1.4508362576904335
9342,49.0,0,-1.2808736973514088
9343,49.0,0,-2.04906121026105
9344,50.0,0,-2.458197831788979
9345,52.0,1,4.144984778868451
9346,50.0,0,0.030070951041563994
9347,49.0,0,0.4333231034727408
9348,49.0,0,-2.215832500011366
9349,52.0,1,2.918504436443222
9350,47.0,0,-4.158479677661105
9351,51.0,1,3.8162769203718465
9352,55.0,1,5.485403654497099
9353,53.0,1,3.35323486391096
9354,51.0,1,1.8534607287518885
9355,48.0,0,-1.390596017258423
9356,50.0,0,0.9347538377162677
9357,49.0,0,-2.272141525750597
9358,51.0,1,0.9876568166990654
9359,52.0,1,2.56732176145396
9360,53.0,1,6.326653394294263
9361,49.0,0,-1.323625156322082
9362,46.0,0,-1.4884943204222125
9363,53.0,1,4.430313890024959
9364,51.0,1,2.1956450638035285
9365,51.0,1,-1.6329353737728554
9366,50.0,0,-3.8244888008463787
9367,48.0,0,-1.1499468678726799
9368,51.0,1,0.6818466929616168
9369,52.0,1,2.4004951854077228
9370,52.0,1,1.0566900332948208
9371,52.0,1,2.208393718842645
9372,53.0,1,4.77196172722706
9373,51.0,1,-0.6058456370452068
9374,53.0,1,2.2395589221803127
9375,46.0,0,-5.260597590931726
9376,47.0,0,-2.5401371223154188
9377,50.0,0,1.098841162106668
9378,52.0,1,-0.019094589932510245
9379,52.0,1,0.10834002104593769
9380,52.0,1,0.3268700472761941
9381,49.0,0,-2.7432821008819093
9382,51.0,1,2.574309749772564
9383,49.0,0,-4.022212629148384
9384,53.0,1,0.4813882229383534
9385,54.0,1,1.9240825447484573
9386,55.0,1,2.6008799614299494
9387,48.0,0,-6.502037295313095
9388,52.0,1,1.577085807908696
9389,52.0,1,0.8143469203567226
9390,47.0,0,-5.539546341181082
9391,54.0,1,2.189741380249884
9392,48.0,0,-8.120887417962027
9393,49.0,0,-3.7191506128840572
9394,49.0,0,0.9367057906969126
9395,48.0,0,-2.7583357458991817
9396,47.0,0,-3.622777592940395
9397,51.0,1,1.6169200185799786
9398,56.0,1,6.87662236171599
9399,53.0,1,3.529957660442523
9400,49.0,0,-2.0371656539054386
9401,48.0,0,-3.912951033587826
9402,53.0,1,-1.8445597315663813
9403,56.0,1,6.972372497483461
9404,49.0,0,-0.4728142041538986
9405,49.0,0,-2.1098864214522672
9406,52.0,1,0.5999709135189589
9407,48.0,0,-4.77734821688214
9408,47.0,0,-4.451492425851521
9409,51.0,1,0.17391050617937134
9410,50.0,0,-3.7045767203589173
9411,43.0,0,-9.28869933894776
9412,52.0,1,3.0375132275205914
9413,54.0,1,0.6775559559942513
9414,49.0,0,-3.034068203644033
9415,50.0,0,-0.2873788504849603
9416,52.0,1,2.4333409984019356
9417,50.0,0,1.0150567158640833
9418,49.0,0,-5.633052550083186
9419,51.0,1,1.4397234227894555
9420,49.0,0,-1.888330284056917
9421,49.0,0,-2.988050909667488
9422,46.0,0,-1.7458681399528873
9423,52.0,1,5.847079683314373
9424,56.0,1,6.803340374490774
9425,53.0,1,0.4318432623132994
9426,55.0,1,4.637261751818758
9427,49.0,0,-1.5259579214412768
9428,47.0,0,-4.2102526466016235
9429,51.0,1,2.3107688422395096
9430,50.0,0,-3.7244070891704486
9431,51.0,1,2.45664989414732
9432,50.0,0,-2.634523930928374
9433,51.0,1,0.5031761859003724
9434,55.0,1,5.6639938321436665
9435,52.0,1,1.6790013252465386
9436,49.0,0,0.036941143302509846
9437,52.0,1,2.7623139761295508
9438,52.0,1,2.8509362603442305
9439,49.0,0,-6.032050801924891
9440,49.0,0,-3.2936920760945294
9441,53.0,1,3.708781859109959
9442,50.0,0,-4.446031104386941
9443,45.0,0,-7.053281282224814
9444,53.0,1,6.47935593254905
9445,54.0,1,3.134467894512672
9446,50.0,0,1.1382379540444014
9447,52.0,1,3.158652261585801
9448,45.0,0,-7.701566497177466
9449,54.0,1,5.250440746583985
9450,54.0,1,1.7345019241181139
9451,51.0,1,2.2489589972894066
9452,52.0,1,2.8347664193741373
9453,49.0,0,-3.1952885953992034
9454,51.0,1,1.2996529276161861
9455,53.0,1,-1.5950012120208459
9456,53.0,1,4.610538171394504
9457,51.0,1,1.057029887875506
9458,51.0,1,0.7470728592326605
9459,56.0,1,2.8222095572252144
9460,52.0,1,1.0236347527366054
9461,52.0,1,-5.044635960540906
9462,51.0,1,-2.389846187288194
9463,50.0,0,0.7047939067111111
9464,54.0,1,5.259984574653996
9465,52.0,1,0.13676860110317424
9466,47.0,0,-3.283743695376805
9467,44.0,0,-9.414548734570085
9468,52.0,1,1.4980631240150275
9469,48.0,0,-3.846201708342437
9470,50.0,0,-2.203752639599267
9471,50.0,0,-1.6902592017191442
9472,52.0,1,-0.09372688736605202
9473,52.0,1,4.460245402266129
9474,53.0,1,4.133210759214615
9475,52.0,1,-0.29807633212917267
9476,56.0,1,4.6108601576729
9477,51.0,1,-0.2004425209829681
9478,50.0,0,-1.1383674663715646
9479,52.0,1,3.0364982247356074
9480,50.0,0,0.7391141542977518
9481,53.0,1,2.312530525200847
9482,50.0,0,-2.3974741866481173
9483,50.0,0,-2.1689457865262387
9484,53.0,1,2.6413160595155465
9485,52.0,1,2.789441263671616
9486,48.0,0,-2.2671195286235437
9487,51.0,1,-2.6140700676075466
9488,50.0,0,-1.0249393138144303
9489,49.0,0,0.6040389348910767
9490,51.0,1,0.05255825133811489
9491,47.0,0,-3.7786320223148144
9492,53.0,1,6.160153901548394
9493,49.0,0,-2.6178706673328023
9494,53.0,1,3.4456754329249817
9495,53.0,1,0.33809732088317457
9496,47.0,0,-3.4632650760999386
9497,55.0,1,6.768393627028997
9498,46.0,0,-8.122020286540778
9499,52.0,1,2.966004293699678
9500,46.0,0,-7.275930071238988
9501,50.0,0,0.09330234000344424
9502,48.0,0,-4.228040376087511
9503,51.0,1,-0.2666008734287684
9504,49.0,0,-2.167026143237334
9505,48.0,0,-4.855110592138879
9506,55.0,1,5.744115274940074
9507,49.0,0,-1.5888049066547971
9508,52.0,1,0.8753725396992597
9509,53.0,1,1.8065900455226584
9510,51.0,1,0.398594011423688
9511,49.0,0,-4.627202392330978
9512,48.0,0,-5.32225048797538
9513,51.0,1,1.266549464258121
9514,50.0,0,-0.391087905596966
9515,54.0,1,3.002366331337491
9516,49.0,0,0.5401000955231621
9517,53.0,1,0.8170391007541997
9518,51.0,1,0.6081109607916501
9519,50.0,0,-1.6440598355773401
9520,48.0,0,-5.294323805161831
9521,52.0,1,1.096147922492497
9522,49.0,0,-0.4076643422483582
9523,49.0,0,-5.763855046323662
9524,54.0,1,-0.29921325407081345
9525,48.0,0,0.2859815798641848
9526,49.0,0,-3.617898142322969
9527,50.0,0,0.16797797451663948
9528,50.0,0,-1.7776800354997908
9529,50.0,0,0.7369318370876885
9530,48.0,0,-1.928838710088826
9531,56.0,1,7.8203329028299615
9532,51.0,1,1.0213737021027702
9533,56.0,1,9.933200974406029
9534,49.0,0,-5.646640987704801
9535,52.0,1,1.1486173271583262
9536,48.0,0,-0.06754138060619551
9537,54.0,1,2.6019818237101036
9538,52.0,1,-0.4630045026061439
9539,51.0,1,2.053936114270347
9540,51.0,1,0.5661997730741881
9541,54.0,1,6.134045778221933
9542,50.0,0,0.10707839057744825
9543,51.0,1,0.7765737122412117
9544,51.0,1,-0.10642325900524983
9545,50.0,0,0.029857021416589465
9546,51.0,1,1.0673504648988397
9547,54.0,1,3.018877378659737
9548,53.0,1,1.3206328934369194
9549,55.0,1,4.648994175937068
9550,49.0,0,-2.146007269075294
9551,51.0,1,-1.3931494556600263
9552,50.0,0,0.27966463014695103
9553,52.0,1,-0.9341594192093317
9554,51.0,1,-0.3223394545202538
9555,51.0,1,3.3084516320451587
9556,48.0,0,-1.9321098396821048
9557,50.0,0,0.7729848705528558
9558,56.0,1,5.877675865024438
9559,48.0,0,-3.991337353506146
9560,55.0,1,4.777439866669802
9561,51.0,1,-3.41441926142102
9562,49.0,0,-1.5963710590602442
9563,55.0,1,4.559714021327333
9564,47.0,0,-2.8652429570726294
9565,49.0,0,-2.2385884472412134
9566,54.0,1,2.797196366963355
9567,44.0,0,-9.094506805768638
9568,50.0,0,-2.891715332846227
9569,49.0,0,0.24939758363766065
9570,46.0,0,-8.852566527028097
9571,52.0,1,1.8347040666475134
9572,52.0,1,4.52754646787392
9573,49.0,0,-2.856920195926806
9574,50.0,0,2.4372303584174855
9575,52.0,1,0.32224611117839236
9576,51.0,1,2.4000472663498686
9577,49.0,0,-2.693454066412601
9578,51.0,1,0.30605450037247584
9579,52.0,1,1.5179265581425363
9580,50.0,0,-0.625415735208328
9581,48.0,0,-4.775142963559867
9582,50.0,0,1.6080962840316553
9583,51.0,1,-0.09478209166800473
9584,49.0,0,-5.335970600005934
9585,52.0,1,0.4856408932422802
9586,52.0,1,4.305041511364375
9587,51.0,1,-1.3912959736916541
9588,51.0,1,-0.9225481196271027
9589,49.0,0,0.2631864427729823
9590,51.0,1,1.5200039974138335
9591,49.0,0,-4.463614142306298
9592,46.0,0,-5.459514862557733
9593,51.0,1,-0.6523064611031647
9594,49.0,0,-3.7950280297022707
9595,53.0,1,0.17301874128405367
9596,50.0,0,-0.8324399413604254
9597,53.0,1,2.6411426934507656
9598,49.0,0,-2.365386044807019
9599,54.0,1,2.369124702347075
9600,49.0,0,-3.747150776915085
9601,46.0,0,-6.177883903964918
9602,50.0,0,-3.554310404798188
9603,55.0,1,7.4448328234187455
9604,50.0,0,-1.9520826292267404
9605,54.0,1,2.7085480775541146
9606,52.0,1,0.9891746627578064
9607,49.0,0,0.710844679772097
9608,55.0,1,4.014904414108409
9609,48.0,0,-1.3841749745230156
9610,52.0,1,3.5355678755883835
9611,51.0,1,-0.4317976032369427
9612,50.0,0,0.1808420233529352
9613,51.0,1,1.0826410899887398
9614,49.0,0,1.0690200721085052
9615,51.0,1,1.2240518743137552
9616,46.0,0,-6.503984659517876
9617,53.0,1,3.6745249961176527
9618,52.0,1,1.3585544068957056
9619,51.0,1,3.5407261461313286
9620,49.0,0,-0.7601597685656586
9621,50.0,0,-0.20538954776167673
9622,50.0,0,0.40422250302492213
9623,49.0,0,-2.777536690011457
9624,51.0,1,-0.5791692643294404
9625,49.0,0,1.1979665500424113
9626,49.0,0,-3.0999996949531345
9627,52.0,1,1.0657362509762338
9628,53.0,1,1.3697982671320705
9629,53.0,1,2.4213487300286416
9630,48.0,0,-2.8064752425572292
9631,49.0,0,-4.1682206014762615
9632,50.0,0,-1.5479617207379621
9633,52.0,1,0.7765820616486825
9634,53.0,1,2.947959002417557
9635,51.0,1,-0.5897123446715511
9636,50.0,0,-0.6397298019416061
9637,50.0,0,0.5760688000241061
9638,52.0,1,6.692645049759295
9639,52.0,1,4.607765029356785
9640,49.0,0,-1.507093185369392
9641,55.0,1,8.779592912722197
9642,52.0,1,-0.407315654290462
9643,49.0,0,0.4180170885971397
9644,54.0,1,-1.228886004532238
9645,51.0,1,2.2375782033892095
9646,51.0,1,0.9574227427235297
9647,50.0,0,-1.6407776438204107
9648,51.0,1,-0.24613424797758582
9649,51.0,1,1.4169128416869279
9650,51.0,1,2.9987699648933925
9651,52.0,1,-0.822723799544209
9652,46.0,0,-6.734741982695045
9653,53.0,1,1.9717897452184874
9654,50.0,0,-1.823904565374173
9655,51.0,1,0.9194214819012996
9656,50.0,0,-2.6977927898730303
9657,55.0,1,3.3724822841807787
9658,50.0,0,0.526513123129009
9659,50.0,0,-1.0756898182232686
9660,47.0,0,-5.568404586269875
9661,52.0,1,1.9962991377620118
9662,50.0,0,-5.8499816125813835
9663,52.0,1,1.6317962615592485
9664,50.0,0,0.29464576942542614
9665,51.0,1,1.2367879547158198
9666,50.0,0,-1.0433198754803574
9667,49.0,0,-2.95651702032035
9668,49.0,0,0.57244972562061
9669,50.0,0,-0.18248932139138363
9670,48.0,0,-3.0117221048829177
9671,52.0,1,0.8148339010815258
9672,44.0,0,-12.558704533719508
9673,50.0,0,-2.34161682690683
9674,49.0,0,-0.526372586040985
9675,53.0,1,4.650472573654449
9676,51.0,1,0.5045057028826423
9677,49.0,0,-2.7439768168333885
9678,50.0,0,-0.27496186153429686
9679,50.0,0,0.7789165685911363
9680,52.0,1,5.311117629450321
9681,52.0,1,2.6991279854375962
9682,53.0,1,0.9058682005775398
9683,48.0,0,-4.812629112680264
9684,54.0,1,4.116577412125726
9685,55.0,1,5.485269741624956
9686,51.0,1,2.255863285887112
9687,53.0,1,4.4221904151063205
9688,52.0,1,0.19606888718971494
9689,49.0,0,-3.0409447315891143
9690,55.0,1,5.3217959669841886
9691,50.0,0,0.5990310519870109
9692,48.0,0,-3.251786704913636
9693,47.0,0,-7.657337190834962
9694,49.0,0,0.7236574123523102
9695,49.0,0,-1.7740182323956615
9696,52.0,1,0.04787313351234898
9697,51.0,1,0.03089965536754791
9698,52.0,1,2.1612902498005084
9699,47.0,0,-6.70437523843175
9700,49.0,0,1.3177444497492712
9701,51.0,1,-0.3230876876136282
9702,55.0,1,2.750278851232688
9703,50.0,0,0.2733337457509368
9704,48.0,0,-6.054812155783168
9705,52.0,1,0.23067868580848852
9706,48.0,0,-2.4768461921645684
9707,50.0,0,-0.3086870950953317
9708,49.0,0,-0.43325331026173597
9709,48.0,0,-3.014474641992078
9710,55.0,1,8.304404769662268
9711,53.0,1,2.7667771668527585
9712,54.0,1,2.2987823884618384
9713,47.0,0,-4.936139198069553
9714,52.0,1,1.7262399802177562
9715,46.0,0,-5.339208675539486
9716,52.0,1,3.6233729037060067
9717,52.0,1,0.8311511941049993
9718,51.0,1,-0.3215198618568842
9719,52.0,1,4.045339608361446
9720,48.0,0,-3.4409408480913983
9721,51.0,1,1.0883095035124202
9722,50.0,0,-5.998652449591195
9723,50.0,0,-0.492683188466184
9724,54.0,1,4.650756815966242
9725,53.0,1,4.4912237285659895
9726,54.0,1,6.507196425881039
9727,51.0,1,1.2216398659099912
9728,51.0,1,0.5045282409210916
9729,50.0,0,3.8819794043885354
9730,53.0,1,2.4613448553204913
9731,54.0,1,4.135744084118628
9732,52.0,1,1.3341684017856037
9733,49.0,0,-1.3469424378296335
9734,50.0,0,-1.7956054453805925
9735,51.0,1,1.5486695910040926
9736,53.0,1,3.910271439750115
9737,52.0,1,0.08254867346578998
9738,49.0,0,0.6618386304203586
9739,52.0,1,-0.589770537956259
9740,50.0,0,1.9279075291976275
9741,49.0,0,-1.9386459690010596
9742,52.0,1,-1.0456730137322987
9743,52.0,1,2.5116998254015726
9744,48.0,0,-4.077887035333354
9745,49.0,0,-3.5363230997313555
9746,51.0,1,0.1177595715428373
9747,47.0,0,-4.182208929416356
9748,49.0,0,-2.7687102120186813
9749,52.0,1,0.761750820139451
9750,56.0,1,6.81015580114765
9751,51.0,1,0.5765950193952655
9752,52.0,1,3.206072529718908
9753,50.0,0,0.33955030961983634
9754,49.0,0,-1.952046029822193
9755,47.0,0,-6.916092451531756
9756,51.0,1,0.36523950355204865
9757,51.0,1,-1.1003214548368463
9758,49.0,0,-1.584538239336501
9759,52.0,1,0.528515114316562
9760,50.0,0,2.7125955125529084
9761,52.0,1,-0.20516618220013919
9762,55.0,1,7.738134746466792
9763,51.0,1,4.0621735731436015
9764,53.0,1,4.53600614354705
9765,48.0,0,-0.6601659184418226
9766,54.0,1,2.182926999363025
9767,49.0,0,-3.0145199551940363
9768,50.0,0,-2.239637159286449
9769,53.0,1,2.981162174752481
9770,51.0,1,0.13921242648211116
9771,55.0,1,4.594574734780376
9772,48.0,0,-2.5215033175651103
9773,47.0,0,-6.711250129387139
9774,51.0,1,-0.32075372158656473
9775,49.0,0,-3.7140569631559726
9776,54.0,1,1.7613920202766449
9777,51.0,1,-0.7866152811671228
9778,49.0,0,-1.1518779113499824
9779,50.0,0,0.9346896671748495
9780,51.0,1,-0.35410066600320783
9781,52.0,1,-1.5588923555071776
9782,48.0,0,-6.6259452637594585
9783,53.0,1,3.638942320485832
9784,46.0,0,-7.655670417323532
9785,49.0,0,-4.70802014353167
9786,50.0,0,-2.2405999373144994
9787,50.0,0,-1.9269988309957704
9788,48.0,0,-3.5771694438104604
9789,50.0,0,1.8478425214007956
9790,52.0,1,-0.6989311575651966
9791,52.0,1,-2.4118061548335947
9792,50.0,0,-1.9697590199292059
9793,52.0,1,4.592261435997655
9794,51.0,1,0.5106324952494076
9795,47.0,0,-6.0377894267632275
9796,52.0,1,1.0032349309419872
9797,53.0,1,3.506038169275105
9798,49.0,0,1.113788883220683
9799,51.0,1,-1.037479794255506
9800,55.0,1,3.0036492195052213
9801,50.0,0,0.7468066488650834
9802,48.0,0,-0.0691188699938207
9803,53.0,1,3.6189624681548613
9804,51.0,1,-0.4702924365998255
9805,50.0,0,-1.0135569388254908
9806,45.0,0,-5.2509179135482125
9807,53.0,1,0.49298197726196163
9808,46.0,0,-7.944737807491736
9809,50.0,0,-0.6754789429657052
9810,45.0,0,-6.729792975757452
9811,48.0,0,-2.7097342521953123
9812,51.0,1,0.9676810121043686
9813,53.0,1,1.447849504311525
9814,50.0,0,0.7066797343846658
9815,46.0,0,-8.307097258515915
9816,49.0,0,-1.4139314312367117
9817,50.0,0,-1.382398388095117
9818,50.0,0,4.535799257318268
9819,46.0,0,-8.27347070258552
9820,47.0,0,-5.708403199346661
9821,49.0,0,-3.8614011696753963
9822,48.0,0,-3.809216840483253
9823,48.0,0,-0.32622475072162277
9824,51.0,1,-1.0061275090295276
9825,47.0,0,-4.5065034211128046
9826,50.0,0,-0.5178898234780945
9827,50.0,0,-1.3356070844871373
9828,49.0,0,-1.5547599498159923
9829,53.0,1,0.3431784898308654
9830,49.0,0,-2.491776152033417
9831,53.0,1,3.653042524443291
9832,53.0,1,3.0292587072160266
9833,51.0,1,-2.5125642805752415
9834,48.0,0,-4.646719990815034
9835,47.0,0,-2.362784616784481
9836,54.0,1,2.4486794991909524
9837,49.0,0,-3.003605163593416
9838,49.0,0,-3.409086982843725
9839,51.0,1,0.31768783135127343
9840,46.0,0,-5.258926602177671
9841,50.0,0,-1.806739946396916
9842,50.0,0,-2.022798593193706
9843,53.0,1,3.3287817372737076
9844,47.0,0,-4.963470612268573
9845,53.0,1,4.205127249156115
9846,48.0,0,-5.566841729653635
9847,52.0,1,2.3470373578195822
9848,49.0,0,-4.42367857648591
9849,54.0,1,2.8258351104351083
9850,53.0,1,1.7415540707334998
9851,49.0,0,0.08616594665932523
9852,50.0,0,-1.682781456681719
9853,53.0,1,2.1413446248635
9854,53.0,1,3.4521542872401465
9855,49.0,0,-4.185174194862725
9856,49.0,0,0.6722624012306546
9857,47.0,0,-1.387876848211558
9858,50.0,0,-0.3634466103331013
9859,49.0,0,-1.6669624863929091
9860,50.0,0,1.1200505685330384
9861,54.0,1,2.0743927855187465
9862,52.0,1,4.544035801630704
9863,52.0,1,2.205488930523728
9864,52.0,1,2.660962258764272
9865,48.0,0,-6.552551381424554
9866,52.0,1,2.823063697463525
9867,55.0,1,7.1030810660218
9868,52.0,1,3.4130432348953326
9869,51.0,1,-1.921062221244099
9870,54.0,1,7.029166058366933
9871,51.0,1,-0.39142405577586914
9872,51.0,1,0.29943542571237214
9873,50.0,0,-1.6885908211209897
9874,55.0,1,6.69115249261771
9875,51.0,1,1.1787989840274788
9876,51.0,1,-0.4783802157588848
9877,52.0,1,-0.21203696446051593
9878,48.0,0,-3.8986809435395315
9879,51.0,1,0.8991016444787338
9880,52.0,1,4.316228188439751
9881,49.0,0,-2.8923414936545084
9882,53.0,1,3.4606422480140653
9883,50.0,0,0.23761047837039972
9884,47.0,0,-2.7361129237531308
9885,50.0,0,1.1926099193103454
9886,49.0,0,-2.194587015446918
9887,53.0,1,1.368412837097363
9888,54.0,1,3.4960689333955415
9889,48.0,0,-4.0467733976220766
9890,46.0,0,-5.396662294996078
9891,51.0,1,0.7450519469440866
9892,52.0,1,-0.08957654248137281
9893,49.0,0,-3.1199439605713826
9894,50.0,0,-3.1122397490579896
9895,52.0,1,0.8474806117379007
9896,48.0,0,-2.510089136392194
9897,51.0,1,1.591430173025775
9898,49.0,0,-0.8908345003479547
9899,48.0,0,-2.1684828319977942
9900,51.0,1,0.1237073820967737
9901,45.0,0,-5.151260904858306
9902,48.0,0,-2.0683580509617125
9903,52.0,1,-0.7400421206193287
9904,49.0,0,-3.7845522343873226
9905,53.0,1,1.7625891686450024
9906,50.0,0,0.8831186840020024
9907,47.0,0,-6.526219780088918
9908,53.0,1,4.4789007619416665
9909,50.0,0,-0.48345812057390264
9910,50.0,0,0.2697230711954089
9911,50.0,0,-1.5394460228912004
9912,50.0,0,-2.0682030821810806
9913,52.0,1,1.7909862723421885
9914,50.0,0,-2.2071021203967307
9915,47.0,0,-4.224472310319572
9916,48.0,0,-5.296128154485263
9917,50.0,0,-2.7426520391323144
9918,49.0,0,-3.143325774290693
9919,49.0,0,-4.790764486889246
9920,49.0,0,-2.316860245584906
9921,50.0,0,-3.813148811054715
9922,53.0,1,3.21810891513156
9923,48.0,0,-7.077551575280226
9924,51.0,1,2.0850758257438207
9925,52.0,1,-0.41399371618296
9926,47.0,0,-5.88735223194814
9927,54.0,1,5.25938040962422
9928,54.0,1,3.53209148719456
9929,49.0,0,-2.2302970905145227
9930,54.0,1,1.9569609954433476
9931,52.0,1,3.7773317690262793
9932,53.0,1,3.4177193110093014
9933,51.0,1,1.3192185135300807
9934,53.0,1,4.316979039725807
9935,53.0,1,1.2831159136390922
9936,54.0,1,2.624914503913775
9937,51.0,1,-1.1868100266526154
9938,50.0,0,-0.43436469225860763
9939,50.0,0,-1.499329304975224
9940,50.0,0,-0.11836988081354949
9941,54.0,1,4.95682330498553
9942,50.0,0,0.032915035925260794
9943,49.0,0,-3.8101265844259284
9944,48.0,0,-2.455499674427701
9945,50.0,0,-1.46062884845996
9946,51.0,1,0.4539114663259649
9947,52.0,1,-1.4819391299563258
9948,50.0,0,-0.6947412180493256
9949,51.0,1,3.9726271677576164
9950,52.0,1,1.0571832801421561
9951,48.0,0,-0.9020537747068386
9952,55.0,1,9.07803509156921
9953,51.0,1,1.1779865866240793
9954,46.0,0,-7.498092332754091
9955,50.0,0,-0.02376031165982081
9956,53.0,1,6.669912361187775
9957,55.0,1,5.70602210045259
9958,51.0,1,-2.78120871268571
9959,50.0,0,-0.6996710197944701
9960,50.0,0,0.40025678683616595
9961,51.0,1,2.107066174154729
9962,51.0,1,0.15723008831954535
9963,49.0,0,-0.6982865538651482
9964,53.0,1,1.0685727451179758
9965,50.0,0,-1.4190657209479842
9966,44.0,0,-9.905445304492138
9967,51.0,1,-0.1785353094810484
9968,50.0,0,0.16087143384849162
9969,49.0,0,-1.2954363182162
9970,52.0,1,2.130516556429528
9971,52.0,1,0.5041886874924619
9972,52.0,1,0.596985411458382
9973,49.0,0,-0.18440972848827514
9974,49.0,0,-4.625298311948928
9975,50.0,0,1.5586580164677348
9976,50.0,0,-1.4058946381263255
9977,51.0,1,3.598332159219003
9978,54.0,1,0.6351507071956061
9979,51.0,1,-3.467773812378832
9980,46.0,0,-4.69382533377365
9981,46.0,0,-4.874225274336374
9982,51.0,1,1.4855394732618497
9983,48.0,0,-1.8199731248337923
9984,52.0,1,2.136420952052696
9985,52.0,1,0.49005134427343017
9986,56.0,1,8.63956907817346
9987,53.0,1,2.771860974632589
9988,53.0,1,7.335157066038585
9989,55.0,1,4.940157831166212
9990,52.0,1,3.1075626362048383
9991,49.0,0,-3.0688831665596306
9992,50.0,0,1.052111612804981
9993,49.0,0,-2.0523733183012047
9994,48.0,0,-1.7307776073536427
9995,49.0,0,-0.40571238118734476
9996,49.0,0,-1.5924472470316515
9997,56.0,1,6.3475398006249435
9998,53.0,1,-2.0870664000596264
9999,53.0,1,1.9347173197386298
10000,48.0,0,-7.842443847552134
10001,51.0,1,1.2406903364717023
10002,51.0,1,-2.0640852014085933
10003,54.0,1,5.934914749279355
10004,50.0,0,-0.9866766379769777
10005,52.0,1,-0.9607672532277255
10006,48.0,0,-4.744475709692547
10007,47.0,0,-5.615219242322186
10008,51.0,1,-2.7677508614794557
10009,52.0,1,0.5169449652147216
10010,51.0,1,-1.3327178507750042
10011,53.0,1,2.0066794069838525
10012,50.0,0,0.5662224141758504
10013,56.0,1,7.2467090681854645
10014,48.0,0,-3.642855357236935
10015,49.0,0,-0.8512129083007864
10016,50.0,0,1.9557529107047098
10017,51.0,1,-1.9954321996652555
10018,48.0,0,-5.552409325967096
10019,47.0,0,-9.223837612361589
10020,53.0,1,1.886821494707893
10021,51.0,1,-0.7186596225597102
10022,50.0,0,0.7593442943201261
10023,51.0,1,3.4457568644833687
10024,49.0,0,0.859413027748376
10025,53.0,1,5.647904286797739
10026,52.0,1,2.586923594103073
10027,51.0,1,2.2277212521555287
10028,52.0,1,2.8308151638092345
10029,50.0,0,0.15950365931587943
10030,50.0,0,-0.8904619644614907
10031,53.0,1,3.771741619570503
10032,50.0,0,0.8475548780658106
10033,50.0,0,1.0524453032149776
10034,55.0,1,5.942667872099472
10035,53.0,1,3.7028711916052863
10036,51.0,1,-0.3888192066654589
10037,48.0,0,-3.4202663288142396
10038,52.0,1,3.724511702933976
10039,50.0,0,-3.89432493855517
10040,52.0,1,0.781127760932358
10041,49.0,0,-3.7693323320811922
10042,48.0,0,-5.316773871583907
10043,51.0,1,2.9653003051068523
10044,49.0,0,-3.5519923577323675
10045,49.0,0,-3.1548719141904797
10046,48.0,0,-6.02394244051167
10047,48.0,0,-2.4770702358117505
10048,53.0,1,2.1363335722473744
10049,49.0,0,-1.7062201192170556
10050,52.0,1,1.1999684049199404
10051,51.0,1,4.415070735250027
10052,48.0,0,-1.4780157814417108
10053,50.0,0,-3.0387673425388586
10054,53.0,1,3.612434794536564
10055,50.0,0,-2.104473900493344
10056,54.0,1,3.992659904716519
10057,55.0,1,3.9619700293386937
10058,45.0,0,-7.5660327681808095
10059,49.0,0,-2.0814070580069273
10060,49.0,0,-2.2890200762869237
10061,47.0,0,-4.905864422242107
10062,48.0,0,-2.4055659866122174
10063,43.0,0,-10.153117880657309
10064,49.0,0,-2.193647729340027
10065,44.0,0,-4.96267805411647
10066,50.0,0,4.623142969715979
10067,50.0,0,-4.058947159671838
10068,49.0,0,-1.6588470659449492
10069,45.0,0,-7.597974314112555
10070,50.0,0,0.19899479732931022
10071,52.0,1,0.3311218296107069
10072,46.0,0,-5.4397269069258325
10073,50.0,0,-0.12307667088291128
10074,48.0,0,-2.3648175333843824
10075,55.0,1,2.942226622408257
10076,51.0,1,4.489606892120214
10077,52.0,1,2.1750419389396476
10078,49.0,0,-1.4917404966127359
10079,49.0,0,2.590385501032787
10080,50.0,0,0.5314507327090305
10081,51.0,1,2.919743584806574
10082,51.0,1,2.709075501477889
10083,52.0,1,2.608926259069828
10084,51.0,1,-1.679009163181561
10085,43.0,0,-10.95273517945006
10086,51.0,1,2.4443442485754328
10087,52.0,1,2.865935386793272
10088,54.0,1,8.494134826138124
10089,51.0,1,0.19825577878388356
10090,50.0,0,-0.9551156779085048
10091,50.0,0,1.3797805518728947
10092,53.0,1,2.2604617138518757
10093,54.0,1,5.3787416340422665
10094,53.0,1,3.0057747180729057
10095,49.0,0,-2.972619217237529
10096,51.0,1,0.14147765806931464
10097,49.0,0,-4.808778120772862
10098,48.0,0,-0.7455504868127835
10099,47.0,0,-5.193187251836178
10100,51.0,1,0.7061122005615211
10101,50.0,0,-3.823468166326986
10102,52.0,1,4.667218994907902
10103,50.0,0,0.054773910620441776
10104,52.0,1,1.9191251041396058
10105,50.0,0,0.5668619206801925
10106,51.0,1,1.1476849823634534
10107,48.0,0,-2.2500113616657353
10108,51.0,1,1.3882673912955148
10109,46.0,0,-7.495409329023319
10110,51.0,1,-1.2566765046320343
10111,50.0,0,-0.8481360946943161
10112,49.0,0,-1.4115345368873622
10113,51.0,1,-1.6867371754459122
10114,49.0,0,-3.1992565735993392
10115,50.0,0,-3.215179188459215
10116,52.0,1,3.100639339832079
10117,51.0,1,3.9514140131508944
10118,52.0,1,1.2182125247109075
10119,54.0,1,3.7201152844419796
10120,52.0,1,3.634143277035327
10121,51.0,1,1.003249887623786
10122,49.0,0,0.7182883523118652
10123,50.0,0,3.3114895173605663
10124,50.0,0,1.7701541459057244
10125,48.0,0,-2.9485600641771423
10126,51.0,1,-2.3045613577456336
10127,49.0,0,-5.061225616543906
10128,47.0,0,-4.642492240845738
10129,53.0,1,2.2990703109065076
10130,51.0,1,1.1170540194679934
10131,50.0,0,-0.29795997155909754
10132,50.0,0,0.059888356028034176
10133,50.0,0,-0.6232235565845634
10134,49.0,0,-2.101779413740791
10135,55.0,1,4.682701297521396
10136,49.0,0,-0.6190403883420629
10137,49.0,0,0.28368358859278975
10138,50.0,0,1.5653506016658312
10139,46.0,0,-5.36583934744759
10140,52.0,1,0.7844668117363132
10141,51.0,1,0.7687570473571819
10142,49.0,0,-2.840927238592724
10143,56.0,1,8.937635370131591
10144,46.0,0,-4.919837499670249
10145,47.0,0,-3.541754923302394
10146,49.0,0,-1.8895671384388955
10147,51.0,1,0.3644868101951136
10148,47.0,0,-2.830660300936517
10149,48.0,0,-3.434667167872214
10150,52.0,1,0.03449936529883301
10151,48.0,0,-3.146110843124827
10152,44.0,0,-7.631637236529969
10153,47.0,0,-1.8686299036424692
10154,51.0,1,-0.7351567401690331
10155,49.0,0,-2.015215548163839
10156,53.0,1,4.371395087729082
10157,49.0,0,-1.8405761412915185
10158,53.0,1,0.387496222732132
10159,47.0,0,-3.489713194794971
10160,51.0,1,0.28552711144362747
10161,50.0,0,0.04037082475983218
10162,48.0,0,-5.173442575990057
10163,52.0,1,0.866207096057052
10164,52.0,1,2.329465578642988
10165,49.0,0,-0.8250043290913103
10166,52.0,1,-1.8483906178609955
10167,47.0,0,-3.246203839879516
10168,53.0,1,-1.3618667762431031
10169,43.0,0,-8.899053965432142
10170,48.0,0,-1.1694235654576621
10171,48.0,0,-5.1258287121693495
10172,51.0,1,1.8992382623614716
10173,49.0,0,-1.197713532596003
10174,48.0,0,-1.7744626259515506
10175,54.0,1,4.016601552674578
10176,51.0,1,1.2973907624236756
10177,50.0,0,-2.7292530435535403
10178,48.0,0,-0.2866539395723676
10179,51.0,1,2.0267507992943505
10180,49.0,0,-2.3420903337347974
10181,56.0,1,5.988768022167319
10182,50.0,0,-0.26108924014068047
10183,48.0,0,-5.254221906015937
10184,51.0,1,-0.25665618556829667
10185,48.0,0,-6.190656491877343
10186,52.0,1,0.2118228659126598
10187,51.0,1,-0.3296268830593628
10188,45.0,0,-9.313480416358182
10189,50.0,0,-2.331254577550396
10190,54.0,1,-1.6767233674950803
10191,50.0,0,-2.9717807276182344
10192,52.0,1,1.2359474342400079
10193,49.0,0,-0.32862242801602887
10194,51.0,1,1.639909908134976
10195,50.0,0,-0.48128561379078333
10196,54.0,1,2.354888117827062
10197,54.0,1,4.108183141558719
10198,51.0,1,-1.6196566641983323
10199,52.0,1,3.020186244454981
10200,52.0,1,0.7014813743905411
10201,54.0,1,5.355304006314493
10202,52.0,1,3.060121381531098
10203,52.0,1,1.1507457069172968
10204,50.0,0,-1.5621512850506143
10205,52.0,1,-0.6940994398780294
10206,48.0,0,-2.7606514620986453
10207,47.0,0,-4.423985138816913
10208,48.0,0,-4.575415670621287
10209,49.0,0,-1.7115851242942757
10210,49.0,0,-1.461731270871012
10211,46.0,0,-9.941574545705516
10212,50.0,0,-2.641888997455647
10213,52.0,1,2.008893095247454
10214,50.0,0,-0.9585130420950482
10215,47.0,0,-4.949099938265053
10216,51.0,1,0.4743385814127798
10217,52.0,1,1.777139749411606
10218,49.0,0,-1.3273730303660074
10219,52.0,1,1.6066688134261067
10220,49.0,0,-1.9792738206398086
10221,55.0,1,8.326368682948099
10222,51.0,1,0.43960737922058585
10223,50.0,0,2.275171671738977
10224,49.0,0,-2.251909421022595
10225,49.0,0,-1.6970997211003676
10226,54.0,1,6.372670154678748
10227,49.0,0,0.10564833263647948
10228,48.0,0,-7.435543326627164
10229,50.0,0,-0.6802472565998595
10230,52.0,1,3.0739361541065584
10231,54.0,1,4.967880701841405
10232,48.0,0,-2.6759871414600482
10233,49.0,0,-1.4521795344743227
10234,49.0,0,-2.8646341691003245
10235,49.0,0,-3.188179288846339
10236,52.0,1,1.298672516600137
10237,55.0,1,2.739753614739591
10238,50.0,0,-1.443384028293161
10239,47.0,0,-5.17573101314267
10240,52.0,1,1.093224723313062
10241,49.0,0,-1.5227952341012208
10242,49.0,0,-2.515516818700728
10243,50.0,0,-1.250462581395292
10244,46.0,0,-6.824625367428414
10245,49.0,0,-3.892555282225127
10246,48.0,0,-1.1775998361179305
10247,51.0,1,2.829451809541101
10248,55.0,1,4.492523644379594
10249,53.0,1,4.265536763159646
10250,52.0,1,6.117644868006207
10251,52.0,1,1.4523785654861319
10252,50.0,0,-1.4251218023738317
10253,48.0,0,-4.09770676022772
10254,51.0,1,-0.7219124811338733
10255,49.0,0,-3.3671691172880287
10256,51.0,1,-1.005912190542318
10257,52.0,1,3.9601821498492993
10258,53.0,1,1.6989838525602343
10259,51.0,1,-0.6193740817250343
10260,52.0,1,-2.2067046363515423
10261,52.0,1,1.5489551187257886
10262,52.0,1,1.1525767308177497
10263,53.0,1,5.270228573829514
10264,48.0,0,-6.293285291301453
10265,49.0,0,-2.27374785686127
10266,54.0,1,6.0787372564912285
10267,53.0,1,0.6836422894021261
10268,51.0,1,-1.7862953512117143
10269,55.0,1,5.061389287796729
10270,50.0,0,1.4581591097740643
10271,46.0,0,-5.001720906130677
10272,52.0,1,3.479369529717872
10273,49.0,0,-1.9306165170606961
10274,48.0,0,-6.631467455777884
10275,51.0,1,-0.8876338241964148
10276,54.0,1,3.9038013162206506
10277,46.0,0,-5.931975738594988
10278,51.0,1,-1.577813723120286
10279,52.0,1,1.6071425069170018
10280,51.0,1,-0.9695326249127393
10281,50.0,0,-2.3077322568286194
10282,50.0,0,-2.4043703782534855
10283,47.0,0,-4.047202860706931
10284,47.0,0,-2.4171174955203467
10285,49.0,0,-3.146718315391633
10286,54.0,1,6.7478727748866865
10287,48.0,0,-4.840023675062703
10288,51.0,1,2.2858611069337162
10289,49.0,0,-3.2579559970645544
10290,53.0,1,2.284820398010418
10291,48.0,0,-3.9379226383381534
10292,53.0,1,0.9921314778217717
10293,52.0,1,3.2277133261379958
10294,49.0,0,-1.5654154717841133
10295,49.0,0,1.5621805754466944
10296,52.0,1,2.3875623745854595
10297,48.0,0,-2.044755398574622
10298,49.0,0,2.912872987569163
10299,49.0,0,-4.0863422696881155
10300,51.0,1,1.4180357482382204
10301,51.0,1,-1.4679186391166659
10302,51.0,1,-0.5123776966454593
10303,54.0,1,3.1368030570332794
10304,49.0,0,-1.9007531001340234
10305,51.0,1,-0.8089725776955288
10306,53.0,1,3.0580282187551995
10307,51.0,1,-3.0505767150438303
10308,50.0,0,-2.8191191243958325
10309,51.0,1,-4.911949885256449
10310,50.0,0,-0.9120100518969539
10311,51.0,1,1.069639520512079
10312,49.0,0,0.1454872311513539
10313,53.0,1,0.6035262708439222
10314,53.0,1,6.493608203147654
10315,51.0,1,2.577366384574216
10316,50.0,0,-1.8672247974561922
10317,49.0,0,1.7740706213360409
10318,49.0,0,-1.094334463910852
10319,54.0,1,3.903048786027213
10320,50.0,0,3.113915585119417
10321,49.0,0,-0.7703101647029089
10322,46.0,0,-6.481027028677793
10323,53.0,1,1.0104065201542403
10324,53.0,1,4.569349988950858
10325,49.0,0,-1.8729332972025516
10326,52.0,1,4.272414711709333
10327,54.0,1,2.2914946709438726
10328,52.0,1,-1.606222363282724
10329,50.0,0,-0.022677470484593877
10330,55.0,1,4.859826511319422
10331,54.0,1,3.0372265424996994
10332,52.0,1,5.7962623694845465
10333,48.0,0,-4.371884560176927
10334,51.0,1,1.8125434677007415
10335,50.0,0,-0.5417933308092648
10336,48.0,0,-9.01699806188421
10337,50.0,0,0.4284551595342312
10338,53.0,1,0.23318261671016632
10339,50.0,0,-2.9898636179314515
10340,49.0,0,1.732172456922396
10341,53.0,1,3.3946459564156988
10342,50.0,0,-0.8202416919574542
10343,56.0,1,5.666457852142855
10344,53.0,1,3.1521401939404474
10345,52.0,1,4.5285045184874155
10346,52.0,1,1.3697544345413248
10347,50.0,0,-4.390362580747492
10348,50.0,0,-0.3917641297601447
10349,49.0,0,0.6826093873670349
10350,47.0,0,-3.5926217421163833
10351,53.0,1,1.9447883341678163
10352,50.0,0,-2.0838486513102166
10353,53.0,1,3.84591782652428
10354,52.0,1,-0.07020210727357733
10355,55.0,1,7.578781481097411
10356,48.0,0,-2.8533758312472215
10357,52.0,1,1.085831414469525
10358,51.0,1,3.318072472965331
10359,55.0,1,3.4933364733258534
10360,52.0,1,3.919221548628994
10361,47.0,0,-5.031169162137564
10362,49.0,0,0.7776290845305363
10363,48.0,0,-5.6941749911821375
10364,49.0,0,1.365345501585792
10365,55.0,1,5.705990153134834
10366,50.0,0,-2.791408793790298
10367,48.0,0,-2.13851469478466
10368,50.0,0,-4.093596954342396
10369,53.0,1,2.063548872729481
10370,50.0,0,0.5345434093622139
10371,50.0,0,-0.1357569811733621
10372,51.0,1,-0.5940505856071691
10373,52.0,1,2.7935283038169443
10374,46.0,0,-4.506837646045662
10375,49.0,0,-2.4701351681924213
10376,48.0,0,-2.3621964225154684
10377,52.0,1,2.67836943267443
10378,50.0,0,-2.9995237121484846
10379,57.0,1,5.595427347085608
10380,49.0,0,-1.2681351563567815
10381,47.0,0,-4.282088351019456
10382,51.0,1,-0.43224447955288603
10383,48.0,0,-0.8724393477296108
10384,54.0,1,3.6680561101971207
10385,51.0,1,-1.390564775061313
10386,51.0,1,2.0907853614275314
10387,48.0,0,0.2724416915014209
10388,49.0,0,-2.7434148712886826
10389,49.0,0,-1.8026291117356725
10390,51.0,1,-0.54811469075791
10391,45.0,0,-5.271614726571302
10392,50.0,0,-1.6144303689766204
10393,50.0,0,1.1072361844841423
10394,51.0,1,2.653512988154362
10395,53.0,1,0.21904474948992428
10396,54.0,1,4.633838767274493
10397,53.0,1,2.9552559646623506
10398,52.0,1,2.7243061919418077
10399,49.0,0,-1.408729589292065
10400,53.0,1,2.721730930493195
10401,52.0,1,0.9787086758246971
10402,48.0,0,-4.334505514873854
10403,52.0,1,-1.2988914410486014
10404,52.0,1,2.7582038749475704
10405,53.0,1,4.151300810256427
10406,49.0,0,0.4506590579976162
10407,53.0,1,2.0443031758526202
10408,55.0,1,8.241449237365575
10409,53.0,1,3.686475702233361
10410,49.0,0,-5.49232238908457
10411,50.0,0,-1.5618208694355096
10412,52.0,1,2.333640060076162
10413,50.0,0,-3.0761681838589103
10414,49.0,0,-0.5954423978932315
10415,49.0,0,-0.24001632070186044
10416,47.0,0,-4.371913097214781
10417,50.0,0,-3.094427309311469
10418,52.0,1,0.30466657961395
10419,56.0,1,5.996175340584932
10420,52.0,1,1.1746709672011553
10421,50.0,0,0.11744584707799877
10422,52.0,1,-0.7346416533828749
10423,51.0,1,1.8060075108564413
10424,50.0,0,-3.731407467063655
10425,52.0,1,2.8678253283731943
10426,52.0,1,-0.7023321603873078
10427,53.0,1,-0.07076401576290528
10428,53.0,1,2.838876771653318
10429,54.0,1,3.0011023632181675
10430,47.0,0,-5.161524511972685
10431,50.0,0,1.4539743814872972
10432,52.0,1,1.0047847993805492
10433,50.0,0,-1.0133707664105291
10434,51.0,1,1.780656303274442
10435,54.0,1,5.288368016395555
10436,49.0,0,-0.8231580577335291
10437,49.0,0,-2.702554086733226
10438,52.0,1,-0.7742436238939454
10439,50.0,0,1.6883655487121805
10440,49.0,0,-2.027613217104605
10441,48.0,0,-6.470387664825471
10442,54.0,1,4.702735890327954
10443,46.0,0,-7.393036624095391
10444,51.0,1,0.8034812192506946
10445,49.0,0,-2.379583632945453
10446,53.0,1,3.702129589300435
10447,50.0,0,-3.510242555929972
10448,51.0,1,-1.1988020072663363
10449,56.0,1,5.616536835255376
10450,48.0,0,-2.938553545599542
10451,53.0,1,-0.6040797799777595
10452,55.0,1,5.844897454821969
10453,49.0,0,1.1069612494237306
10454,50.0,0,-1.6939301972378948
10455,53.0,1,4.204874315432296
10456,47.0,0,-5.400857314712723
10457,51.0,1,-0.7977816015807943
10458,48.0,0,-3.5161295488877498
10459,52.0,1,-0.056185499145242505
10460,49.0,0,-1.1103401015383303
10461,49.0,0,-2.378950523111815
10462,52.0,1,5.0929275148984665
10463,47.0,0,-4.845035519801561
10464,50.0,0,2.6739578923632363
10465,52.0,1,1.4194022838580205
10466,49.0,0,-0.9956174405994401
10467,51.0,1,-0.383214757001137
10468,56.0,1,7.555439902847203
10469,50.0,0,-2.050160837378626
10470,53.0,1,2.9310388385715354
10471,48.0,0,-5.030996429922575
10472,50.0,0,-0.4811198357806442
10473,53.0,1,2.9264181873607082
10474,56.0,1,5.92794608424938
10475,48.0,0,-2.163325852383322
10476,50.0,0,-0.808144892478987
10477,51.0,1,3.0604035780369636
10478,54.0,1,5.061884767196425
10479,55.0,1,4.935521088113053
10480,53.0,1,3.045592777673113
10481,51.0,1,0.1808345194280794
10482,53.0,1,0.872071993416317
10483,46.0,0,-8.930935170076232
10484,52.0,1,1.3627980971744764
10485,52.0,1,2.242199363592312
10486,50.0,0,-0.9662325135503855
10487,52.0,1,0.1369263749350406
10488,47.0,0,-8.268907439021765
10489,55.0,1,6.2109075297007115
10490,51.0,1,0.6284264568469652
10491,52.0,1,3.5173861277328764
10492,51.0,1,-2.6559937921330845
10493,53.0,1,2.207037582033546
10494,52.0,1,1.7342717635700236
10495,54.0,1,3.9552624572145416
10496,52.0,1,0.47651240821709695
10497,49.0,0,-2.1383411095326084
10498,49.0,0,-6.136440335165428
10499,49.0,0,-4.520730398026353
10500,47.0,0,-4.903637032098476
10501,53.0,1,0.863739432069589
10502,48.0,0,-6.5186993067895695
10503,52.0,1,2.42992942761102
10504,52.0,1,2.7272158144872054
10505,50.0,0,-2.7702835415740648
10506,53.0,1,3.793311923994921
10507,47.0,0,-3.3716883444208827
10508,49.0,0,1.2711287841869772
10509,50.0,0,-3.677670348456882
10510,47.0,0,-3.4507440845810216
10511,53.0,1,4.044267732128738
10512,47.0,0,-4.379759578340491
10513,52.0,1,1.3894430950581447
10514,54.0,1,2.9652184774639
10515,54.0,1,3.616757792782678
10516,53.0,1,1.4736995057600475
10517,53.0,1,6.316944606552005
10518,52.0,1,3.968242375091285
10519,50.0,0,-1.7552939231960902
10520,49.0,0,0.04427510900470115
10521,49.0,0,-3.222066801997889
10522,48.0,0,-2.779326666934811
10523,50.0,0,-0.17397280769477177
10524,53.0,1,0.2983954056196455
10525,45.0,0,-8.307723071472777
10526,51.0,1,1.5042094711961296
10527,53.0,1,3.286171842108292
10528,49.0,0,-0.545098349693
10529,49.0,0,-2.6916756844823833
10530,49.0,0,-2.2846515679156227
10531,52.0,1,2.0749996105226933
10532,49.0,0,-0.6289167975088326
10533,53.0,1,0.6262203076833719
10534,51.0,1,1.0371701949833898
10535,50.0,0,3.6006439597537487
10536,48.0,0,-4.062257750357965
10537,53.0,1,2.7869226431701115
10538,52.0,1,1.893917173893226
10539,48.0,0,-2.8726226529509424
10540,51.0,1,3.4279072850557424
10541,52.0,1,-0.5745240209209412
10542,47.0,0,-6.4807569659273225
10543,50.0,0,-0.9975233076514479
10544,53.0,1,3.3930382807005883
10545,50.0,0,-1.4924412915490861
10546,48.0,0,-3.379075389531358
10547,50.0,0,-0.9298687760905734
10548,51.0,1,3.169565092869967
10549,52.0,1,1.20448047127121
10550,57.0,1,8.558017617642113
10551,50.0,0,-2.1807653520783736
10552,52.0,1,-0.08139055125060893
10553,55.0,1,5.010151928280278
10554,49.0,0,-2.640983040063779
10555,49.0,0,-2.4482792097006785
10556,49.0,0,-2.8658953274034102
10557,51.0,1,3.1679148722518664
10558,49.0,0,0.5805176092184672
10559,47.0,0,-3.1827267869218754
10560,47.0,0,-3.9536705867357314
10561,53.0,1,0.9445031724628338
10562,49.0,0,1.2996953218233789
10563,52.0,1,3.8159348033909284
10564,50.0,0,-1.647897713106743
10565,52.0,1,1.2285332263708024
10566,51.0,1,-0.11085126349669817
10567,50.0,0,1.751587436966087
10568,48.0,0,-1.7325871853603292
10569,53.0,1,0.8303378987472082
10570,50.0,0,0.8163158187173196
10571,55.0,1,8.533738160956721
10572,50.0,0,3.86795704334648
10573,50.0,0,-1.6419991888739756
10574,50.0,0,1.123066848088433
10575,52.0,1,1.0882662407322128
10576,51.0,1,-2.2055478640158013
10577,45.0,0,-6.615578433169706
10578,53.0,1,1.4579267855537288
10579,51.0,1,-0.15480045928021796
10580,46.0,0,-5.925021384644839
10581,53.0,1,0.5315385470396422
10582,51.0,1,0.9922133291359955
10583,49.0,0,-0.6478176341223421
10584,50.0,0,-1.995209163809867
10585,51.0,1,-1.9310280391498733
10586,49.0,0,0.11581789896490755
10587,50.0,0,-3.3547791566948195
10588,52.0,1,1.4682833756027485
10589,54.0,1,3.3051430552092245
10590,54.0,1,6.4923019163992235
10591,53.0,1,4.986030643793106
10592,51.0,1,-0.6962843659456399
10593,48.0,0,-0.3469521733834482
10594,47.0,0,-2.566759916486208
10595,52.0,1,4.874715571358237
10596,49.0,0,-4.108283307023293
10597,47.0,0,-0.5249424774256699
10598,48.0,0,-3.680818264847907
10599,50.0,0,-0.7929941576648563
10600,46.0,0,-7.34738809633305
10601,46.0,0,-6.125517233099566
10602,53.0,1,4.421741063592067
10603,50.0,0,-3.726881985081557
10604,53.0,1,0.47741590900204706
10605,48.0,0,-6.4114067484459945
10606,50.0,0,-2.4280922126060225
10607,53.0,1,0.41056917712385155
10608,50.0,0,-0.3502800827081844
10609,48.0,0,-0.16555337662837677
10610,52.0,1,1.6044735338390483
10611,49.0,0,-4.409258867226334
10612,52.0,1,3.356708507469345
10613,54.0,1,6.246019512573247
10614,46.0,0,-5.693605381948847
10615,52.0,1,-0.2559680596306664
10616,49.0,0,-0.701619904042038
10617,48.0,0,-4.6518187035599965
10618,48.0,0,-2.820654157982501
10619,53.0,1,3.9098110751966755
10620,51.0,1,0.5437081014070165
10621,51.0,1,0.7842149859216524
10622,50.0,0,1.206248156329841
10623,54.0,1,7.50371860055565
10624,49.0,0,-5.036074717582579
10625,49.0,0,-0.9466392064744097
10626,50.0,0,-1.706047171384015
10627,49.0,0,-4.359531099062953
10628,51.0,1,4.685009493139552
10629,49.0,0,-3.2206424763191666
10630,49.0,0,-3.4919830653706856
10631,53.0,1,3.3951567024809437
10632,51.0,1,-1.0179391140219465
10633,49.0,0,-4.85739921784909
10634,53.0,1,2.3720930113693313
10635,51.0,1,1.8563067235858555
10636,54.0,1,8.138674068971152
10637,48.0,0,-2.594995897412566
10638,50.0,0,0.4382739024039996
10639,54.0,1,3.0731683899588234
10640,49.0,0,-3.8135133038149096
10641,47.0,0,-5.409559867152538
10642,46.0,0,-10.80607158779007
10643,52.0,1,0.9781016126382003
10644,49.0,0,-1.674472311345281
10645,50.0,0,-2.2368998247755334
10646,53.0,1,1.1244537417249532
10647,50.0,0,0.5231554438196709
10648,54.0,1,7.069791261301323
10649,51.0,1,0.7981040266667763
10650,52.0,1,-0.8319480349569457
10651,53.0,1,1.3695478009958209
10652,47.0,0,-4.7227574102545775
10653,53.0,1,-0.2397560303165635
10654,51.0,1,-1.8645758506159487
10655,54.0,1,4.429889983136366
10656,47.0,0,-3.8211822378584355
10657,49.0,0,-1.8228497618600898
10658,49.0,0,-0.1720920277188928
10659,49.0,0,-3.209131800352568
10660,50.0,0,0.10791187289461017
10661,53.0,1,5.9388842917859295
10662,52.0,1,0.27599131687173467
10663,52.0,1,1.5890502693482929
10664,48.0,0,-3.9946864591515565
10665,52.0,1,1.9243323446594562
10666,49.0,0,-3.044664937710684
10667,52.0,1,2.793785629245867
10668,49.0,0,-1.4788783604842735
10669,53.0,1,4.343508120052183
10670,47.0,0,-7.2980400518407
10671,55.0,1,6.974018830658242
10672,53.0,1,0.7737316864779474
10673,51.0,1,-1.1394558375008945
10674,52.0,1,3.207930064544259
10675,48.0,0,-0.26251131322065124
10676,49.0,0,-3.5263836479094968
10677,50.0,0,-2.506986434228376
10678,51.0,1,0.8588703868135692
10679,52.0,1,1.1359400094229972
10680,54.0,1,2.6401397538304696
10681,51.0,1,0.5103206430176672
10682,50.0,0,-0.6295597873116998
10683,54.0,1,5.516576857658867
10684,54.0,1,5.595677934061904
10685,45.0,0,-6.788068537914449
10686,48.0,0,-3.365253788774005
10687,49.0,0,-3.7488319153705114
10688,49.0,0,0.7341676953686979
10689,49.0,0,-1.1491535099485706
10690,51.0,1,-2.6104440289445945
10691,49.0,0,-4.666045534387654
10692,53.0,1,0.5830668359467535
10693,49.0,0,-2.234945116413039
10694,50.0,0,-1.1190633494359972
10695,49.0,0,-1.4965174050155932
10696,52.0,1,1.716516191685908
10697,50.0,0,-1.8982654588912982
10698,49.0,0,-3.7875954797519973
10699,51.0,1,2.7355430016247992
10700,52.0,1,0.22944458909616536
10701,49.0,0,-0.7095100040545208
10702,51.0,1,0.061948980786785623
10703,53.0,1,3.192184778720095
10704,48.0,0,-4.158712412475183
10705,50.0,0,-2.5072126203648795
10706,48.0,0,-3.459200090330204
10707,49.0,0,-0.5896508229726904
10708,53.0,1,1.9483114636785392
10709,50.0,0,-0.8965071621133316
10710,52.0,1,4.44229059631267
10711,51.0,1,-0.26742825605894016
10712,47.0,0,-6.287003955393944
10713,48.0,0,-4.102854324291554
10714,50.0,0,3.7376237963817798
10715,54.0,1,-0.39933757620109006
10716,56.0,1,6.957019398103401
10717,51.0,1,-0.18323966486520696
10718,54.0,1,3.4818355072265184
10719,52.0,1,6.313685666916172
10720,49.0,0,-2.432814338869133
10721,55.0,1,6.694565103634017
10722,53.0,1,3.2244537096981527
10723,51.0,1,-0.22898833686944145
10724,51.0,1,1.4378059264640783
10725,53.0,1,0.2587305072246476
10726,54.0,1,5.543719531321668
10727,52.0,1,4.132114958116438
10728,52.0,1,2.737844921726677
10729,55.0,1,3.2556281591764695
10730,50.0,0,1.9560934456291499
10731,49.0,0,-1.5979893943092995
10732,53.0,1,1.4166275980031395
10733,48.0,0,-1.7373650180430151
10734,47.0,0,-5.408388239624644
10735,51.0,1,-1.0418122234242921
10736,53.0,1,6.900660173032901
10737,56.0,1,4.443724006342036
10738,48.0,0,-1.2857016611420835
10739,50.0,0,-0.6068255058764301
10740,47.0,0,-5.1231328410869335
10741,54.0,1,3.7887132724664814
10742,55.0,1,6.240140700251454
10743,50.0,0,-2.597875795849721
10744,50.0,0,-3.4087736570567935
10745,53.0,1,2.793855519199458
10746,49.0,0,-5.344135886772776
10747,51.0,1,0.7402545832897691
10748,53.0,1,3.6675015477745148
10749,50.0,0,-3.8118203356500118
10750,47.0,0,-4.324331502400209
10751,53.0,1,0.49464287176978505
10752,49.0,0,-3.9697841870402266
10753,53.0,1,1.0128341135152623
10754,55.0,1,7.41585938178939
10755,54.0,1,1.8430807951283446
10756,49.0,0,-2.6920072658369296
10757,50.0,0,0.0028976955659396103
10758,53.0,1,2.601906767947556
10759,49.0,0,-3.3237190818361357
10760,50.0,0,-1.7551384854101764
10761,50.0,0,-0.4083471168135885
10762,55.0,1,4.582430949644164
10763,49.0,0,-4.800423169774146
10764,48.0,0,-7.337576669562123
10765,53.0,1,3.0382755795877303
10766,50.0,0,-0.1367128026512436
10767,52.0,1,2.3159029262131368
10768,49.0,0,-3.615000318228668
10769,50.0,0,-2.166684189957491
10770,54.0,1,4.968760542916391
10771,53.0,1,1.0649561473996492
10772,53.0,1,3.0514809484583214
10773,50.0,0,-0.3402062846004379
10774,48.0,0,-2.6171042708993215
10775,52.0,1,3.5021880226150484
10776,51.0,1,0.5159642621793508
10777,50.0,0,0.5245436952081636
10778,53.0,1,0.7725514131412455
10779,49.0,0,-0.5385990458874897
10780,49.0,0,0.5413504688953121
10781,49.0,0,-3.098489158269612
10782,50.0,0,-1.4445207568153393
10783,50.0,0,-1.7736258310820543
10784,50.0,0,-0.1914891399493295
10785,49.0,0,-4.369271187149638
10786,51.0,1,2.146161298318709
10787,51.0,1,0.5434509905142201
10788,54.0,1,3.1049581183146895
10789,51.0,1,3.052788597799548
10790,47.0,0,-3.0330736180777187
10791,51.0,1,0.8802460620083442
10792,52.0,1,1.516254997795793
10793,50.0,0,-2.714350468144166
10794,50.0,0,2.666239670103068
10795,50.0,0,-3.7748474130420235
10796,54.0,1,5.39437347884627
10797,56.0,1,9.908719827301061
10798,52.0,1,3.551241748970653
10799,50.0,0,-0.17714847317531585
10800,50.0,0,-2.2193958087728674
10801,52.0,1,3.101472386040604
10802,50.0,0,1.1422996920761648
10803,48.0,0,-1.0590469290433264
10804,53.0,1,4.177168059014424
10805,49.0,0,-2.8468553832638186
10806,48.0,0,-4.461974520525445
10807,50.0,0,0.20774492496641422
10808,53.0,1,4.120074120086475
10809,52.0,1,2.514208857241469
10810,50.0,0,1.9622874133593387
10811,46.0,0,-4.61610923762939
10812,50.0,0,-0.7259305115626444
10813,50.0,0,2.3832406108610957
10814,46.0,0,-7.0185311827139625
10815,54.0,1,4.653477083095857
10816,49.0,0,0.11823834029198406
10817,53.0,1,3.5080082622664657
10818,54.0,1,3.197162810719154
10819,53.0,1,4.81313189358096
10820,52.0,1,1.5613681123069878
10821,53.0,1,5.698811695880282
10822,53.0,1,2.4227795540305013
10823,53.0,1,0.766565341254566
10824,53.0,1,4.703312845393143
10825,50.0,0,-0.007604595467261985
10826,48.0,0,-0.5455037390972453
10827,49.0,0,-3.2237937463831448
10828,49.0,0,-4.50936000206055
10829,51.0,1,3.176829718414275
10830,54.0,1,6.949793796445861
10831,49.0,0,0.13886524091188332
10832,50.0,0,1.0478700702289285
10833,49.0,0,-0.7989260028259624
10834,53.0,1,3.2598715047581277
10835,52.0,1,-1.3199102898543822
10836,53.0,1,3.1107090724240263
10837,49.0,0,-0.49762130975749064
10838,52.0,1,3.8231718179385834
10839,49.0,0,0.6306211726855525
10840,51.0,1,1.4619306560317384
10841,53.0,1,4.173727498162571
10842,50.0,0,-1.594234409133952
10843,51.0,1,2.5896010276726003
10844,56.0,1,6.8606574397497395
10845,51.0,1,0.5241967815872465
10846,51.0,1,3.1607632925514233
10847,50.0,0,1.6029231606215875
10848,55.0,1,5.116033634161621
10849,52.0,1,0.8249105028084524
10850,54.0,1,3.445127543815981
10851,47.0,0,-5.1976791582787465
10852,49.0,0,-1.2119660643657606
10853,53.0,1,2.3902194447012284
10854,51.0,1,-2.3841806599355304
10855,53.0,1,-0.358662136545547
10856,53.0,1,6.610495931555703
10857,50.0,0,-2.1623714351934122
10858,49.0,0,-2.8345836071358974
10859,50.0,0,-3.8922073392834378
10860,48.0,0,-3.216713323153594
10861,48.0,0,-7.208271918670428
10862,48.0,0,-1.4197409130908123
10863,48.0,0,-1.0951694617474435
10864,54.0,1,5.334728907267152
10865,52.0,1,0.23547724923956445
10866,50.0,0,-0.25451296113914973
10867,48.0,0,-4.165732096098089
10868,49.0,0,-4.273938322972842
10869,52.0,1,1.530263843509701
10870,51.0,1,1.2239905964999829
10871,49.0,0,0.05279674139009454
10872,50.0,0,0.3038500253797121
10873,47.0,0,-1.3243605202065258
10874,52.0,1,0.36636447901006236
10875,52.0,1,3.2683043018266074
10876,51.0,1,-1.7876405300272442
10877,49.0,0,-1.1780048180315332
10878,50.0,0,-2.486934880964693
10879,49.0,0,-3.6669071162065445
10880,50.0,0,-1.190063095945064
10881,50.0,0,-3.0930528454144435
10882,48.0,0,-1.1859615511953547
10883,46.0,0,-5.135548888321849
10884,52.0,1,0.6749576610918895
10885,50.0,0,-1.7347423987390054
10886,50.0,0,2.181731430541807
10887,49.0,0,-1.565355659366123
10888,49.0,0,-1.9249346658155535
10889,52.0,1,-0.4184119068931883
10890,49.0,0,-4.142480879422861
10891,51.0,1,-0.2992485541476042
10892,50.0,0,-1.7297504085810766
10893,49.0,0,-3.0591446656174415
10894,49.0,0,-0.004451852468929474
10895,48.0,0,-5.101559950709592
10896,49.0,0,-0.5152138378152037
10897,46.0,0,-4.753216284159367
10898,48.0,0,-3.2651847900963538
10899,55.0,1,4.692446772746604
10900,46.0,0,-5.252201226377879
10901,49.0,0,-2.2955415341872687
10902,52.0,1,1.5681544868555068
10903,50.0,0,-2.9054625101228457
10904,49.0,0,3.061681124924146
10905,54.0,1,6.093713174879106
10906,50.0,0,-3.0809019657963983
10907,47.0,0,-3.4199989674096014
10908,50.0,0,-0.25993774883730786
10909,48.0,0,-7.094696580126675
10910,51.0,1,4.122461271968484
10911,49.0,0,1.8146184216967447
10912,52.0,1,1.405455281598256
10913,55.0,1,5.8151342035157665
10914,50.0,0,-1.0483902610276739
10915,51.0,1,0.42152934858850893
10916,49.0,0,-5.533089199458616
10917,49.0,0,-2.306196878940778
10918,48.0,0,-3.1194476035100918
10919,50.0,0,0.6376244595324704
10920,55.0,1,5.177472472370813
10921,48.0,0,-0.10217119362916152
10922,52.0,1,3.2424481175805635
10923,49.0,0,-1.247306574300215
10924,51.0,1,0.6739716051495704
10925,51.0,1,-1.2607309014760617
10926,52.0,1,1.696041875208024
10927,44.0,0,-6.623444954491744
10928,46.0,0,-8.092133641972715
10929,51.0,1,1.8338380512157808
10930,50.0,0,-0.22376232458567338
10931,47.0,0,-2.5316471271147227
10932,53.0,1,2.1702977719696364
10933,54.0,1,6.445178261119156
10934,54.0,1,6.321145697552307
10935,47.0,0,-2.0103734204210695
10936,53.0,1,4.030671887865565
10937,49.0,0,-2.4474002635069025
10938,53.0,1,1.1861419656585226
10939,49.0,0,-0.4318749655432741
10940,50.0,0,2.2847136211095678
10941,52.0,1,-0.34722255736261043
10942,52.0,1,-0.5664558970511683
10943,50.0,0,-0.6450497473474887
10944,50.0,0,2.3271560745019695
10945,53.0,1,1.8610714012354688
10946,49.0,0,-4.723022499224058
10947,47.0,0,-2.288607638602082
10948,48.0,0,-4.068415029683247
10949,51.0,1,0.1522621707578
10950,55.0,1,4.98500056854097
10951,50.0,0,1.0220156966826928
10952,52.0,1,0.07580613454479854
10953,53.0,1,0.4815016231071819
10954,48.0,0,-4.223342065736514
10955,51.0,1,-0.33357700259425715
10956,50.0,0,-2.0511527349205854
10957,51.0,1,2.913104115533983
10958,49.0,0,1.3010134972790801
10959,47.0,0,-5.468743983314232
10960,49.0,0,0.713277167896395
10961,50.0,0,-0.48667031566556035
10962,48.0,0,-4.22184344785985
10963,52.0,1,1.9711243540493002
10964,52.0,1,3.488584588537845
10965,51.0,1,-1.2095190540621348
10966,56.0,1,4.817334007387035
10967,54.0,1,6.280209934812076
10968,52.0,1,2.2355828293178766
10969,48.0,0,-0.5896205837196113
10970,50.0,0,-0.7066818051710165
10971,49.0,0,-0.48646837782177615
10972,52.0,1,2.070260444512275
10973,52.0,1,1.1230542726013029
10974,51.0,1,0.9206196195364884
10975,52.0,1,2.1027028970501687
10976,53.0,1,3.535683003613436
10977,51.0,1,1.52774255285621
10978,51.0,1,1.7616124581304657
10979,49.0,0,-0.3263648068496061
10980,51.0,1,2.3394002572901216
10981,55.0,1,8.366396607504644
10982,51.0,1,-1.7846853398445102
10983,46.0,0,-5.225460973242409
10984,51.0,1,4.487882927264942
10985,54.0,1,3.246468383059384
10986,49.0,0,-2.665564919039911
10987,51.0,1,-1.7364346504201915
10988,53.0,1,1.0612569140303814
10989,49.0,0,-2.012563007692632
10990,49.0,0,-2.234224773724422
10991,53.0,1,4.110957716649047
10992,48.0,0,-5.088228683068862
10993,50.0,0,1.5265191593898442
10994,45.0,0,-3.670174875286615
10995,51.0,1,0.7439118777451383
10996,48.0,0,-2.1606302232727845
10997,49.0,0,-4.7583696709072285
10998,49.0,0,-0.9462575980885293
10999,48.0,0,-4.097570451080165
11000,49.0,0,-0.8283955820845957
11001,50.0,0,0.8843633763372379
11002,51.0,1,3.5357177695030795
11003,49.0,0,-0.3104968723323145
11004,54.0,1,7.301512540109667
11005,51.0,1,-2.2523083205403043
11006,51.0,1,-0.030419373788825525
11007,55.0,1,5.543233704591055
11008,48.0,0,-2.505427288754295
11009,50.0,0,1.755771854111795
11010,52.0,1,2.62981743631383
11011,49.0,0,-1.3466975105458658
11012,49.0,0,-1.2019676161191335
11013,53.0,1,3.758779166757048
11014,53.0,1,0.7517915008722915
11015,48.0,0,-4.297466841174074
11016,48.0,0,-2.6330095360451624
11017,47.0,0,-8.120349316648198
11018,52.0,1,-0.10915835135014089
11019,51.0,1,1.7399153959054878
11020,55.0,1,5.866685299079331
11021,48.0,0,-2.6233865871349322
11022,54.0,1,4.550094471996504
11023,55.0,1,4.556727116526381
11024,51.0,1,-2.733330581752095
11025,48.0,0,-3.968644946942164
11026,50.0,0,-1.6330481667403904
11027,49.0,0,-4.910747421161379
11028,49.0,0,0.6807335722940537
11029,49.0,0,-4.4946216156647925
11030,52.0,1,2.480083961913606
11031,51.0,1,4.1155898903646
11032,51.0,1,3.354048409849717
11033,52.0,1,4.091077205122107
11034,51.0,1,0.8109344779759473
11035,52.0,1,1.5301922927171907
11036,50.0,0,-1.4896915473849046
11037,49.0,0,-2.7513024327236306
11038,53.0,1,3.91265047470996
11039,52.0,1,0.5438992907627862
11040,53.0,1,-0.7585970783421178
11041,51.0,1,1.330583194319417
11042,52.0,1,3.6032746967059994
11043,49.0,0,-2.4991689283122476
11044,54.0,1,5.1715858235834355
11045,51.0,1,0.5094822633718962
11046,53.0,1,6.3374464016252965
11047,49.0,0,-2.8078630952602697
11048,50.0,0,-1.3178539843088484
11049,54.0,1,3.7054423516493267
11050,50.0,0,1.3881654493128086
11051,51.0,1,-1.485634606820553
11052,52.0,1,5.855149784889413
11053,49.0,0,-1.3401169061849822
11054,53.0,1,2.411702327865996
11055,53.0,1,1.3497227552261468
11056,50.0,0,-0.23785465854800522
11057,47.0,0,-3.396360742091607
11058,52.0,1,2.7395280931274217
11059,53.0,1,0.6985025212087601
11060,48.0,0,-0.6336075477994411
11061,54.0,1,3.962734168019535
11062,47.0,0,-4.603771224357269
11063,50.0,0,0.07440919427497399
11064,51.0,1,1.7815979178932542
11065,51.0,1,-0.6815005221926335
11066,53.0,1,1.2381974338687871
11067,52.0,1,-0.08217078824480772
11068,50.0,0,-4.428975215382382
11069,51.0,1,-0.2549860668998773
11070,51.0,1,1.2928133206604628
11071,53.0,1,1.82288807248937
11072,49.0,0,-4.423099447933833
11073,48.0,0,-0.9310029788141634
11074,53.0,1,3.08385871654491
11075,51.0,1,-2.743063430878867
11076,45.0,0,-6.492826436554085
11077,55.0,1,8.27448750537042
11078,48.0,0,-5.880564198430671
11079,50.0,0,1.4049485650389915
11080,48.0,0,-6.0852198757610045
11081,54.0,1,3.6655114659787205
11082,54.0,1,3.6952698143283063
11083,52.0,1,3.0264570632973053
11084,47.0,0,-3.5843592613762816
11085,49.0,0,-1.978943117016845
11086,52.0,1,-0.8041752578966744
11087,51.0,1,1.806504482574997
11088,51.0,1,1.6871009507495245
11089,52.0,1,4.557791931042969
11090,50.0,0,0.6225635025743557
11091,49.0,0,-3.0816639718107677
11092,53.0,1,-0.9177483016858156
11093,48.0,0,-5.713996501103057
11094,49.0,0,-1.7904681068114512
11095,55.0,1,4.627066026136472
11096,45.0,0,-9.758055460478221
11097,50.0,0,-0.5942593623267868
11098,52.0,1,1.2810706237727008
11099,51.0,1,-0.2629276095620112
11100,50.0,0,-0.2841682970066913
11101,53.0,1,0.16441972857701617
11102,52.0,1,1.0519733171394483
11103,47.0,0,-7.907532455786235
11104,49.0,0,-1.7325241462566987
11105,48.0,0,-4.9065854114620855
11106,52.0,1,-1.1271387835140336
11107,44.0,0,-14.075998415543284
11108,51.0,1,0.31359658256633854
11109,48.0,0,-4.7163365929036
11110,53.0,1,3.11759658205729
11111,53.0,1,2.0877572796660857
11112,52.0,1,0.6549169745892207
11113,53.0,1,3.817549379013106
11114,52.0,1,3.9963905117100404
11115,50.0,0,-3.16548375664355
11116,47.0,0,-4.2576391686875805
11117,55.0,1,4.3865322359423535
11118,47.0,0,-5.020221249655817
11119,46.0,0,-6.881526285885027
11120,46.0,0,-5.830587617773418
11121,50.0,0,-0.33227012997068356
11122,54.0,1,2.5113357071708107
11123,54.0,1,4.574740125016181
11124,51.0,1,0.613382900782712
11125,52.0,1,1.9415085690761489
11126,48.0,0,-3.0521938208969956
11127,50.0,0,-0.9821443009743119
11128,53.0,1,3.1058385644352535
11129,49.0,0,-0.7312704498071869
11130,48.0,0,-4.29657103496292
11131,52.0,1,2.4399069047130255
11132,51.0,1,1.220926559298627
11133,53.0,1,2.4633274827675087
11134,55.0,1,7.223227206348844
11135,47.0,0,-4.328469726574898
11136,52.0,1,0.338846253152516
11137,50.0,0,0.6148128713384495
11138,48.0,0,-4.679828082040129
11139,52.0,1,0.8612598152719566
11140,52.0,1,1.601697379581414
11141,51.0,1,-0.8719786442038904
11142,53.0,1,1.8245494238180258
11143,51.0,1,-0.17129933601141137
11144,45.0,0,-10.554241908276907
11145,47.0,0,-0.8268569718377
11146,50.0,0,0.6118545380313931
11147,48.0,0,-1.4345345922438055
11148,54.0,1,2.732213228121762
11149,54.0,1,3.8724247274976014
11150,47.0,0,-3.0936095755582063
11151,49.0,0,-2.8161859657648316
11152,51.0,1,-2.8736780155249853
11153,53.0,1,5.341432512135282
11154,50.0,0,-1.256792151945179
11155,50.0,0,-0.653672685108763
11156,47.0,0,-4.382122259988073
11157,47.0,0,-4.342451598893795
11158,53.0,1,3.4587603395709485
11159,50.0,0,-0.7878257040154196
11160,47.0,0,-6.320384875486759
11161,52.0,1,0.778513016049795
11162,45.0,0,-6.694552961336547
11163,48.0,0,-3.820378009332154
11164,56.0,1,5.268878027725028
11165,43.0,0,-10.56828443628852
11166,54.0,1,1.2678252474772418
11167,51.0,1,0.8461015047138747
11168,48.0,0,-5.875824018213548
11169,53.0,1,1.4334978057057282
11170,52.0,1,2.68277848405356
11171,54.0,1,5.043314677397005
11172,50.0,0,-0.7035531758724518
11173,50.0,0,1.7888105220006614
11174,49.0,0,-2.4153727632517517
11175,47.0,0,-4.019894509362421
11176,51.0,1,-1.732226774452965
11177,49.0,0,-0.6600209741517288
11178,53.0,1,1.317180611975968
11179,53.0,1,1.7300606383443147
11180,50.0,0,-1.3357019945191446
11181,53.0,1,6.591476440709958
11182,47.0,0,-4.566791387943694
11183,49.0,0,-1.8633233605489874
11184,50.0,0,-1.5749744524740925
11185,55.0,1,5.375418125301771
11186,49.0,0,0.39892030598160755
11187,48.0,0,-3.568670674709889
11188,51.0,1,0.2993821582001821
11189,47.0,0,-6.447734857662289
11190,50.0,0,-3.5312446897787777
11191,50.0,0,-0.16081431209947394
11192,48.0,0,-5.003206261634768
11193,50.0,0,-5.8175508478683415
11194,52.0,1,0.1502481462921409
11195,54.0,1,4.536128184851024
11196,53.0,1,3.389908239881734
11197,52.0,1,-0.5018476257823039
11198,51.0,1,0.07692500691099374
11199,52.0,1,0.7038958545033188
11200,46.0,0,-8.010558516382483
11201,48.0,0,-3.966602281065501
11202,53.0,1,3.957148187770869
11203,50.0,0,2.5386663702680696
11204,52.0,1,3.9706701527018247
11205,51.0,1,-0.23766166629014263
11206,51.0,1,1.6380002194905021
11207,47.0,0,-6.65583509878915
11208,49.0,0,-5.437427549371428
11209,52.0,1,2.0737105425668956
11210,47.0,0,-4.798316323191531
11211,51.0,1,-0.6394173946065553
11212,52.0,1,2.3552742491240224
11213,54.0,1,4.664395667061424
11214,51.0,1,-1.9721139508515402
11215,49.0,0,-0.022258050998292284
11216,49.0,0,-3.368240584346284
11217,51.0,1,-3.358723354492692
11218,49.0,0,0.34459939458643757
11219,53.0,1,4.21896857826151
11220,50.0,0,-1.3719485885966194
11221,51.0,1,1.3827756208700337
11222,53.0,1,0.580552366609506
11223,52.0,1,2.7846839138430206
11224,51.0,1,0.7495696108807685
11225,53.0,1,1.4761011743384667
11226,47.0,0,-3.4233531294672725
11227,49.0,0,-0.9827066136771052
11228,51.0,1,-0.9219004349054306
11229,50.0,0,-0.5680225813496691
11230,55.0,1,6.223500630938116
11231,52.0,1,4.692882871786034
11232,51.0,1,-1.710621569142573
11233,51.0,1,2.5645306959718033
11234,50.0,0,-2.3946016443335485
11235,52.0,1,1.9436969627250467
11236,54.0,1,4.285862871963956
11237,48.0,0,-1.5275499886687949
11238,55.0,1,7.402399757112986
11239,48.0,0,-5.295835244531582
11240,47.0,0,-3.0214477145628384
11241,50.0,0,-0.4007782794546941
11242,48.0,0,-0.9598972974209677
11243,52.0,1,-0.25721653626980495
11244,51.0,1,1.9139444220652106
11245,51.0,1,1.2130204130537197
11246,50.0,0,-1.8157006052649904
11247,51.0,1,0.9799105021499694
11248,49.0,0,0.2788490018624474
11249,52.0,1,1.5663390550707326
11250,52.0,1,0.348509147971061
11251,49.0,0,-0.9351496668973238
11252,52.0,1,2.150252050357631
11253,51.0,1,1.1449697213578045
11254,50.0,0,0.11625518760290152
11255,50.0,0,-2.152343160964378
11256,49.0,0,-3.5526340939888583
11257,55.0,1,2.746957387135364
11258,49.0,0,-3.6295895337163624
11259,53.0,1,7.3543682790957705
11260,50.0,0,0.8323662574024229
11261,54.0,1,3.815606635010969
11262,52.0,1,-1.445150847601911
11263,52.0,1,1.0377595238839072
11264,53.0,1,3.921168834512283
11265,50.0,0,-1.4818203559089689
11266,47.0,0,-2.757517884156839
11267,55.0,1,3.239772569236227
11268,53.0,1,5.206118067621727
11269,51.0,1,-2.066388948426555
11270,47.0,0,-4.38074840042693
11271,50.0,0,2.1734417378713955
11272,51.0,1,-1.2900627536615665
11273,49.0,0,-2.37101253861697
11274,50.0,0,-1.9991452649874533
11275,47.0,0,-5.5173817978515975
11276,50.0,0,-1.750503466750876
11277,52.0,1,4.930668009127438
11278,50.0,0,-1.7704960145492357
11279,50.0,0,-2.3922869287664006
11280,55.0,1,4.625964512065652
11281,54.0,1,3.5314651139028217
11282,53.0,1,4.605778474433216
11283,51.0,1,0.8559852813143245
11284,49.0,0,-0.13098856160919423
11285,52.0,1,2.625824493528362
11286,50.0,0,1.3359410810675092
11287,49.0,0,-3.0369878748073926
11288,54.0,1,2.591372824224348
11289,53.0,1,3.5003999137510675
11290,48.0,0,-4.694617389185271
11291,53.0,1,4.5964836567518335
11292,46.0,0,-5.875467924302727
11293,54.0,1,3.8913234479876855
11294,52.0,1,0.07081196667643154
11295,46.0,0,-7.650116969580599
11296,51.0,1,-0.8278885469918539
11297,50.0,0,-2.775179662223888
11298,50.0,0,-2.3876011555138925
11299,52.0,1,-0.8204134208638303
11300,47.0,0,-0.13438929919692003
11301,50.0,0,-0.8725510514901686
11302,50.0,0,-2.6389316251976287
11303,51.0,1,1.4964864947895116
11304,49.0,0,-1.8634069291684086
11305,54.0,1,5.352787704715713
11306,50.0,0,-2.603319333151614
11307,49.0,0,-4.247895164215754
11308,52.0,1,1.1336150947240013
11309,52.0,1,-0.39580887064412806
11310,48.0,0,-5.2649440879032445
11311,52.0,1,1.0927213024312965
11312,54.0,1,5.139940999574588
11313,49.0,0,-4.62934906829359
11314,51.0,1,-2.1946717926360835
11315,49.0,0,-3.010967448993399
11316,48.0,0,0.9492649329886554
11317,48.0,0,-0.7417894278288452
11318,49.0,0,-0.8437128956821104
11319,53.0,1,0.5818942837785385
11320,52.0,1,0.09376617598024346
11321,49.0,0,-3.5564630718012205
11322,53.0,1,2.7792399042220866
11323,50.0,0,-0.8105921330982185
11324,53.0,1,4.129409887034347
11325,53.0,1,4.898924876414843
11326,50.0,0,0.20862914044371886
11327,45.0,0,-4.875971303737495
11328,50.0,0,-0.6512589746101749
11329,51.0,1,-2.831359339019714
11330,51.0,1,-1.306486119880188
11331,54.0,1,3.4799325164634842
11332,51.0,1,-1.092662538739779
11333,50.0,0,-3.8616339474988504
11334,50.0,0,0.810075469126439
11335,50.0,0,0.3443988028451107
11336,55.0,1,5.329426679380358
11337,49.0,0,-1.7837263421938547
11338,52.0,1,4.259054870960211
11339,54.0,1,5.870544226677054
11340,50.0,0,-0.5323510452861309
11341,53.0,1,7.472426365502194
11342,49.0,0,-6.512370179688707
11343,47.0,0,-6.083979708708869
11344,50.0,0,-0.3000822252013742
11345,49.0,0,-1.0332064062468882
11346,44.0,0,-6.888352336471798
11347,51.0,1,0.5991668126080549
11348,49.0,0,1.9715125246459957
11349,48.0,0,-2.7398653966778266
11350,51.0,1,0.23870259805648844
11351,51.0,1,1.6883904567611785
11352,50.0,0,0.7982583449230961
11353,48.0,0,-3.085934186658387
11354,47.0,0,-7.894086835516438
11355,52.0,1,4.405739887544098
11356,52.0,1,3.5474288404400585
11357,49.0,0,-2.0083511196815316
11358,50.0,0,-3.0112391083526915
11359,52.0,1,1.1809344043508614
11360,52.0,1,3.977775386731201
11361,52.0,1,-1.76519950383795
11362,50.0,0,-1.650293305238491
11363,49.0,0,-5.351239951727853
11364,47.0,0,-3.9071515329008353
11365,50.0,0,1.459092573923965
11366,51.0,1,-1.6779651992802527
11367,48.0,0,-2.989409045190972
11368,49.0,0,-1.0096428626475324
11369,49.0,0,-0.9842587239280983
11370,50.0,0,-1.6996482215900899
11371,50.0,0,0.7328904567609189
11372,51.0,1,0.6721615872658219
11373,50.0,0,0.6068690016812258
11374,51.0,1,-0.0904651067724612
11375,47.0,0,-6.231501330795652
11376,49.0,0,-1.7582473039525994
11377,47.0,0,-4.225274682077568
11378,52.0,1,-0.5469664570919444
11379,48.0,0,-1.7471418572044028
11380,47.0,0,-2.3280492702970097
11381,44.0,0,-8.387004712403888
11382,55.0,1,4.825617967813383
11383,47.0,0,-6.16744710200494
11384,49.0,0,-1.282907027660889
11385,53.0,1,0.6500063997958985
11386,48.0,0,-0.299938478885079
11387,49.0,0,-3.1685678441573573
11388,53.0,1,2.447575214368538
11389,53.0,1,4.655595874670557
11390,49.0,0,-4.092104429749604
11391,48.0,0,-4.146520194100093
11392,48.0,0,-3.8816667958864417
11393,44.0,0,-6.259810479249703
11394,53.0,1,0.8920673187596467
11395,54.0,1,5.043957655055694
11396,53.0,1,6.272972723570705
11397,54.0,1,4.29480647332041
11398,50.0,0,-3.656736405356437
11399,54.0,1,3.0980161565585407
11400,49.0,0,-2.918850342266468
11401,49.0,0,-4.289477699317885
11402,49.0,0,-2.975443241241097
11403,52.0,1,3.2557116993629367
11404,50.0,0,1.127806122098397
11405,55.0,1,4.692238534853687
11406,55.0,1,1.368993637593452
11407,51.0,1,-0.8880426853425272
11408,48.0,0,-4.165404612712034
11409,57.0,1,6.377924202018941
11410,53.0,1,3.924276119661341
11411,51.0,1,0.2934302256546748
11412,49.0,0,-3.851625585350209
11413,49.0,0,-1.7702322959800794
11414,51.0,1,-0.20845893057841963
11415,48.0,0,-1.7077904810625755
11416,50.0,0,-2.231111616918464
11417,55.0,1,7.2611793236515325
11418,50.0,0,-3.793757605596121
11419,53.0,1,0.42014009637466815
11420,53.0,1,1.502673720372368
11421,45.0,0,-9.519609138336078
11422,55.0,1,5.751546139202357
11423,52.0,1,0.7286619225139878
11424,54.0,1,8.190134804477841
11425,50.0,0,2.0982361615141834
11426,45.0,0,-9.794534206394678
11427,49.0,0,-4.171031179801717
11428,56.0,1,7.739532770555265
11429,52.0,1,2.6507098667531777
11430,53.0,1,5.331144943134206
11431,51.0,1,1.6119707033377835
11432,51.0,1,0.21845530442051667
11433,50.0,0,-1.3899307283882114
11434,51.0,1,1.8370313151300168
11435,44.0,0,-6.0702035763780255
11436,48.0,0,-1.5007290239025548
11437,51.0,1,3.856584099108507
11438,52.0,1,2.2783574854212856
11439,52.0,1,2.2707765761761856
11440,55.0,1,7.15905543501571
11441,50.0,0,1.5181146229254503
11442,52.0,1,0.9862883365978165
11443,50.0,0,-1.6253592130215957
11444,48.0,0,-5.001313800871017
11445,52.0,1,1.6744375285511344
11446,50.0,0,-2.3031391191557122
11447,52.0,1,2.117410340584345
11448,47.0,0,-2.8175592252365345
11449,51.0,1,1.4556719180827973
11450,48.0,0,-4.763489977060339
11451,50.0,0,-2.7746137767950887
11452,51.0,1,-0.5263559854214173
11453,51.0,1,-0.47560016474724376
11454,49.0,0,-1.1839091696603765
11455,52.0,1,2.223611841933981
11456,54.0,1,5.6013027259493935
11457,50.0,0,-2.0966673270710956
11458,49.0,0,-2.213806264102345
11459,52.0,1,1.6667825540608758
11460,52.0,1,1.4088594603185491
11461,51.0,1,2.92352961669548
11462,51.0,1,-0.14124828138296905
11463,49.0,0,-4.160612305902861
11464,49.0,0,-1.2251319528299256
11465,50.0,0,1.559038157806036
11466,50.0,0,-2.860105340129852
11467,50.0,0,-0.20874299629697662
11468,51.0,1,-1.992295229833644
11469,55.0,1,4.020884725628373
11470,49.0,0,-2.2562810162226437
11471,46.0,0,-7.519894656718954
11472,52.0,1,0.35067978070933276
11473,49.0,0,-0.051299285758117874
11474,50.0,0,0.36275039649755186
11475,52.0,1,1.7739193000723739
11476,50.0,0,-3.753139518789068
11477,51.0,1,-2.2284139486887007
11478,53.0,1,-0.20163629608162095
11479,50.0,0,0.2511798641827903
11480,53.0,1,3.767926110455572
11481,49.0,0,-5.925410011172717
11482,50.0,0,-5.048867534106201
11483,51.0,1,3.001295146433153
11484,49.0,0,-0.6950792303398727
11485,53.0,1,3.375962725994402
11486,49.0,0,-0.39184338083059717
11487,54.0,1,8.125633932086988
11488,49.0,0,-0.5030992652721373
11489,48.0,0,-2.2829218957490305
11490,49.0,0,-1.6260080014029805
11491,48.0,0,-1.5851554212710222
11492,51.0,1,0.30115739329772817
11493,52.0,1,3.1062053406693693
11494,51.0,1,1.0986376571300172
11495,48.0,0,-1.4893222936913586
11496,50.0,0,-0.7190368395385506
11497,54.0,1,9.349245627410316
11498,52.0,1,4.454289626359185
11499,51.0,1,1.405935441138121
11500,49.0,0,-0.13565960893017687
11501,47.0,0,-5.850040890280452
11502,55.0,1,4.755866752758377
11503,50.0,0,-0.33991836027320854
11504,52.0,1,-1.4413670668815004
11505,52.0,1,0.9369621691837661
11506,52.0,1,-0.5281100763262643
11507,52.0,1,0.15351291206130427
11508,53.0,1,2.858619122762716
11509,50.0,0,2.2873649273585994
11510,48.0,0,-3.1132613163390035
11511,47.0,0,-7.6816623678295946
11512,49.0,0,-3.0097061734122716
11513,48.0,0,-3.4720947176611543
11514,52.0,1,3.4368285991038237
11515,48.0,0,-2.3955946710064584
11516,50.0,0,1.3868179264029121
11517,55.0,1,7.014892554320142
11518,50.0,0,0.1590257345215941
11519,51.0,1,0.7280904248021948
11520,55.0,1,7.784866350914128
11521,50.0,0,-5.091548986340672
11522,48.0,0,-2.8547762074290097
11523,52.0,1,4.878981097543414
11524,50.0,0,-2.341632105115748
11525,52.0,1,2.0300179276052965
11526,49.0,0,-4.588270883730592
11527,50.0,0,0.716977799826193
11528,46.0,0,-6.661317726446843
11529,50.0,0,-0.06796308916181007
11530,50.0,0,4.334740863540476
11531,54.0,1,3.9993805442655037
11532,49.0,0,-2.168976997677958
11533,51.0,1,0.4685245591223685
11534,52.0,1,2.267075266844435
11535,47.0,0,-2.7213424957159997
11536,53.0,1,2.7906388153093955
11537,49.0,0,-2.584771972550877
11538,53.0,1,3.4930955908350283
11539,49.0,0,-2.0939344566269655
11540,52.0,1,3.1391450985938087
11541,52.0,1,-1.5587251544228606
11542,53.0,1,2.083175348438487
11543,54.0,1,4.875148341208089
11544,51.0,1,0.3482003740901669
11545,49.0,0,1.0021433316627673
11546,51.0,1,2.021198097865156
11547,48.0,0,-6.347305054294564
11548,54.0,1,2.9732135317430153
11549,50.0,0,-2.633064178314483
11550,49.0,0,-5.38578180304603
11551,50.0,0,-3.6726944557442187
11552,55.0,1,7.31502070354298
11553,50.0,0,3.89442599579338
11554,54.0,1,2.652991785768077
11555,49.0,0,-2.1538102805932766
11556,49.0,0,-5.138276323061845
11557,50.0,0,-3.4256934152197416
11558,53.0,1,2.2248802739415106
11559,51.0,1,1.8886287661485148
11560,47.0,0,-5.103268554300437
11561,49.0,0,-0.824287785814568
11562,47.0,0,-2.0530156231775036
11563,53.0,1,1.4524519411476535
11564,53.0,1,2.427829353798825
11565,53.0,1,3.763250205698371
11566,53.0,1,1.3152206536840847
11567,52.0,1,2.458630265225546
11568,52.0,1,3.3394772098208394
11569,50.0,0,1.8349187115572627
11570,50.0,0,-2.2807355559978024
11571,51.0,1,1.7788362741614645
11572,49.0,0,-3.3745554305419345
11573,52.0,1,3.8150116425960214
11574,51.0,1,1.0462922807012305
11575,52.0,1,-1.5199590583223614
11576,50.0,0,0.2923533239255548
11577,50.0,0,-1.904578785707416
11578,52.0,1,4.2871975825309505
11579,49.0,0,-1.7394830979486615
11580,49.0,0,0.22380341058707195
11581,50.0,0,-1.5287740359742232
11582,51.0,1,-1.0207618245703185
11583,50.0,0,0.9143247610148825
11584,57.0,1,9.402462730471493
11585,50.0,0,-0.807677994705826
11586,51.0,1,1.9767375799852205
11587,50.0,0,1.0400464770335223
11588,51.0,1,-0.09671650664448297
11589,54.0,1,5.66428846622049
11590,49.0,0,-4.172605250263602
11591,50.0,0,0.5182858510579095
11592,52.0,1,1.967329438847031
11593,54.0,1,6.61347824789897
11594,48.0,0,-3.573578152729909
11595,50.0,0,-0.5421434816675476
11596,53.0,1,1.5845944950518362
11597,49.0,0,-4.0766790267855795
11598,52.0,1,0.6827956563781151
11599,50.0,0,-3.8916638261961918
11600,49.0,0,-1.9518583834739391
11601,55.0,1,7.044201979907062
11602,51.0,1,0.7348873428566017
11603,49.0,0,0.060487760020080585
11604,49.0,0,0.6524466867593929
11605,48.0,0,-4.613014378174666
11606,50.0,0,1.7644809888215363
11607,49.0,0,-4.7228144377354635
11608,51.0,1,-0.9970801108063442
11609,50.0,0,-0.40923364885741503
11610,54.0,1,7.469869987117579
11611,49.0,0,-3.359578652396094
11612,53.0,1,2.3840565530143776
11613,54.0,1,5.029392873476061
11614,54.0,1,2.8581813074275413
11615,51.0,1,5.172079910130736
11616,50.0,0,-1.0929824836229478
11617,50.0,0,0.6135526936821817
11618,53.0,1,4.162104800937613
11619,52.0,1,2.8695638483842574
11620,50.0,0,-1.2204296422513214
11621,49.0,0,-1.7427416125187967
11622,49.0,0,-0.5631243204811172
11623,46.0,0,-3.0698540908727363
11624,54.0,1,4.82892857884571
11625,49.0,0,-4.781114979601639
11626,48.0,0,-3.5334158512805387
11627,48.0,0,-1.7224396434385914
11628,51.0,1,-1.1353545564202394
11629,51.0,1,2.3800355154172808
11630,53.0,1,3.6564684696015974
11631,52.0,1,0.35217879571167543
11632,54.0,1,5.774543573114815
11633,50.0,0,-0.19317652754370193
11634,49.0,0,-4.163696179342079
11635,48.0,0,-6.423945571488312
11636,50.0,0,-1.8853481075562388
11637,53.0,1,2.5530786928143754
11638,51.0,1,0.45195167302668826
11639,49.0,0,-2.5946036295234673
11640,54.0,1,4.8786704769438405
11641,49.0,0,-4.772670314654622
11642,48.0,0,-4.938906250867535
11643,53.0,1,3.232084557572631
11644,49.0,0,1.3009860273240565
11645,50.0,0,-0.09736109534982916
11646,50.0,0,-1.1466958315448956
11647,51.0,1,2.156946732555029
11648,54.0,1,3.7153528925760986
11649,50.0,0,0.04657396828637247
11650,50.0,0,-2.197084831257826
11651,48.0,0,-3.754529451578009
11652,55.0,1,4.569779383987936
11653,54.0,1,4.987349920366307
11654,49.0,0,-2.231627731637862
11655,54.0,1,3.5124495450268265
11656,49.0,0,-1.9365442511211721
11657,51.0,1,2.8184658040035866
11658,47.0,0,-4.571896138979884
11659,50.0,0,1.9939563621222485
11660,55.0,1,7.3769497734059515
11661,47.0,0,-6.2620285715351445
11662,52.0,1,3.469371557532623
11663,53.0,1,6.850297838930599
11664,49.0,0,-2.2423680611093273
11665,56.0,1,7.549610846568984
11666,49.0,0,1.1089817147344523
11667,52.0,1,2.0078046996957695
11668,49.0,0,-4.905258712681587
11669,54.0,1,5.115957100252753
11670,53.0,1,2.775909713047629
11671,50.0,0,-3.5955908911255325
11672,50.0,0,-1.7380328882063685
11673,52.0,1,0.30501678416634137
11674,51.0,1,-1.4211118081466967
11675,49.0,0,-5.006028751276091
11676,51.0,1,0.19919379750359434
11677,50.0,0,1.1234607628440385
11678,53.0,1,2.568714388934821
11679,53.0,1,3.5387597979183627
11680,52.0,1,0.9925559376613691
11681,49.0,0,0.06739918237985143
11682,48.0,0,-2.5632130478271256
11683,51.0,1,1.9634295886832087
11684,54.0,1,1.4710332557537784
11685,53.0,1,1.2064437824552594
11686,51.0,1,-0.198408045817651
11687,50.0,0,-1.7572890845552693
11688,51.0,1,-0.7057236023262942
11689,54.0,1,2.7547198142947433
11690,53.0,1,0.8101210515779826
11691,51.0,1,4.310189676048516
11692,52.0,1,2.116714351555558
11693,50.0,0,-3.857847037745412
11694,50.0,0,-1.158696356333892
11695,48.0,0,-5.462741512386052
11696,49.0,0,-2.5610093383674735
11697,52.0,1,1.8280095126880151
11698,50.0,0,-2.7902037224671687
11699,44.0,0,-10.278564987033732
11700,51.0,1,-2.6618698567905614
11701,51.0,1,-0.3584770727911527
11702,50.0,0,0.32871589043294974
11703,48.0,0,-5.180121970406559
11704,54.0,1,4.470160593234415
11705,57.0,1,10.770299557249455
11706,54.0,1,4.082331038520587
11707,48.0,0,-4.358201095433755
11708,54.0,1,0.7239589622807696
11709,50.0,0,-2.4578481648956507
11710,46.0,0,-5.347874592541929
11711,50.0,0,-0.4910453222765247
11712,49.0,0,0.34323357162201956
11713,52.0,1,2.2142589158258517
11714,51.0,1,-0.10278013279159098
11715,51.0,1,1.5676146064191439
11716,49.0,0,-5.299378879742341
11717,53.0,1,1.5166785418141675
11718,49.0,0,0.6414585543784009
11719,50.0,0,0.9751114120055082
11720,52.0,1,1.2699230643076216
11721,52.0,1,3.3749758010241817
11722,48.0,0,-3.3538188957675175
11723,45.0,0,-4.978966775398971
11724,47.0,0,-4.724653530695683
11725,53.0,1,1.966546680523511
11726,54.0,1,7.008777650087018
11727,54.0,1,3.0406988519876683
11728,50.0,0,-0.7190219009856582
11729,49.0,0,-1.660844215481652
11730,50.0,0,-3.204348851966845
11731,52.0,1,0.8971602842229661
11732,49.0,0,-5.571401938001535
11733,51.0,1,-0.35309202901022946
11734,55.0,1,6.952759732878035
11735,51.0,1,-0.5072550005509393
11736,47.0,0,-4.245831054683653
11737,48.0,0,-3.08541735487594
11738,54.0,1,6.01499846112472
11739,54.0,1,3.646979175935539
11740,48.0,0,-7.803621143699671
11741,51.0,1,0.6204160037241188
11742,52.0,1,2.7606992595304627
11743,49.0,0,-0.703470588360697
11744,53.0,1,1.501770826672062
11745,48.0,0,-2.303770817580404
11746,53.0,1,4.626703226589137
11747,50.0,0,-0.2855906106327272
11748,55.0,1,7.088917221071921
11749,51.0,1,1.2775906684387375
11750,49.0,0,-3.1479321333940478
11751,48.0,0,-4.499643677830898
11752,53.0,1,3.3852392727634735
11753,47.0,0,-2.5876114222067192
11754,51.0,1,-1.59976379530525
11755,51.0,1,-2.1041183667434478
11756,53.0,1,5.669072051381271
11757,51.0,1,-0.13079373442878037
11758,48.0,0,-3.9829908859547576
11759,50.0,0,0.10943756244250344
11760,53.0,1,3.188262625532974
11761,48.0,0,-0.8007061617011426
11762,49.0,0,-4.311379739542036
11763,50.0,0,-0.4151138053204914
11764,49.0,0,0.0762784223301637
11765,48.0,0,-3.3460126526795686
11766,48.0,0,-2.0931397252210333
11767,51.0,1,-1.490583694556048
11768,48.0,0,-1.7938526532760215
11769,52.0,1,4.399223318108867
11770,53.0,1,4.917516750516496
11771,54.0,1,2.9158261463166353
11772,48.0,0,-3.6678860949800947
11773,51.0,1,3.158510500324178
11774,48.0,0,-2.3793102264011634
11775,47.0,0,-4.355925638426114
11776,54.0,1,4.006073655937821
11777,50.0,0,0.7742106112721105
11778,50.0,0,-2.0195793627722027
11779,50.0,0,-1.4044539624693027
11780,48.0,0,-6.28152697983571
11781,46.0,0,-7.357081009669674
11782,53.0,1,0.19103425356486575
11783,47.0,0,-4.139668741278606
11784,51.0,1,-1.0735367387549066
11785,53.0,1,2.859631185802043
11786,46.0,0,-7.2589309954959615
11787,50.0,0,-0.1750861380914866
11788,54.0,1,3.07954165931177
11789,52.0,1,0.13626339612791424
11790,54.0,1,5.231686757093345
11791,54.0,1,6.472953476900061
11792,48.0,0,-8.035851456355124
11793,49.0,0,-0.12821727638687078
11794,50.0,0,-0.10746568453032457
11795,55.0,1,2.449365436854397
11796,52.0,1,0.3803062147757757
11797,50.0,0,0.9476738226199746
11798,46.0,0,-3.9098828118609195
11799,55.0,1,3.035271338309972
11800,47.0,0,-5.619487670631601
11801,46.0,0,-4.45554095091731
11802,52.0,1,1.6493862656293732
11803,51.0,1,0.37026061951254574
11804,50.0,0,0.15274046218350718
11805,52.0,1,0.444070074846998
11806,45.0,0,-7.519075232785544
11807,52.0,1,1.757165923465191
11808,50.0,0,0.4455626995339691
11809,55.0,1,2.5610708349261793
11810,51.0,1,-0.21850417045415726
11811,49.0,0,-0.44668992061495916
11812,51.0,1,1.4220487294354671
11813,51.0,1,0.7895887214650505
11814,50.0,0,-1.8813773618134406
11815,48.0,0,-2.3702188108232884
11816,55.0,1,6.834465629806743
11817,52.0,1,3.3892033741339365
11818,50.0,0,-1.6389146140853215
11819,50.0,0,-1.8825251244421248
11820,47.0,0,-5.838792520702164
11821,53.0,1,3.120668422031422
11822,50.0,0,-2.5625671729704917
11823,52.0,1,-0.1337964810752069
11824,51.0,1,0.3798190088717589
11825,51.0,1,-1.0766585934005135
11826,53.0,1,0.5991631888812827
11827,49.0,0,-2.8551115651109815
11828,53.0,1,2.3717432468048307
11829,50.0,0,-3.7855638560118225
11830,53.0,1,-1.3363743551169183
11831,53.0,1,4.805311101497229
11832,50.0,0,0.5642883406068128
11833,50.0,0,-0.9934898447552514
11834,54.0,1,3.133182729314664
11835,55.0,1,4.400409849433607
11836,55.0,1,5.635823000477921
11837,51.0,1,0.761224044183634
11838,49.0,0,-2.5726224640458537
11839,51.0,1,0.48270745336408105
11840,55.0,1,8.559581802948998
11841,47.0,0,-6.910824544250078
11842,55.0,1,4.869102236930083
11843,52.0,1,4.2839987545583975
11844,53.0,1,2.7799276466488085
11845,51.0,1,0.6450920868373244
11846,55.0,1,6.442417276849513
11847,50.0,0,-1.6263148827187137
11848,52.0,1,-1.6713403628056984
11849,54.0,1,5.01604427920838
11850,54.0,1,4.295258476896944
11851,50.0,0,-3.0839560234603045
11852,55.0,1,8.083498552743892
11853,52.0,1,1.2433281088789025
11854,53.0,1,5.327471698081407
11855,54.0,1,8.785940016287757
11856,54.0,1,2.8168032432714436
11857,51.0,1,1.10895236748618
11858,50.0,0,-1.5983114107337137
11859,49.0,0,-1.0468042500152763
11860,50.0,0,-1.167961999384713
11861,53.0,1,4.2085348120924255
11862,49.0,0,1.0513794562416936
11863,49.0,0,-2.359219642168468
11864,50.0,0,-2.653759237762743
11865,50.0,0,-0.056463048605125674
11866,45.0,0,-6.041463018287055
11867,49.0,0,-3.0358117174316064
11868,55.0,1,2.5745450716009537
11869,50.0,0,0.7463286645152518
11870,50.0,0,0.5811544462920195
11871,49.0,0,-1.7836718785916332
11872,52.0,1,0.5471974249539744
11873,48.0,0,-3.168091042451288
11874,54.0,1,5.648857095644455
11875,49.0,0,-2.3105762713049596
11876,49.0,0,-5.643653301620203
11877,51.0,1,-0.3420568378425223
11878,51.0,1,3.7180124259223084
11879,52.0,1,-1.2424115013116932
11880,50.0,0,-3.4078121571117403
11881,48.0,0,-3.6915492251849322
11882,54.0,1,5.583745281288862
11883,53.0,1,5.4382549331628525
11884,48.0,0,-3.992329923841994
11885,50.0,0,-1.7809013870179817
11886,49.0,0,-3.6466812019765262
11887,47.0,0,-6.785559894446112
11888,54.0,1,2.058033900642201
11889,53.0,1,1.736902836872192
11890,51.0,1,-0.008328278570388242
11891,43.0,0,-11.071730661903551
11892,50.0,0,-2.7146129161092394
11893,53.0,1,3.7556885016001513
11894,51.0,1,2.127533306609022
11895,53.0,1,2.787507007795836
11896,51.0,1,2.467392839620074
11897,45.0,0,-6.056840316068598
11898,49.0,0,-2.1813552103001688
11899,52.0,1,3.3501981239742746
11900,52.0,1,1.6037918470539472
11901,51.0,1,-2.056775253072189
11902,52.0,1,3.148949213135891
11903,55.0,1,5.775544731743299
11904,54.0,1,4.455524204635899
11905,53.0,1,2.1155100221299543
11906,51.0,1,-1.1293099782148535
11907,52.0,1,1.4741165071246
11908,53.0,1,4.618622318974375
11909,51.0,1,-0.46886902950552667
11910,48.0,0,-4.0938989074451815
11911,51.0,1,2.4151541995732133
11912,46.0,0,-3.417301656918589
11913,51.0,1,-2.786032679340441
11914,49.0,0,-1.7699650843077435
11915,52.0,1,3.1088462299491235
11916,51.0,1,-1.2086068951228348
11917,51.0,1,-0.807667541318145
11918,51.0,1,-0.9513599657190553
11919,52.0,1,1.3916429534203558
11920,54.0,1,4.956549447367901
11921,54.0,1,3.0798029751580263
11922,52.0,1,1.7949444204040492
11923,52.0,1,-1.6570073169975938
11924,53.0,1,3.228879294619476
11925,51.0,1,-0.0891579796268603
11926,48.0,0,-1.6778947666840895
11927,49.0,0,-1.3606713258906524
11928,50.0,0,-0.14423542680250578
11929,53.0,1,2.304820129848142
11930,50.0,0,1.8497214345775643
11931,49.0,0,0.8565903649212403
11932,53.0,1,1.1726618594149154
11933,48.0,0,-2.676186848959955
11934,52.0,1,3.557647644289553
11935,52.0,1,5.152657022817511
11936,52.0,1,2.1034547706631703
11937,48.0,0,-4.660111611765425
11938,52.0,1,2.237208595795283
11939,51.0,1,3.4505501392295113
11940,52.0,1,3.708492262106306
11941,54.0,1,0.7765657633442232
11942,52.0,1,2.270614262953507
11943,52.0,1,-0.12111731528028961
11944,50.0,0,-5.854241566575072
11945,57.0,1,7.940316328035224
11946,48.0,0,-4.5437602523064955
11947,51.0,1,-0.4178395233048463
11948,52.0,1,0.5278638295277511
11949,52.0,1,1.2407788301625136
11950,49.0,0,-2.9285935592480787
11951,48.0,0,-2.1776526261199898
11952,50.0,0,-0.7728089864778859
11953,53.0,1,1.0776205259480927
11954,48.0,0,-4.654932186170227
11955,50.0,0,-0.026507168683904785
11956,51.0,1,-0.955406220807939
11957,50.0,0,0.8586139739170587
11958,53.0,1,-0.02997969199867219
11959,54.0,1,6.089140004171782
11960,52.0,1,0.05497762674405477
11961,49.0,0,-0.5087951051998475
11962,50.0,0,1.6438780129084398
11963,51.0,1,1.6102786177370516
11964,52.0,1,5.552542347996134
11965,48.0,0,-2.236296133037565
11966,49.0,0,-1.931574464069391
11967,51.0,1,-3.25255597410135
11968,50.0,0,1.6628812108100748
11969,52.0,1,-1.3706416839465576
11970,54.0,1,2.561628949159714
11971,49.0,0,-4.891520471550576
11972,48.0,0,-4.2547185730729
11973,50.0,0,-1.0830888137207866
11974,55.0,1,3.8845599081167457
11975,52.0,1,0.20849183945033414
11976,49.0,0,1.278636947281362
11977,53.0,1,4.139593722394584
11978,54.0,1,3.550767988754797
11979,49.0,0,-0.050683206049125684
11980,50.0,0,-0.5219483702797221
11981,47.0,0,-3.1698142045871425
11982,48.0,0,-5.161482980235354
11983,48.0,0,-3.0374979602563945
11984,47.0,0,-3.834696529448464
11985,48.0,0,-3.358276246676454
11986,51.0,1,0.4146081270706678
11987,50.0,0,-0.9146144009197749
11988,51.0,1,3.664165302251658
11989,52.0,1,4.807645617459565
11990,53.0,1,0.9599654486354057
11991,52.0,1,1.7771284531588551
11992,50.0,0,0.3198075344159312
11993,53.0,1,10.035153499273086
11994,46.0,0,-9.068531592619546
11995,56.0,1,6.834582997637356
11996,48.0,0,-3.241004467003349
11997,50.0,0,-0.22460802022039056
11998,52.0,1,-0.7929121841577876
11999,53.0,1,5.891630794800099
12000,52.0,1,2.403221911287886
